{"puzzle":{"reqTiles":["Up","Left"],"inputs":[{"x":0.5,"y":0.0,"balls":[{"type":2,"rate":0.5559895833333334}]},{"x":0.0,"y":0.35,"balls":[{"type":3,"rate":0.703125}]}],"outputs":[{"x":0.35,"y":1.0,"balls":[{"type":3,"rate":0.703125}]},{"x":0.0,"y":0.2,"balls":[{"type":2,"rate":0.5559895833333334}]}],"spec":{}},"blueprint":{"puzzle":"0715d0b0-10d8-52cd-8c91-c71e6bca7c2c","title":"Hercules vs the hydra","submittedAt":"2024-04-18T22:59:19.717963147Z","widgets":{"0":{"angle":-0.8545220637949589,"type":"brick","x":407,"y":363},"32":{"angle":3.3246222885621433,"type":"leftbumper","x":391,"y":188},"64":{"angle":1.7119192185323326,"type":"anvil","x":191,"y":209},"1":{"angle":-0.4725108315643236,"type":"brick","x":502,"y":304},"33":{"angle":3.5097800303323323,"type":"rightbumper","x":349,"y":179},"65":{"angle":4.215139941260724,"type":"anvil","x":176,"y":216},"97":{"angle":0.7042674393455601,"type":"brick","x":320,"y":481},"2":{"angle":3.619632562803862,"type":"brick","x":551,"y":296},"34":{"angle":3.38375152411545,"type":"rightbumper","x":440,"y":174},"3":{"angle":-1.0265104134535226,"type":"brick","x":457,"y":336},"35":{"angle":-1.8251009438366879,"type":"fan","x":465,"y":162},"67":{"angle":0,"type":"brick","x":174,"y":337},"4":{"angle":1.6407717460390265,"type":"brick","x":455,"y":266},"68":{"angle":-0.8914392459556877,"type":"brick","x":130,"y":358},"5":{"angle":-0.9908023420918242,"type":"brick","x":441,"y":324},"37":{"angle":2.9886871814635536,"type":"leftbumper","x":475,"y":175},"69":{"angle":3.4885768017486947,"type":"rightbumper","x":104,"y":361},"6":{"angle":-0.7799551516158156,"type":"brick","x":419,"y":380},"38":{"angle":2.3366931826640354,"type":"anvil","x":378,"y":168},"70":{"angle":3.168562163085819,"type":"leftbumper","x":143,"y":367},"7":{"angle":1.7548965195031745,"type":"brick","x":356,"y":345},"39":{"angle":4.464169608665828,"type":"anvil","x":362,"y":169},"71":{"angle":0.7559366233966778,"type":"brick","x":33.999981,"y":313},"8":{"angle":1.7283196864105161,"type":"brick","x":340,"y":346},"40":{"angle":-4.236212643913745,"type":"anvil","x":462,"y":164},"72":{"angle":1.0380648438812508,"type":"brick","x":28.8974025,"y":703.85513},"104":{"angle":-0.11453730232898514,"type":"board","x":264,"y":506},"9":{"angle":0.8754998363945958,"type":"brick","x":292,"y":359},"41":{"angle":-2.014997123677993,"type":"anvil","x":452,"y":164},"73":{"angle":0.706388927455689,"type":"brick","x":288,"y":681},"105":{"angle":0,"type":"board","x":411,"y":506},"10":{"angle":0.650347512735103,"type":"brick","x":279,"y":372},"42":{"angle":1.418882671875468,"type":"anvil","x":298,"y":183},"74":{"angle":2.1114797901607294,"type":"anvil","x":134,"y":361},"106":{"angle":-2.2045309952337788e-2,"type":"board","x":427,"y":496},"11":{"angle":1.5798869854599569,"type":"brick","x":457,"y":234},"43":{"angle":-2.3783644947723297,"type":"anvil","x":289,"y":186},"75":{"angle":-1.7317571236463483,"type":"anvil","x":121,"y":353},"107":{"angle":-4.262106180023245e-2,"type":"board","x":564,"y":491},"12":{"angle":1.487649140906439,"type":"brick","x":342,"y":288},"76":{"angle":1.7983936068486748,"type":"brick","x":319,"y":411},"108":{"angle":0.9935914020496341,"type":"brick","x":391,"y":412},"13":{"angle":1.3714367505360623,"type":"brick","x":354,"y":284},"45":{"angle":-1.5266230023620593,"type":"fan","x":595,"y":375},"77":{"angle":1.3488489663111254,"type":"brick","x":339,"y":407},"109":{"angle":-0.11410579907366238,"type":"board","x":174,"y":525},"14":{"angle":0.8812705994438849,"type":"brick","x":319,"y":240},"78":{"angle":1.38818226909421,"type":"brick","x":301,"y":454},"110":{"angle":-0.151597438500732,"type":"board","x":273,"y":520},"15":{"angle":1.7964075853574506,"type":"brick","x":358,"y":232},"79":{"angle":1.489468105900047,"type":"brick","x":362,"y":408},"111":{"type":"roundbumper","x":148,"y":489},"16":{"angle":2.1803430993571697,"type":"brick","x":533,"y":251},"80":{"angle":0.24457202742653342,"type":"brick","x":465,"y":485},"17":{"angle":1.2954583717977737,"type":"brick","x":309,"y":182},"49":{"angle":1.2826930603104896,"type":"brick","x":579,"y":333},"81":{"angle":1.1063566387518162,"type":"brick","x":384,"y":441},"18":{"angle":0.3037681020614835,"type":"brick","x":233,"y":344},"50":{"angle":3.5738263506613484,"type":"rightbumper","x":555,"y":384},"82":{"angle":1.6193679093087998,"type":"brick","x":324,"y":453},"19":{"angle":2.6503767458726397,"type":"brick","x":496,"y":289},"51":{"angle":3.4615977053164153,"type":"leftbumper","x":601,"y":401},"83":{"angle":1.3685382469676004,"type":"brick","x":344,"y":461},"20":{"angle":0.8209847791775742,"type":"brick","x":255,"y":317},"52":{"angle":2.322289636913898,"type":"anvil","x":588,"y":382},"84":{"angle":1.3392531514416415,"type":"brick","x":369,"y":462},"21":{"angle":1.1110194481051114,"type":"brick","x":212,"y":224},"53":{"angle":-1.4730378320470945,"type":"anvil","x":575,"y":378},"85":{"angle":0.7048993185088569,"type":"brick","x":433,"y":459},"22":{"angle":1.3290194161801638,"type":"brick","x":229,"y":270},"54":{"angle":-2.6258426671315096,"type":"fan","x":574,"y":211},"86":{"angle":3.3926853847618936,"type":"brick","x":334,"y":492},"55":{"angle":3.6591587229133853,"type":"rightbumper","x":548,"y":208},"87":{"angle":1.6168199403460857,"type":"brick","x":300,"y":422},"56":{"angle":3.4600608376187094,"type":"leftbumper","x":587,"y":222},"88":{"angle":0.15958731358048164,"sticker":"figure2-happy","type":"sticker","x":515,"y":662.621006},"57":{"angle":2.318990721523082,"type":"anvil","x":575,"y":214},"89":{"angle":-8.70287255423352e-2,"sticker":"figure1-happy","type":"sticker","x":116,"y":668},"58":{"angle":-1.477487325414185,"type":"anvil","x":562,"y":205},"90":{"angle":0,"sticker":"figure2-happy","type":"sticker","x":576,"y":667.5},"91":{"angle":0,"sticker":"figure3-happy","type":"sticker","x":199,"y":457},"28":{"angle":-1.7712240794465004,"type":"fan","x":377,"y":169},"60":{"angle":-2.4781731890215917,"type":"fan","x":192,"y":205},"92":{"angle":-1.1398632521742988,"type":"sword","x":240,"y":400},"29":{"angle":-1.9525820952696753,"type":"fan","x":286,"y":180},"61":{"angle":0,"type":"brick","x":34,"y":173},"93":{"angle":0.38479145301309514,"type":"brick","x":399,"y":476},"30":{"angle":2.550760949992346,"type":"leftbumper","x":315,"y":187},"62":{"angle":2.834829849734523,"type":"leftbumper","x":205,"y":217},"94":{"angle":0.7484503239100749,"type":"brick","x":420,"y":461},"31":{"angle":2.8268634044613505,"type":"rightbumper","x":281,"y":203},"63":{"angle":3.034920121406158,"type":"rightbumper","x":164,"y":224}}},"snapshot":{"balls":[{"age":332,"angle":0.5439671874046326,"type":2,"va":17.26736068725586,"vx":-2.7365970611572266,"vy":-4.217210412025452e-2,"x":0.3930145502090454,"y":-3.0317282676696777},{"age":169,"angle":0.36631399393081665,"type":3,"va":-8.480547904968262,"vx":-1.3937565088272095,"vy":-0.2939610481262207,"x":5.650997161865234,"y":-14.154057502746582},{"age":173,"angle":-0.40805289149284363,"type":2,"va":1.9994816780090332,"vx":-4.093315601348877,"vy":4.93033504486084,"x":0.30044811964035034,"y":-1.8130030632019043},{"age":120,"angle":2.0237231254577637,"type":3,"va":-122.24768829345703,"vx":12.739583015441895,"vy":-15.88785171508789,"x":1.664154052734375,"y":-14.620004653930664},{"age":111,"angle":-2.186983108520508,"type":2,"va":2.4562125205993652,"vx":-4.322932243347168,"vy":-0.31134557723999023,"x":4.581344127655029,"y":-1.5666230916976929},{"age":47,"angle":2.9916670322418213,"type":3,"va":-2.0160694122314453,"vx":0.45973020792007446,"vy":-0.748852014541626,"x":0.38130199909210205,"y":-5.42744255065918},{"age":27,"angle":0.2734625041484833,"type":2,"va":2.108971118927002,"vx":-0.32642003893852234,"vy":-1.0836988687515259,"x":7.402034282684326,"y":-0.13094164431095123}],"widgets":{}}}