{"puzzle":{"reqTiles":["Up"],"inputs":[{"x":0.35,"y":0.0,"balls":[{"type":2,"rate":0.4439798990885417}]}],"outputs":[{"x":0.5,"y":1.0,"balls":[{"type":2,"rate":0.4439798990885417}]}],"spec":{}},"blueprint":{"puzzle":"37ba88a6-347f-55d6-9391-52f50d801190","title":"amazeballs","submittedAt":"2024-05-21T22:40:48.711986644Z","widgets":{"0":{"angle":-1.5715493387007642,"type":"board","x":39,"y":491},"32":{"angle":-1.585987512934521,"type":"fan","x":86,"y":649},"64":{"angle":-1.591361347368576,"type":"fan","x":246,"y":622},"1":{"angle":-1.586426295923002,"type":"board","x":34,"y":147},"33":{"angle":-1.5693266041611929,"type":"fan","x":87,"y":649},"65":{"angle":-1.6050621376239385,"type":"fan","x":248,"y":622},"2":{"angle":-1.588,"type":"board","x":37,"y":319},"34":{"angle":-1.5723647069392845,"type":"fan","x":87,"y":649},"66":{"angle":-1.5877438566013011,"type":"fan","x":247,"y":624},"3":{"angle":-1.5762648369156516,"type":"board","x":190,"y":464},"35":{"angle":-0.8035779784704264,"type":"brick","x":64,"y":94},"67":{"angle":-1.5711564276075627,"type":"fan","x":249,"y":624},"4":{"angle":-0.11193327322480692,"type":"board","x":109,"y":59},"36":{"angle":-0.56852454773104,"type":"brick","x":104,"y":185},"68":{"angle":-1.5940915228613126,"type":"fan","x":249,"y":623},"5":{"angle":-1.5832180481168516,"type":"board","x":656,"y":349},"37":{"angle":0.36134517079374523,"type":"board","x":532,"y":575},"69":{"angle":-1.5715685274136117,"type":"fan","x":246,"y":623},"6":{"angle":-1.5829615999061892,"type":"board","x":700,"y":280},"38":{"angle":6.171439396508353e-2,"type":"board","x":574,"y":260},"70":{"angle":-1.5748542755352324,"type":"fan","x":395,"y":620},"7":{"angle":-1.5686939277756138,"type":"board","x":658.141,"y":408},"39":{"angle":6.82138381927966e-2,"type":"board","x":470,"y":251},"71":{"angle":-1.5715558439938726,"type":"fan","x":395,"y":619},"8":{"angle":-1.5859102403089504,"type":"board","x":701.895,"y":401},"40":{"angle":7.87839609891441e-2,"type":"board","x":460,"y":339},"72":{"angle":-1.5770116441720348,"type":"fan","x":395,"y":618},"9":{"angle":-1.5751697864203351,"type":"board","x":658.548,"y":578},"41":{"angle":0.1087183641229095,"type":"board","x":520,"y":347},"73":{"angle":-1.5711059059047408,"type":"fan","x":395,"y":620},"10":{"angle":-1.5634133733115374,"type":"board","x":702,"y":572},"42":{"angle":-1.5925357068417927,"type":"board","x":445,"y":500},"11":{"angle":0,"type":"board","x":225,"y":706},"43":{"angle":-1.5911441643343496,"type":"board","x":446,"y":531},"12":{"angle":-0.12262114279484268,"type":"board","x":247,"y":42},"44":{"angle":-1.5803739972690747,"type":"board","x":382,"y":417},"76":{"angle":-1.5816517448573244,"type":"board","x":603,"y":440},"13":{"angle":-0.12981512259974734,"type":"board","x":647,"y":698},"45":{"angle":-1.5687270074516195,"type":"board","x":345,"y":456},"77":{"angle":-1.5697976586848226,"type":"fan","x":395,"y":619},"14":{"angle":-0.12697278961407935,"type":"board","x":537,"y":677},"46":{"angle":-1.5726893676003202,"type":"board","x":346,"y":333},"78":{"angle":-1.5827005263532066,"type":"fan","x":247,"y":622},"15":{"angle":-0.1252071673817331,"type":"board","x":396,"y":696},"47":{"angle":0.23435207058460142,"type":"board","x":375,"y":593},"79":{"angle":-1.6036531512100167,"type":"fan","x":87,"y":650},"16":{"angle":-0.12772006483139323,"type":"board","x":479,"y":719.9281675},"48":{"angle":0,"type":"board","x":307,"y":245},"80":{"angle":-1.5955380628430447,"type":"fan","x":86,"y":650},"17":{"angle":-1.578833896150784,"type":"board","x":189,"y":424},"49":{"angle":6.901464207530812e-2,"type":"board","x":318,"y":167},"81":{"angle":-1.5756089908643716,"type":"fan","x":242,"y":623},"18":{"angle":0.1994113166945433,"type":"board","x":219,"y":594},"50":{"angle":6.034144506551289e-2,"type":"board","x":622,"y":191},"82":{"angle":-1.5860520213119718,"type":"fan","x":242,"y":622},"19":{"angle":-1.5743869756365845,"type":"board","x":188,"y":253},"51":{"angle":6.380092064384542e-2,"type":"board","x":486,"y":180},"83":{"angle":-1.5327728311560074,"type":"fan","x":395,"y":620},"20":{"angle":-1.578475356740973,"type":"board","x":132,"y":328},"52":{"angle":-1.5739112282628502,"type":"board","x":225,"y":326},"84":{"angle":-1.5673612258024487,"type":"fan","x":396,"y":620},"21":{"angle":-1.5738544212373566,"type":"board","x":131,"y":384},"53":{"angle":-1.5820839277282503,"type":"board","x":291,"y":395},"22":{"angle":-1.5790348288254277,"type":"board","x":76,"y":242},"54":{"angle":-1.585368956557473,"type":"board","x":292,"y":528},"23":{"angle":0,"type":"board","x":156,"y":161},"55":{"angle":-1.5708,"type":"board","x":225,"y":417},"24":{"angle":-1.5802022810257517,"type":"board","x":76,"y":330},"56":{"angle":-0.6517331585373586,"type":"brick","x":214,"y":188},"25":{"angle":-1.5743839771129278,"type":"board","x":131,"y":553},"57":{"angle":-0.6547748299623558,"type":"brick","x":253,"y":271},"26":{"angle":0.20872634034837742,"type":"board","x":87.5,"y":630},"27":{"angle":-1.5730175581484653,"type":"board","x":77,"y":465},"59":{"angle":-1.5990946430729214,"type":"brick","x":609,"y":639},"28":{"angle":0,"type":"board","x":87.5,"y":705},"60":{"angle":-0.6593098226335193,"type":"brick","x":409,"y":361},"29":{"angle":-0.606765787450076,"type":"brick","x":377,"y":277},"61":{"angle":-1.6031533907353714,"type":"fan","x":86,"y":649},"30":{"angle":-1.580957020062975,"type":"fan","x":87,"y":649},"62":{"angle":-1.5585259129562055,"type":"fan","x":88,"y":649},"31":{"angle":-1.5701710337702472,"type":"fan","x":87,"y":649},"63":{"angle":-1.572181367460483,"type":"fan","x":87,"y":649}}},"snapshot":{"balls":[{"age":1850,"angle":-0.3322344422340393,"type":2,"va":0,"vx":-3.1889586243778467e-3,"vy":0.8264623284339905,"x":4.838965892791748,"y":-6.367642402648926},{"age":1524,"angle":1.6278281211853027,"type":2,"va":-8.411356925964355,"vx":-8.99440124630928e-2,"vy":-0.2863168716430664,"x":5.145443916320801,"y":-7.914548873901367},{"age":1388,"angle":2.0900192260742188,"type":2,"va":-4.409210205078125,"vx":0.7003396153450012,"vy":-4.230932146310806e-2,"x":13.155219078063965,"y":-3.5240213871002197},{"age":1288,"angle":-1.5238828659057617,"type":2,"va":-7.0621795654296875,"vx":1.170883059501648,"vy":-3.476957082748413,"x":3.3299057483673096,"y":-5.208480358123779},{"age":1146,"angle":1.0992627143859863,"type":2,"va":-5.129832744598389,"vx":0.814195454120636,"vy":-4.918970167636871e-2,"x":13.84115982055664,"y":-3.565507411956787},{"age":1011,"angle":-1.8588982820510864,"type":2,"va":18.81097984313965,"vx":-1.7052006721496582,"vy":-2.1904478073120117,"x":3.086491346359253,"y":-4.972163677215576},{"age":821,"angle":-7.555238157510757e-2,"type":2,"va":-5.2921528816223145,"vx":-9.459218941628933e-3,"vy":2.572864055633545,"x":1.1132560968399048,"y":-4.735887050628662},{"age":682,"angle":0.8795586824417114,"type":2,"va":6.881060600280762,"vx":0.45313581824302673,"vy":-3.3536875247955322,"x":2.1421055793762207,"y":-8.210538864135742},{"age":592,"angle":-2.569070339202881,"type":2,"va":-9.837512969970703,"vx":-0.6221922636032104,"vy":0.15308277308940887,"x":2.004338264465332,"y":-7.875953674316406},{"age":463,"angle":2.475646734237671,"type":2,"va":-0.6034160852432251,"vx":-0.15315619111061096,"vy":-1.1763111352920532,"x":0.8045883178710938,"y":-11.795051574707031},{"age":356,"angle":-0.722933292388916,"type":2,"va":-0.2761629819869995,"vx":-5.218943953514099e-2,"vy":-12.49073314666748,"x":0.20985056459903717,"y":-9.07795524597168},{"age":219,"angle":-0.6535731554031372,"type":2,"va":12.843379020690918,"vx":-2.027137279510498,"vy":-0.25266125798225403,"x":2.373281717300415,"y":-0.8177182078361511},{"age":52,"angle":-1.708679437637329,"type":2,"va":-5.029492378234863,"vx":-0.5946253538131714,"vy":-1.9515544176101685,"x":5.127781867980957,"y":-0.4769575297832489}],"widgets":{}}}