{"puzzle":{"reqTiles":["Up"],"inputs":[{"x":0.65,"y":0.0,"balls":[{"type":1,"rate":0.72119140625}]}],"outputs":[{"x":0.35,"y":1.0,"balls":[{"type":1,"rate":0.72119140625}]}],"spec":{}},"blueprint":{"puzzle":"cffe9c74-02f8-5743-a998-0bf9c9b0acdf","title":"Halo","submittedAt":"2024-04-26T19:57:24.434151148Z","widgets":{"1":{"angle":0,"speed":25,"type":"spokedwheel","x":488.856868,"y":303.7148528},"3":{"angle":0,"type":"prism","x":487.3333435,"y":299.1428528},"4":{"angle":3.136606893127535,"type":"prism","x":482.7619019,"y":321.6190491},"5":{"angle":1.593693414799859,"type":"prism","x":496.857,"y":310.9525093},"6":{"angle":-1.63921403566712,"type":"prism","x":470.5714722,"y":311.333313},"7":{"angle":0,"sticker":"figure2-happy","type":"sticker","x":491.5238037,"y":350.1904602},"8":{"angle":1.5965397363966463,"type":"board","x":518.1902944,"y":134.952313},"9":{"angle":2.5536988448439035,"type":"brick","x":551.7142944,"y":30.0902385},"10":{"angle":0.4174132999915204,"type":"board","x":124.285434,"y":696.3004935},"11":{"angle":1.3245880641839822,"type":"board","x":32.0949189,"y":581.4290981},"12":{"angle":-0.828132748223681,"type":"board","x":674.19792,"y":458.7616074},"13":{"angle":-0.2928521624980629,"type":"board","x":539.5239019,"y":551.7148833},"14":{"angle":-0.7041575893298243,"type":"board","x":412.2857208,"y":624.8571167},"15":{"angle":0,"type":"board","x":461.8091472,"y":432.0947546},"16":{"angle":-0.6324086520976036,"type":"board","x":365.4282301,"y":681.0202585},"17":{"angle":0,"type":"board","x":290.0000076,"y":430.1904907},"18":{"angle":-0.9876965166871153,"type":"board","x":604.2856565,"y":353.9995583},"19":{"angle":0,"sticker":"figure2-happy","type":"sticker","x":563.523819,"y":654.9523621},"20":{"angle":0,"sticker":"figure2-happy","type":"sticker","x":653.4287361,"y":662.9524722},"21":{"angle":0,"sticker":"figure2-happy","type":"sticker","x":492.2857361,"y":667.5}}},"snapshot":{"balls":[{"age":463,"angle":-4.946368187665939e-2,"type":1,"va":4.075692176818848,"vx":0.17873632907867432,"vy":-0.34228459000587463,"x":4.302304267883301,"y":-14.402146339416504},{"age":203,"angle":0.7501400113105774,"type":1,"va":9.947644233703613,"vx":-1.2853223085403442,"vy":-7.283112525939941,"x":3.1835315227508545,"y":-10.741986274719238},{"age":121,"angle":-2.1417765617370605,"type":1,"va":-14.19937515258789,"vx":-7.903771877288818,"vy":-8.011470794677734,"x":2.505467414855957,"y":-7.714027404785156},{"age":67,"angle":-4.2769186198711395e-2,"type":1,"va":4.6147383749485016e-2,"vx":-0.5155869126319885,"vy":-5.620060443878174,"x":9.37171459197998,"y":-1.855212688446045}],"widgets":{"1":{"angle":-2.2152187824249268,"key":"1","va":6.532046318054199,"vx":0,"vy":0,"x":9.777137756347656,"y":-6.074296951293945}}}}