{"puzzle":{"reqTiles":["Up","Left"],"inputs":[{"x":0.5,"y":0.0,"balls":[{"type":2,"rate":0.4860026041666667}]},{"x":0.0,"y":0.2,"balls":[{"type":3,"rate":0.42578125}]}],"outputs":[{"x":0.35,"y":1.0,"balls":[{"type":3,"rate":0.42578125}]},{"x":0.0,"y":0.5,"balls":[{"type":2,"rate":0.4860026041666667}]}],"spec":{}},"blueprint":{"puzzle":"1acbc9af-6c58-5345-ac4e-a5bd171c44a1","title":"Boing lift separator","submittedAt":"2024-04-19T19:28:07.572585531Z","widgets":{"1":{"angle":0.18075015943549858,"type":"board","x":87.6924115,"y":194},"3":{"angle":0.13501263046526993,"type":"board","x":279,"y":243},"6":{"angle":0,"type":"cushion","x":362,"y":265},"8":{"angle":0,"type":"leftbumper","x":517,"y":361},"11":{"height":229,"type":"attractor","width":229,"x":525.5,"y":371.5},"12":{"angle":0.9300417140588991,"type":"rightbumper","x":154,"y":263},"44":{"angle":-0.44396444751134767,"type":"cushion","x":366,"y":51},"45":{"angle":-0.20196484684741903,"type":"cushion","x":263,"y":121},"14":{"angle":-0.2054684193553194,"type":"cushion","x":48,"y":392},"15":{"angle":-0.12363822977151441,"type":"cushion","x":87,"y":382},"16":{"angle":-0.29214779685575537,"type":"cushion","x":44.878902,"y":315},"49":{"angle":0,"sticker":"figure2-happy","type":"sticker","x":592,"y":593},"50":{"angle":0,"sticker":"figure3-happy","type":"sticker","x":82,"y":625},"20":{"angle":1.0317108120568517,"type":"board","x":190,"y":656.701},"21":{"angle":-0.9774946631534759,"type":"board","x":337,"y":662.4219285},"53":{"angle":0,"sticker":"squobject","type":"sticker","x":48,"y":244},"22":{"angle":-0.6176660713311799,"type":"board","x":440,"y":545},"23":{"angle":-0.686422390235806,"type":"board","x":563,"y":434},"55":{"angle":0,"type":"cup","x":269,"y":669},"24":{"angle":-2.8703933585666177,"type":"fan","x":123,"y":407},"56":{"angle":0,"type":"ballstand","x":630,"y":322},"57":{"angle":0,"speed":25,"type":"spokedwheel","x":658.2774804,"y":194},"26":{"angle":1.4974376628825854,"type":"board","x":143,"y":499},"58":{"angle":0,"catMass":2,"type":"catswat","x":453,"y":676},"30":{"angle":4.44557123741117,"type":"fan","x":126,"y":239},"31":{"angle":0,"sticker":"determinism","type":"sticker","x":296,"y":462}}},"snapshot":{"balls":[{"age":1695,"angle":2.035393714904785,"type":2,"va":7.594804763793945,"vx":1.376572608947754,"vy":-0.11217306554317474,"x":1.083970069885254,"y":-3.251138687133789},{"age":1262,"angle":-2.5176713466644287,"type":2,"va":4.844067573547363,"vx":7.5569353103637695,"vy":-2.599174737930298,"x":3.223468780517578,"y":-7.212615966796875},{"age":1339,"angle":-4.933260381221771e-2,"type":2,"va":-23.19119644165039,"vx":-21.34684944152832,"vy":2.3534884452819824,"x":9.438956260681152,"y":-6.889163017272949},{"age":1278,"angle":-2.6417958736419678,"type":3,"va":-4.814770072698593e-3,"vx":1.0966300033032894e-4,"vy":6.402842700481415e-10,"x":5.346736907958984,"y":-13.534908294677734},{"age":1212,"angle":0.7537338137626648,"type":2,"va":-9.19428825378418,"vx":-1.5134097337722778,"vy":-3.700974702835083,"x":0.9930709600448608,"y":-2.4831480979919434},{"age":1111,"angle":-1.616405725479126,"type":3,"va":-3.3185307402163744e-3,"vx":3.8478930946439505e-5,"vy":1.934494503075257e-4,"x":5.471776962280273,"y":-13.242671012878418},{"age":1101,"angle":-0.45062702894210815,"type":2,"va":-6.481334686279297,"vx":1.2128958702087402,"vy":-4.012155055999756,"x":0.5464659333229065,"y":-1.7053017616271973},{"age":1029,"angle":-2.787111520767212,"type":2,"va":-8.111536979675293,"vx":0.2584752142429352,"vy":0.46319228410720825,"x":1.6496531963348389,"y":-2.411473274230957},{"age":826,"angle":-2.269531726837158,"type":3,"va":-5.782979354262352e-2,"vx":1.9015851430594921e-3,"vy":-9.55970212817192e-3,"x":5.23840856552124,"y":-12.999159812927246},{"age":638,"angle":1.251281976699829,"type":2,"va":1.8990318775177002,"vx":1.0433518886566162,"vy":2.283823251724243,"x":2.274083137512207,"y":-3.002077579498291},{"age":472,"angle":-0.31467196345329285,"type":3,"va":0.2543520927429199,"vx":-9.09472443163395e-3,"vy":-3.6810919642448425e-2,"x":5.539369583129883,"y":-12.910674095153809},{"age":454,"angle":-2.8915748596191406,"type":2,"va":-18.911706924438477,"vx":-19.181272506713867,"vy":0.4582332968711853,"x":5.751653671264648,"y":-6.723496913909912},{"age":261,"angle":-1.2035562992095947,"type":3,"va":-17.516267776489258,"vx":2.7445712089538574,"vy":-0.40551865100860596,"x":5.384899616241455,"y":-4.492321968078613},{"age":296,"angle":1.0949763059616089,"type":2,"va":4.433555603027344,"vx":0.5115151405334473,"vy":-1.4678020477294922,"x":0.3099241852760315,"y":-2.0476417541503906},{"age":166,"angle":1.4105546474456787,"type":3,"va":-9.996944427490234,"vx":1.5464245080947876,"vy":-0.24534499645233154,"x":1.9864410161972046,"y":-3.5785140991210938},{"age":117,"angle":-0.923092246055603,"type":2,"va":15.795600891113281,"vx":-1.966984510421753,"vy":0.17133605480194092,"x":5.76223611831665,"y":-1.899139642715454},{"age":76,"angle":-2.6856656074523926,"type":3,"va":-3.309563636779785,"vx":0.5183822512626648,"vy":-9.473137557506561e-2,"x":0.6413676738739014,"y":-3.332458257675171}],"widgets":{"57":{"angle":1.8636349439620972,"key":"57","va":6.662801265716553,"vx":0,"vy":0,"x":13.165549278259277,"y":-3.880000114440918},"58":{"angle":0,"key":"58","va":0,"vx":0,"vy":0,"x":9.0600004196167,"y":-13.520000457763672}}}}