{"puzzle":{"reqTiles":["Up"],"inputs":[{"x":0.2,"y":0.0,"balls":[{"type":1,"rate":1.0}]},{"x":1.0,"y":0.65,"balls":[{"type":2,"rate":0.75}]}],"outputs":[{"x":0.35,"y":1.0,"balls":[{"type":2,"rate":0.75}]},{"x":1.0,"y":0.5,"balls":[{"type":1,"rate":1.0}]}],"spec":{}},"blueprint":{"puzzle":"2a13d43f-34df-52d8-9cdd-5c4080bf1c04","title":"Orbital Mechanic 3: the cat-aclysm","submittedAt":"2024-04-07T04:39:19.514861682Z","widgets":{"0":{"height":346,"type":"attractor","width":346,"x":448,"y":187},"32":{"angle":-0.16446278189757313,"type":"brick","x":552.846,"y":661},"1":{"angle":2.223913525972497,"type":"leftbumper","x":141,"y":306},"2":{"angle":3.1412442146822177,"type":"fan","x":596,"y":140.215},"3":{"angle":1.4772046833453494,"type":"fan","x":399,"y":45},"35":{"angle":1.4772431653517786,"sticker":"cat","type":"sticker","x":439,"y":462},"4":{"angle":2.05924414643958,"type":"fan","x":481,"y":38.349057},"36":{"angle":1.9527767314553381,"type":"brick","x":94,"y":62},"5":{"angle":2.6078533515842435,"type":"fan","x":552,"y":76},"37":{"angle":0,"sticker":"knievel","type":"sticker","x":61,"y":216},"6":{"angle":-2.076088178576339,"type":"fan","x":556,"y":299},"38":{"angle":0,"type":"brick","x":79,"y":298},"7":{"angle":-2.72139498077647,"type":"fan","x":597,"y":221},"39":{"angle":-0.5664965210931333,"sticker":"cat","type":"sticker","x":314,"y":56},"8":{"angle":1.0767069789497428,"type":"fan","x":338,"y":85},"40":{"angle":-1.8898138178477544,"sticker":"cat","type":"sticker","x":36,"y":653},"9":{"angle":0.4892966969365293,"type":"fan","x":302,"y":154},"41":{"height":48,"type":"repulsor","width":48,"x":72,"y":716},"10":{"angle":-5.603110701674654e-2,"type":"fan","x":304,"y":235},"42":{"angle":0,"sticker":"kingbun","type":"sticker","x":561,"y":720},"11":{"angle":7.573121706699827e-2,"type":"board","x":636,"y":391},"43":{"angle":5.270941173496446e-4,"type":"ballstand","x":22.025037,"y":241},"12":{"angle":6.383165344836389e-2,"type":"board","x":467,"y":379},"44":{"angle":0,"sticker":"cat","type":"sticker","x":18,"y":181},"45":{"angle":-3.1574682280770916,"type":"brick","x":34.2100625,"y":299},"14":{"height":267,"type":"attractor","width":267,"x":222.5,"y":524.5},"46":{"angle":1.9615349563063293,"sticker":"cat","type":"sticker","x":634,"y":232},"15":{"height":10,"type":"repulsor","width":150,"x":665,"y":503},"16":{"angle":-2.3951544127180093,"type":"cushion","x":696.660362,"y":420},"17":{"angle":-1.5557096671042285,"type":"board","x":208,"y":87.6257999},"18":{"angle":1.3697812932921503,"type":"board","x":102,"y":183.535},"19":{"angle":1.2290721789236732,"type":"fan","x":134,"y":362},"20":{"angle":0.870883127010149,"type":"fan","x":82,"y":414},"21":{"angle":0.40729985994839096,"type":"fan","x":47.0623,"y":486},"22":{"angle":4.079088166741018e-2,"type":"fan","x":46,"y":561},"23":{"angle":-0.31522415691774847,"type":"fan","x":69,"y":637},"24":{"angle":-0.6675892506589387,"type":"fan","x":116,"y":696.0019175},"25":{"angle":0.14760266652561274,"type":"board","x":239,"y":354},"26":{"angle":0.1251230435508829,"type":"brick","x":350,"y":374},"27":{"angle":3.0691783623337257,"type":"fan","x":401,"y":469},"28":{"angle":3.5208487518402314,"type":"fan","x":401,"y":546},"29":{"angle":-0.17529039850421085,"type":"board","x":652.271304,"y":639},"30":{"angle":-0.1665092695071239,"type":"board","x":453,"y":676},"31":{"angle":-0.39868096371639267,"type":"cushion","x":335,"y":706.11315}}},"snapshot":{"balls":[{"age":1707,"angle":0.8688395619392395,"type":1,"va":-38.68802261352539,"vx":-5.240789413452148,"vy":8.571755409240723,"x":11.022919654846191,"y":-4.309243679046631},{"age":1675,"angle":9.835508465766907e-2,"type":1,"va":19.02592658996582,"vx":-13.995829582214355,"vy":1.0048847198486328,"x":8.058205604553223,"y":-2.2291243076324463},{"age":1600,"angle":-2.4844729900360107,"type":1,"va":-7.9581379890441895,"vx":0.4739738702774048,"vy":3.727803945541382,"x":9.949532508850098,"y":-6.504063606262207},{"age":1493,"angle":2.954559087753296,"type":1,"va":33.425537109375,"vx":-4.465360641479492,"vy":1.8980201333761215e-2,"x":10.162447929382324,"y":-6.000870227813721},{"age":1442,"angle":1.5830501317977905,"type":2,"va":-59.215782165527344,"vx":-2.378588914871216,"vy":3.4626777172088623,"x":11.797673225402832,"y":-12.01545238494873},{"age":1409,"angle":-0.9629818201065063,"type":1,"va":8.372880935668945,"vx":1.866521954536438,"vy":-4.239748477935791,"x":10.155008316040039,"y":-6.327586650848389},{"age":1362,"angle":-0.29840195178985596,"type":1,"va":-0.43714073300361633,"vx":-6.311349868774414,"vy":8.232343673706055,"x":9.034980773925781,"y":-2.9213709831237793},{"age":1297,"angle":-2.758049964904785,"type":1,"va":17.114742279052734,"vx":-8.573079109191895,"vy":10.903286933898926,"x":9.755498886108398,"y":-3.480907678604126},{"age":5,"angle":1.48631751537323,"type":1,"va":-0.6085336208343506,"vx":0.6497823596000671,"vy":-0.5379475355148315,"x":14.549134254455566,"y":-7.40685510635376},{"age":1088,"angle":-1.417507290840149,"type":2,"va":-10.405224800109863,"vx":2.1864960193634033,"vy":9.207740426063538e-3,"x":4.467575550079346,"y":-14.092988014221191},{"age":1111,"angle":2.9142181873321533,"type":1,"va":-24.87929916381836,"vx":2.033414602279663,"vy":-9.200082778930664,"x":7.007568359375,"y":-3.216942548751831},{"age":1053,"angle":0.5076189041137695,"type":1,"va":9.741228103637695,"vx":-13.10683822631836,"vy":1.911740779876709,"x":8.432602882385254,"y":-2.673919439315796},{"age":999,"angle":-2.134230613708496,"type":2,"va":0.3879348039627075,"vx":5.7809386402368546e-2,"vy":-0.16696156561374664,"x":14.6193265914917,"y":-12.157367706298828},{"age":1022,"angle":2.638826370239258,"type":1,"va":8.097843170166016,"vx":2.9162309169769287,"vy":3.32918381690979,"x":9.789152145385742,"y":-5.946528911590576},{"age":951,"angle":2.4657645225524902,"type":1,"va":-42.74180221557617,"vx":11.771206855773926,"vy":-14.698662757873535,"x":8.126750946044922,"y":-5.044782638549805},{"age":823,"angle":-1.098334789276123,"type":2,"va":18.488693237304688,"vx":-3.951601266860962,"vy":-1.1736834049224854,"x":5.82120943069458,"y":-13.76451301574707},{"age":833,"angle":-0.4857729971408844,"type":2,"va":9.979988098144531,"vx":1.8658255338668823,"vy":4.511558532714844,"x":6.904839992523193,"y":-11.117697715759277},{"age":847,"angle":-2.9879164695739746,"type":1,"va":1.648534893989563,"vx":5.146727561950684,"vy":0.3043048679828644,"x":7.9779534339904785,"y":-6.974423408508301},{"age":797,"angle":2.1701653003692627,"type":1,"va":-3.21060848236084,"vx":-0.7382028102874756,"vy":2.2306149005889893,"x":9.883237838745117,"y":-6.9975762367248535},{"age":754,"angle":-2.578660488128662,"type":1,"va":40.47655487060547,"vx":12.442516326904297,"vy":-13.157125473022461,"x":7.436775207519531,"y":-3.3477396965026855},{"age":702,"angle":2.5994014739990234,"type":1,"va":41.49030303955078,"vx":15.232789993286133,"vy":-14.155309677124023,"x":9.044763565063477,"y":-5.636423110961914},{"age":552,"angle":1.204149603843689,"type":2,"va":11.198463439941406,"vx":1.3844654560089111,"vy":2.1901485919952393,"x":11.090977668762207,"y":-12.657306671142578},{"age":529,"angle":0.4476179778575897,"type":1,"va":50.608524322509766,"vx":0.8662808537483215,"vy":-6.8963494300842285,"x":7.64617395401001,"y":-6.937561511993408},{"age":432,"angle":2.963489294052124,"type":2,"va":5.054360389709473,"vx":2.7981889247894287,"vy":1.3330237865447998,"x":12.607308387756348,"y":-12.38093090057373},{"age":405,"angle":-1.3936043977737427,"type":1,"va":-38.49418258666992,"vx":4.565868854522705,"vy":-0.5302143096923828,"x":13.947304725646973,"y":-7.4718804359436035},{"age":301,"angle":2.1661410331726074,"type":2,"va":-6.980579346418381e-2,"vx":2.9697507619857788e-2,"vy":9.795457124710083e-2,"x":14.304372787475586,"y":-12.207496643066406},{"age":362,"angle":-2.1710081100463867,"type":1,"va":-24.674144744873047,"vx":4.129469394683838,"vy":0.6463462710380554,"x":6.540898323059082,"y":-6.940882205963135},{"age":314,"angle":-0.22159767150878906,"type":2,"va":26.720943450927734,