{"puzzle":{"reqTiles":["Up","Left"],"inputs":[{"x":0.65,"y":0.0,"balls":[{"type":1,"rate":1.0}]},{"x":0.0,"y":0.5,"balls":[{"type":4,"rate":1.0}]}],"outputs":[{"x":0.8,"y":1.0,"balls":[{"type":4,"rate":1.0}]},{"x":0.0,"y":0.2,"balls":[{"type":1,"rate":1.0}]}],"spec":{}},"blueprint":{"puzzle":"13b5f54d-5576-50f2-b7c7-8ef4c4a1681d","title":"Just enough to keep the cat interested","submittedAt":"2024-04-08T05:55:41.549206615Z","widgets":{"38":{"angle":0,"type":"board","x":87.5,"y":171},"39":{"angle":3.6262533183867456,"type":"fan","x":412,"y":249},"10":{"angle":0,"type":"brick","x":54,"y":399},"42":{"angle":-1.5508592581432732,"type":"fan","x":308,"y":358},"12":{"angle":-1.1195938399852492,"type":"fan","x":43.9942405,"y":702.5000095},"44":{"angle":-2.8790085278675224,"type":"fan","x":538,"y":208.032},"45":{"angle":0,"sticker":"kingbun","type":"sticker","x":647,"y":252},"14":{"type":"roundbumper","x":399,"y":704},"46":{"angle":0,"sticker":"squobject","type":"sticker","x":76,"y":232},"15":{"angle":0,"type":"fan","x":41,"y":556},"47":{"angle":2.161317534159948e-2,"type":"board","x":504,"y":232},"16":{"angle":0,"type":"brick","x":444,"y":665},"48":{"angle":2.9128496688090793,"type":"fan","x":270,"y":98.2114},"17":{"angle":0,"type":"brick","x":509,"y":665},"49":{"angle":1.5849878324432762,"type":"board","x":511,"y":87.6188815},"18":{"angle":0.10683887000772042,"catMass":2,"type":"catswat","x":52.1066,"y":432},"50":{"angle":1.5035006160589774,"type":"board","x":435,"y":87.9071041},"19":{"angle":0,"type":"fan","x":251,"y":634},"51":{"angle":0.3957374916569805,"type":"board","x":237,"y":201},"20":{"angle":1.5278262493744907,"type":"cushion","x":643,"y":698.2001834},"52":{"angle":0.42107507183608117,"type":"board","x":379,"y":263},"21":{"angle":0,"type":"anvil","x":62,"y":467},"53":{"angle":0,"type":"board","x":87.5,"y":95},"54":{"angle":0.39449147927724704,"type":"board","x":254,"y":124},"23":{"angle":0,"type":"cushion","x":48,"y":275},"55":{"angle":0.16717501709307797,"type":"board","x":363,"y":151},"24":{"angle":0,"type":"cushion","x":131,"y":277},"25":{"angle":0,"type":"cushion","x":212,"y":278},"26":{"angle":0,"type":"cushion","x":296,"y":281},"27":{"angle":0,"type":"cushion","x":375,"y":284},"28":{"angle":0,"type":"cushion","x":448,"y":285},"29":{"angle":0,"type":"cushion","x":551,"y":319},"30":{"angle":0,"type":"cushion","x":608,"y":286},"31":{"angle":0,"type":"cushion","x":690,"y":285}}},"snapshot":{"balls":[{"age":1205,"angle":-0.6806671023368835,"type":4,"va":0,"vx":0,"vy":0,"x":14.620003700256348,"y":-14.621301651000977},{"age":983,"angle":3.0949175357818604,"type":4,"va":0,"vx":0,"vy":0,"x":14.293069839477539,"y":-14.621301651000977},{"age":592,"angle":-2.647535800933838,"type":4,"va":2.710324764251709,"vx":-0.9491968154907227,"vy":-0.801134467124939,"x":11.922109603881836,"y":-14.368579864501953},{"age":543,"angle":-2.0813803672790527,"type":4,"va":-3.766273021697998,"vx":-0.2739564776420593,"vy":-1.5333671569824219,"x":12.377263069152832,"y":-13.508689880371094},{"age":498,"angle":1.0994552373886108,"type":4,"va":-4.006168365478516,"vx":5.601945877075195,"vy":-3.553934097290039,"x":6.734334945678711,"y":-11.707250595092773},{"age":442,"angle":0.14446498453617096,"type":4,"va":-0.16446934640407562,"vx":2.55840253084898e-2,"vy":3.72996993291963e-8,"x":2.1340513229370117,"y":-8.681303024291992},{"age":351,"angle":1.8887640237808228,"type":4,"va":-4.5686354637146,"vx":0.2500324845314026,"vy":-2.949049949645996,"x":2.0392816066741943,"y":-8.397860527038574},{"age":309,"angle":-0.9289537668228149,"type":4,"va":-3.8633968830108643,"vx":0.6000202298164368,"vy":-1.8025598791382436e-9,"x":1.6825964450836182,"y":-7.55140495300293},{"age":7,"angle":-1.1575342416763306,"type":1,"va":1.726434588432312,"vx":-0.791807234287262,"vy":0.46429476141929626,"x":0.21276278793811798,"y":-3.019681692123413},{"age":232,"angle":1.7605088949203491,"type":4,"va":-3.2455484867095947,"vx":0.5085554122924805,"vy":4.506399697845609e-10,"x":1.3613137006759644,"y":-7.551478385925293},{"age":257,"angle":0.3611602485179901,"type":1,"va":2.233657121658325,"vx":-0.37447917461395264,"vy":-4.354310687631369e-3,"x":0.5822978615760803,"y":-3.0813398361206055},{"age":191,"angle":3.0668485164642334,"type":4,"va":0.5426055788993835,"vx":0.5064704418182373,"vy":-1.8025598791382436e-9,"x":1.0428913831710815,"y":-7.551361560821533},{"age":170,"angle":-2.3802499771118164,"type":1,"va":13.248345375061035,"vx":-1.9046289920806885,"vy":0.6555573344230652,"x":0.5669546723365784,"y":-2.6339223384857178},{"age":120,"angle":3.135045289993286,"type":4,"va":-0.34470507502555847,"vx":0.5064535140991211,"vy":0,"x":0.7244622707366943,"y":-7.551027297973633},{"age":72,"angle":-1.1029176712036133,"type":4,"va":2.1153106689453125,"vx":0.4494667947292328,"vy":-0.25861892104148865,"x":0.4164964556694031,"y":-7.472422122955322},{"age":98,"angle":0.11521200835704803,"type":1,"va":16.300251007080078,"vx":-10.12669563293457,"vy":1.3263111114501953,"x":7.076131820678711,"y":-3.7809062004089355}],"widgets":{"18":{"angle":-0.10683885961771011,"key":"18","va":0,"vx":0,"vy":0,"x":1.042132019996643,"y":-8.640000343322754}}}}