{"puzzle":{"reqTiles":["Up"],"inputs":[{"x":0.65,"y":0.0,"balls":[{"type":4,"rate":0.833251953125}]}],"outputs":[{"x":0.2,"y":1.0,"balls":[{"type":4,"rate":0.833251953125}]}],"spec":{}},"blueprint":{"puzzle":"c911debe-bbbf-5990-82cc-49092ede936a","title":"fan-assisted bonklift, curved slow drop, cat for safety","submittedAt":"2024-05-23T13:05:37.600988351Z","widgets":{"0":{"angle":0.48252586357344784,"type":"brick","x":479,"y":83},"32":{"angle":1.5508515560077987,"type":"cushion","x":220,"y":204},"1":{"angle":0.4792574904129191,"type":"brick","x":547,"y":167},"33":{"angle":-4.136288081957805,"type":"cushion","x":231,"y":166},"2":{"angle":0.46643472191358526,"type":"brick","x":604,"y":243},"34":{"angle":2.6072748062122155,"type":"cushion","x":257,"y":142},"3":{"angle":0.48397412233089404,"type":"brick","x":658,"y":313},"35":{"angle":0.9607509572839014,"type":"board","x":185,"y":259},"4":{"angle":0.8744399105940528,"type":"board","x":600,"y":377},"36":{"angle":1.3004775320892903,"type":"board","x":175,"y":228},"5":{"angle":0.908562888277973,"type":"board","x":494,"y":244},"37":{"angle":1.6906419660258545,"type":"board","x":169,"y":212},"6":{"angle":0.9968259513481283,"type":"board","x":396,"y":106},"38":{"angle":2.046725681928667,"type":"board","x":162,"y":192},"7":{"angle":-1.6014678560786042,"type":"rightbumper","x":691.6636574,"y":555},"39":{"angle":0.6979797265802806,"type":"board","x":310,"y":323},"40":{"angle":0.958512012974636,"type":"board","x":340,"y":362},"41":{"angle":1.405411270706029,"type":"board","x":348,"y":410},"10":{"angle":-1.5651665015216805,"type":"board","x":730.5075286,"y":448},"42":{"angle":1.7350119605258008,"type":"board","x":348,"y":451},"11":{"angle":-1.5656663703788594,"type":"board","x":730.5512403,"y":280},"43":{"angle":1.987864058045662,"type":"board","x":346,"y":465},"12":{"angle":-2.250458026039008,"type":"board","x":620,"y":490},"44":{"angle":2.242381305960945,"type":"board","x":315,"y":524},"13":{"angle":-2.3235770610498663,"type":"brick","x":650,"y":430},"45":{"angle":2.378320635512866,"type":"board","x":290,"y":556},"14":{"angle":-1.368084154264512,"type":"brick","x":719.931308,"y":518},"46":{"angle":2.439425852770042,"type":"board","x":244,"y":602},"15":{"angle":1.1530889422433557,"type":"board","x":491,"y":366},"47":{"angle":-1.5496493793619022,"type":"cushion","x":297,"y":426},"16":{"angle":1.214959043536753,"type":"board","x":385,"y":238},"48":{"angle":-1.0765698762756668,"type":"cushion","x":286,"y":475},"17":{"angle":-1.5407999008818773,"type":"rightbumper","x":420,"y":319},"49":{"angle":-2.0432957039421664,"type":"cushion","x":284,"y":384},"18":{"angle":-1.5020797777417065,"type":"rightbumper","x":536,"y":449},"50":{"angle":-2.342943023434338,"type":"cushion","x":254,"y":345},"19":{"angle":1.0161288038640575,"type":"brick","x":357,"y":36.0125075},"51":{"angle":-2.3839275525773993,"type":"cushion","x":235,"y":330},"52":{"angle":-0.7498694069403069,"type":"board","x":210,"y":565},"21":{"angle":-3.435436057106917,"type":"cushion","x":162,"y":68},"53":{"angle":0,"type":"cushion","x":65,"y":720.5},"22":{"angle":-3.3762995243431035,"type":"brick","x":308,"y":122},"54":{"angle":1.4829659002743159,"type":"cushion","x":24.0213,"y":674},"23":{"angle":-0.4009182972634032,"type":"cushion","x":95,"y":79},"55":{"angle":0,"catMass":2,"type":"catswat","x":75,"y":686},"24":{"angle":-3.5555909753657633,"type":"cushion","x":227,"y":52},"25":{"angle":-0.3102069132537266,"type":"cushion","x":290,"y":31.084761},"26":{"angle":-1.9753882787839427,"type":"brick","x":342,"y":135},"27":{"angle":-2.671545604015259,"type":"fan","x":657,"y":390},"28":{"angle":-1.7621324874791355,"type":"fan","x":648,"y":607},"29":{"angle":-2.520656309909441,"type":"fan","x":528,"y":221},"30":{"angle":0.656983962136078,"type":"cushion","x":253,"y":265},"31":{"angle":1.137004804114551,"type":"cushion","x":228,"y":236}}},"snapshot":{"balls":[{"age":8,"angle":0.38640928268432617,"type":4,"va":-0.579741895198822,"vx":0.6959995031356812,"vy":-1.2562732696533203,"x":2.9565694332122803,"y":-14.609983444213867},{"age":813,"angle":2.41652250289917,"type":4,"va":-17.743803024291992,"vx":1.3797744512557983,"vy":-2.810335159301758,"x":6.273312091827393,"y":-7.575166702270508},{"age":727,"angle":-2.8581600189208984,"type":4,"va":17.05632781982422,"vx":-1.924864649772644,"vy":-1.8853081464767456,"x":4.821214199066162,"y":-11.588196754455566},{"age":655,"angle":-2.5897092819213867,"type":4,"va":-14.7753324508667,"vx":1.5942456722259521,"vy":-1.9017256498336792,"x":5.438422679901123,"y":-6.492733001708984},{"age":562,"angle":0.1438007801771164,"type":4,"va":11.144085884094238,"vx":-0.2528739273548126,"vy":-2.8665571212768555,"x":3.7794806957244873,"y":-3.802689790725708},{"age":497,"angle":-2.602835178375244,"type":4,"va":-16.55117416381836,"vx":-0.9748726487159729,"vy":-2.642369031906128,"x":5.379761695861816,"y":-1.7393529415130615},{"age":459,"angle":-2.429896831512451,"type":4,"va":6.662741184234619,"vx":-2.189723014831543,"vy":-0.3779820501804352,"x":5.995309352874756,"y":-2.009305238723755},{"age":408,"angle":-2.2309353351593018,"type":4,"va":18.093618392944336,"vx":-1.802341103553772,"vy":3.4445629119873047,"x":7.463189601898193,"y":-2.795099973678589},{"age":352,"angle":-0.7430528402328491,"type":4,"va":1.386090874671936,"vx":1.8585511445999146,"vy":8.256375789642334e-2,"x":8.318822860717773,"y":-4.873122692108154},{"age":306,"angle":0.9939659833908081,"type":4,"va":-5.134573936462402,"vx":-0.10203354060649872,"vy":-4.4595770835876465,"x":13.872719764709473,"y":-9.933999061584473},{"age":224,"angle":2.5676469802856445,"type":4,"va":-13.802568435668945,"vx":0.7783843278884888,"vy":-3.3137216567993164,"x":13.576217651367188,"y":-5.741519927978516},{"age":120,"angle":-4.864842630922794e-3,"type":4,"va":-12.057531356811523,"vx":1.9359959363937378,"vy":-0.590339720249176,"x":11.19713020324707,"y":-2.810615062713623},{"age":76,"angle":0.8389684557914734,"type":4,"va":-8.617384910583496,"vx":0.8776136636734009,"vy":-2.1334502696990967,"x":10.2086820602417,"y":-1.5030207633972168},{"age":20,"angle":0.39025190472602844,"type":4,"va":1.8493350744247437,"vx":2.0150085911154747e-2,"vy":-1.6895376443862915,"x":9.618672370910645,"y":-0.26352035999298096}],"widgets":{"55":{"angle":0,"key":"55","va":0,"vx":0,"vy":0,"x":1.5,"y":-13.720000267028809}}}}