{"puzzle":{"reqTiles":["Up","Left"],"inputs":[{"x":0.35,"y":0.0,"balls":[{"type":3,"rate":0.8515625}]},{"x":0.0,"y":0.8,"balls":[{"type":4,"rate":0.83203125}]}],"outputs":[{"x":0.65,"y":1.0,"balls":[{"type":4,"rate":0.83203125}]},{"x":0.0,"y":0.2,"balls":[{"type":3,"rate":0.8515625}]}],"spec":{}},"blueprint":{"puzzle":"3617494a-718c-5dfb-ab97-79d166006ae7","title":"bonk","submittedAt":"2024-04-27T07:38:45.997550664Z","widgets":{"0":{"angle":-0.5315169681327062,"type":"board","x":238,"y":55.107},"32":{"angle":-6.762658353955246e-2,"type":"prism","x":62.5,"y":218},"64":{"angle":0,"speed":25,"type":"spokedwheel","x":494,"y":103.087193},"1":{"angle":-0.49842708984786216,"type":"board","x":88.1568,"y":140},"33":{"angle":3.0772107535837865,"type":"prism","x":112,"y":211},"34":{"angle":0,"type":"prism","x":209,"y":127},"66":{"type":"roundbumper","x":483,"y":358},"35":{"angle":3.142292274377096,"type":"prism","x":259,"y":126},"36":{"height":97,"type":"repulsor","width":97,"x":48.5,"y":691.5},"38":{"angle":-1.5633003977838817,"type":"prism","x":50.371,"y":522},"39":{"angle":1.5824533854105804,"type":"prism","x":43.5740876,"y":380},"71":{"angle":-1.5675135759314203,"type":"rightbumper","x":692.4083208,"y":472},"40":{"angle":1.5915027081934072,"type":"prism","x":44.0156906,"y":475},"72":{"angle":1.5902160295021546,"type":"leftbumper","x":379,"y":473},"41":{"angle":-1.5617078811844791,"type":"prism","x":50.618,"y":427},"10":{"angle":-1.9024189791352832,"type":"fan","x":138,"y":358},"42":{"angle":1.571623380978277,"type":"prism","x":43.0408992,"y":567},"11":{"angle":4.397721821244361,"type":"fan","x":135.879,"y":416.891},"43":{"angle":-1.5726006888081157,"type":"prism","x":50,"y":334},"75":{"angle":3.1429853091916766,"type":"rightbumper","x":711.9338767,"y":47.538947},"12":{"angle":-1.8399933021269426,"type":"fan","x":138.52,"y":526.835},"44":{"type":"roundbumper","x":580,"y":230},"13":{"angle":-1.9121680813956048,"type":"fan","x":138.546,"y":581.426},"45":{"type":"roundbumper","x":394,"y":230},"14":{"angle":-1.8578109790673385,"type":"fan","x":140.099,"y":641.531},"46":{"type":"roundbumper","x":290,"y":361},"15":{"angle":-1.845870554682722,"type":"fan","x":141,"y":471.609},"16":{"angle":-1.5747701727744534,"type":"fan","x":53.5931,"y":631.113},"48":{"type":"roundbumper","x":656,"y":369},"17":{"angle":-1.8763670921142879,"type":"fan","x":136.18,"y":701.201834},"49":{"type":"roundbumper","x":183,"y":478},"20":{"angle":3.1094054137504523,"type":"leftbumper","x":29.5141267,"y":218},"21":{"angle":1.5602291530281203,"type":"board","x":105,"y":652.409797},"53":{"angle":0,"type":"fan","x":124.5,"y":37.5},"22":{"angle":1.564459368282342,"type":"board","x":101,"y":484},"54":{"angle":0,"type":"fan","x":23.5,"y":94},"86":{"type":"roundbumper","x":541,"y":477},"23":{"angle":-1.6007811425173857,"type":"fan","x":71.1877,"y":631.386},"24":{"angle":-1.5389074462861108,"type":"fan","x":38.2302123,"y":630.316},"56":{"type":"roundbumper","x":279,"y":591},"88":{"type":"roundbumper","x":466,"y":591},"25":{"angle":-1.5645748815331886,"type":"board","x":100,"y":371},"89":{"angle":-1.5747469135894616,"type":"rightbumper","x":599,"y":711.8125714},"26":{"angle":1.5898768710860656,"type":"board","x":172,"y":652.3442104},"58":{"type":"roundbumper","x":656,"y":600},"90":{"angle":1.5746405994468435,"type":"leftbumper","x":304,"y":711.8175937},"27":{"angle":1.5815218544357208,"type":"board","x":176,"y":485},"59":{"angle":-1.5862342278098729,"type":"rightbumper","x":692.0734081,"y":711.2700603},"91":{"angle":1.5850317939024854,"type":"leftbumper","x":380,"y":711.3266655},"28":{"angle":0,"type":"brick","x":137,"y":299},"60":{"angle":1.5712871953377758,"type":"leftbumper","x":225,"y":711.9766837},"92":{"height":63,"type":"attractor","width":63,"x":481.5,"y":708.5},"29":{"angle":1.5418363374255617,"type":"board","x":173,"y":379},"30":{"angle":-1.5530387030367196,"type":"rightbumper","x":141,"y":261},"31":{"angle":-1.541573063124403,"type":"rightbumper","x":222,"y":222}}},"snapshot":{"balls":[{"age":1864,"angle":-2.48663592338562,"type":4,"va":0,"vx":1.1466063261032104,"vy":-0.1733745038509369,"x":9.030649185180664,"y":-11.123486518859863},{"age":1776,"angle":-2.927611827850342,"type":4,"va":-22.019515991210938,"vx":-20.337627410888672,"vy":-13.121667861938477,"x":10.224071502685547,"y":-4.2102789878845215},{"age":1716,"angle":-2.506667375564575,"type":4,"va":19.31727409362793,"vx":-0.1919078528881073,"vy":-4.531186580657959,"x":14.234332084655762,"y":-6.861334800720215},{"age":1420,"angle":-1.2240434885025024,"type":4,"va":51.86391067504883,"vx":8.460556030273438,"vy":11.975176811218262,"x":7.257217884063721,"y":-12.849595069885254},{"age":1228,"angle":9.495784342288971e-2,"type":4,"va":6.184467792510986,"vx":6.937576770782471,"vy":14.446741104125977,"x":9.170374870300293,"y":-6.182700157165527},{"age":1132,"angle":1.0201369524002075,"type":4,"va":-82.98047637939453,"vx":-3.5071258544921875,"vy":-3.996746778488159,"x":5.621138572692871,"y":-4.079981803894043},{"age":1020,"angle":2.1141457557678223,"type":4,"va":65.54370880126953,"vx":7.016097545623779,"vy":-3.7259442806243896,"x":6.615119934082031,"y":-5.852667808532715},{"age":829,"angle":-1.023726463317871,"type":4,"va":-46.61265563964844,"vx":17.80727195739746,"vy":19.886699676513672,"x":6.642778396606445,"y":-13.206897735595703},{"age":666,"angle":-2.6088109016418457,"type":4,"va":14.764948844909668,"vx":1.8621602058410645,"vy":-5.866412162780762,"x":2.6884756088256836,"y":-3.7257721424102783},{"age":480,"angle":-0.481025367975235,"type":4,"va":-56.53135681152344,"vx":3.743119239807129,"vy":-8.260181427001953,"x":12.495935440063477,"y":-8.615861892700195},{"age":383,"angle":-1.449375033378601,"type":4,"va":4.634527206420898,"vx":2.0302023887634277,"vy":-3.2036614418029785,"x":14.091782569885254,"y":-4.2723846435546875},{"age":288,"angle":-1.676677942276001,"type":4,"va":-27.5989933013916,"vx":-5.138239860534668,"vy":0.6627477407455444,"x":12.234979629516602,"y":-5.953487873077393},{"age":216,"angle":-2.1017630100250244,"type":4,"va":-66.64929962158203,"vx":12.412158012390137,"vy":-3.124359369277954,"x":6.660123825073242,"y":-2.7588415145874023},{"age":7,"angle":1.387079119682312,"type":3,"va":2.6004433631896973,"vx":-0.9853433966636658,"vy":0.3373061716556549,"x":0.1825414001941681,"y":-2.979222536087036},{"age":162,"angle":-0.41217222809791565,"type":4,"va":115.45429229736328,"vx":-0.6441815495491028,"vy":-2.8569929599761963,"x":6.567370891571045,"y":-3.3690149784088135},{"age":119,"angle":1.6132493019104004,"type":4,"va":23.397994995117188,"vx":20.879093170166016,"vy":5.498022079467773,"x":5.021031379699707,"y":-3.2832419872283936},{"age":151,"angle":-3.0154170989990234,"type":3,"va":7.66441535949707,"vx":-1.0700985193252563,"vy":-0.5783893465995789,"x":0.4864363372325897,"y":-3.109488010406494},{"age":54,"angle":3.120457649230957,"type":4,"va":-12.66335678100586,"vx":-1.433093786239624,"vy":5.533164024353027,"x":0.16814351081848145,"y":-11.747136116027832},{"age":53,"angle":1.4918756484985352,"type":3,"va":9.72021198272705,"vx":-1.303051471710205,"vy":-0.7804267406463623,"x":4.8651909828186035,"y":-0.6477967500686646}],"widgets":{"64":{"angle":-0.5030554533004761,"key":"64","va":6.293334484100342,"vx":0,"vy":0,"x":9.880000114440918,"y":-2.061743974685669}}}}