{"puzzle":{"reqTiles":["Up"],"inputs":[{"x":0.2,"y":0.0,"balls":[{"type":1,"rate":1.0}]},{"x":1.0,"y":0.35,"balls":[{"type":3,"rate":1.0}]}],"outputs":[{"x":0.5,"y":1.0,"balls":[{"type":3,"rate":1.0}]},{"x":1.0,"y":0.5,"balls":[{"type":1,"rate":1.0}]}],"spec":{}},"blueprint":{"puzzle":"4f3fb4e2-5da4-5352-a1a2-ec284aa72eb1","title":"blue hyper highway across green crosswalk","submittedAt":"2024-04-07T06:02:26.649775906Z","widgets":{"0":{"angle":-0.43566923376318617,"type":"board","x":186,"y":113},"32":{"angle":0.5622805512138677,"type":"cushion","x":289,"y":369},"1":{"angle":-0.26127651420837605,"type":"board","x":652.5,"y":302},"33":{"angle":0.47837996480658823,"type":"cushion","x":218,"y":331},"36":{"angle":-1.0586985707958387,"type":"fan","x":500,"y":616},"5":{"angle":6.809793399484986,"type":"rightbumper","x":48.080066,"y":190},"37":{"angle":-0.9520627011274756,"type":"fan","x":511,"y":585},"6":{"angle":-0.42412462275081037,"type":"leftbumper","x":93,"y":192},"38":{"angle":-0.9786776425341711,"type":"cushion","x":580,"y":481},"7":{"angle":-0.49609385135257617,"type":"leftbumper","x":98,"y":283},"39":{"angle":-1.2342635839179457,"type":"cushion","x":557,"y":539},"8":{"angle":2.6174465906368005,"type":"leftbumper","x":48.013571,"y":283},"40":{"angle":0,"type":"ballstand","x":170,"y":386},"9":{"angle":1.4142332055003026,"type":"brick","x":34,"y":108},"10":{"angle":1.5189813266824828,"type":"fan","x":75,"y":25.4106555},"11":{"angle":1.5420545631206086,"type":"fan","x":72,"y":27.7198455},"12":{"angle":0.821342264756331,"type":"leftbumper","x":357,"y":516},"13":{"angle":1.4458937876852938,"type":"rightbumper","x":346,"y":449},"14":{"angle":1.0095984754229723,"type":"leftbumper","x":273,"y":531},"15":{"angle":1.9384293137413493,"type":"rightbumper","x":266,"y":470},"16":{"angle":1.511639241021834,"type":"leftbumper","x":180,"y":517},"17":{"angle":2.539129474692661,"type":"rightbumper","x":183,"y":457},"18":{"angle":1.9591067592978226,"type":"leftbumper","x":103,"y":468},"19":{"angle":2.4845936328627296,"type":"leftbumper","x":58,"y":383},"20":{"angle":3.1924122592951156,"type":"rightbumper","x":123,"y":381},"21":{"angle":0,"type":"fan","x":23.5,"y":476},"22":{"angle":0.4099924398229715,"type":"fan","x":36.499989,"y":386},"23":{"angle":0,"type":"fan","x":23.5,"y":475},"24":{"angle":0,"type":"fan","x":23.5,"y":479},"25":{"angle":0,"type":"cushion","x":699,"y":428},"26":{"angle":-6.665325697726059e-2,"type":"cushion","x":635,"y":441},"27":{"angle":-0.6383387849029667,"type":"fan","x":607,"y":485},"28":{"angle":-1.263870495761002,"type":"board","x":444,"y":653.8699675},"29":{"angle":1.9260127410422356,"type":"board","x":339,"y":654.8324005},"31":{"angle":0.5352933183353087,"type":"cushion","x":346,"y":411}}},"snapshot":{"balls":[{"age":1575,"angle":-1.5518171787261963,"type":3,"va":0.14056284725666046,"vx":4.315534234046936e-2,"vy":1.7272252589464188e-2,"x":10.54787540435791,"y":-10.903882026672363},{"age":1097,"angle":-2.1166939735412598,"type":3,"va":9.34448316693306e-2,"vx":3.396022319793701e-2,"vy":4.37871515750885e-2,"x":10.644679069519043,"y":-10.60072135925293},{"age":396,"angle":-0.5635252594947815,"type":1,"va":0.9795492887496948,"vx":2.2305679321289062,"vy":0.11308060586452484,"x":14.244361877441406,"y":-8.032400131225586},{"age":328,"angle":-0.609476625919342,"type":1,"va":19.69157600402832,"vx":-4.423550128936768,"vy":-5.941102504730225,"x":9.033905029296875,"y":-7.598721027374268},{"age":282,"angle":-2.299389362335205,"type":1,"va":-13.268745422363281,"vx":2.375413656234741,"vy":1.250219702720642,"x":14.318883895874023,"y":-7.237821578979492},{"age":229,"angle":2.7658774852752686,"type":1,"va":3.4185147285461426,"vx":0.5346809029579163,"vy":0.21141231060028076,"x":14.26656436920166,"y":-7.702439785003662},{"age":162,"angle":-2.3851006031036377,"type":3,"va":21.843263626098633,"vx":-3.349900960922241,"vy":-5.702616214752197,"x":9.644495964050293,"y":-7.788429260253906},{"age":166,"angle":0.38269945979118347,"type":1,"va":-11.003951072692871,"vx":9.128687858581543,"vy":-11.228225708007812,"x":3.784681558609009,"y":-9.677556991577148},{"age":126,"angle":-0.6656779050827026,"type":1,"va":31.485301971435547,"vx":35.05741882324219,"vy":12.235705375671387,"x":2.4423129558563232,"y":-9.2971773147583},{"age":66,"angle":-2.342315673828125,"type":3,"va":10.639129638671875,"vx":-2.07381010055542,"vy":-0.7061432600021362,"x":13.98270320892334,"y":-5.434370517730713},{"age":35,"angle":2.5388271808624268,"type":3,"va":-3.21616792678833,"vx":-0.8687775731086731,"vy":-0.2836509048938751,"x":14.757763862609863,"y":-5.153303623199463},{"age":37,"angle":-1.210984230041504,"type":1,"va":-2.5290720462799072,"vx":-2.6301901787519455e-2,"vy":-4.3903727531433105,"x":2.9522478580474854,"y":-1.0527757406234741}],"widgets":{}}}