{"puzzle":{"reqTiles":["Up"],"inputs":[{"x":0.65,"y":0.0,"balls":[{"type":3,"rate":0.5}]},{"x":1.0,"y":0.35,"balls":[{"type":2,"rate":0.5559895833333334}]}],"outputs":[{"x":0.35,"y":1.0,"balls":[{"type":2,"rate":0.5559895833333334}]},{"x":1.0,"y":0.5,"balls":[{"type":3,"rate":0.5}]}],"spec":{}},"blueprint":{"puzzle":"4a12c8ac-6a6d-5e7e-8d59-d68d7bb0c6f0","title":"Evaporation Filter","submittedAt":"2024-04-11T00:18:25.955510404Z","widgets":{"0":{"angle":-1.5447164288123008,"type":"fan","x":701.8999405,"y":431},"32":{"angle":1.4193530228078568,"type":"board","x":221,"y":641},"64":{"angle":0.23506435043599574,"type":"brick","x":36.209197,"y":351},"36":{"angle":1.5664832331660787,"type":"board","x":211,"y":652.4619695},"68":{"angle":3.3823648968749844,"type":"fan","x":571,"y":607.125},"5":{"type":"roundbumper","x":455,"y":68},"37":{"angle":1.5127702534023242,"type":"board","x":310,"y":652.1253201},"6":{"angle":0.4529758096660472,"type":"cushion","x":642,"y":367},"38":{"angle":-1.5707963267948966,"type":"fan","x":356,"y":716.5},"39":{"angle":-1.564386871350155,"type":"fan","x":421,"y":716.2601365},"71":{"angle":1.5736426189188217,"type":"brick","x":528,"y":624},"8":{"angle":0.32655169933528894,"type":"brick","x":703.4662475,"y":395},"40":{"angle":-1.7384774728798147,"type":"fan","x":475,"y":710.571011},"9":{"angle":-1.660360996883514,"type":"fan","x":620.548,"y":405},"73":{"angle":-1.128953576179298e-4,"type":"board","x":620,"y":649},"10":{"angle":3.0568983645985943,"type":"fan","x":713.411979,"y":177},"74":{"angle":-2.359834146550112,"type":"fan","x":443,"y":280},"11":{"angle":1.4386121952294595,"type":"board","x":691,"y":89},"43":{"angle":0.37006400580907384,"type":"brick","x":492,"y":693},"12":{"angle":0.652782740442635,"type":"cushion","x":578,"y":330},"44":{"angle":1.5676955615388255,"type":"brick","x":528,"y":577},"45":{"angle":1.5685080012696766,"type":"brick","x":528,"y":512},"77":{"angle":0,"sticker":"figure1-happy","type":"sticker","x":65,"y":624},"46":{"angle":1.564616413194133,"type":"brick","x":528,"y":448},"78":{"angle":0,"sticker":"figure2-happy","type":"sticker","x":142,"y":628},"47":{"angle":1.5698886114617487,"type":"brick","x":527,"y":383},"79":{"angle":-0.2982153572222319,"type":"cup","x":26.9777545,"y":536},"48":{"angle":1.5519590676309127,"type":"brick","x":528,"y":318},"80":{"angle":0.20434913914840752,"type":"cup","x":184,"y":549},"17":{"angle":1.4579131507543384,"type":"cushion","x":696,"y":134},"49":{"angle":0.2471425719515909,"type":"board","x":146,"y":374},"81":{"angle":0,"catMass":2,"type":"catswat","x":523,"y":717},"18":{"angle":1.0123594294420482,"type":"cushion","x":677,"y":79.664},"50":{"angle":0.49500760123330484,"type":"board","x":330,"y":442},"19":{"angle":-1.8231022787638063,"type":"fan","x":586.821,"y":393},"51":{"angle":0.30502524361783706,"type":"cushion","x":250,"y":410},"83":{"type":"roundbumper","x":711,"y":711},"20":{"angle":0.5279995834636099,"type":"cushion","x":629,"y":37.5004775},"52":{"angle":0.3367722852733586,"type":"board","x":388,"y":653},"84":{"angle":-0.3575813483046824,"type":"cushion","x":418,"y":240},"21":{"angle":-1.760975275350415,"type":"fan","x":660,"y":422},"53":{"angle":4.686359285762914,"type":"board","x":208,"y":486},"22":{"angle":1.0769638397620338,"type":"cushion","x":531,"y":275},"23":{"angle":-0.10697545564092935,"type":"brick","x":452,"y":89},"24":{"angle":-0.14624917591085643,"type":"brick","x":454,"y":102},"56":{"angle":1.6143951094445241,"type":"fan","x":246,"y":435},"25":{"angle":-3.852417512613043,"type":"fan","x":418,"y":80},"29":{"angle":0.2641705694358279,"type":"cushion","x":481,"y":236},"31":{"angle":1.682760485734548,"type":"board","x":295.5,"y":639}}},"snapshot":{"balls":[{"age":729,"angle":-0.1104198470711708,"type":2,"va":6.129732608795166,"vx":1.3422064781188965,"vy":-1.6093147993087769,"x":8.368546485900879,"y":-8.048002243041992},{"age":587,"angle":-2.1560423374176025,"type":2,"va":21.328947067260742,"vx":-3.0315155163407326e-2,"vy":3.820917844772339,"x":6.7581000328063965,"y":-9.262667655944824},{"age":470,"angle":0.9508694410324097,"type":2,"va":-8.304244041442871,"vx":1.4341710805892944,"vy":2.230605125427246,"x":7.164861679077148,"y":-12.005617141723633},{"age":353,"angle":2.385274887084961,"type":2,"va":-2.024616241455078,"vx":-8.673346519470215,"vy":-0.8855595588684082,"x":8.742284774780273,"y":-3.5830461978912354},{"age":230,"angle":-2.755509853363037,"type":2,"va":-4.554694175720215,"vx":-0.34912675619125366,"vy":1.4479409456253052,"x":13.563220024108887,"y":-5.5386481285095215},{"age":18,"angle":0.36340588331222534,"type":3,"va":0.13253521919250488,"vx":0.6736507415771484,"vy":0.24574334919452667,"x":14.6980619430542,"y":-7.369750022888184},{"age":140,"angle":-2.788360834121704,"type":2,"va":-2.2702744230628014e-2,"vx":0.1749882698059082,"vy":0.7961039543151855,"x":14.243256568908691,"y":-5.737273693084717},{"age":145,"angle":1.8722590208053589,"type":3,"va":-27.71947479248047,"vx":3.7871382236480713,"vy":-2.5911576747894287,"x":12.411788940429688,"y":-6.43341064453125},{"age":46,"angle":-2.670135259628296,"type":2,"va":2.1432764530181885,"vx":-0.6064144372940063,"vy":-0.6215349435806274,"x":14.439677238464355,"y":-5.382133483886719}],"widgets":{"81":{"angle":0,"key":"81","va":0,"vx":0,"vy":0,"x":10.460000038146973,"y":-14.34000015258789}}}}