{"puzzle":{"reqTiles":["Up"],"inputs":[{"x":0.65,"y":0.0,"balls":[{"type":2,"rate":0.6940104166666667}]},{"x":1.0,"y":0.5,"balls":[{"type":4,"rate":0.8125}]}],"outputs":[{"x":0.5,"y":1.0,"balls":[{"type":4,"rate":0.8125}]},{"x":1.0,"y":0.35,"balls":[{"type":2,"rate":0.6940104166666667}]}],"spec":{}},"blueprint":{"puzzle":"50a6a0f7-20b7-5b8d-8ca4-7aba2baafd79","title":"homestar runner and strong bad","submittedAt":"2024-04-16T16:12:58.624155341Z","widgets":{"0":{"angle":-0.8866221508647234,"type":"fan","x":448,"y":180},"32":{"angle":1.4904662262297101,"type":"brick","x":139,"y":389},"64":{"angle":-0.6251431492846884,"type":"brick","x":604,"y":513},"1":{"angle":0,"type":"board","x":652.5,"y":279},"33":{"angle":0,"type":"brick","x":219,"y":322},"65":{"angle":0,"type":"brick","x":561,"y":334},"2":{"angle":1.5541551428007365,"type":"cushion","x":544,"y":264},"34":{"angle":1.8491488705483563,"type":"cushion","x":82,"y":299},"66":{"angle":1.2039542507856749,"type":"brick","x":599,"y":355},"3":{"angle":0,"type":"fan","x":489,"y":284},"35":{"angle":0,"type":"brick","x":158,"y":323},"67":{"angle":1.3871468579459527,"type":"brick","x":621,"y":409},"4":{"angle":1.5523617041808688,"type":"brick","x":258,"y":639},"36":{"angle":-0.14044248437375859,"type":"brick","x":91,"y":330},"5":{"angle":1.5076086400778912,"type":"brick","x":261,"y":705.2153984},"37":{"angle":0,"type":"cushion","x":173,"y":269},"6":{"angle":1.7262768351970619,"type":"brick","x":18.6022195,"y":704.3195995},"38":{"angle":0,"type":"cushion","x":119,"y":270},"7":{"angle":1.7343428633718567,"type":"brick","x":32,"y":644},"39":{"angle":3.164059243464335,"type":"fan","x":715.6634958,"y":701.9815296},"8":{"angle":0.37591684104332423,"type":"cushion","x":163,"y":666},"40":{"angle":1.5688679545295476,"type":"cushion","x":327,"y":698.9624788},"72":{"angle":0,"type":"cushion","x":544,"y":496},"9":{"angle":-0.7300366006806615,"type":"cushion","x":169,"y":662},"41":{"angle":1.522183844469629,"type":"cushion","x":469,"y":647},"10":{"angle":1.3614354317171664,"type":"cushion","x":167,"y":649},"42":{"angle":1.4220723437553218,"type":"cushion","x":649,"y":652},"74":{"angle":1.498564877158984,"type":"brick","x":509,"y":423},"11":{"angle":1.5721441928328508,"type":"brick","x":259,"y":596},"43":{"angle":5.128674572725451,"type":"cushion","x":485,"y":594},"75":{"angle":1.543266104798629,"type":"brick","x":575,"y":419},"12":{"angle":1.8478287147917136,"type":"brick","x":44,"y":595},"44":{"angle":0,"type":"brick","x":493,"y":699},"76":{"angle":2.5629994284410293,"type":"rightbumper","x":499,"y":404},"13":{"angle":0,"type":"brick","x":170,"y":555},"45":{"angle":0,"type":"brick","x":564,"y":695},"77":{"angle":3.6033647891181295,"type":"leftbumper","x":569,"y":399},"14":{"angle":0,"type":"brick","x":236,"y":557},"46":{"angle":0,"type":"brick","x":627,"y":694},"15":{"angle":0,"type":"brick","x":73,"y":559},"47":{"angle":1.0134648899333951,"type":"cushion","x":626,"y":585},"16":{"angle":0,"type":"brick","x":117,"y":557},"48":{"angle":-0.23620385569451707,"type":"cushion","x":457,"y":572},"49":{"type":"roundbumper","x":412,"y":584},"50":{"type":"roundbumper","x":386,"y":574},"19":{"angle":0,"type":"cushion","x":282,"y":429},"51":{"type":"roundbumper","x":390,"y":610},"20":{"angle":3.1512907139648565,"type":"cushion","x":247,"y":429},"21":{"angle":1.8701522114719558,"type":"cushion","x":277,"y":515},"53":{"angle":0,"type":"cushion","x":645,"y":559},"22":{"angle":1.9022078255713142,"type":"cushion","x":290,"y":468},"54":{"angle":0,"type":"cushion","x":535,"y":559},"23":{"angle":1.541305968165221,"type":"cushion","x":269,"y":371},"55":{"angle":0,"type":"cushion","x":572,"y":556},"24":{"angle":1.495983979996327,"type":"cushion","x":51,"y":520},"25":{"angle":-1.5521168352307877,"type":"fan","x":147,"y":256},"57":{"angle":0,"type":"brick","x":545,"y":530},"58":{"angle":0,"type":"brick","x":511,"y":337},"27":{"angle":1.8282916038668249,"type":"cushion","x":55,"y":384},"59":{"angle":-0.9268844189313427,"type":"brick","x":468,"y":360},"28":{"angle":1.5679871516092305,"type":"cushion","x":43,"y":444},"60":{"angle":1.6212968307227542,"type":"brick","x":629,"y":469},"29":{"angle":1.4269718013605934,"type":"cushion","x":209,"y":296},"61":{"angle":1.5281512860106041,"type":"brick","x":455,"y":408},"30":{"angle":-0.19631701780218333,"type":"brick","x":279,"y":317},"62":{"angle":1.4258899560819882,"type":"brick","x":463,"y":468},"31":{"angle":1.4423191304966747,"type":"brick","x":190,"y":380},"63":{"angle":0.7277583338014606,"type":"brick","x":493,"y":515}}},"snapshot":{"balls":[{"age":946,"angle":1.948041319847107,"type":4,"va":0.6238532662391663,"vx":0.19628991186618805,"vy":-4.353605583310127e-2,"x":8.742658615112305,"y":-14.58712387084961},{"age":776,"angle":-1.3516066074371338,"type":4,"va":-0.3946684002876282,"vx":-1.3111263513565063,"vy":-9.456715732812881e-2,"x":13.526647567749023,"y":-13.14257526397705},{"age":711,"angle":-1.9238590002059937,"type":4,"va":5.3736371994018555,"vx":10.234063148498535,"vy":-0.1267586350440979,"x":14.503764152526855,"y":-13.631689071655273},{"age":569,"angle":-0.6689729690551758,"type":4,"va":3.6640126705169678,"vx":-1.1756172180175781,"vy":0.3894115388393402,"x":8.054965019226074,"y":-14.367158889770508},{"age":503,"angle":-0.8568891286849976,"type":4,"va":-1.5805840492248535,"vx":8.992134779691696e-2,"vy":2.925371378660202e-2,"x":8.417652130126953,"y":-14.606122970581055},{"age":425,"angle":-0.20670723915100098,"type":4,"va":3.979982852935791,"vx":-0.8264649510383606,"vy":-1.4901015758514404,"x":7.951957702636719,"y":-13.99392318725586},{"age":330,"angle":2.0643577575683594,"type":4,"va":-1.2135562486946583e-2,"vx":-0.6969214081764221,"vy":-1.1808353662490845,"x":14.365153312683105,"y":-13.051383972167969},{"age":286,"angle":0.6993978023529053,"type":4,"va":1.0023776292800903,"vx":-0.37568289041519165,"vy":-0.6192960739135742,"x":9.082477569580078,"y":-14.623284339904785},{"age":251,"angle":-0.27718377113342285,"type":2,"va":-0.8568243384361267,"vx":0.25247567892074585,"vy":1.1757419109344482,"x":14.387434959411621,"y":-5.1648268699646},{"age":213,"angle":1.6050165891647339,"type":4,"va":-0.39707422256469727,"vx":-0.1651269495487213,"vy":-2.4690864086151123,"x":14.586143493652344,"y":-12.693779945373535},{"age":182,"angle":-2.045473098754883,"type":2,"va":3.8627381324768066,"vx":1.5279541015625,"vy":-0.8859622478485107,"x":13.073979377746582,"y":-4.748100280761719},{"age":102,"angle":1.470218300819397,"type":4,"va":4.66184139251709,"vx":-0.10420100390911102,"vy":-3.640320062637329,"x":14.21708869934082,"y":-9.385102272033691},{"age":87,"angle":1.4806691408157349,"type":2,"va":6.076530933380127,"vx":5.507909297943115,"vy":-6.766368865966797,"x":12.598548889160156,"y":-4.997161865234375}],"widgets":{}}}