{"puzzle":{"reqTiles":["Up"],"inputs":[{"x":0.2,"y":0.0,"balls":[{"type":1,"rate":0.72265625}]}],"outputs":[{"x":0.5,"y":1.0,"balls":[{"type":1,"rate":0.72265625}]}],"spec":{}},"blueprint":{"puzzle":"c842688d-5625-5dca-8c94-de77ae6b90ba","title":"i shall name it... \"this marvelous device\"!","submittedAt":"2024-04-23T13:42:24.674927535Z","widgets":{"0":{"angle":1.2913390429110754,"type":"cushion","x":130,"y":44.788168},"32":{"angle":1.56246318635476,"type":"cushion","x":19.8409721,"y":318},"64":{"angle":2.1586522581702687,"type":"cushion","x":380,"y":534},"96":{"angle":0,"sticker":"figure2-happy","type":"sticker","x":581,"y":456},"1":{"angle":-2.1034596084485604,"type":"cup","x":140,"y":95},"33":{"angle":1.578860668101664,"type":"cushion","x":23.83,"y":394},"65":{"angle":-0.8708466916715751,"type":"cup","x":279,"y":582},"97":{"angle":0,"sticker":"figure1-happy","type":"sticker","x":265,"y":489},"2":{"angle":-2.436926769217997,"type":"cup","x":166,"y":125},"34":{"angle":1.5893127016875392,"type":"cushion","x":20.2557928,"y":553},"66":{"angle":-1.2436446541106303,"type":"cup","x":262,"y":612},"98":{"angle":-0.47428498292038695,"type":"cup","x":648,"y":410},"3":{"angle":-2.7878269480788997,"type":"cup","x":201,"y":145},"35":{"angle":1.5628599854874314,"type":"cushion","x":19.8247822,"y":475},"67":{"angle":-1.5556252086982574,"type":"cup","x":255,"y":648},"4":{"angle":3.1855399621128395,"type":"cup","x":240,"y":153},"36":{"angle":1.5403659306288289,"type":"cushion","x":20.7384252,"y":632},"68":{"angle":-1.889979885771076,"type":"cup","x":261,"y":683},"5":{"angle":2.89238800581411,"type":"cup","x":280,"y":149},"37":{"angle":3.930461579116216,"type":"fan","x":543,"y":376},"69":{"angle":0.9090282221657416,"type":"cushion","x":289,"y":549},"6":{"angle":-0.9898975340189718,"type":"fan","x":233,"y":206},"38":{"angle":1.5743206762849293,"type":"cushion","x":19.6443809,"y":698.9315214},"70":{"angle":-0.8924442411002197,"type":"fan","x":97,"y":586},"7":{"angle":1.5499162574498393,"type":"cushion","x":478,"y":158},"39":{"angle":0,"type":"cushion","x":204,"y":720.5},"71":{"angle":2.0969432712975116,"type":"cushion","x":422,"y":468},"8":{"angle":0.13770282563983569,"type":"cushion","x":505,"y":70},"40":{"angle":0,"type":"cushion","x":125,"y":720.5},"72":{"angle":2.0080820191437017,"type":"cushion","x":461,"y":397},"9":{"angle":0,"type":"cushion","x":439,"y":204},"41":{"angle":0,"type":"cushion","x":46,"y":720.5},"10":{"angle":0,"type":"cushion","x":361,"y":203},"42":{"angle":0,"type":"cushion","x":283,"y":720.5},"74":{"angle":2.633167837500718,"type":"cup","x":198,"y":522},"11":{"angle":0,"type":"cushion","x":281,"y":203},"43":{"angle":-2.643511354884803e-2,"type":"cushion","x":690.39,"y":719.4230935},"75":{"angle":0,"type":"prism","x":303,"y":319},"12":{"angle":0,"type":"cushion","x":201,"y":203},"44":{"angle":-1.5705040573307647,"type":"cushion","x":720.488017,"y":698.9943008},"76":{"angle":-2.090392889219364,"type":"prism","x":291,"y":339},"13":{"angle":0,"type":"cushion","x":122,"y":202},"45":{"angle":0,"type":"cushion","x":610,"y":720.5},"77":{"angle":-4.182991299897452,"type":"prism","x":315,"y":339},"14":{"angle":0,"type":"cushion","x":41,"y":202},"46":{"angle":0,"type":"cushion","x":531,"y":720.5},"15":{"angle":1.5653304693768677,"type":"cushion","x":555,"y":104},"47":{"angle":0,"type":"cushion","x":449,"y":720.5},"79":{"angle":0,"speed":25,"type":"spokedwheel","x":305,"y":324},"16":{"angle":1.550999967546468,"type":"cushion","x":556,"y":180},"48":{"angle":-1.5794168029070328,"type":"cushion","x":720.1472863,"y":307},"80":{"angle":-3.1146044229253387,"type":"prism","x":164,"y":269},"17":{"angle":0,"type":"cushion","x":615,"y":196},"49":{"angle":-1.5620246219504539,"type":"cushion","x":720.1411058,"y":383},"81":{"angle":1.059321429189181,"type":"prism","x":177,"y":250},"18":{"angle":0,"type":"cushion","x":696,"y":198},"50":{"angle":-1.5613767084121646,"type":"cushion","x":720.1146593,"y":462},"82":{"angle":-1.0334895912734683,"type":"prism","x":153,"y":249},"19":{"angle":3.1839247831798323,"type":"cup","x":446,"y":328},"51":{"angle":-1.5966526321541556,"type":"cushion","x":719.4465236,"y":541},"83":{"angle":0,"type":"board","x":556,"y":603},"20":{"angle":2.793475351140909,"type":"cup","x":486,"y":321},"52":{"angle":-1.5799827866222256,"type":"cushion","x":720.1241795,"y":619},"84":{"angle":0,"type":"board","x":564,"y":590},"21":{"angle":2.4141260168167773,"type":"cup","x":521,"y":301},"53":{"angle":-1.5516900867439438,"type":"cushion","x":719.7202594,"y":228},"85":{"angle":0,"type":"board","x":570,"y":575},"22":{"angle":2.050756126732646,"type":"cup","x":546,"y":270},"54":{"angle":-1.56304767998674,"type":"cup","x":23.662015,"y":425},"86":{"angle":0,"type":"board","x":577,"y":559},"23":{"angle":1.694039395481037,"type":"cup","x":558,"y":232},"55":{"angle":-1.9112499048935072,"type":"cup","x":29.1633855,"y":462},"87":{"angle":0,"type":"board","x":582,"y":545},"24":{"angle":-2.7755258714520403,"type":"cup","x":410,"y":320},"56":{"angle":-2.299997508073493,"type":"cup","x":50,"y":496},"88":{"angle":0,"type":"board","x":587,"y":529},"57":{"angle":-2.632925232305172,"type":"cup","x":82,"y":522},"89":{"angle":0,"type":"board","x":592,"y":513},"26":{"angle":3.069762153344304,"type":"cup","x":202,"y":353},"58":{"angle":-2.963330354741549,"type":"cup","x":122,"y":536},"90":{"angle":0,"type":"board","x":600,"y":497},"27":{"angle":3.363979858174307,"type":"cup","x":163,"y":351},"59":{"angle":2.9638856911669724,"type":"cup","x":162,"y":536},"91":{"angle":0,"type":"board","x":607,"y":481},"28":{"angle":3.683015796998383,"type":"cup","x":127,"y":337},"60":{"angle":0.9793021441023868,"type":"cup","x":396,"y":570},"92":{"angle":0,"type":"board","x":615,"y":465},"29":{"angle":4.054981934825281,"type":"fan","x":215,"y":404},"61":{"angle":1.287639713922364,"type":"cup","x":412,"y":604},"93":{"angle":0,"sticker":"figure3-happy","type":"sticker","x":94,"y":462},"30":{"angle":4.004092867528741,"type":"cup","x":97,"y":313},"62":{"angle":1.5915602043589938,"type":"cup","x":419,"y":642},"94":{"angle":0,"sticker":"cat","type":"sticker","x":111,"y":471},"31":{"angle":1.5631687630350413,"type":"cushion","x":19.8121616,"y":249},"63":{"angle":1.9031441568816396,"type":"cup","x":411,"y":681},"95":{"angle":0,"sticker":"figure2-sad","type":"sticker","x":679,"y":389}}},"snapshot":{"balls":[{"age":469,"angle":-0.8505386710166931,"type":1,"va":-13.715715408325195,"vx":0.32373735308647156,"vy":-2.325551748275757,"x":6.586186408996582,"y":-11.500309944152832},{"age":422,"angle":-0.3135721683502197,"type":1,"va":-37.36357498168945,"vx":1.529876470565796,"vy":2.0142147541046143,"x":8.187382698059082,"y":-8.753634452819824},{"age":380,"angle":2.643817901611328,"type":1,"va":-12.31047534942627,"vx":1.2014470100402832,"vy":-1.5832868814468384,"x":6.340901851654053,"y":-10.843847274780273},{"age":323,"angle":2.9101641178131104,"type":1,"va":-12.515584945678711,"vx":2.1746419370174408e-2,"vy":-3.872678756713867,"x":0.9272408485412598,"y":-5.600083351135254},{"age":239,"angle":1.809354543685913,"type":1,"va":0.5398394465446472,"vx":-4.090773582458496,"vy":-5.021830081939697,"x":4.462600231170654,"y":-4.97775936126709},{"age":156,"angle":0.8358345627784729,"type":1,"va":0.9626047611236572,"vx":4.775267094373703e-3,"vy":-4.323078632354736,"x":10.575319290161133,"y":-3.1475043296813965},{"age":64,"angle":0.8253950476646423,"type":1,"va":-20.90235137939453,"vx":2.591820001602173,"vy":-3.7399420738220215,"x":3.5764992237091064,"y":-1.8837624788284302}],"widgets":{"79":{"angle":-0.7582349181175232,"key":"79","va":6.4490509033203125,"vx":0,"vy":0,"x":6.099999904632568,"y":-6.480000019073486}}}}