{"puzzle":{"reqTiles":["Up"],"inputs":[{"x":0.2,"y":0.0,"balls":[{"type":3,"rate":0.6730461120605469}]}],"outputs":[{"x":0.8,"y":1.0,"balls":[{"type":3,"rate":0.6731376647949219}]}],"spec":{}},"blueprint":{"puzzle":"aa4cc798-722f-5ee9-a3be-1e9781d32929","title":"speculative error de-propagationator","submittedAt":"2024-05-31T15:01:10.573656934Z","widgets":{"0":{"angle":1.5675739191451121,"type":"board","x":97,"y":310.5286},"32":{"angle":0,"type":"board","x":519,"y":278},"1":{"type":"roundbumper","x":29,"y":588},"33":{"angle":1.0035119481191987,"type":"board","x":382,"y":207},"2":{"angle":-0.21114736550452656,"type":"board","x":87.4429505,"y":621},"34":{"angle":0,"type":"board","x":652.5,"y":492},"3":{"angle":0,"type":"ballstand","x":529,"y":192},"35":{"angle":0,"type":"board","x":498,"y":492},"4":{"angle":-0.8703454688672586,"type":"board","x":676.719857,"y":667.300642},"36":{"angle":0,"type":"board","x":331,"y":488},"5":{"angle":1.5556524333941557,"type":"board","x":729.6759963,"y":517},"37":{"height":270,"type":"attractor","width":270,"x":528,"y":135},"6":{"angle":0.280231320639715,"type":"board","x":253,"y":629},"38":{"angle":0,"type":"fan","x":293,"y":173},"7":{"angle":0.24489409414696733,"type":"board","x":415,"y":674},"39":{"angle":0,"type":"fan","x":327,"y":247},"8":{"height":47,"type":"repulsor","width":47,"x":486,"y":716.5},"40":{"angle":1.5630072812323537,"type":"brick","x":403,"y":447},"9":{"height":47,"type":"repulsor","width":47,"x":520.5,"y":716.5},"41":{"angle":1.5661341070338053,"type":"brick","x":301,"y":447},"10":{"angle":-1.5718457444596527,"type":"board","x":9.0918153,"y":561},"11":{"angle":1.5588794778495856,"type":"board","x":729.9579365,"y":349},"43":{"angle":0,"type":"cup","x":316,"y":376},"12":{"angle":-1.5604756715019255,"type":"board","x":730.0974333,"y":177},"44":{"angle":1.5024349859264183,"type":"brick","x":190,"y":399},"13":{"angle":1.1559398097722955,"type":"fan","x":189,"y":36.6213015},"45":{"angle":0,"type":"brick","x":213,"y":442},"14":{"angle":-1.36401564721156,"type":"fan","x":190,"y":218.5},"46":{"angle":-4.75239392848855e-2,"type":"brick","x":246,"y":466},"15":{"angle":-5.98200777248732e-2,"type":"fan","x":25.6998735,"y":68},"47":{"angle":1.5174852539752846,"type":"brick","x":217,"y":448},"16":{"angle":-0.11581910575013353,"type":"fan","x":27.67605,"y":107},"48":{"angle":0,"type":"brick","x":204,"y":468},"17":{"angle":-3.766604691145775e-2,"type":"fan","x":24.8954798,"y":44},"49":{"angle":0.41955523918730403,"sticker":"figure3-happy","type":"sticker","x":253,"y":393},"18":{"angle":-5.184834493822594e-2,"type":"fan","x":25.4118572,"y":143},"50":{"angle":0,"catMass":2,"type":"catswat","x":417,"y":375},"19":{"angle":1.4748693112569968,"type":"board","x":17.3395,"y":417},"51":{"angle":1.2820747699247104,"type":"cup","x":471,"y":434},"20":{"angle":1.63429596675422,"type":"board","x":93,"y":445},"52":{"angle":0,"sticker":"figure2-happy","type":"sticker","x":579,"y":416},"21":{"angle":-0.16867021536331567,"type":"board","x":167,"y":503},"22":{"angle":-0.6908025804559402,"type":"board","x":113.338,"y":216},"23":{"angle":-0.17323395366856567,"type":"board","x":243,"y":51},"24":{"angle":1.5528396007260363,"type":"board","x":10.5696835,"y":251},"25":{"angle":0,"type":"board","x":349,"y":406},"26":{"angle":-3.3306265508397033,"type":"board","x":373,"y":25.281799},"27":{"angle":0,"type":"board","x":523,"y":9},"28":{"angle":-0.15146022672789625,"type":"board","x":255,"y":151},"29":{"angle":1.8171600412448552,"type":"brick","x":164,"y":36.2657705},"30":{"angle":0.7291403417224384,"type":"board","x":668.7510765,"y":65.0067605},"31":{"angle":-0.774320645110634,"type":"board","x":660,"y":222}}},"snapshot":{"balls":[{"age":1403,"angle":-0.3426075875759125,"type":3,"va":0.46633076667785645,"vx":8.54349136352539e-3,"vy":-2.6907794177532196e-2,"x":10.067357063293457,"y":-14.393638610839844},{"age":947,"angle":-1.1054880619049072,"type":3,"va":20.2170467376709,"vx":0.7429078817367554,"vy":1.8664824962615967,"x":11.686006546020508,"y":-14.282944679260254},{"age":489,"angle":0.7984800934791565,"type":3,"va":6.493121147155762,"vx":2.2582643032073975,"vy":1.7111334800720215,"x":12.185242652893066,"y":-14.186893463134766},{"age":7,"angle":2.5374855995178223,"type":3,"va":-28.983572006225586,"vx":2.6739537715911865,"vy":1.0286043882369995,"x":11.98895263671875,"y":-14.437554359436035},{"age":258,"angle":-0.8003653883934021,"type":3,"va":0.31021595001220703,"vx":2.779848575592041,"vy":-0.3763275146484375,"x":11.426468849182129,"y":-13.840498924255371},{"age":199,"angle":1.8330005407333374,"type":3,"va":15.09190559387207,"vx":-6.036205768585205,"vy":-4.427286624908447,"x":13.10771369934082,"y":-11.544405937194824},{"age":118,"angle":-1.5966544151306152,"type":3,"va":5.3272809982299805,"vx":1.1281644105911255,"vy":-2.0590765476226807,"x":0.6286856532096863,"y":-5.467288017272949}],"widgets":{"50":{"angle":0,"key":"50","va":0,"vx":0,"vy":0,"x":8.34000015258789,"y":-7.5}}}}