{"puzzle":{"reqTiles":["Up"],"inputs":[{"x":0.35,"y":0.0,"balls":[{"type":3,"rate":0.6648635864257813}]}],"outputs":[{"x":0.5,"y":1.0,"balls":[{"type":3,"rate":0.6648635864257813}]}],"spec":{}},"blueprint":{"puzzle":"c5d50eda-eceb-50e6-8dc7-f7442f00ec00","title":"did i forget anything?","submittedAt":"2024-05-24T19:19:27.485642173Z","widgets":{"0":{"angle":4.710962870576576,"type":"sword","x":259.4,"y":125},"32":{"angle":-1.57272167912315,"type":"board","x":534.832,"y":652.482847},"64":{"angle":-7.033880710111158,"type":"anvil","x":688.9448275,"y":446},"1":{"angle":-1.5686997162733474,"type":"sword","x":239.352,"y":161},"33":{"angle":-1.580229759144563,"type":"board","x":532.175,"y":448},"65":{"angle":-1.578732668102362,"catMass":2,"type":"catswat","x":504,"y":695},"2":{"angle":-1.5711591669788663,"type":"sword","x":279.474,"y":161},"34":{"angle":-1.5685542288284307,"type":"board","x":532.804,"y":282},"66":{"angle":1.5453868604119414,"catMass":2,"type":"catswat","x":23.8691056,"y":704.9267871},"3":{"angle":0,"type":"hook","x":391.175,"y":241.871},"35":{"angle":-1.5735347456575846,"type":"board","x":533.76,"y":119},"4":{"angle":0,"type":"lefthook","x":127.836,"y":247.546},"36":{"angle":0,"type":"cup","x":719,"y":591},"5":{"angle":-1.584558831670644,"type":"brick","x":512,"y":364},"37":{"angle":0,"type":"cup","x":681,"y":591},"69":{"angle":0,"sticker":"squobject","type":"sticker","x":587,"y":713.5},"6":{"angle":-7.87093,"type":"brick","x":511,"y":301},"38":{"angle":0,"type":"cup","x":642,"y":591},"70":{"angle":0,"sticker":"kingbun","type":"sticker","x":698,"y":720},"7":{"angle":-1.5859743250625362,"type":"hammer","x":260,"y":277},"39":{"angle":0,"type":"cup","x":601,"y":590},"8":{"angle":0,"type":"rightbumper","x":294,"y":359},"40":{"angle":0,"type":"cup","x":562,"y":590},"9":{"angle":0,"type":"leftbumper","x":227,"y":359},"41":{"angle":-1.5801421837303162,"type":"fan","x":581,"y":631.5},"10":{"angle":1.5593249841412749,"type":"brick","x":13.8891298,"y":299},"42":{"angle":-1.5772897420231224,"type":"fan","x":663,"y":632},"11":{"angle":1.5613732058260956,"type":"brick","x":13.81979,"y":362},"43":{"angle":-2.394715103460143,"type":"anvil","x":589,"y":479},"12":{"angle":1.564580212930169,"type":"brick","x":13.7110936,"y":428},"44":{"angle":-1.5780167108087084,"type":"fan","x":702.331298,"y":639},"13":{"angle":-0.5231690738590763,"type":"brick","x":176,"y":425},"45":{"angle":-1.5721835633207932,"type":"fan","x":624,"y":640},"14":{"angle":0.48494134648622134,"type":"brick","x":346,"y":424},"46":{"angle":-2.3541593554117464,"catMass":2,"type":"catswat","x":558,"y":622},"15":{"angle":-1.5801934537815276,"type":"brick","x":513,"y":425},"47":{"angle":-2.372945306859367,"catMass":2,"type":"catswat","x":597,"y":621},"16":{"angle":0.4819316794989155,"type":"brick","x":403,"y":454},"48":{"angle":-2.280015170769622,"catMass":2,"type":"catswat","x":639,"y":620},"17":{"angle":-0.4912817528209369,"type":"brick","x":122,"y":454},"49":{"angle":-2.276558133908385,"catMass":2,"type":"catswat","x":678,"y":620},"18":{"type":"roundbumper","x":107,"y":181},"50":{"height":10,"type":"attractor","width":150,"x":602,"y":75},"19":{"type":"roundbumper","x":416,"y":180},"51":{"height":10,"type":"attractor","width":150,"x":665,"y":193},"20":{"angle":0,"type":"rightbumper","x":28,"y":504},"52":{"height":10,"type":"attractor","width":150,"x":604,"y":327},"21":{"angle":0,"type":"leftbumper","x":495,"y":501},"53":{"angle":0,"type":"ballstand","x":646,"y":692.5},"22":{"angle":0,"speed":25,"type":"spokedwheel","x":267,"y":509},"54":{"angle":0.30231426510178444,"type":"anvil","x":579,"y":426},"23":{"angle":0.4318509793659749,"type":"board","x":135,"y":587},"55":{"angle":-1.5739115799088204,"type":"cushion","x":720.3723788,"y":41.0605393},"24":{"angle":-0.49263548349399755,"type":"board","x":393,"y":584},"56":{"angle":-3.133760961691994,"type":"fan","x":716.2070382,"y":532},"25":{"angle":2.6754813039512104,"catMass":2,"type":"catswat","x":334,"y":647},"57":{"angle":-1.5737154177529618,"type":"cushion","x":720.3803953,"y":117},"26":{"angle":0.3487447962445477,"catMass":2,"type":"catswat","x":194,"y":646},"58":{"angle":-1.5626202427352087,"type":"cushion","x":720.1654242,"y":193},"27":{"angle":0,"type":"prism","x":263,"y":635},"59":{"angle":-1.5610589536770971,"type":"cushion","x":720.1016872,"y":265},"28":{"height":10,"type":"repulsor","width":150,"x":458,"y":665},"60":{"angle":-1.575906501344644,"type":"cushion","x":720.2907415,"y":338},"29":{"height":10,"type":"repulsor","width":150,"x":75,"y":665},"61":{"angle":-1.5666560679387491,"type":"cushion","x":720.3304244,"y":409},"30":{"angle":0,"type":"fan","x":23.5,"y":702.5},"62":{"angle":-1.5794023275919693,"type":"cushion","x":720.1478849,"y":483},"31":{"angle":-3.1812651061469714,"type":"fan","x":504,"y":701.5984578},"63":{"type":"roundbumper","x":260,"y":220}}},"snapshot":{"balls":[{"age":1809,"angle":1.543146014213562,"type":3,"va":0,"vx":1.2203072309494019,"vy":-4.805100616067648e-5,"x":5.105464935302734,"y":-14.621524810791016},{"age":1527,"angle":0.8439527153968811,"type":3,"va":3.809741497039795,"vx":4.425909370183945e-2,"vy":-3.001481294631958,"x":10.209782600402832,"y":-11.931510925292969},{"age":1600,"angle":-1.6159747838974,"type":3,"va":-8.885951042175293,"vx":-0.4119199812412262,"vy":-4.494277477264404,"x":12.319788932800293,"y":-10.71747875213623},{"age":13,"angle":0.8017189502716064,"type":3,"va":3.2440505027770996,"vx":-0.318346232175827,"vy":-0.9108078479766846,"x":7.458679676055908,"y":-14.692852973937988},{"age":788,"angle":0.8435097932815552,"type":3,"va":-21.387529373168945,"vx":1.3615553379058838,"vy":-1.3428188562393188,"x":4.819382190704346,"y":-14.62505054473877},{"age":14,"angle":2.852656602859497,"type":3,"va":-3.1912729740142822,"vx":0.21038469672203064,"vy":-0.899860680103302,"x":7.341638088226318,"y":-14.693540573120117},{"age":533,"angle":-1.224687933921814,"type":3,"va":-30.87833595275879,"vx":-7.610938549041748,"vy":-4.485690116882324,"x":5.47820520401001,"y":-12.18810749053955},{"age":465,"angle":2.67293381690979,"type":3,"va":-10.54737663269043,"vx":1.6654973030090332,"vy":-1.6101027722470462e-4,"x":5.5992326736450195,"y":-14.621739387512207},{"age":341,"angle":-2.7554681301116943,"type":3,"va":-12.889237403869629,"vx":-0.4498773217201233,"vy":-2.514150619506836,"x":2.802300453186035,"y":-5.097851276397705},{"age":254,"angle":-1.3941185474395752,"type":3,"va":-9.019781112670898,"vx":0.8453131914138794,"vy":-1.8295488357543945,"x":3.186244010925293,"y":-5.329936981201172},{"age":130,"angle":-1.7317230701446533,"type":3,"va":16.89971923828125,"vx":-0.6381359696388245,"vy":-1.956813931465149,"x":3.089231014251709,"y":-4.958902835845947}],"widgets":{"22":{"angle":-2.2227542400360107,"key":"22","va":6.534061908721924,"vx":0,"vy":0,"x":5.340000152587891,"y":-10.180000305175781},"25":{"angle":-2.6754813194274902,"key":"25","va":0,"vx":0,"vy":0,"x":6.679999828338623,"y":-12.9399995803833},"26":{"angle":-0.34874480962753296,"key":"26","va":0,"vx":0,"vy":0,"x":3.880000114440918,"y":-12.920000076293945},"3":{"angle":0.20653873682022095,"key":"3","va":1.5893934965133667,"vx":0,"vy":0,"x":7.861701011657715,"y":-5.044939041137695},"4":{"angle":-0.4226159453392029,"key":"4","va":-0.3672097623348236,"vx":0,"vy":0,"x":2.434166193008423,"y":-5.362190246582031},"46":{"angle":2.354159355163574,"key":"46","va":0,"vx":0,"vy":0,"x":11.15999984741211,"y":-12.4399995803833},"47":{"angle":2.3729453086853027,"key":"47","va":0,"vx":0,"vy":0,"x":11.9399995803833,"y":-12.420000076293945},"48":{"angle":2.280015230178833,"key":"48","va":0,"vx":0,"vy":0,"x":12.779999732971191,"y":-12.399999618530273},"49":{"angle":2.2765581607818604,"key":"49","va":0,"vx":0,"vy":0,"x":13.5600004196167,"y":-12.399999618530273},"65":{"angle":1.5787324905395508,"key":"65","va":0,"vx":0,"vy":0,"x":10.079999923706055,"y":-13.899999618530273},"66":{"angle":-1.5453869104385376,"key":"66","va":0,"vx":0,"vy":0,"x":0.4773821234703064,"y":-14.098535537719727}}}}