{"puzzle":{"reqTiles":["Up"],"inputs":[{"x":0.8,"y":0.0,"balls":[{"type":3,"rate":0.6690006256103516}]}],"outputs":[{"x":0.35,"y":1.0,"balls":[{"type":3,"rate":0.6690006256103516}]}],"spec":{}},"blueprint":{"puzzle":"1f2d12ce-ad7a-51fa-862e-6db87c0a32f3","title":"Six Flags","submittedAt":"2024-06-07T23:27:50.258741041Z","widgets":{"0":{"angle":-1.4753191344258891,"type":"board","x":603,"y":361},"32":{"angle":1.2335096897417932,"type":"fan","x":537,"y":44},"64":{"angle":-1.9195673303788034,"type":"fan","x":425,"y":482},"1":{"angle":-1.5133797697060718,"type":"board","x":615,"y":198},"33":{"angle":1.2317523751083406,"type":"fan","x":541,"y":55},"65":{"angle":-1.975419868904176,"type":"fan","x":424,"y":483},"2":{"angle":-1.2917887250651738,"type":"board","x":601,"y":387},"34":{"angle":1.2321104918967007,"type":"fan","x":540,"y":68},"66":{"angle":-1.9826568726384959,"type":"fan","x":427,"y":481},"3":{"angle":-1.07104336057789,"type":"board","x":591,"y":411},"35":{"angle":1.2104414232514205,"type":"fan","x":543,"y":81},"67":{"angle":-2.547753799847522,"type":"fan","x":392,"y":238},"4":{"angle":-0.8972951451087057,"type":"board","x":587,"y":422},"36":{"angle":1.725126008326815,"type":"fan","x":645,"y":44},"68":{"angle":-2.593237034564481,"type":"fan","x":392,"y":238},"5":{"angle":-0.703988742324082,"type":"board","x":578,"y":431},"37":{"angle":1.7340543568352358,"type":"fan","x":645,"y":57},"69":{"angle":1.5829908442431477,"type":"board","x":283,"y":652.3967272},"6":{"angle":-0.492607831216968,"type":"board","x":567,"y":439},"38":{"angle":4.311764593515369,"type":"fan","x":424,"y":479},"70":{"angle":0.5927158630752563,"type":"board","x":245,"y":479},"7":{"angle":-0.3138023859545752,"type":"board","x":554,"y":447},"39":{"angle":0.8386910499286384,"type":"board","x":312,"y":197},"71":{"angle":0.7672707147000556,"type":"board","x":244,"y":485},"8":{"angle":-0.1564490418922679,"type":"board","x":543,"y":454},"40":{"angle":0.624635422771614,"type":"board","x":302,"y":185},"72":{"angle":1.103479173924717,"type":"board","x":259,"y":507},"9":{"angle":0,"type":"board","x":531,"y":459},"41":{"angle":0.4049996844288164,"type":"board","x":284,"y":171},"73":{"angle":0.9206828406941435,"type":"board","x":250,"y":493},"10":{"angle":0.1487625784956656,"type":"board","x":506,"y":462},"42":{"angle":0.23893061393794102,"type":"board","x":254,"y":155},"74":{"angle":1.544427003821169,"type":"board","x":282,"y":578},"11":{"angle":0.30134522371010514,"type":"board","x":483,"y":463},"43":{"angle":4.063438378518228e-2,"type":"board","x":230,"y":146},"75":{"angle":0.5822754619453804,"type":"board","x":78.0304715,"y":429},"12":{"angle":0.4889858739721367,"type":"board","x":463,"y":459},"44":{"angle":-0.1157592177208107,"type":"board","x":195,"y":140},"76":{"angle":0.4372728503362349,"type":"board","x":83.078375,"y":436},"13":{"angle":1.521842892070069,"type":"board","x":615,"y":87.8355801},"45":{"angle":-0.281232201918296,"type":"board","x":168,"y":138},"77":{"angle":0,"type":"fan","x":66.5,"y":472},"14":{"angle":1.4959693401966716,"type":"board","x":576,"y":87.9279898},"46":{"angle":-0.4367725831794739,"type":"board","x":132,"y":143},"78":{"angle":1.2723214182373206,"type":"board","x":268,"y":523},"15":{"angle":0.6639089984781964,"type":"board","x":446,"y":453},"47":{"angle":-0.6036894582224303,"type":"board","x":108,"y":150},"79":{"angle":1.4393987030482351,"type":"board","x":277,"y":552},"16":{"angle":0.8379812268261877,"type":"board","x":431,"y":448},"48":{"angle":-0.7703798556833441,"type":"board","x":84,"y":162},"80":{"angle":0,"type":"fan","x":67,"y":469},"17":{"angle":1.0314408667438955,"type":"board","x":417,"y":438},"49":{"angle":-0.934353757356246,"type":"board","x":71,"y":169},"81":{"angle":-1.5581387749608446,"sticker":"determinism","type":"sticker","x":686.0992502,"y":211},"18":{"angle":1.7154645657521859,"type":"fan","x":643,"y":28.660669},"50":{"angle":-1.063710269050906,"type":"board","x":57.5944,"y":178},"82":{"angle":-1.5801979301581464,"sticker":"determinism","type":"sticker","x":686.3301276,"y":549},"19":{"angle":1.1734983379933561,"type":"fan","x":535,"y":36.179385},"51":{"angle":-1.2008388599985997,"type":"board","x":47,"y":189},"83":{"angle":3.1451073318450495,"sticker":"determinism","type":"sticker","x":152,"y":53.2509699},"20":{"angle":1.164695838196196,"type":"fan","x":534,"y":36.402319},"52":{"angle":-1.3869681664229108,"type":"board","x":36,"y":213},"84":{"angle":3.1503315072828157,"sticker":"determinism","type":"sticker","x":418,"y":53.6228059},"21":{"angle":1.2450157287267596,"type":"fan","x":535,"y":34.2657305},"53":{"angle":1.6092673436737719,"type":"board","x":27,"y":233},"85":{"angle":0,"sticker":"determinism","type":"sticker","x":478,"y":687},"22":{"angle":1.1978086049948355,"type":"fan","x":536,"y":35.549173},"54":{"angle":1.4916160745826939,"type":"board","x":21.1209,"y":258},"86":{"angle":0,"sticker":"determinism","type":"sticker","x":108,"y":687},"23":{"angle":1.2374028401019876,"type":"fan","x":536,"y":34.4779695},"55":{"angle":1.3678786010612534,"type":"board","x":26.449047,"y":317},"87":{"angle":-1.9230114936628968,"type":"fan","x":424,"y":482},"24":{"angle":1.725147604247037,"type":"fan","x":644,"y":28.985821},"56":{"angle":1.2398837251055244,"type":"board","x":36.940989,"y":358},"88":{"angle":-1.9573462640682384,"type":"fan","x":425,"y":482},"25":{"angle":1.7783852461375333,"type":"fan","x":643,"y":30.724226},"57":{"angle":1.1322601198344115,"type":"board","x":45.3021785,"y":381},"89":{"angle":-1.9503770639371314,"type":"fan","x":426,"y":483},"26":{"angle":1.7913895807490419,"type":"fan","x":646,"y":31.1358855},"58":{"angle":1.0078465263383845,"type":"board","x":54.3084275,"y":398},"90":{"height":174,"type":"repulsor","width":174,"x":171,"y":285},"27":{"angle":1.786644232685203,"type":"fan","x":647,"y":30.9862825},"59":{"angle":0.7709428535408717,"type":"board","x":69.031033,"y":416},"91":{"angle":0,"catMass":2,"type":"catswat","x":129,"y":717},"28":{"height":64,"type":"attractor","width":64,"x":536,"y":374},"92":{"angle":0,"sticker":"figure2-happy","type":"sticker","x":366,"y":667.5},"29":{"angle":4.282916236180787,"type":"fan","x":430,"y":481},"61":{"angle":-1.9147604110940484,"type":"fan","x":424,"y":482},"93":{"angle":0,"sticker":"figure3-happy","type":"sticker","x":294,"y":108},"30":{"angle":4.2932705198858265,"type":"fan","x":428,"y":483},"62":{"angle":-1.9684105074976301,"type":"fan","x":424,"y":483},"94":{"angle":0.2927587085260294,"sticker":"knievel","type":"sticker","x":245,"y":366},"31":{"angle":4.29159420485471,"type":"fan","x":426,"y":485},"63":{"angle":-1.9737079176484122,"type":"fan","x":426,"y":481},"95":{"angle":0,"sticker":"kingbun","type":"sticker","x":614,"y":720}}},"snapshot":{"balls":[{"age":199,"angle":-1.5415452718734741,"type":3,"va":-30.39617919921875,"vx":2.277174711227417,"vy":-6.3204545974731445,"x":1.1471134424209595,"y":-7.3051652908325195},{"age":120,"angle":0.21045877039432526,"type":3,"va":67.59014129638672,"vx":-6.095900535583496,"vy":10.701655387878418,"x":6.923367977142334,"y":-5.376585960388184},{"age":66,"angle":-1.5727591514587402,"type":3,"va":8.837552070617676,"vx":-1.075289011001587,"vy":-15.238936424255371,"x":11.820624351501465,"y":-5.749599456787109}],"widgets":{"91":{"angle":0,"key":"91","va":0,"vx":0,"vy":0,"x":2.5799999237060547,"y":-14.34000015258789}}}}