{"puzzle":{"reqTiles":["Up"],"inputs":[{"x":0.35,"y":0.0,"balls":[{"type":3,"rate":1.0}]},{"x":1.0,"y":0.65,"balls":[{"type":4,"rate":1.0}]}],"outputs":[{"x":0.5,"y":1.0,"balls":[{"type":4,"rate":1.0}]},{"x":1.0,"y":0.8,"balls":[{"type":3,"rate":1.0}]}],"spec":{}},"blueprint":{"puzzle":"856ef415-d757-576a-879c-89223d0ad167","title":"This makes more sense if they're helium ","submittedAt":"2024-04-10T02:56:46.652669417Z","widgets":{"32":{"angle":-3.162656572411373,"sticker":"kingbun","type":"sticker","x":532.5133417,"y":20.3323584},"33":{"angle":0.3681042605846871,"type":"cushion","x":649.7424844,"y":590.4002944},"34":{"angle":-3.145118477550412,"catMass":2,"type":"catswat","x":549.0289833,"y":668.8288643},"35":{"angle":-3.09619749061271,"catMass":2,"type":"catswat","x":516.7714996,"y":668.4000854},"36":{"angle":-3.102132847021562,"catMass":2,"type":"catswat","x":483.6861472,"y":666.455897},"37":{"angle":-2.861906151502486,"catMass":2,"type":"catswat","x":602.142749,"y":618.5432822},"6":{"angle":-3.1217316352653097,"sticker":"cat","type":"sticker","x":628.9707788,"y":275.8147476},"38":{"angle":-1.5582038599940493,"type":"board","x":326.9434844,"y":486.6282524},"7":{"angle":-3.1457453087276623,"catMass":2,"type":"catswat","x":569.9438406,"y":716.8569409},"39":{"angle":-3.1669823999954847,"type":"hammer","x":620.114325,"y":136.143325},"8":{"angle":4.449294324142239,"type":"fan","x":689.4852212,"y":655.7421587},"9":{"angle":-1.5838043763492637,"type":"board","x":327.5425385,"y":652.3903682},"41":{"angle":-3.0630655134385982,"catMass":2,"type":"catswat","x":595.3425347,"y":668.4009688},"10":{"angle":0,"type":"cushion","x":451.970942,"y":374.8002021},"13":{"angle":0,"type":"cushion","x":359.6001434,"y":299.1716003},"14":{"angle":0,"type":"cushion","x":523.4858246,"y":435.7430725},"15":{"angle":0.33205754255955927,"type":"cushion","x":689.9141472,"y":607.2853875},"18":{"angle":-3.0780162558326856,"catMass":2,"type":"catswat","x":530.4569573,"y":714.8545508},"19":{"angle":-3.156071131027243,"catMass":2,"type":"catswat","x":440.1429565,"y":416.229},"20":{"angle":-3.154625429428414,"catMass":2,"type":"catswat","x":357.8573364,"y":339.915},"24":{"angle":0.6918162113889877,"type":"board","x":269.4570313,"y":156.8855591},"25":{"angle":-3.1815848692979123,"catMass":2,"type":"catswat","x":514.8862677,"y":478.5145278},"26":{"angle":-3.1484017685856895,"catMass":2,"type":"catswat","x":448.7423684,"y":716.7656164},"27":{"angle":-3.1506302830167945,"catMass":2,"type":"catswat","x":491.5999688,"y":716.6891489},"28":{"angle":0,"type":"brick","x":620.7717979,"y":244.3722646},"30":{"angle":3.172485530157353,"sticker":"figure1-happy","type":"sticker","x":635.1430625,"y":68.172703},"31":{"angle":-3.092901301967625,"sticker":"squobject","type":"sticker","x":416.1140312,"y":27.8800884}}},"snapshot":{"balls":[{"age":1303,"angle":-2.412991523742676,"type":4,"va":0,"vx":0,"vy":0,"x":8.558676719665527,"y":-14.62130355834961},{"age":621,"angle":2.8358845710754395,"type":4,"va":-6.573813438415527,"vx":3.304215431213379,"vy":-1.6872986555099487,"x":7.724791049957275,"y":-14.325828552246094},{"age":495,"angle":-1.7411160469055176,"type":4,"va":-2.9779622554779053,"vx":0.6480500102043152,"vy":-0.5069321990013123,"x":7.1081342697143555,"y":-14.39239501953125},{"age":431,"angle":-1.461897373199463,"type":4,"va":30.905014038085938,"vx":-0.16107431054115295,"vy":-4.288145065307617,"x":11.24609661102295,"y":-12.378494262695312},{"age":10,"angle":4.8820558935403824e-2,"type":4,"va":0,"vx":0,"vy":-1.253468632698059,"x":7.386866092681885,"y":-14.626526832580566},{"age":287,"angle":-2.6107325553894043,"type":4,"va":-12.852154731750488,"vx":2.1590123176574707,"vy":-3.1000821590423584,"x":7.6199140548706055,"y":-13.359661102294922},{"age":217,"angle":2.0962343215942383,"type":4,"va":3.843017339706421,"vx":-1.5985342264175415,"vy":-2.4456868171691895,"x":11.767909049987793,"y":-7.934611797332764},{"age":17,"angle":-1.5199054479599,"type":3,"va":3.411741018295288,"vx":6.802692264318466e-2,"vy":0.5325947403907776,"x":14.489947319030762,"y":-11.843199729919434},{"age":162,"angle":-1.0401990413665771,"type":4,"va":12.767645835876465,"vx":-0.24561195075511932,"vy":1.804398000240326e-2,"x":12.307868957519531,"y":-7.543776512145996},{"age":115,"angle":0.8434063196182251,"type":4,"va":4.767209053039551,"vx":-1.939453125,"vy":3.1393682956695557,"x":14.100844383239746,"y":-11.250564575195312},{"age":160,"angle":0.8877278566360474,"type":3,"va":-38.4819450378418,"vx":4.520388126373291,"vy":-5.171303749084473,"x":12.264525413513184,"y":-9.241806983947754},{"age":53,"angle":2.1909656524658203,"type":4,"va":4.30300760269165,"vx":-1.9247742891311646,"vy":-0.21240009367465973,"x":14.489724159240723,"y":-9.624643325805664},{"age":97,"angle":-0.3417283892631531,"type":3,"va":-32.311378479003906,"vx":3.9736244678497314,"vy":-4.501693248748779,"x":7.445758819580078,"y":-4.4797515869140625},{"age":64,"angle":-0.1736229509115219,"type":3,"va":-3.917645663022995e-2,"vx":0.5181887149810791,"vy":-4.944924831390381,"x":5.395497798919678,"y":-1.495715856552124}],"widgets":{"18":{"angle":3.0780162811279297,"key":"18","va":0,"vx":0,"vy":0,"x":10.609139442443848,"y":-14.297091484069824},"19":{"angle":-3.1271142959594727,"key":"19","va":0,"vx":0,"vy":0,"x":8.80285930633545,"y":-8.324580192565918},"20":{"angle":-3.1285600662231445,"key":"20","va":0,"vx":0,"vy":0,"x":7.15714693069458,"y":-6.798299789428711},"25":{"angle":-3.1016006469726562,"key":"25","va":0,"vx":0,"vy":0,"x":10.297725677490234,"y":-9.570290565490723},"26":{"angle":-3.1347837448120117,"key":"26","va":0,"vx":0,"vy":0,"x":8.974847793579102,"y":-14.335311889648438},"27":{"angle":-3.1325552463531494,"key":"27","va":0,"vx":0,"vy":0,"x":9.831999778747559,"y":-14.333783149719238},"34":{"angle":-3.1380670070648193,"key":"34","va":0,"vx":0,"vy":0,"x":10.980579376220703,"y":-13.376577377319336},"35":{"angle":3.0961976051330566,"key":"35","va":0,"vx":0,"vy":0,"x":10.335430145263672,"y":-13.368001937866211},"36":{"angle":3.102132797241211,"key":"36","va":0,"vx":0,"vy":0,"x":9.673723220825195,"y":-13.329117774963379},"37":{"angle":2.861906051635742,"key":"37","va":0,"vx":0,"vy":0,"x":12.042855262756348,"y":-12.370865821838379},"41":{"angle":3.063065528869629,"key":"41","va":0,"vx":0,"vy":0,"x":11.906850814819336,"y":-13.368019104003906},"7":{"angle":-3.1374402046203613,"key":"7","va":0,"vx":0,"vy":0,"x":11.398877143859863,"y":-14.337139129638672}}}}