{"puzzle":{"reqTiles":["Up"],"inputs":[{"x":0.2,"y":0.0,"balls":[{"type":2,"rate":0.828125}]}],"outputs":[{"x":0.2,"y":1.0,"balls":[{"type":2,"rate":0.828125}]}],"spec":{}},"blueprint":{"puzzle":"376ca2b1-9e31-5224-9b92-1905ab2cf1f7","title":"Cyclotron","submittedAt":"2024-04-08T19:24:06.877444623Z","widgets":{"64":{"angle":1.146839257523769,"type":"board","x":171,"y":400},"33":{"angle":0,"type":"fan","x":184,"y":478},"65":{"angle":0.6336385707758098,"type":"brick","x":308,"y":401},"34":{"angle":-1.5816829471282372,"type":"fan","x":478,"y":530},"66":{"angle":1.0242730699015683,"type":"brick","x":272,"y":361},"35":{"angle":-1.566157221325839,"type":"fan","x":518,"y":495},"67":{"angle":1.583576179622923,"type":"brick","x":260,"y":312},"36":{"angle":-0.7309326254059799,"type":"fan","x":354,"y":551},"68":{"angle":-1.0103945648227024,"type":"brick","x":274,"y":263},"37":{"angle":-0.7228654949172968,"type":"fan","x":296,"y":547},"69":{"angle":-0.5042553481020102,"type":"brick","x":305,"y":227},"38":{"angle":-2.333945568448178,"type":"fan","x":590,"y":334},"39":{"angle":-2.349764332072446,"type":"fan","x":591,"y":391},"40":{"angle":-3.125231420598828,"type":"fan","x":535,"y":169},"41":{"angle":-2.7809820856906335,"type":"fan","x":589,"y":252},"42":{"angle":-3.1360927289739817,"type":"fan","x":524,"y":169},"44":{"angle":-1.208067707398861,"type":"board","x":202,"y":655.000007},"45":{"angle":0.8354525249149533,"type":"board","x":65.373075,"y":669.072422},"46":{"angle":-3.133937463530244,"type":"fan","x":531,"y":168},"47":{"angle":-3.142741418162008,"type":"fan","x":531,"y":170},"48":{"angle":-3.1486857261021104,"type":"fan","x":526,"y":170},"49":{"angle":-3.1380976918478587,"type":"fan","x":534,"y":169},"52":{"angle":0,"type":"brick","x":353,"y":214},"53":{"angle":1.094149623108228,"type":"brick","x":448,"y":263},"54":{"angle":0.3976385235448761,"type":"brick","x":408,"y":228},"23":{"angle":0,"type":"board","x":360,"y":517},"55":{"angle":1.5764860006511268,"type":"brick","x":461,"y":320},"24":{"angle":-0.7906680836807006,"type":"board","x":498,"y":459},"56":{"angle":-0.9942320888313914,"type":"brick","x":445,"y":371},"25":{"angle":-1.5688794357467606,"type":"board","x":555,"y":320},"57":{"angle":-0.4738613250911122,"type":"brick","x":407,"y":405},"26":{"angle":-2.40838093052722,"type":"board","x":493,"y":185},"58":{"angle":0,"type":"brick","x":355,"y":416},"27":{"angle":0,"type":"board","x":355,"y":130},"59":{"angle":0.3527428656107042,"type":"board","x":288,"y":506},"28":{"angle":0.7437756812823726,"type":"board","x":219,"y":462},"60":{"angle":0.4018617689059126,"type":"board","x":431,"y":144},"29":{"angle":1.5556950561381633,"type":"board","x":156,"y":326},"61":{"angle":1.1960169787018327,"type":"board","x":539,"y":234},"30":{"angle":1.424823337457694,"type":"board","x":139,"y":87.8785325},"62":{"angle":-1.171142164321918,"type":"board","x":541,"y":403},"31":{"angle":-0.37916252831937297,"type":"brick","x":240,"y":137},"63":{"angle":-0.3670739636497705,"type":"board","x":432,"y":505}}},"snapshot":{"balls":[{"age":742,"angle":-1.025438904762268,"type":2,"va":-1.8598158359527588,"vx":1.3261594772338867,"vy":-0.37305498123168945,"x":2.615987539291382,"y":-14.112288475036621},{"age":598,"angle":-8.581515401601791e-2,"type":2,"va":18.577987670898438,"vx":2.034438133239746,"vy":-1.3698453903198242,"x":3.04372501373291,"y":-14.316598892211914},{"age":511,"angle":-0.8227465748786926,"type":2,"va":-14.81126880645752,"vx":4.1126251220703125,"vy":-5.369386672973633,"x":3.3380327224731445,"y":-13.478788375854492},{"age":473,"angle":1.9800249338150024,"type":2,"va":-130.9664306640625,"vx":-28.168001174926758,"vy":16.38056755065918,"x":7.621086120605469,"y":-2.9399986267089844},{"age":387,"angle":2.013066291809082,"type":2,"va":-11.93555736541748,"vx":-0.3710539937019348,"vy":1.3166859149932861,"x":3.3374640941619873,"y":-13.811541557312012},{"age":287,"angle":-2.5464792251586914,"type":2,"va":-2.9730522632598877,"vx":1.4646921157836914,"vy":0.4527314305305481,"x":2.130396604537964,"y":-13.72885799407959},{"age":215,"angle":-1.1418566703796387,"type":2,"va":-59.074913024902344,"vx":4.951639652252197,"vy":6.7545671463012695,"x":6.1901774406433105,"y":-3.3903026580810547},{"age":110,"angle":0.580905556678772,"type":2,"va":-31.67991828918457,"vx":8.026368141174316,"vy":-6.172237873077393,"x":1.074902892112732,"y":-5.360342502593994},{"age":70,"angle":2.028921604156494,"type":2,"va":-7.280295372009277,"vx":1.2837578058242798,"vy":-8.757318496704102,"x":3.509265184402466,"y":-4.306068420410156}],"widgets":{}}}