{"puzzle":{"reqTiles":["Up"],"inputs":[{"x":0.8,"y":0.0,"balls":[{"type":2,"rate":0.34700520833333337}]}],"outputs":[{"x":0.5,"y":1.0,"balls":[{"type":2,"rate":0.34700520833333337}]}],"spec":{}},"blueprint":{"puzzle":"b5ee2fed-e884-5404-b943-6ceeec115ef4","title":"I'll take you roundabout","submittedAt":"2024-04-18T04:32:29.233748305Z","widgets":{"32":{"angle":1.5756428135517724,"type":"board","x":102,"y":540},"64":{"angle":0,"type":"brick","x":120,"y":141},"33":{"angle":0,"type":"board","x":176,"y":616},"35":{"angle":0,"type":"board","x":336,"y":616},"4":{"angle":1.5853588331642567,"type":"board","x":618,"y":87.621783},"36":{"angle":1.5814071543718757,"type":"cushion","x":414,"y":678.795},"5":{"angle":1.549605914098465,"type":"board","x":619,"y":249},"37":{"height":262,"type":"repulsor","width":262,"x":413.5,"y":304.5},"6":{"angle":1.9042830390302714,"type":"board","x":618,"y":337},"38":{"angle":1.5749644431070753,"type":"board","x":549,"y":87.5367254},"7":{"angle":-0.8993014862138363,"type":"board","x":586,"y":418},"39":{"angle":1.5682291850274015,"type":"board","x":548,"y":208},"8":{"angle":-0.5484722451620438,"type":"board","x":529,"y":489},"40":{"angle":-1.456731023445016,"type":"brick","x":541,"y":319},"9":{"angle":-0.12409276109972343,"type":"board","x":454,"y":535},"41":{"angle":-1.0442559088384642,"type":"brick","x":522,"y":374},"10":{"angle":0.3253767033457626,"type":"board","x":370,"y":538},"42":{"angle":-0.6369694610445381,"type":"brick","x":487,"y":413},"43":{"angle":-0.13998949301233127,"type":"brick","x":435,"y":431},"12":{"angle":0.7783271240086443,"type":"board","x":291,"y":510},"44":{"angle":0.25113854271089997,"type":"brick","x":380,"y":428},"13":{"angle":1.2561306692688752,"type":"board","x":232,"y":451},"45":{"angle":0.7472187038177804,"type":"brick","x":337,"y":401},"14":{"angle":1.566322480136565,"type":"board","x":207,"y":378},"46":{"angle":1.1391885657469418,"type":"brick","x":301,"y":355},"15":{"angle":2.0325712896273873,"type":"fan","x":658,"y":250},"16":{"angle":2.3020611696762048,"type":"fan","x":655,"y":342},"48":{"angle":1.5542796108416805,"type":"board","x":285,"y":248},"17":{"angle":2.68952658355262,"type":"fan","x":616,"y":436},"49":{"angle":1.5795552065724612,"type":"board","x":285,"y":87.5755039},"18":{"angle":2.9693397858527466,"type":"fan","x":553,"y":520},"50":{"angle":-1.2466175374367623,"type":"fan","x":168,"y":292},"19":{"angle":3.4546476154966728,"type":"fan","x":465,"y":575},"51":{"angle":0,"type":"anvil","x":415,"y":401},"20":{"angle":3.8345265453245507,"type":"fan","x":364,"y":586},"52":{"angle":-0.1389657577130804,"sticker":"figure3-happy","type":"sticker","x":351,"y":484},"21":{"angle":4.418871020615719,"type":"fan","x":263,"y":551},"53":{"angle":0,"sticker":"squobject","type":"sticker","x":166,"y":103},"22":{"angle":-1.5765353080560167,"type":"fan","x":202,"y":476},"54":{"angle":0,"sticker":"figure2-happy","type":"sticker","x":527,"y":667.5},"23":{"angle":3.152346475509923,"type":"rightbumper","x":249,"y":47.7983458},"55":{"angle":0,"sticker":"determinism","type":"sticker","x":413,"y":326},"24":{"angle":3.1469226642134376,"type":"leftbumper","x":28.2527825,"y":47.6486037},"56":{"angle":0,"sticker":"kingbun","type":"sticker","x":382,"y":359},"25":{"angle":0,"type":"rightbumper","x":28,"y":692.5},"57":{"angle":3.1493618769524216,"type":"ballstand","x":413,"y":234},"26":{"angle":1.5497969410440446,"type":"board","x":205,"y":215},"58":{"angle":0,"type":"ballstand","x":414,"y":140},"59":{"angle":3.1473638191873614,"type":"ballstand","x":412,"y":47.6262014},"28":{"angle":0,"type":"brick","x":176,"y":140},"61":{"angle":0,"sticker":"cat","type":"sticker","x":439,"y":361},"30":{"angle":1.5509362972643956,"type":"board","x":97,"y":221},"62":{"angle":0,"sticker":"figure2-sad","type":"sticker","x":145,"y":540},"31":{"angle":1.53748,"type":"board","x":99,"y":384},"63":{"angle":4.718622500889079,"type":"sword","x":146,"y":209}}},"snapshot":{"balls":[{"age":584,"angle":3.099679470062256,"type":2,"va":-21.883281707763672,"vx":-1.3846524953842163,"vy":-3.2103095054626465,"x":7.441840648651123,"y":-13.073413848876953},{"age":8,"angle":-1.786916971206665,"type":2,"va":0.6384162902832031,"vx":-0.17970232665538788,"vy":-1.6937155723571777,"x":7.400018692016602,"y":-14.675759315490723},{"age":272,"angle":2.9951372146606445,"type":2,"va":91.71461486816406,"vx":19.467681884765625,"vy":-5.607624530792236,"x":7.185492515563965,"y":-12.897600173950195},{"age":29,"angle":0.28855881094932556,"type":2,"va":1.5899497270584106,"vx":-4.600409045815468e-2,"vy":-2.9089372158050537,"x":11.830723762512207,"y":-0.4911137521266937}],"widgets":{}}}