{"puzzle":{"reqTiles":["Up"],"inputs":[{"x":0.35,"y":0.0,"balls":[{"type":1,"rate":1.0}]}],"outputs":[{"x":0.5,"y":1.0,"balls":[{"type":1,"rate":1.0}]}],"spec":{}},"blueprint":{"puzzle":"5dbff12a-8fbf-5d92-85eb-969cd39f7ed2","title":"It Just works","submittedAt":"2024-04-06T17:16:40.789806258Z","widgets":{"33":{"height":10,"type":"attractor","width":150,"x":511,"y":152},"34":{"angle":-1.852531583053557,"type":"board","x":188,"y":101},"3":{"angle":2.222451810730717,"type":"leftbumper","x":236,"y":226},"35":{"angle":0,"type":"brick","x":307,"y":726.5},"4":{"angle":0,"speed":25,"type":"spokedwheel","x":511,"y":154},"36":{"height":10,"type":"repulsor","width":150,"x":544,"y":405},"5":{"height":10,"type":"repulsor","width":150,"x":155,"y":607},"37":{"angle":-0.23582142769059278,"sticker":"determinism","type":"sticker","x":126,"y":396},"6":{"angle":0,"type":"brick","x":615,"y":229},"38":{"angle":0,"sticker":"squobject","type":"sticker","x":448,"y":547},"7":{"angle":0,"type":"brick","x":616,"y":260},"39":{"height":10,"type":"repulsor","width":150,"x":611,"y":82},"8":{"angle":0,"type":"brick","x":615,"y":292},"9":{"angle":0,"type":"brick","x":616,"y":318},"10":{"angle":0,"type":"brick","x":614,"y":341},"11":{"angle":0,"type":"brick","x":616,"y":372},"12":{"angle":0,"type":"brick","x":617,"y":400},"13":{"angle":-3.2284198301609903,"type":"fan","x":600,"y":304},"14":{"angle":-0.48832183085704234,"type":"fan","x":188,"y":438},"15":{"angle":-0.6473472905540555,"type":"brick","x":283,"y":247},"16":{"angle":0,"type":"hammer","x":450,"y":40},"17":{"angle":0.5441774187378129,"type":"board","x":597,"y":96},"18":{"angle":-1.6383986828385002,"type":"sword","x":606,"y":168},"19":{"angle":0.9741393818329552,"type":"anvil","x":262,"y":307},"20":{"angle":0,"type":"hook","x":502.032,"y":339.718},"21":{"angle":0,"type":"prism","x":290,"y":393},"22":{"angle":-0.8617487262458371,"type":"hammer","x":498,"y":413},"23":{"angle":0,"type":"hook","x":410.072,"y":510.823},"24":{"angle":-1.5307237914309042,"type":"hammer","x":424,"y":670.234138},"25":{"angle":1.0606277193340394,"type":"hammer","x":260,"y":669.77568},"26":{"angle":-3.331872462184525,"type":"fan","x":514,"y":548},"27":{"angle":1.3373185730569912,"type":"board","x":157,"y":530},"28":{"angle":0,"type":"brick","x":437,"y":584},"29":{"angle":0.2214606871192455,"type":"board","x":219,"y":692},"30":{"height":10,"type":"repulsor","width":150,"x":170,"y":665},"31":{"height":10,"type":"repulsor","width":150,"x":100,"y":487}}},"snapshot":{"balls":[{"age":1566,"angle":-2.420191764831543,"type":1,"va":-5745.484375,"vx":2.0615220069885254,"vy":-11.840991020202637,"x":7.007284641265869,"y":-8.016169548034668},{"age":639,"angle":-1.6287553310394287,"type":1,"va":260.4462585449219,"vx":5.320961952209473,"vy":-0.877746045589447,"x":6.594870567321777,"y":-10.172529220581055},{"age":501,"angle":2.8401784896850586,"type":1,"va":-844.1951904296875,"vx":15.444587707519531,"vy":-14.894344329833984,"x":7.918915748596191,"y":-5.593584060668945},{"age":416,"angle":-2.535022735595703,"type":1,"va":24.76326560974121,"vx":0.9832360744476318,"vy":-0.7425916194915771,"x":4.131191730499268,"y":-9.600448608398438},{"age":351,"angle":2.812861919403076,"type":1,"va":-783.723876953125,"vx":3.8277699947357178,"vy":11.25706672668457,"x":5.55372953414917,"y":-4.143362998962402},{"age":279,"angle":0.3288920521736145,"type":1,"va":117.023193359375,"vx":-2.082355260848999,"vy":-0.5108630061149597,"x":7.73016357421875,"y":-14.225768089294434},{"age":220,"angle":0.8519914150238037,"type":1,"va":228.4219207763672,"vx":-9.652229309082031,"vy":0.9762260913848877,"x":8.12975788116455,"y":-6.15242862701416},{"age":159,"angle":0.5713149309158325,"type":1,"va":164.24537658691406,"vx":0.5753775238990784,"vy":-6.870760023593903e-2,"x":9.261029243469238,"y":-3.069904327392578},{"age":84,"angle":-3.000154495239258,"type":1,"va":48.11318588256836,"vx":11.699647903442383,"vy":8.560385704040527,"x":5.612456321716309,"y":-4.439289569854736}],"widgets":{"20":{"angle":-2.1902997047927518e-38,"key":"20","va":0,"vx":0,"vy":0,"x":10.040639877319336,"y":-6.794360160827637},"23":{"angle":0.23102964460849762,"key":"23","va":-1.802842140197754,"vx":0,"vy":0,"x":8.246739387512207,"y":-10.447892189025879},"4":{"angle":1.788989782333374,"key":"4","va":0,"vx":0,"vy":0,"x":10.220000267028809,"y":-3.0799970626831055}}}}