{"puzzle":{"reqTiles":["Up"],"inputs":[{"x":0.5,"y":0.0,"balls":[{"type":4,"rate":0.833251953125}]}],"outputs":[{"x":0.5,"y":1.0,"balls":[{"type":4,"rate":0.833251953125}]}],"spec":{}},"blueprint":{"puzzle":"da198f53-9c17-51f8-9cc0-87fd234f394f","title":"why won't anyone let me use this lovely hammer","submittedAt":"2024-05-21T15:57:47.911809119Z","widgets":{"32":{"angle":0,"type":"board","x":384,"y":463},"1":{"angle":0.4780475352645208,"type":"board","x":416,"y":94},"33":{"angle":0,"type":"board","x":574,"y":487},"2":{"angle":0.4463486274865155,"type":"board","x":555,"y":165},"34":{"angle":0,"type":"board","x":652.5,"y":487},"3":{"angle":-0.276645400795335,"type":"board","x":652.5,"y":247},"35":{"angle":-1.5792872609518482,"type":"board","x":730.2573615,"y":405},"4":{"angle":-0.30148639828160856,"type":"board","x":502,"y":292},"36":{"angle":-1.5742897302494772,"type":"board","x":730.6944165,"y":237},"5":{"angle":0.8705978921472952,"type":"board","x":438,"y":421},"37":{"angle":-1.5724707384637087,"type":"board","x":494.853534,"y":565.514978},"6":{"type":"roundbumper","x":501,"y":448},"38":{"angle":-1.561975876543018,"type":"board","x":494,"y":652.4240275},"7":{"angle":-0.3179591356823325,"type":"board","x":85.9277215,"y":81},"39":{"angle":-5.115058376591716e-3,"sticker":"determinism","type":"sticker","x":627,"y":683},"8":{"angle":0.8556855520204932,"type":"board","x":481,"y":377},"9":{"angle":0.8444449593180614,"type":"board","x":341.185913,"y":401},"41":{"angle":0,"sticker":"figure2-happy","type":"sticker","x":628,"y":408},"10":{"angle":9.199318945990631e-2,"type":"board","x":247,"y":723},"11":{"angle":0.325083517433004,"type":"board","x":172,"y":703.524948},"12":{"angle":0.530298424777976,"type":"board","x":122,"y":685.528547},"44":{"angle":-0.5001700115464078,"type":"hammer","x":637,"y":313},"13":{"angle":0.6972916609973204,"type":"board","x":93,"y":672.213118},"14":{"angle":0.9217566645026576,"type":"board","x":60.05691,"y":641},"15":{"angle":1.287180648796056,"type":"board","x":33.1254875,"y":607},"16":{"angle":1.5507969603912692,"type":"board","x":10.748025,"y":526},"20":{"angle":0.48638517846768986,"type":"board","x":658.440672,"y":126},"21":{"angle":0.4742666788574701,"type":"board","x":509,"y":47.966677},"22":{"angle":-0.2907410576174979,"type":"board","x":234,"y":33.705212},"23":{"angle":-1.574899560063889,"type":"board","x":9.3589295,"y":356},"24":{"angle":-1.5822001424940784,"type":"board","x":9.997265,"y":188},"25":{"angle":-0.33482817671160525,"sticker":"cat","type":"sticker","x":28,"y":73},"29":{"type":"roundbumper","x":381,"y":399},"30":{"type":"roundbumper","x":285,"y":385},"31":{"angle":0.8666226307965974,"type":"board","x":254,"y":400}}},"snapshot":{"balls":[{"age":1461,"angle":-2.598375082015991,"type":4,"va":-3.032862901687622,"vx":0.4692550599575043,"vy":-4.329026862978935e-2,"x":6.6086649894714355,"y":-14.273863792419434},{"age":1162,"angle":0.565674364566803,"type":4,"va":-7.824279308319092,"vx":1.2062461376190186,"vy":-0.11128038167953491,"x":4.847301959991455,"y":-14.111628532409668},{"age":1103,"angle":-1.0231491327285767,"type":4,"va":-4.145336627960205,"vx":0.6410451531410217,"vy":-5.913912132382393e-2,"x":5.909170627593994,"y":-14.209385871887207},{"age":998,"angle":-0.7789135575294495,"type":4,"va":43.97840118408203,"vx":0.3222084641456604,"vy":-4.567548751831055,"x":4.852569103240967,"y":-6.215169429779053},{"age":940,"angle":-2.565396785736084,"type":4,"va":-10.299527168273926,"vx":1.5070784091949463,"vy":-0.5079473257064819,"x":4.082102298736572,"y":-13.929922103881836},{"age":893,"angle":-2.971928119659424,"type":4,"va":-8.304850578308105,"vx":-3.1946315430104733e-3,"vy":-4.888865947723389,"x":2.951011896133423,"y":-12.425108909606934},{"age":803,"angle":-0.7011290788650513,"type":4,"va":7.6709794998168945,"vx":-2.596074342727661,"vy":-0.6173030138015747,"x":2.3462204933166504,"y":-3.8842477798461914},{"age":757,"angle":2.8527846336364746,"type":4,"va":-18.278671264648438,"vx":3.457473039627075,"vy":0.513824462890625,"x":1.971975326538086,"y":-13.023221015930176},{"age":709,"angle":-2.9083926677703857,"type":4,"va":52.8388786315918,"vx":1.0066072940826416,"vy":-1.3550031185150146,"x":8.518784523010254,"y":-5.250925064086914},{"age":637,"angle":-1.9262117147445679,"type":4,"va":9.374051094055176,"vx":-0.952914297580719,"vy":-1.8218950033187866,"x":8.027478218078613,"y":-6.2707672119140625},{"age":558,"angle":3.0920820236206055,"type":4,"va":-1.112097978591919,"vx":0.9190784096717834,"vy":1.1278979778289795,"x":7.862453460693359,"y":-6.816523551940918},{"age":466,"angle":2.1477668285369873,"type":4,"va":8.90243911743164,"vx":-1.3148176670074463,"vy":-0.408860445022583,"x":10.333494186401367,"y":-5.3943963050842285},{"age":368,"angle":0.5479183197021484,"type":4,"va":7.827831268310547,"vx":-1.1658446788787842,"vy":-0.3310127854347229,"x":12.046104431152344,"y":-4.873252868652344},{"age":328,"angle":-1.3921804428100586,"type":4,"va":4.5306782722473145,"vx":-0.6766483187675476,"vy":-0.19211767613887787,"x":13.032389640808105,"y":-4.593037128448486},{"age":240,"angle":-1.2887792587280273,"type":4,"va":-13.501407623291016,"vx":1.7956613302230835,"vy":-1.1646721363067627,"x":12.891921043395996,"y":-3.7884175777435303},{"age":133,"angle":2.645315408706665,"type":4,"va":-13.269173622131348,"vx":1.8295681476593018,"vy":-0.9737898111343384,"x":9.783432006835938,"y":-2.2571089267730713},{"age":43,"angle":-0.3481259346008301,"type":4,"va":-0.6335914731025696,"vx":5.468977615237236e-3,"vy":-3.1069869995117188,"x":7.401614189147949,"y":-0.9963717460632324}],"widgets":{}}}