{"puzzle":{"reqTiles":["Up"],"inputs":[{"x":0.5,"y":0.0,"balls":[{"type":1,"rate":0.6194712320963542}]}],"outputs":[{"x":0.65,"y":1.0,"balls":[{"type":1,"rate":0.6322784423828125}]}],"spec":{}},"blueprint":{"puzzle":"0e869548-16a2-51f4-9616-130da38d1483","title":"Really Proud of Kitty","submittedAt":"2024-05-21T13:28:41.816675752Z","widgets":{"32":{"angle":1.6071184067970472,"type":"prism","x":316,"y":292},"64":{"angle":-1.5710515590507117,"type":"prism","x":696.9873775,"y":383},"33":{"angle":-1.5597037119717871,"type":"prism","x":428,"y":412},"65":{"angle":-1.571188176304622,"type":"prism","x":696.980596,"y":349},"34":{"angle":-0.6082206928801336,"type":"prism","x":297,"y":402},"66":{"angle":-1.5815734501869079,"type":"prism","x":696.4690325,"y":319},"35":{"angle":3.642587823153142,"type":"prism","x":473,"y":364},"67":{"angle":1.563230970329403,"type":"prism","x":43.3732205,"y":326},"36":{"angle":0.5168606937650095,"type":"prism","x":274,"y":342},"68":{"angle":1.577843683238058,"type":"prism","x":43.3477525,"y":389},"37":{"angle":2.093199758511426,"type":"prism","x":383,"y":295},"38":{"angle":-1.0571644218226488,"type":"prism","x":362,"y":413},"70":{"height":36,"type":"attractor","width":36,"x":481.5,"y":708.5},"39":{"angle":0.5091648027722204,"type":"prism","x":318,"y":341},"71":{"angle":0,"sticker":"figure1-happy","type":"sticker","x":307,"y":347},"40":{"angle":-2.6312038898831296,"type":"prism","x":431,"y":366},"72":{"angle":0,"sticker":"figure2-happy","type":"sticker","x":450,"y":348},"41":{"angle":-1.0586701319397274,"type":"prism","x":361,"y":395},"73":{"angle":0,"catMass":2,"type":"catswat","x":381,"y":400},"42":{"angle":2.0938708168872973,"type":"prism","x":382,"y":312},"43":{"angle":2.06511755618381,"type":"prism","x":384,"y":332},"44":{"angle":-1.0587244403847529,"type":"prism","x":361,"y":375},"45":{"angle":-2.6359988601866333,"type":"prism","x":450,"y":362},"46":{"angle":0.5284784224995448,"type":"prism","x":296,"y":343},"47":{"angle":-0.6045762883470208,"type":"prism","x":305,"y":384},"48":{"angle":2.536047989984824,"type":"prism","x":438,"y":320},"49":{"angle":-1.56100701235142,"type":"prism","x":419,"y":396},"50":{"angle":1.596153636251532,"type":"prism","x":327,"y":310},"19":{"angle":1.5367186152078887,"type":"rightbumper","x":422,"y":382},"51":{"angle":-6.520410020061579e-3,"type":"prism","x":690.2206615,"y":696.678163},"20":{"angle":-1.5692692773710426,"type":"leftbumper","x":323,"y":383},"52":{"angle":0,"type":"prism","x":49.5,"y":697},"21":{"angle":-1.5916778121205366,"type":"rightbumper","x":321,"y":324},"53":{"angle":1.5707963267948966,"type":"prism","x":43,"y":690.4999999},"22":{"angle":1.5611480086819718,"type":"leftbumper","x":421,"y":323},"54":{"angle":-1.5842906343013996,"type":"prism","x":696.33596,"y":689.9242625},"23":{"angle":3.1309482796468435,"type":"board","x":369,"y":352},"55":{"angle":3.1439957416397646,"type":"leftbumper","x":28.1140585,"y":47.5671415},"24":{"angle":1.5519306407732256,"type":"board","x":372,"y":355},"56":{"angle":3.1541683031905707,"type":"rightbumper","x":711.4048995,"y":47.8483475},"25":{"type":"roundbumper","x":264,"y":353},"57":{"angle":1.5661608774848306,"type":"prism","x":43.2289595,"y":49.6987605},"26":{"type":"roundbumper","x":481,"y":351},"58":{"angle":3.136278938420095,"type":"prism","x":49.727809,"y":43.262441},"27":{"type":"roundbumper","x":372,"y":419},"59":{"angle":-3.141651171281032,"type":"prism","x":689.9855925,"y":43.5931875},"28":{"type":"roundbumper","x":371,"y":287},"60":{"angle":-1.557849143030162,"type":"prism","x":696.3627385,"y":50.052563},"29":{"angle":0,"type":"rightbumper","x":28,"y":692.5},"61":{"type":"roundbumper","x":29,"y":356},"30":{"angle":0,"type":"leftbumper","x":712,"y":692.5},"62":{"type":"roundbumper","x":711,"y":350},"31":{"angle":2.540931855016318,"type":"prism","x":446,"y":302},"63":{"angle":1.577650751052447,"type":"prism","x":43.338284,"y":355}}},"snapshot":{"balls":[{"age":1071,"angle":1.2436306476593018,"type":1,"va":0.7943793535232544,"vx":-0.12658163905143738,"vy":-5.820766091346741e-10,"x":8.250408172607422,"y":-14.621306419372559},{"age":924,"angle":-1.1659443378448486,"type":1,"va":0.7828389406204224,"vx":-0.12497158348560333,"vy":-5.820766091346741e-10,"x":8.569924354553223,"y":-14.621306419372559},{"age":747,"angle":2.396821975708008,"type":1,"va":0.7943823933601379,"vx":-0.12658211588859558,"vy":-5.820766091346741e-10,"x":7.931404113769531,"y":-14.621306419372559},{"age":604,"angle":2.059645175933838,"type":1,"va":-3.5477044582366943,"vx":0.5648325681686401,"vy":0,"x":5.413173675537109,"y":-14.62138557434082},{"age":461,"angle":-2.5301642417907715,"type":1,"va":28.75128746032715,"vx":-5.970025062561035,"vy":-3.4210619926452637,"x":0.709209680557251,"y":-5.483823776245117},{"age":322,"angle":2.6192805767059326,"type":1,"va":36.17626190185547,"vx":5.254639625549316,"vy":5.338560581207275,"x":0.3954601287841797,"y":-5.6631879806518555},{"age":206,"angle":-2.471592903137207,"type":1,"va":23.73636245727539,"vx":9.63093090057373,"vy":-3.0287513732910156,"x":6.836339950561523,"y":-4.841433048248291},{"age":103,"angle":-0.27230626344680786,"type":1,"va":57.761436462402344,"vx":9.24122428894043,"vy":-8.383880615234375,"x":12.436869621276855,"y":-2.115889310836792},{"age":46,"angle":-0.1836753785610199,"type":1,"va":0.24800698459148407,"vx":0.3959782123565674,"vy":-2.693514823913574,"x":7.4653096199035645,"y":-0.5495140552520752}],"widgets":{"73":{"angle":0,"key":"73","va":0,"vx":0,"vy":0,"x":7.619999885559082,"y":-8}}}}