{"puzzle":{"reqTiles":["Up"],"inputs":[{"x":0.2,"y":0.0,"balls":[{"type":4,"rate":0.8330078125}]},{"x":1.0,"y":0.8,"balls":[{"type":2,"rate":0.26906331380208337}]}],"outputs":[{"x":0.5,"y":1.0,"balls":[{"type":2,"rate":0.3585205078125}]},{"x":1.0,"y":0.2,"balls":[{"type":4,"rate":0.8330078125}]}],"spec":{}},"blueprint":{"puzzle":"f86afee8-08ed-5625-8a6d-f7f0d9bf60cd","title":"Deceleration filter","submittedAt":"2024-05-07T11:33:46.291183831Z","widgets":{"0":{"angle":-1.7562871427932605,"type":"fan","x":698.8091935,"y":347},"32":{"angle":0,"type":"brick","x":536,"y":240},"1":{"angle":-1.3379131425594188,"type":"brick","x":603,"y":244},"33":{"angle":-0.17112437576757825,"type":"cushion","x":636,"y":213},"34":{"angle":2.431247403452495,"type":"fan","x":562,"y":304},"35":{"angle":-1.5402837112513792,"type":"cushion","x":535,"y":350},"4":{"angle":-1.5636296533713474,"type":"fan","x":621,"y":422},"37":{"angle":1.4814955116748307,"type":"cushion","x":525,"y":280},"6":{"angle":-0.6855090037433765,"type":"brick","x":632,"y":424},"38":{"angle":1.16416616764117,"type":"board","x":448,"y":261},"7":{"angle":-1.5663930584257382,"type":"fan","x":702.3968953,"y":502},"39":{"angle":0,"type":"cushion","x":513,"y":382},"40":{"angle":-3.084968431754761e-2,"type":"anvil","x":434,"y":395},"9":{"angle":0.8722681060324908,"type":"brick","x":684,"y":509},"41":{"angle":-3.446910099950759e-2,"type":"anvil","x":354,"y":400},"10":{"angle":-1.5764561793407847,"type":"fan","x":633,"y":597},"42":{"angle":0.44986269219006236,"type":"board","x":394,"y":575},"11":{"angle":-1.556006598496474,"type":"board","x":601,"y":522},"43":{"angle":-0.5159846283435492,"type":"board","x":471,"y":688.999937},"12":{"angle":-0.7950248214861164,"type":"brick","x":645,"y":603},"44":{"angle":0.554916994930522,"type":"board","x":264,"y":686.2491165},"13":{"angle":0.8361272294501364,"type":"brick","x":707.1906565,"y":535},"45":{"angle":0.42285392613294126,"type":"board","x":269,"y":515},"14":{"angle":-1.5707569070535103,"type":"fan","x":702.4990706,"y":716.498517},"46":{"angle":0.5090708884223832,"type":"board","x":162,"y":625},"15":{"angle":1.5827935190231244,"type":"board","x":602,"y":348},"47":{"angle":0.476204026687981,"type":"board","x":81.8905185,"y":579},"16":{"angle":0.31628612791215416,"type":"cushion","x":694.9684625,"y":338},"48":{"angle":0,"type":"board","x":87.5,"y":382},"49":{"angle":0,"type":"ballstand","x":88,"y":327},"18":{"angle":0.5737263397725315,"type":"board","x":207,"y":69},"50":{"angle":0,"sticker":"figure1-happy","type":"sticker","x":39,"y":307},"19":{"angle":0.45030238772250913,"type":"board","x":343,"y":147},"51":{"angle":0,"sticker":"figure2-happy","type":"sticker","x":151,"y":301},"20":{"angle":0.43558480256762666,"type":"board","x":540,"y":648},"21":{"angle":0.11499252748864462,"type":"board","x":652.045199,"y":687},"22":{"angle":-0.23614915676861442,"type":"brick","x":592,"y":234},"23":{"angle":0.12656817930507616,"type":"fan","x":477,"y":70.7627},"25":{"angle":-1.7646443891017571,"type":"board","x":714.313,"y":422},"27":{"angle":0,"type":"brick","x":520,"y":120},"28":{"angle":-1.557730384748458,"type":"brick","x":726.0569171,"y":89},"30":{"angle":-1.578719216303006,"type":"brick","x":726.2310426,"y":34.1059041},"31":{"angle":-1.5447651947247762,"type":"brick","x":725.6196143,"y":191}}},"snapshot":{"balls":[{"age":1077,"angle":-2.917100429534912,"type":4,"va":8.908677101135254,"vx":0.9167055487632751,"vy":-1.775607943534851,"x":14.200443267822266,"y":-2.678962230682373},{"age":2,"angle":1.8096219301223755,"type":4,"va":0,"vx":0,"vy":-0.15822581946849823,"x":14.523341178894043,"y":-2.9725372791290283},{"age":940,"angle":-1.625867247581482,"type":4,"va":7.7529191970825195,"vx":1.0353913307189941,"vy":1.1536064147949219,"x":12.90060806274414,"y":-4.764914512634277},{"age":868,"angle":0.17979437112808228,"type":4,"va":11.449901580810547,"vx":2.0813345909118652,"vy":8.446078300476074,"x":13.280834197998047,"y":-8.668039321899414},{"age":737,"angle":1.0325896739959717,"type":2,"va":-36.55049514770508,"vx":4.006749153137207,"vy":1.9244534969329834,"x":7.891341686248779,"y":-14.210683822631836},{"age":764,"angle":2.0645570755004883,"type":4,"va":3.4412004947662354,"vx":-1.6948307752609253,"vy":1.8589504957199097,"x":14.344635009765625,"y":-11.545406341552734},{"age":703,"angle":-0.8541585206985474,"type":4,"va":-12.416074752807617,"vx":1.7487605810165405,"vy":-0.8396962881088257,"x":12.113247871398926,"y":-13.197906494140625},{"age":619,"angle":2.4260635375976562,"type":2,"va":13.180289268493652,"vx":2.3670499324798584,"vy":-7.3289079666137695,"x":5.500383377075195,"y":-13.180822372436523},{"age":620,"angle":1.8969985246658325,"type":4,"va":-13.444189071655273,"vx":1.8792754411697388,"vy":-0.933284342288971,"x":9.458300590515137,"y":-11.886346817016602},{"age":567,"angle":1.513984203338623,"type":4,"va":-12.2216796875,"vx":1.7101149559020996,"vy":-0.8515976071357727,"x":7.917648792266846,"y":-11.142359733581543},{"age":505,"angle":-1.8688514232635498,"type":4,"va":-7.7916765213012695,"vx":1.0724867582321167,"vy":-0.5531834959983826,"x":2.3336949348449707,"y":-11.558120727539062},{"age":473,"angle":0.14299453794956207,"type":2,"va":31.950565338134766,"vx":-5.131073474884033,"vy":0.4752047061920166,"x":8.57260513305664,"y":-7.207910060882568},{"age":420,"angle":2.6253106594085693,"type":4,"va":12.288253784179688,"vx":0.2157055139541626,"vy":-1.5463320016860962,"x":4.812887668609619,"y":-9.598043441772461},{"age":356,"angle":2.1759033203125,"type":4,"va":30.05291748046875,"vx":-2.7649736404418945,"vy":-1.3771910667419434,"x":5.590231418609619,"y":-7.493484020233154},{"age":284,"angle":-0.8390811681747437,"type":2,"va":18.978845596313477,"vx":2.5413637161254883,"vy":1.5873091220855713,"x":13.78279972076416,"y":-4.3760905265808105},{"age":273,"angle":2.0875158309936523,"type":4,"va":-13.980875968933105,"vx":1.5024170875549316,"vy":-1.8779194355010986,"x":8.824653625488281,"y":-3.59916353225708},{"age":171,"angle":1.181715726852417,"type":2,"va":12.366188049316406,"vx":3.06653094291687,"vy":3.9911811351776123,"x":13.765644073486328,"y":-8.813301086425781},{"age":179,"angle":0.6869370937347412,"type":4,"va":-14.855192184448242,"vx":2.0737156867980957,"vy":-1.028293490409851,"x":6.461967468261719,"y":-2.371744394302368},{"age":124,"angle":4.307134542614222e-3,"type":4,"va":-14.086196899414062,"vx":1.840949535369873,"vy":-1.2155060768127441,"x":4.862000942230225,"y":-1.4436469078063965},{"age":58,"angle":-0.6092854142189026,"type":4,"va":0.9555947780609131,"vx":0.7135985493659973,"vy":-0.4182864725589752,"x":3.263641834259033,"y":-0.41092798113822937}],"widgets":{}}}