{"puzzle":{"reqTiles":["Up"],"inputs":[{"x":0.8,"y":0.0,"balls":[{"type":1,"rate":0.7232666015625}]},{"x":1.0,"y":0.35,"balls":[{"type":3,"rate":0.875}]}],"outputs":[{"x":0.65,"y":1.0,"balls":[{"type":3,"rate":0.8515625}]},{"x":1.0,"y":0.65,"balls":[{"type":1,"rate":0.7232666015625}]}],"spec":{}},"blueprint":{"puzzle":"2595bc2e-0b35-5362-bbab-101c3e5afb9b","title":"cross the streams twice","submittedAt":"2024-04-26T11:25:31.417418877Z","widgets":{"0":{"angle":-0.22923488851693238,"type":"board","x":652.7438245,"y":347},"1":{"angle":-1.9577112719723278e-2,"type":"board","x":487,"y":368},"2":{"angle":-0.10509891560594313,"type":"board","x":267,"y":381},"3":{"angle":-2.005365934933891,"type":"fan","x":449,"y":464},"4":{"angle":3.6921392299962124,"type":"fan","x":471,"y":293},"5":{"angle":-0.30533089759028376,"type":"board","x":234,"y":315},"6":{"angle":0,"type":"board","x":87.5,"y":340},"7":{"angle":0.5599563036059554,"type":"board","x":126,"y":458},"8":{"angle":1.4269867283071658,"type":"cushion","x":81,"y":384},"9":{"angle":0.23503099908618155,"type":"board","x":265,"y":518},"10":{"angle":-0.3128135478074797,"type":"fan","x":188.773,"y":544},"11":{"angle":0.18056344332142502,"type":"board","x":498,"y":445},"12":{"angle":-0.10254002828170243,"type":"board","x":530,"y":573},"13":{"angle":-0.45204532337500136,"type":"board","x":657.357596,"y":537},"14":{"angle":-0.5908061005832361,"type":"fan","x":534,"y":606},"15":{"angle":-8.167146003756434e-2,"type":"board","x":652.0574112,"y":453},"16":{"angle":-1.2982152846197121,"type":"fan","x":373,"y":644},"17":{"angle":0.9808349324087775,"type":"board","x":385,"y":603.284},"19":{"angle":1.007660824762539,"type":"board","x":418,"y":661.2067525},"20":{"angle":1.574629823897854,"type":"board","x":521,"y":652.4661111},"21":{"angle":-9.440616180872521e-2,"type":"cushion","x":319,"y":376},"22":{"angle":-0.8616905514304875,"type":"fan","x":621,"y":610},"23":{"angle":-2.409574280863605,"type":"fan","x":556,"y":696.3997455},"24":{"angle":0,"type":"fan","x":139.5,"y":511},"25":{"angle":0,"catMass":2,"type":"catswat","x":109,"y":717},"26":{"angle":0,"type":"ballstand","x":174,"y":692.5},"27":{"angle":0,"type":"prism","x":101,"y":697},"29":{"angle":0,"catMass":2,"type":"catswat","x":84,"y":717}}},"snapshot":{"balls":[{"age":351,"angle":-2.8828909397125244,"type":3,"va":-33.805912017822266,"vx":3.409409999847412,"vy":-7.596813678741455,"x":9.484761238098145,"y":-14.166850090026855},{"age":259,"angle":-0.4302549362182617,"type":3,"va":-3.02449893951416,"vx":0.19562405347824097,"vy":-1.8702150583267212,"x":7.357086658477783,"y":-7.496894836425781},{"age":248,"angle":-0.7646948099136353,"type":1,"va":28.370073318481445,"vx":-4.470552444458008,"vy":-2.662555694580078,"x":2.545001983642578,"y":-7.824434757232666},{"age":162,"angle":-0.9178932905197144,"type":3,"va":19.725345611572266,"vx":-3.0515670776367188,"vy":-0.777780294418335,"x":11.344344139099121,"y":-6.992392539978027},{"age":154,"angle":0.6138548851013184,"type":1,"va":12.196271896362305,"vx":-1.9234520196914673,"vy":-5.308997631072998e-2,"x":9.653292655944824,"y":-7.0235137939453125},{"age":68,"angle":-1.8735820055007935,"type":3,"va":5.202339172363281,"vx":-0.43719297647476196,"vy":-1.7501955032348633,"x":14.291656494140625,"y":-5.754868984222412},{"age":104,"angle":1.5363787412643433,"type":1,"va":11.706633567810059,"vx":-2.394623279571533,"vy":-1.9633196592330933,"x":10.79381275177002,"y":-6.79726505279541},{"age":21,"angle":1.8776718378067017,"type":3,"va":2.01963472366333,"vx":-0.8746619820594788,"vy":-7.739629596471786e-2,"x":14.75097942352295,"y":-5.211742401123047},{"age":41,"angle":1.0041828155517578,"type":1,"va":1.9035897254943848,"vx":2.37511545419693e-2,"vy":-4.40431547164917,"x":11.846914291381836,"y":-1.0657904148101807}],"widgets":{"25":{"angle":0,"key":"25","va":0,"vx":0,"vy":0,"x":2.180000066757202,"y":-14.34000015258789},"29":{"angle":0,"key":"29","va":0,"vx":0,"vy":0,"x":1.6799999475479126,"y":-14.34000015258789}}}}