{"puzzle":{"reqTiles":["Up"],"inputs":[{"x":0.2,"y":0.0,"balls":[{"type":4,"rate":0.875}]},{"x":1.0,"y":0.2,"balls":[{"type":1,"rate":0.72265625}]}],"outputs":[{"x":0.5,"y":1.0,"balls":[{"type":1,"rate":0.70068359375}]},{"x":1.0,"y":0.5,"balls":[{"type":4,"rate":0.875}]}],"spec":{}},"blueprint":{"puzzle":"bfdeee41-b63a-5d42-82a4-adcf84d91550","title":"you'll never take me alive!","submittedAt":"2024-04-16T01:05:20.544239594Z","widgets":{"0":{"angle":0,"type":"fan","x":85,"y":50.5},"64":{"angle":0,"type":"board","x":382,"y":398},"33":{"angle":0.10504846838625381,"type":"fan","x":172,"y":97},"65":{"angle":0,"type":"brick","x":428,"y":702},"2":{"angle":0,"type":"fan","x":23.4943173,"y":702.5},"66":{"angle":0,"type":"brick","x":427,"y":678},"3":{"angle":-1.4625126010929004,"type":"fan","x":225,"y":363},"35":{"angle":0.6269770983906426,"type":"brick","x":486,"y":191},"67":{"angle":0,"type":"brick","x":426,"y":652},"4":{"angle":-1.5656990343352541,"type":"board","x":730.5554859,"y":258},"36":{"angle":0,"type":"brick","x":428,"y":726.5054},"68":{"angle":0,"type":"brick","x":424,"y":627},"5":{"angle":0,"type":"fan","x":23.4943173,"y":611},"37":{"angle":-1.5768429383643296,"type":"brick","x":250,"y":100},"69":{"angle":0,"type":"board","x":379,"y":615},"6":{"angle":-3.1392166700672686,"type":"fan","x":483,"y":235},"70":{"angle":0,"type":"board","x":652.5,"y":615},"39":{"angle":0,"type":"board","x":263,"y":731.0018},"8":{"angle":1.1684890869106679,"type":"board","x":647,"y":256},"40":{"angle":0,"type":"board","x":92,"y":731.0018},"72":{"angle":0.20413679658155054,"type":"hammer","x":478,"y":468},"9":{"angle":0,"type":"brick","x":706.0018,"y":334},"41":{"angle":1.5650762821489883,"type":"board","x":90,"y":212},"73":{"angle":0,"sticker":"figure2-sad","type":"sticker","x":677,"y":537},"10":{"angle":0,"type":"board","x":652.5,"y":173},"42":{"angle":1.5917036375287907,"type":"board","x":88,"y":376},"11":{"angle":0,"type":"board","x":652.5,"y":399},"43":{"angle":1.5792007888938766,"type":"board","x":86,"y":519},"12":{"angle":-1.574362281292545,"type":"fan","x":686.416,"y":216},"44":{"angle":1.5942107699333832,"type":"board","x":84,"y":652.3137175},"76":{"angle":-3.352167363770329,"type":"sword","x":519,"y":571},"13":{"angle":0.916054122699583,"type":"board","x":679.5787189,"y":74.8855878},"45":{"angle":-1.5522036169518632,"type":"board","x":511,"y":302},"14":{"angle":0,"type":"board","x":549,"y":8.9985795},"46":{"angle":0,"type":"fan","x":476,"y":350},"78":{"angle":0,"sticker":"figure2-sad","type":"sticker","x":581,"y":536},"15":{"angle":0,"type":"board","x":396,"y":8.999},"47":{"angle":0,"type":"fan","x":23.4943173,"y":528},"79":{"angle":-2.640769310878172,"type":"sword","x":617,"y":540},"16":{"angle":0,"type":"board","x":256,"y":8.999},"48":{"angle":1.5800089870517722,"type":"board","x":187,"y":361},"80":{"angle":0,"sticker":"figure2-happy","type":"sticker","x":465,"y":536},"17":{"angle":0.7365710194982787,"type":"board","x":632,"y":121},"49":{"angle":1.5807331904703974,"type":"board","x":186,"y":528},"81":{"angle":1.578842651026494,"type":"brick","x":118,"y":34.1057904},"18":{"angle":-3.1236491156791546,"type":"fan","x":715.8363351,"y":37.9155113},"50":{"angle":0,"type":"board","x":263,"y":615},"82":{"angle":0,"type":"board","x":179,"y":74},"19":{"angle":-1.9799125734379674,"type":"fan","x":696.2484535,"y":212},"51":{"angle":0,"type":"fan","x":23.494,"y":449},"83":{"angle":-3.133229015022413,"type":"fan","x":716.1925896,"y":37.695183},"20":{"angle":0.5740464514040141,"type":"board","x":499,"y":126},"52":{"angle":0,"type":"fan","x":23.494,"y":362},"21":{"angle":-0.11678739227396844,"type":"board","x":492,"y":67},"53":{"angle":3.1363747444563987,"type":"fan","x":483,"y":236},"22":{"angle":-2.240207945055492,"type":"fan","x":577,"y":123},"54":{"angle":0,"type":"fan","x":23.494,"y":167},"55":{"angle":0,"type":"board","x":499,"y":616},"24":{"angle":2.753691155161693e-4,"type":"board","x":179,"y":133},"25":{"angle":-1.442641412144604,"type":"fan","x":345,"y":367},"26":{"angle":-1.4717398104179595,"type":"fan","x":290,"y":364},"58":{"angle":0.8638236099236507,"sticker":"figure3-happy","type":"sticker","x":236,"y":536},"27":{"angle":-1.4515694731503956,"type":"fan","x":399,"y":372},"28":{"angle":-1.5006356663037306,"type":"fan","x":457,"y":383},"29":{"angle":0,"type":"board","x":434,"y":281},"30":{"angle":0,"type":"board","x":272,"y":280},"62":{"angle":-0.17341307036541878,"type":"sword","x":313,"y":538},"31":{"angle":-3.1427294644956705,"type":"board","x":492,"y":398},"63":{"angle":0,"type":"board","x":272,"y":397}}},"snapshot":{"balls":[{"age":509,"angle":-0.6968730688095093,"type":1,"va":52.57244873046875,"vx":0.15075236558914185,"vy":-8.813943862915039,"x":3.35843825340271,"y":-12.316295623779297},{"age":422,"angle":-5.3439911454916e-2,"type":1,"va":23.82424545288086,"vx":0.40604427456855774,"vy":-7.843210220336914,"x":3.38885760307312,"y":-9.26668643951416},{"age":456,"angle":7.535018771886826e-2,"type":4,"va":-11.487371444702148,"vx":-1.212705135345459,"vy":-1.4815022945404053,"x":14.350404739379883,"y":-7.302393436431885},{"age":419,"angle":1.0662577152252197,"type":4,"va":-9.839492797851562,"vx":1.1875934600830078,"vy":-1.1541165113449097,"x":10.582880973815918,"y":-3.920304298400879},{"age":349,"angle":1.55635404586792,"type":1,"va":17.31639862060547,"vx":3.04754638671875,"vy":-1.121735692024231,"x":4.023190498352051,"y":-13.895339012145996},{"age":368,"angle":1.7128090858459473,"type":4,"va":-6.569345951080322,"vx":0.44089293479919434,"vy":-3.3131744861602783,"x":10.949257850646973,"y":-4.959332466125488},{"age":280,"angle":0.2504955530166626,"type":1,"va":-19.659879684448242,"vx":4.741799831390381,"vy":-9.328011512756348,"x":2.9810566902160645,"y":-8.490541458129883},{"age":284,"angle":-0.6917458772659302,"type":4,"va":-11.264897346496582,"vx":0.7960763573646545,"vy":0.6576218605041504,"x":9.218378067016602,"y":-2.9708356857299805},{"age":235,"angle":-1.5422872304916382,"type":1,"va":-31.463356018066406,"vx":0.8274211287498474,"vy":-8.653122901916504,"x":2.6421332359313965,"y":-6.791515827178955},{"age":187,"angle":0.7659513354301453,"type":1,"va":-14.627321243286133,"vx":-4.324029445648193,"vy":4.07796573638916,"x":5.054971218109131,"y":-2.949214458465576},{"age":182,"angle":1.5639638900756836,"type":4,"va":6.646988868713379,"vx":0.4286508560180664,"vy":-1.5415209531784058,"x":10.403562545776367,"y":-3.48598313331604},{"age":145,"angle":-3.0061869621276855,"type":4,"va":-12.839344024658203,"vx":-2.602029800415039,"vy":1.6196720600128174,"x":8.982008934020996,"y":-0.7668963074684143},{"age":67,"angle":1.797260046005249,"type":1,"va":0.9910976886749268,"vx":-1.0155545473098755,"vy":0.36595618724823,"x":14.47359561920166,"y":-3.1388542652130127},{"age":55,"angle":1.9798144102096558,"type":4,"va":10.75025463104248,"vx":9.596094131469727,"vy":-2.9266316890716553,"x":3.944751262664795,"y":-0.8393991589546204}],"widgets":{}}}