{"puzzle":{"reqTiles":["Up"],"inputs":[{"x":0.2,"y":0.0,"balls":[{"type":1,"rate":0.6206105550130209}]},{"x":1.0,"y":0.5,"balls":[{"type":3,"rate":0.6826934814453125}]}],"outputs":[{"x":0.35,"y":1.0,"balls":[{"type":3,"rate":0.679534912109375}]},{"x":1.0,"y":0.65,"balls":[{"type":1,"rate":0.6142069498697917}]}],"spec":{}},"blueprint":{"puzzle":"ea8ce997-5a56-5666-a916-f70db191a166","title":"XKCD #356: \"Nerd Sniping\" (\"On this infinite grid of ideal one-ohm resistors...\")","submittedAt":"2024-05-27T10:15:56.228870071Z","widgets":{"32":{"angle":-1.49280334538496,"sticker":"figure2-happy","type":"sticker","x":98,"y":349},"33":{"angle":3.1998784453265707,"sticker":"figure2-happy","type":"sticker","x":256,"y":563},"34":{"angle":1.7074949356875897,"sticker":"figure2-happy","type":"sticker","x":461,"y":409},"35":{"angle":-1.545119206289507,"sticker":"figure2-happy","type":"sticker","x":333,"y":154},"4":{"angle":-0.3762134683627049,"type":"fan","x":107,"y":72.5},"36":{"angle":3.1384677523539204,"sticker":"figure2-happy","type":"sticker","x":498,"y":367},"5":{"angle":-0.39230892021229674,"type":"fan","x":107,"y":71},"37":{"angle":1.6237007661114025,"sticker":"figure2-happy","type":"sticker","x":472,"y":187},"6":{"angle":-0.1419080323960903,"type":"brick","x":691.432,"y":529},"38":{"angle":-3.597292923728853e-2,"sticker":"figure2-happy","type":"sticker","x":521,"y":222},"7":{"angle":-0.3773467426225728,"type":"cushion","x":694.6996415,"y":408},"39":{"angle":3.1376071307332647,"sticker":"figure2-happy","type":"sticker","x":289,"y":116},"8":{"angle":1.894669531346906,"type":"cushion","x":595,"y":426},"40":{"angle":1.6759741437901998,"sticker":"figure2-happy","type":"sticker","x":256,"y":161},"9":{"angle":-1.543184753142665,"type":"cushion","x":598,"y":450},"41":{"angle":-1.4954943998349652,"sticker":"figure2-happy","type":"sticker","x":120,"y":121},"10":{"angle":0,"type":"fan","x":582,"y":474},"42":{"angle":5.3561091108953705e-2,"sticker":"figure2-happy","type":"sticker","x":84,"y":164},"11":{"angle":-0.3831281845336348,"type":"board","x":590,"y":583},"43":{"angle":-3.1365478366408563,"sticker":"figure2-happy","type":"sticker","x":53,"y":310},"12":{"angle":-0.39247769264315846,"type":"board","x":434,"y":648},"44":{"angle":3.541604067031902e-2,"sticker":"figure2-happy","type":"sticker","x":62,"y":390},"13":{"angle":-0.6199813435895686,"type":"cushion","x":337,"y":700.3073445},"45":{"angle":1.6461003942959345,"sticker":"figure2-happy","type":"sticker","x":220,"y":603},"14":{"angle":0.3404387457573421,"type":"board","x":85.483309,"y":655},"46":{"angle":-1.497492574328364,"sticker":"figure2-happy","type":"sticker","x":77,"y":567},"15":{"angle":0.563339768026879,"type":"cushion","x":180,"y":701.618685},"47":{"angle":3.133571700329903,"sticker":"figure2-happy","type":"sticker","x":37.0803551,"y":529},"16":{"angle":7.830894446128041e-2,"type":"board","x":613.132,"y":58},"48":{"angle":0,"sticker":"figure2-happy","type":"sticker","x":269,"y":643},"17":{"angle":0,"type":"cup","x":719,"y":83},"49":{"angle":4.5748719529106974e-2,"sticker":"figure2-happy","type":"sticker","x":46,"y":611},"18":{"angle":-0.9654690057723496,"type":"cushion","x":564,"y":460},"50":{"angle":3.1977320603633155,"sticker":"figure2-happy","type":"sticker","x":507,"y":141},"19":{"angle":-0.47159530966789237,"type":"cushion","x":519,"y":488},"51":{"angle":-1.5841883832711425,"sticker":"figure2-happy","type":"sticker","x":552,"y":177},"20":{"angle":1.5217801657145542,"type":"cushion","x":428,"y":460},"52":{"angle":1.6558060085854445,"sticker":"figure2-happy","type":"sticker","x":664.6626811,"y":205},"21":{"angle":0,"type":"cup","x":461,"y":517},"53":{"angle":-1.4791662839161948,"sticker":"figure2-happy","type":"sticker","x":548,"y":405},"22":{"angle":-1.1300168262235437,"type":"cushion","x":439,"y":395},"54":{"angle":1.6214463213047599,"sticker":"figure2-happy","type":"sticker","x":665.7450121,"y":443},"23":{"angle":-1.0385398568567616,"type":"cushion","x":475,"y":326},"55":{"angle":4.672061750992208e-2,"sticker":"figure2-happy","type":"sticker","x":508,"y":451},"24":{"angle":-2.0214107916098034,"type":"cup","x":709.699871,"y":464},"56":{"angle":-1.479153431906286,"sticker":"figure2-happy","type":"sticker","x":306,"y":599},"25":{"angle":-1.6755292462033258,"type":"brick","x":675,"y":442},"57":{"angle":3.1417224310207694,"sticker":"figure2-happy","type":"sticker","x":478,"y":592},"58":{"angle":1.6673646041386692,"sticker":"figure2-happy","type":"sticker","x":446,"y":639},"27":{"angle":0,"sticker":"figure2-happy","type":"sticker","x":286,"y":421},"59":{"angle":-1.5303810328367926,"sticker":"figure2-happy","type":"sticker","x":528,"y":630},"28":{"angle":-1.583056044068879,"sticker":"figure2-happy","type":"sticker","x":322,"y":374},"60":{"angle":1.6589432869971263,"sticker":"figure2-happy","type":"sticker","x":664.5682442,"y":666},"29":{"angle":1.656202517058189,"sticker":"figure2-happy","type":"sticker","x":237,"y":385},"61":{"angle":-2.213906962027649e-2,"sticker":"figure2-happy","type":"sticker","x":701.9039883,"y":482},"30":{"angle":3.1291920562251976,"sticker":"figure2-happy","type":"sticker","x":273,"y":341},"62":{"angle":2.9850081632053396,"sticker":"figure2-happy","type":"sticker","x":692.6405285,"y":622},"31":{"angle":0,"sticker":"figure2-happy","type":"sticker","x":300,"y":201}}},"snapshot":{"balls":[{"age":299,"angle":3.036376476287842,"type":3,"va":14.60629940032959,"vx":-1.397167682647705,"vy":0.4730653762817383,"x":4.52186393737793,"y":-14.203757286071777},{"age":237,"angle":2.363582134246826,"type":3,"va":23.93927764892578,"vx":-3.5256001949310303,"vy":-1.6498689651489258,"x":9.939455032348633,"y":-12.04873275756836},{"age":209,"angle":1.86378014087677,"type":1,"va":22.0074462890625,"vx":1.8276036977767944,"vy":-4.642637729644775,"x":13.145511627197266,"y":-10.019977569580078},{"age":113,"angle":-2.8431572914123535,"type":3,"va":12.28403091430664,"vx":-1.8029446601867676,"vy":-1.2360483407974243,"x":13.341397285461426,"y":-7.82807731628418},{"age":112,"angle":2.885185480117798,"type":1,"va":9.254485130310059,"vx":10.665276527404785,"vy":-5.196258544921875,"x":10.931302070617676,"y":-2.0120794773101807},{"age":35,"angle":0.9591933488845825,"type":1,"va":1.9170652627944946,"vx":1.3340421915054321,"vy":-0.31859147548675537,"x":3.1725685596466064,"y":-0.35769712924957275}],"widgets":{}}}