{"puzzle":{"reqTiles":["Up","Left"],"inputs":[{"x":0.8,"y":0.0,"balls":[{"type":4,"rate":0.8359375}]},{"x":0.0,"y":0.35,"balls":[{"type":3,"rate":0.8515625}]}],"outputs":[{"x":0.8,"y":1.0,"balls":[{"type":3,"rate":0.8515625}]},{"x":0.0,"y":0.65,"balls":[{"type":4,"rate":0.8359375}]}],"spec":{}},"blueprint":{"puzzle":"72ca4d14-477e-5cd5-835e-6e8feb1ac059","title":"who needs prisms anyway?","submittedAt":"2024-04-25T05:40:21.437540117Z","widgets":{"32":{"angle":0,"sticker":"figure2-happy","type":"sticker","x":436,"y":667.5},"2":{"angle":1.577798704345623,"type":"leftbumper","x":47.6949213,"y":336},"3":{"angle":-0.7497029799547302,"type":"board","x":156,"y":293},"4":{"angle":-0.6786130497495731,"type":"board","x":285,"y":184},"5":{"type":"roundbumper","x":208,"y":222},"6":{"angle":0,"type":"cushion","x":209,"y":19.5},"7":{"angle":6.462634301700837e-2,"type":"board","x":432,"y":139},"8":{"angle":-0.29205831686438516,"type":"board","x":610,"y":169},"41":{"angle":0,"type":"ballstand","x":614,"y":437},"10":{"angle":1.5875161796516102,"type":"cushion","x":696,"y":116},"42":{"angle":-4.1037937693399765e-2,"type":"board","x":231,"y":304},"11":{"angle":1.5781278417848623,"type":"cushion","x":696,"y":41.1418543},"43":{"angle":0,"type":"brick","x":626,"y":496},"12":{"angle":-1.5662393741486487,"type":"board","x":481,"y":228},"44":{"angle":0,"sticker":"cat","type":"sticker","x":645,"y":468},"13":{"angle":1.54496,"type":"board","x":539,"y":273},"16":{"height":145,"type":"attractor","width":145,"x":382.5,"y":250.5},"17":{"angle":-4.11073208647185e-2,"type":"board","x":394,"y":298},"20":{"height":10,"type":"repulsor","width":150,"x":612,"y":386},"21":{"angle":1.5457471261413895,"type":"board","x":475,"y":484},"22":{"angle":3.7987288311019887,"type":"fan","x":465,"y":419},"23":{"angle":-9.83894777661175e-2,"type":"board","x":101,"y":493},"24":{"angle":0.3397054774246051,"type":"cushion","x":510,"y":677},"26":{"angle":1.3070942517855308,"type":"board","x":471,"y":573},"27":{"angle":-0.285187760591431,"type":"board","x":263,"y":463},"28":{"type":"roundbumper","x":711,"y":711},"29":{"angle":0,"catMass":2,"type":"catswat","x":513,"y":717},"31":{"angle":-0.11003308754204726,"sticker":"figure1-happy","type":"sticker","x":96,"y":566}}},"snapshot":{"balls":[{"age":907,"angle":2.6629743576049805,"type":4,"va":3.0832679271698,"vx":-0.4767600893974304,"vy":-4.70598079264164e-2,"x":0.6224913597106934,"y":-9.657662391662598},{"age":766,"angle":2.1836578845977783,"type":4,"va":3.214305877685547,"vx":-0.49697384238243103,"vy":-4.905519634485245e-2,"x":1.1088320016860962,"y":-9.609662055969238},{"age":719,"angle":0.1498238444328308,"type":3,"va":-14.893876075744629,"vx":0.7964869141578674,"vy":1.310581088066101,"x":12.223657608032227,"y":-14.196202278137207},{"age":612,"angle":-0.580929696559906,"type":4,"va":3.183471918106079,"vx":-0.49221402406692505,"vy":-4.85854409635067e-2,"x":1.4955706596374512,"y":-9.571486473083496},{"age":540,"angle":-1.6731655597686768,"type":4,"va":4.66572380065918,"vx":-0.7207767367362976,"vy":-7.114659994840622e-2,"x":2.6920785903930664,"y":-9.453458786010742},{"age":477,"angle":2.3981096744537354,"type":4,"va":3.1588902473449707,"vx":-0.4690524935722351,"vy":-0.1375168114900589,"x":3.8834455013275146,"y":-9.310659408569336},{"age":434,"angle":2.7032530307769775,"type":3,"va":1.8606206178665161,"vx":-0.44523394107818604,"vy":-9.503877639770508,"x":10.177084922790527,"y":-8.44859790802002},{"age":393,"angle":-1.1250004768371582,"type":4,"va":3.120142936706543,"vx":-0.48448917269706726,"vy":-4.782304912805557e-2,"x":3.5696098804473877,"y":-9.366778373718262},{"age":360,"angle":1.0110183954238892,"type":3,"va":9.15933609008789,"vx":-0.2091141790151596,"vy":-7.954854965209961,"x":10.45175838470459,"y":-6.778018474578857},{"age":281,"angle":1.5049104690551758,"type":3,"va":3.6456189155578613,"vx":1.2220500707626343,"vy":-1.3237106800079346,"x":10.15588092803955,"y":-3.8621091842651367},{"age":306,"angle":1.411278247833252,"type":4,"va":-50.641815185546875,"vx":-1.690751552581787,"vy":-4.094662666320801,"x":3.3516552448272705,"y":-9.02682113647461},{"age":245,"angle":-1.8859881162643433,"type":3,"va":-8.509282112121582,"vx":1.3421530723571777,"vy":-0.4712812304496765,"x":10.481968879699707,"y":-2.569124937057495},{"age":247,"angle":-3.1020684242248535,"type":4,"va":-23.641822814941406,"vx":-0.2179241180419922,"vy":-3.757692813873291,"x":9.955586433410645,"y":-5.418656349182129},{"age":178,"angle":-2.5501041412353516,"type":3,"va":87.84963989257812,"vx":14.055342674255371,"vy":-5.973443031311035,"x":8.98785400390625,"y":-0.5960869789123535},{"age":200,"angle":0.38042744994163513,"type":4,"va":-23.176483154296875,"vx":-3.607657179236412e-2,"vy":-3.6343538761138916,"x":9.953514099121094,"y":-6.040826797485352},{"age":104,"angle":2.3987808227539062,"type":3,"va":41.488433837890625,"vx":4.8621673583984375,"vy":-3.3342154026031494,"x":4.906898498535156,"y":-1.3684748411178589},{"age":125,"angle":0.7821197509765625,"type":4,"va":-10.891172409057617,"vx":-0.2878400981426239,"vy":0.5106285214424133,"x":11.820999145507812,"y":-3.0394017696380615},{"age":89,"angle":-0.15400196611881256,"type":4,"va":-0.11114910244941711,"vx":8.696887642145157e-2,"vy":-4.15897274017334,"x":12.038207054138184,"y":-2.852375030517578},{"age":44,"angle":-1.6676379442214966,"type":4,"va":-1.95745849609375,"vx":5.2959877997636795e-2,"vy":-3.4301974773406982,"x":11.86534309387207,"y":-1.3471847772598267}],"widgets":{"29":{"angle":0,"key":"29","va":0,"vx":0,"vy":0,"x":10.260000228881836,"y":-14.34000015258789}}}}