{"puzzle":{"reqTiles":["Up"],"inputs":[{"x":0.5,"y":0.0,"balls":[{"type":2,"rate":0.6940104166666667}]},{"x":1.0,"y":0.8,"balls":[{"type":4,"rate":0.8125}]}],"outputs":[{"x":0.5,"y":1.0,"balls":[{"type":4,"rate":0.8125}]},{"x":1.0,"y":0.65,"balls":[{"type":2,"rate":0.6940104166666667}]}],"spec":{}},"blueprint":{"puzzle":"ed1f10d1-906b-5493-86ce-cbf60af4a416","title":"Twirl and a Dunk","submittedAt":"2024-04-14T23:22:56.166909042Z","widgets":{"0":{"angle":-1.5721755243627171,"type":"board","x":402,"y":265},"32":{"angle":1.5939570462358916,"type":"cushion","x":719.5557234,"y":103},"1":{"angle":-1.3989670770786162,"type":"board","x":402,"y":332},"2":{"angle":-0.7992132770424568,"type":"board","x":348,"y":446},"3":{"angle":-1.1006201827414355,"type":"board","x":383,"y":400},"35":{"angle":0,"speed":-36,"type":"spokedwheel","x":91.147493,"y":90.332732},"4":{"angle":-0.4672261126501636,"type":"board","x":290,"y":488},"5":{"angle":-0.15675853995824057,"type":"board","x":227,"y":509},"6":{"angle":0,"type":"board","x":160,"y":521},"38":{"angle":0,"type":"brick","x":227,"y":98},"39":{"angle":0,"type":"brick","x":227,"y":123},"40":{"angle":0,"type":"brick","x":228,"y":149},"9":{"angle":1.2015927795559673,"type":"fan","x":302,"y":101},"41":{"angle":-1.7323333661023943,"type":"fan","x":699.20859,"y":710.774634},"10":{"angle":1.8388543525801966,"type":"fan","x":437,"y":212},"42":{"angle":2.452403516671766,"type":"fan","x":658,"y":416},"43":{"angle":0,"type":"brick","x":706,"y":525},"12":{"angle":1.5607966601082317,"type":"board","x":27,"y":407},"44":{"angle":2.7162785298154524,"type":"fan","x":423,"y":399},"13":{"angle":3.1278552947640357,"type":"board","x":87.6154071,"y":521},"45":{"angle":0,"sticker":"figure1-happy","type":"sticker","x":138,"y":448},"14":{"angle":-2.191002682326824,"type":"fan","x":44.174233,"y":569},"15":{"angle":4.1817491534010625,"type":"fan","x":62,"y":448},"47":{"angle":-1.8690470950617113,"sticker":"figure3-happy","type":"sticker","x":356,"y":355},"16":{"angle":-1.8117093708596197,"type":"fan","x":63,"y":402},"48":{"angle":3.1426711525168347,"type":"fan","x":716.4595798,"y":702.4746928},"17":{"angle":1.5809767117546731,"type":"board","x":28,"y":275},"49":{"angle":0,"sticker":"squobject","type":"sticker","x":67,"y":489},"18":{"angle":-1.7349670506368775,"type":"fan","x":60,"y":366},"50":{"angle":0,"sticker":"figure2-happy","type":"sticker","x":634,"y":571},"19":{"angle":2.786407453220496,"type":"board","x":114,"y":176},"51":{"angle":0,"type":"cup","x":641,"y":36},"20":{"angle":-1.789030867830829,"type":"fan","x":59,"y":324},"52":{"angle":-1.1760052070951341,"type":"sword","x":196,"y":341},"53":{"angle":-1.8002091362387458,"type":"hammer","x":91,"y":333},"22":{"angle":-1.5715701361642591,"type":"fan","x":60,"y":219},"23":{"angle":0,"type":"board","x":484,"y":185},"24":{"angle":0,"type":"board","x":633.5,"y":186},"25":{"angle":-0.12986429921207407,"type":"fan","x":457,"y":215},"26":{"angle":1.018296090448938,"type":"cup","x":688,"y":498},"27":{"angle":0.20964427426818924,"type":"board","x":263,"y":76},"29":{"angle":1.5550126546891487,"type":"board","x":711,"y":266},"30":{"angle":1.8007029570651207,"type":"board","x":692,"y":395},"31":{"angle":1.5629894884515323,"type":"cushion","x":720.1805078,"y":41.1510018}}},"snapshot":{"balls":[{"age":1478,"angle":1.0216155052185059,"type":2,"va":-2.2151926532387733e-2,"vx":-8.076818659901619e-3,"vy":5.8244168758392334e-2,"x":13.646268844604492,"y":-10.069908142089844},{"age":1421,"angle":-1.3804430961608887,"type":4,"va":0.1282496154308319,"vx":-2.08718441426754e-2,"vy":9.43305906275782e-7,"x":8.480246543884277,"y":-14.62130355834961},{"age":1403,"angle":2.0975425243377686,"type":2,"va":-3.933194875717163,"vx":0.9202675223350525,"vy":-0.16054920852184296,"x":14.0437650680542,"y":-9.222555160522461},{"age":1291,"angle":1.2634042501449585,"type":2,"va":38.45379638671875,"vx":8.169809341430664,"vy":-0.4286177158355713,"x":4.179318428039551,"y":-0.8770360946655273},{"age":1091,"angle":2.954282522201538,"type":2,"va":1.5014581382274628e-2,"vx":-7.903466001152992e-3,"vy":5.19854910671711e-2,"x":13.944941520690918,"y":-9.958740234375},{"age":976,"angle":-1.8495668172836304,"type":2,"va":11.243241310119629,"vx":-7.316997647285461e-2,"vy":0.5344483852386475,"x":14.241722106933594,"y":-9.532622337341309},{"age":819,"angle":1.3315725326538086,"type":2,"va":-3.122363567352295,"vx":-0.1604781448841095,"vy":-4.952408790588379,"x":14.593031883239746,"y":-4.846923828125},{"age":761,"angle":2.391903877258301,"type":2,"va":-4.1529622077941895,"vx":-1.5515109300613403,"vy":0.3765132427215576,"x":14.288908958435059,"y":-8.753836631774902},{"age":666,"angle":-2.886904239654541,"type":2,"va":-30.68450164794922,"vx":4.7477827072143555,"vy":-1.2009285688400269,"x":12.800743103027344,"y":-2.3693737983703613},{"age":621,"angle":-2.4522180557250977,"type":2,"va":-15.366133689880371,"vx":-2.459665060043335,"vy":1.6600624322891235,"x":7.538680553436279,"y":-6.931049823760986},{"age":501,"angle":-0.3226158022880554,"type":2,"va":-7.623657703399658,"vx":1.242727518081665,"vy":-0.5308308005332947,"x":14.419450759887695,"y":-3.3502891063690186},{"age":408,"angle":-3.033003568649292,"type":2,"va":1.9251084327697754,"vx":-0.5276045799255371,"vy":1.081120491027832,"x":0.20269086956977844,"y":-9.861532211303711},{"age":313,"angle":-2.8776497840881348,"type":2,"va":8.29336166381836,"vx":-3.933920383453369,"vy":0.629707932472229,"x":0.41159331798553467,"y":-10.090484619140625},{"age":187,"angle":0.2744707763195038,"type":2,"va":11.53304672241211,"vx":-1.8366912603378296,"vy":-3.2394230365753174e-2,"x":1.743033528327942,"y":-10.080771446228027},{"age":105,"angle":2.7539853006601334e-2,"type":4,"va":-17.137468338012695,"vx":-6.002634525299072,"vy":-2.542768716812134,"x":12.000630378723145,"y":-10.120630264282227},{"age":35,"angle":-2.477015495300293,"type":4,"va":1.9957722425460815,"vx":-0.7516191005706787,"vy":-0.3958056569099426,"x":14.587135314941406,"y":-11.923072814941406},{"age":60,"angle":-1.7693732976913452,"type":2,"va":-3.483682155609131,"vx":0.11382030695676804,"vy":-6.31157922744751,"x":7.448526859283447,"y":-2.1002540588378906}],"widgets":{"35":{"angle":1.3060311079025269,"key":"35","va":-8.492568969726562,"vx":0,"vy":0,"x":1.8229498863220215,"y":-1.806654691696167}}}}