{"puzzle":{"reqTiles":["Up"],"inputs":[{"x":0.8,"y":0.0,"balls":[{"type":3,"rate":0.6812286376953125}]},{"x":1.0,"y":0.65,"balls":[{"type":1,"rate":0.565704345703125}]}],"outputs":[{"x":0.65,"y":1.0,"balls":[{"type":1,"rate":0.5718129475911459}]},{"x":1.0,"y":0.35,"balls":[{"type":3,"rate":0.6826934814453125}]}],"spec":{}},"blueprint":{"puzzle":"af7437ba-538f-5fb5-928a-6f12f00dab70","title":"Pin Point Precision permits proper processing preventing panic and pain","submittedAt":"2024-06-04T13:00:37.871671131Z","widgets":{"0":{"angle":-0.4759284236628664,"type":"board","x":539,"y":60},"1":{"angle":1.1286774936156898,"type":"anvil","x":346,"y":223},"2":{"angle":-2.1834964920596405,"type":"fan","x":456,"y":145},"3":{"angle":6.0988875458526964e-2,"type":"board","x":645.5,"y":275},"4":{"angle":8.215673519676098e-2,"type":"board","x":475,"y":261},"5":{"angle":-2.6943044366624402,"type":"fan","x":508,"y":160},"6":{"angle":-0.14972355592206446,"type":"sword","x":115,"y":528},"7":{"angle":-0.35784041565085195,"type":"board","x":421.225,"y":439},"8":{"angle":-1.9244859570788717,"type":"fan","x":696.6820178,"y":574},"9":{"angle":-1.586581507548496,"type":"cushion","x":719.8583994,"y":534},"10":{"angle":-6.654621467972843e-2,"type":"board","x":409,"y":380},"11":{"angle":-1.9478943954085493,"type":"fan","x":634,"y":599},"12":{"angle":0,"type":"anvil","x":268,"y":571},"13":{"angle":0.6599931257206602,"type":"board","x":433,"y":666},"14":{"angle":8.041765796986756e-2,"type":"board","x":352,"y":724.007},"15":{"angle":0.47972021421530514,"type":"board","x":200,"y":685},"16":{"angle":0.7905895767753081,"type":"board","x":100,"y":602},"17":{"angle":-0.7411834502060294,"type":"board","x":252,"y":267},"18":{"angle":-0.3194991244366778,"type":"board","x":200,"y":432},"19":{"angle":-2.1190251533548703,"type":"fan","x":120,"y":553},"20":{"angle":-0.15503195505153186,"type":"board","x":302,"y":399},"21":{"angle":0,"catMass":2,"type":"catswat","x":34.497,"y":717.0054},"22":{"angle":-1.5781449788754298,"type":"cup","x":23.6516727,"y":672.885},"23":{"height":46,"type":"repulsor","width":46,"x":233.498,"y":716.995},"24":{"angle":0.547981443877086,"type":"cushion","x":488,"y":702.0000039},"25":{"angle":0,"type":"fan","x":349,"y":311}}},"snapshot":{"balls":[{"age":367,"angle":-1.2867597341537476,"type":3,"va":-15.561904907226562,"vx":2.459402084350586,"vy":-0.18286946415901184,"x":13.662557601928711,"y":-5.207210063934326},{"age":352,"angle":-0.20258286595344543,"type":1,"va":-1.9078905582427979,"vx":-0.2170543521642685,"vy":-0.7306000590324402,"x":9.143367767333984,"y":-14.260905265808105},{"age":248,"angle":1.7561923265457153,"type":3,"va":-12.440801620483398,"vx":1.955219030380249,"vy":-0.18507541716098785,"x":10.307574272155762,"y":-4.9472832679748535},{"age":202,"angle":0.9892305135726929,"type":1,"va":29.94200897216797,"vx":-4.796943187713623,"vy":-4.148153781890869,"x":5.532613277435303,"y":-9.788351058959961},{"age":134,"angle":2.379929780960083,"type":1,"va":4.662674903869629,"vx":-4.802823066711426,"vy":0.9298238754272461,"x":10.891348838806152,"y":-7.7971978187561035},{"age":160,"angle":0.5389806628227234,"type":3,"va":5.04876708984375,"vx":1.3105008602142334,"vy":-6.489425897598267e-2,"x":7.405763626098633,"y":-3.0243775844573975},{"age":44,"angle":2.2135417461395264,"type":1,"va":-0.10789916664361954,"vx":-0.7276500463485718,"vy":-0.3457282781600952,"x":14.619461059570312,"y":-9.599604606628418},{"age":37,"angle":0.3587002754211426,"type":3,"va":7.085684299468994,"vx":-1.0011322498321533,"vy":-0.51603102684021,"x":11.669037818908691,"y":-0.3608565032482147}],"widgets":{"21":{"angle":0,"key":"21","va":0,"vx":0,"vy":0,"x":0.6899399757385254,"y":-14.340107917785645}}}}