{"puzzle":{"reqTiles":["Up"],"inputs":[{"x":0.8,"y":0.0,"balls":[{"type":2,"rate":0.26906331380208337}]},{"x":1.0,"y":0.5,"balls":[{"type":3,"rate":0.564453125}]}],"outputs":[{"x":0.8,"y":1.0,"balls":[{"type":3,"rate":0.5791015625}]},{"x":1.0,"y":0.2,"balls":[{"type":2,"rate":0.26906331380208337}]}],"spec":{}},"blueprint":{"puzzle":"1d1618f4-4370-557b-99bc-b7ea31b127f9","title":"a series of unfortunate bounces","submittedAt":"2024-04-29T19:05:49.007197721Z","widgets":{"1":{"angle":0.2331571761100565,"type":"board","x":428,"y":648},"2":{"angle":6.567339435001522e-2,"type":"board","x":260,"y":597},"3":{"angle":0.20499339916159462,"type":"board","x":87.499973,"y":561},"4":{"angle":-1.9997333973150015e-2,"type":"board","x":128,"y":497},"5":{"angle":-8.929152461746463e-2,"type":"board","x":303,"y":484},"6":{"angle":-0.13874877275625275,"type":"board","x":478,"y":462},"7":{"angle":-0.1667515417793126,"type":"board","x":647.060805,"y":423},"39":{"angle":0,"type":"cushion","x":636,"y":697},"8":{"angle":-0.7833789720924559,"type":"board","x":320,"y":116},"40":{"angle":2.483721911399854,"type":"fan","x":678.921312,"y":314},"9":{"angle":0,"type":"board","x":405,"y":404},"41":{"angle":1.5327969440668958,"type":"brick","x":652,"y":220},"10":{"angle":0,"type":"board","x":229,"y":406},"11":{"angle":-0.8927669813825674,"type":"board","x":227,"y":319},"43":{"angle":-0.8888256638195074,"type":"cushion","x":176,"y":372},"12":{"angle":-0.7753841919916576,"type":"board","x":346,"y":187},"44":{"angle":0,"type":"fan","x":169,"y":226},"13":{"angle":-0.7817778423656474,"type":"board","x":249,"y":216},"45":{"angle":0.23121563595305727,"type":"cushion","x":685,"y":172},"14":{"angle":-0.7249568500889428,"type":"board","x":120,"y":337},"46":{"angle":5.550837539059015e-2,"type":"cushion","x":697.98128,"y":271},"15":{"angle":-0.10516920819436495,"type":"board","x":471,"y":45},"47":{"angle":1.5375491588973202,"type":"cushion","x":651,"y":151},"16":{"angle":-0.21668376911766676,"type":"board","x":485,"y":116},"48":{"angle":0,"type":"cushion","x":535,"y":100},"17":{"angle":0,"type":"fan","x":48,"y":357},"49":{"angle":-0.9501712077688939,"type":"cushion","x":512,"y":363},"18":{"angle":-1.5840959599217852,"type":"fan","x":301,"y":332},"50":{"angle":-1.544486609541975,"type":"cushion","x":536,"y":199},"19":{"angle":-1.4213346885659988,"type":"fan","x":78,"y":589.45794},"51":{"angle":-1.618238446004014,"type":"cushion","x":538,"y":282},"20":{"angle":-1.4073541446366562,"type":"fan","x":76,"y":603},"52":{"angle":0,"type":"cushion","x":529,"y":138},"21":{"angle":-1.3324227084280187,"type":"fan","x":62.067362,"y":646},"22":{"angle":-1.357979337386717,"type":"fan","x":70,"y":618},"54":{"angle":-1.5837346066429094,"type":"brick","x":666,"y":34.171807},"23":{"angle":-1.3395553051953606,"type":"fan","x":65,"y":633},"55":{"angle":0.4330120355302273,"type":"cushion","x":694.6017175,"y":70},"24":{"angle":-1.3691309735087016,"type":"fan","x":82,"y":579},"56":{"angle":2.5812971201967736,"type":"fan","x":700.1643095,"y":304},"25":{"angle":0,"type":"brick","x":34,"y":398},"26":{"angle":-1.531854983697857,"type":"fan","x":348,"y":276},"27":{"angle":0,"type":"fan","x":211,"y":153},"28":{"angle":0,"type":"fan","x":95,"y":300},"29":{"angle":0.4567117757084013,"type":"fan","x":357,"y":44.019989},"30":{"angle":0.3702444796458168,"type":"fan","x":286,"y":51},"31":{"angle":-1.54178979593824,"type":"fan","x":253,"y":373}}},"snapshot":{"balls":[{"age":2,"angle":-2.934683084487915,"type":3,"va":0,"vx":0,"vy":-0.16350001096725464,"x":11.826730728149414,"y":-14.55606746673584},{"age":467,"angle":-0.3338034451007843,"type":3,"va":0.9074170589447021,"vx":2.6332216262817383,"vy":-4.374777317047119,"x":3.8691723346710205,"y":-11.366680145263672},{"age":492,"angle":0.29762905836105347,"type":2,"va":12.941844940185547,"vx":-4.880180358886719,"vy":3.9320571422576904,"x":10.58700942993164,"y":-7.653060436248779},{"age":329,"angle":-5.9103287756443024e-2,"type":3,"va":4.959368705749512,"vx":1.087428092956543,"vy":-1.1331082582473755,"x":0.3511940538883209,"y":-9.820759773254395},{"age":308,"angle":-0.9671255946159363,"type":2,"va":-10.566642761230469,"vx":1.5748711824417114,"vy":1.4778316020965576,"x":2.9741644859313965,"y":-7.272186279296875},{"age":241,"angle":1.0124257802963257,"type":3,"va":27.837255477905273,"vx":-4.391199588775635,"vy":-0.4585533142089844,"x":6.815074920654297,"y":-9.273717880249023},{"age":122,"angle":-2.069401264190674,"type":3,"va":12.027324676513672,"vx":-1.8703985214233398,"vy":-0.32832062244415283,"x":13.079009056091309,"y":-8.093871116638184}],"widgets":{}}}