{"puzzle":{"reqTiles":["Up"],"inputs":[{"x":0.35,"y":0.0,"balls":[{"type":4,"rate":0.8333740234375}]}],"outputs":[{"x":0.65,"y":1.0,"balls":[{"type":4,"rate":0.8333740234375}]}],"spec":{}},"blueprint":{"puzzle":"b6ccd23d-a9ac-5cb4-bae5-79339d0e5183","title":"SUnshine","submittedAt":"2024-05-27T13:58:13.540094527Z","widgets":{"0":{"angle":1.5507989928217465,"type":"board","x":242,"y":87.662464},"32":{"angle":0,"type":"brick","x":34,"y":726.5},"1":{"angle":-1.5775857472040151,"type":"board","x":276,"y":87.5590875},"33":{"angle":0,"type":"brick","x":251,"y":726.5},"2":{"angle":-0.879495649865978,"type":"board","x":91.635289,"y":586.21548},"34":{"angle":0,"type":"brick","x":232,"y":677},"66":{"angle":-0.38530075824814575,"type":"hammer","x":581,"y":217},"3":{"angle":1.0546308194512228,"type":"board","x":258,"y":658.098202},"35":{"angle":0,"type":"brick","x":166,"y":677},"67":{"angle":0.34189899141541447,"type":"hammer","x":582,"y":271},"4":{"angle":-0.6786149616038488,"type":"board","x":110.961585,"y":602},"36":{"angle":0,"type":"brick","x":100,"y":677},"68":{"angle":2.768961368897757,"type":"hammer","x":451,"y":271},"5":{"angle":0.7631795980707295,"type":"board","x":160,"y":531},"37":{"angle":0,"type":"brick","x":34,"y":677},"69":{"angle":3.5270034939384405,"type":"hammer","x":451,"y":220},"38":{"angle":0,"type":"brick","x":34,"y":702},"70":{"angle":-1.9789140054344585,"type":"hammer","x":484,"y":181},"7":{"angle":-2.3172930917274353,"type":"board","x":276.785018,"y":650.711643},"39":{"angle":0,"type":"brick","x":71,"y":702},"71":{"angle":1.1587898451823915,"type":"hammer","x":544,"y":313},"40":{"angle":0,"type":"brick","x":136,"y":702},"72":{"angle":-1.1822097328797359,"type":"hammer","x":540,"y":179},"9":{"angle":-2.409300604268618,"type":"sword","x":71,"y":448},"41":{"angle":0,"type":"brick","x":202,"y":702},"73":{"angle":1.9582171421559762,"type":"hammer","x":490,"y":311},"10":{"angle":0,"sticker":"figure2-sad","type":"sticker","x":606,"y":540.5},"42":{"angle":0,"type":"brick","x":232,"y":726.5},"74":{"angle":-0.7950264376438798,"type":"hammer","x":566,"y":193},"11":{"angle":3.138922432966814,"type":"cup","x":577,"y":673},"43":{"angle":0,"type":"brick","x":166,"y":726.5},"75":{"angle":2.356194490192345,"type":"hammer","x":467,"y":296},"12":{"angle":3.1340321132101394,"type":"cup","x":634,"y":716.3419215},"44":{"angle":0,"type":"brick","x":248,"y":702},"76":{"angle":-2.4207362353336253,"type":"hammer","x":463,"y":197},"13":{"angle":3.1366764066761297,"type":"cup","x":591,"y":716.397046},"45":{"angle":0.9429330248179248,"type":"board","x":273,"y":663.900897},"77":{"angle":0.7071140078491344,"type":"hammer","x":569,"y":295},"14":{"angle":3.1264490993697525,"type":"cup","x":655,"y":716.1846995},"46":{"angle":0,"type":"board","x":87.5,"y":656},"78":{"angle":-1.5940383011003951,"type":"hammer","x":512,"y":175},"15":{"angle":-3.1481645980640476,"type":"cup","x":614,"y":716.362505},"47":{"angle":-2.0507630407115416,"type":"board","x":250,"y":658.230904},"79":{"angle":1.565536293483385,"type":"hammer","x":516,"y":317},"16":{"angle":3.1280911593979703,"type":"cup","x":571,"y":716.2186175},"48":{"angle":-2.952446226619754,"type":"board","x":349,"y":714.7086775},"80":{"angle":-3.1328326253008036,"type":"hammer","x":445,"y":245},"49":{"angle":-2.536047989984824,"type":"board","x":311,"y":682.794421},"81":{"angle":0,"type":"hammer","x":586,"y":245},"18":{"angle":0,"type":"cup","x":110,"y":626},"50":{"angle":0,"type":"board","x":367,"y":731},"82":{"angle":0,"speed":25,"type":"spokedwheel","x":515.000005,"y":243.000005},"19":{"angle":0,"type":"cup","x":29,"y":625},"51":{"angle":0.40848109308520625,"type":"board","x":341,"y":696.984075},"83":{"angle":0,"speed":25,"type":"spokedwheel","x":513.999993,"y":240},"20":{"angle":0,"type":"cup","x":190,"y":626},"52":{"angle":0,"sticker":"figure3-happy","type":"sticker","x":386,"y":686.5},"84":{"angle":0,"speed":25,"type":"spokedwheel","x":513.000011,"y":241.000031},"21":{"angle":3.129750478626975,"type":"cup","x":620,"y":630},"53":{"angle":1.0587439113311627,"type":"board","x":257,"y":659.3129325},"85":{"angle":0,"speed":25,"type":"spokedwheel","x":512.000006,"y":239.999992},"22":{"angle":3.1294903700464634,"type":"cup","x":603,"y":628},"54":{"angle":0,"type":"board","x":156,"y":656},"86":{"angle":0,"speed":25,"type":"spokedwheel","x":512.999992,"y":239.999977},"23":{"angle":3.108262482642045,"type":"cup","x":626,"y":673},"55":{"angle":1.3186289463009002,"type":"board","x":132,"y":564},"87":{"angle":0,"speed":25,"type":"spokedwheel","x":514.000003,"y":241.000015},"24":{"angle":3.1215322250063577,"type":"cup","x":597,"y":674},"56":{"angle":0,"sticker":"kingbun","type":"sticker","x":189,"y":622},"88":{"angle":0,"speed":25,"type":"spokedwheel","x":514.000005,"y":240.000005},"25":{"angle":3.137992632653491,"type":"cup","x":612,"y":628},"57":{"angle":0,"sticker":"cat","type":"sticker","x":26,"y":625},"89":{"angle":0,"type":"ballstand","x":718,"y":692.5},"26":{"angle":3.141592653589793,"type":"cup","x":641,"y":628},"27":{"angle":3.1427514016227405,"type":"cup","x":583,"y":628},"28":{"angle":3.126224503151316,"type":"cup","x":612,"y":673},"60":{"angle":0,"catMass":2,"type":"catswat","x":117,"y":622},"29":{"angle":3.129356867479401,"type":"cup","x":648,"y":673},"61":{"angle":0,"sticker":"squobject","type":"sticker","x":637,"y":581.5},"30":{"angle":-2.621948873673524,"type":"sword","x":535,"y":530},"31":{"angle":0,"type":"brick","x":101,"y":726.5}}},"snapshot":{"balls":[{"age":1599,"angle":0.26285067200660706,"type":4,"va":2.3450798988342285,"vx":-1.690600998699665e-2,"vy":-4.641063213348389,"x":5.092206954956055,"y":-8.447976112365723},{"age":1530,"angle":-2.2766408920288086,"type":4,"va":-6.646478652954102,"vx":-1.8453968688845634e-2,"vy":-4.2623677253723145,"x":5.163844108581543,"y":-6.366587162017822},{"age":1462,"angle":-0.43450090289115906,"type":4,"va":7.828329086303711,"vx":-0.15908092260360718,"vy":-4.282519340515137,"x":5.1375837326049805,"y":-4.973188877105713},{"age":1365,"angle":0.5427497029304504,"type":4,"va":40.88861083984375,"vx":1.1291831731796265,"vy":-4.62668514251709,"x":5.638366222381592,"y":-4.790528774261475},{"age":1318,"angle":-1.1942322254180908,"type":4,"va":-42.98352813720703,"vx":-2.553856372833252,"vy":-4.670792102813721,"x":4.228734493255615,"y":-4.842059135437012},{"age":1204,"angle":-1.2486615180969238,"type":4,"va":6.184079647064209,"vx":1.043599471449852e-2,"vy":-0.5217794179916382,"x":5.204229354858398,"y":-3.4623427391052246},{"age":1003,"angle":3.0985920429229736,"type":4,"va":2.5714030265808105,"vx":2.1885528694838285e-3,"vy":-0.3224167227745056,"x":5.2635979652404785,"y":-3.1016578674316406},{"age":1004,"angle":-2.870973587036133,"type":4,"va":-3.8527863025665283,"vx":9.627616964280605e-3,"vy":-0.4813649356365204,"x":5.149930000305176,"y":-3.1673150062561035},{"age":843,"angle":-0.8701584339141846,"type":4,"va":-3.328913927078247,"vx":9.934844449162483e-3,"vy":-0.4967081546783447,"x":5.165293216705322,"y":-2.847450017929077},{"age":849,"angle":-1.3815300464630127,"type":4,"va":5.537677764892578,"vx":3.487016074359417e-3,"vy":-0.5136086344718933,"x":5.2238593101501465,"y":-2.616112470626831},{"age":795,"angle":-2.8760387897491455,"type":4,"va":5.196008205413818,"vx":2.600906416773796e-3,"vy":-0.3830025792121887,"x":5.217473030090332,"y":-2.1074647903442383},{"age":727,"angle":5.2626799792051315e-2,"type":4,"va":-2.37872314453125,"vx":1.2258791364729404e-2,"vy":-0.6129321455955505,"x":5.155844211578369,"y":-2.342782974243164},{"age":653,"angle":2.7646167278289795,"type":4,"va":-1.7427541017532349,"vx":9.328535757958889e-3,"vy":-0.4664227366447449,"x":5.143500328063965,"y":-1.833568811416626},{"age":589,"angle":-1.8612141609191895,"type":4,"va":3.950268030166626,"vx":1.4448887668550014e-3,"vy":-0.21280957758426666,"x":5.230223178863525,"y":-1.6117219924926758},{"age":515,"angle":-2.448725938796997,"type":4,"va":-1.744719386100769,"vx":7.790209725499153e-3,"vy":-0.3895093500614166,