{"puzzle":{"reqTiles":["Up","Left"],"inputs":[{"x":0.35,"y":0.0,"balls":[{"type":3,"rate":1.0}]},{"x":0.0,"y":0.5,"balls":[{"type":2,"rate":0.6940104166666667}]}],"outputs":[{"x":0.8,"y":1.0,"balls":[{"type":2,"rate":0.6940104166666667}]},{"x":0.0,"y":0.65,"balls":[{"type":3,"rate":1.0}]}],"spec":{}},"blueprint":{"puzzle":"2d827eb0-80c0-57d3-bd57-2dc51adca083","title":"Potential Energy for my Potential Friends, Kinetic Energy for my Real Friends ","submittedAt":"2024-04-12T16:58:38.595819772Z","widgets":{"0":{"angle":1.7015639030419383,"type":"board","x":325,"y":417},"1":{"angle":0.3003614033589081,"type":"board","x":86.2454,"y":404},"2":{"angle":0.27684042756341376,"type":"board","x":181,"y":430},"34":{"angle":4.950812160913792,"type":"rightbumper","x":385,"y":678.215},"3":{"angle":-1.3001699864492307,"type":"fan","x":139,"y":480},"4":{"angle":0,"type":"fan","x":126,"y":240},"5":{"angle":-1.3358304079242738,"type":"fan","x":226,"y":527},"6":{"angle":-0.9969278010012256,"type":"fan","x":176,"y":495},"38":{"angle":-0.30040970510794024,"type":"rightbumper","x":197,"y":639.5},"7":{"angle":-1.2553406152699045,"type":"fan","x":337,"y":521},"39":{"angle":0.5712018744899255,"type":"cushion","x":315,"y":389},"8":{"angle":-1.1093421123876397,"type":"fan","x":422,"y":551},"40":{"angle":-0.24122179751332626,"type":"cushion","x":313,"y":352},"9":{"angle":-1.3076853216442135,"type":"board","x":636,"y":650},"10":{"angle":-1.573432618980219,"type":"board","x":404,"y":454},"42":{"type":"roundbumper","x":249,"y":677},"11":{"angle":-1.5657009459124913,"type":"board","x":495,"y":503},"43":{"angle":2.90556296637855,"type":"rightbumper","x":125,"y":474},"12":{"angle":-1.584914793308964,"type":"board","x":655,"y":484},"44":{"type":"roundbumper","x":102,"y":440},"13":{"angle":-1.7260205768747279,"type":"board","x":642,"y":344},"45":{"angle":0,"type":"cushion","x":41,"y":415},"14":{"angle":-1.6706687989032152,"type":"cushion","x":529,"y":697.2600263},"46":{"type":"roundbumper","x":169,"y":500},"15":{"angle":1.122467340771889,"type":"cushion","x":512,"y":638},"47":{"type":"roundbumper","x":54,"y":561},"16":{"angle":-1.7523306072427405,"type":"cushion","x":502,"y":589},"48":{"angle":0.520647006319232,"sticker":"figure3-happy","type":"sticker","x":481,"y":351},"17":{"angle":-1.74479204363929,"type":"brick","x":253,"y":478},"49":{"angle":0,"sticker":"determinism","type":"sticker","x":628,"y":208},"18":{"angle":0,"type":"board","x":263,"y":682},"19":{"angle":-1.5537286964403976,"type":"brick","x":316,"y":538},"20":{"angle":-1.4653100046474299,"type":"fan","x":269,"y":632},"21":{"height":10,"type":"attractor","width":150,"x":83,"y":510},"22":{"height":72,"type":"attractor","width":72,"x":36,"y":466.5},"24":{"type":"roundbumper","x":322,"y":569},"25":{"angle":-0.8579822723236402,"type":"cushion","x":400,"y":596},"26":{"angle":-0.4215230197997864,"type":"cushion","x":465,"y":663},"28":{"angle":0.36960143285329905,"type":"board","x":84.8423985,"y":568},"29":{"height":10,"type":"repulsor","width":150,"x":75,"y":615},"30":{"type":"roundbumper","x":105,"y":586},"31":{"type":"roundbumper","x":167,"y":613}}},"snapshot":{"balls":[{"age":1556,"angle":1.6276048421859741,"type":3,"va":31.10110855102539,"vx":-0.4726208746433258,"vy":3.6631407737731934,"x":1.0797159671783447,"y":-10.195035934448242},{"age":1354,"angle":1.9714380502700806,"type":3,"va":15.37978744506836,"vx":1.7204642295837402,"vy":-0.7902353405952454,"x":5.359914302825928,"y":-11.287368774414062},{"age":1215,"angle":1.2631689310073853,"type":3,"va":10.031636238098145,"vx":-7.981439679861069e-2,"vy":-0.10031579434871674,"x":0.6166261434555054,"y":-8.986579895019531},{"age":1067,"angle":-2.4298195838928223,"type":3,"va":3.7946035861968994,"vx":0.6751293540000916,"vy":1.6017978191375732,"x":4.9359049797058105,"y":-10.980987548828125},{"age":971,"angle":9.928884357213974e-2,"type":3,"va":-4.445827484130859,"vx":-0.40552714467048645,"vy":-0.5503537654876709,"x":4.602810382843018,"y":-11.158524513244629},{"age":817,"angle":0.5654980540275574,"type":3,"va":-12.803894996643066,"vx":-4.9536871910095215,"vy":-2.0056002140045166,"x":1.3507184982299805,"y":-10.455523490905762},{"age":742,"angle":-2.802388906478882,"type":3,"va":19.07901954650879,"vx":-2.2294018268585205,"vy":-0.1748378723859787,"x":4.459734916687012,"y":-11.435248374938965},{"age":710,"angle":2.1845316886901855,"type":3,"va":-29.345712661743164,"vx":-1.5875293016433716,"vy":5.403022289276123,"x":1.0331768989562988,"y":-9.867339134216309},{"age":665,"angle":-0.4015195369720459,"type":3,"va":-18.278030395507812,"vx":-1.4685441255569458,"vy":1.1603991985321045,"x":4.963376522064209,"y":-11.291516304016113},{"age":589,"angle":-4.67255637049675e-2,"type":3,"va":-1.2570589780807495,"vx":-1.5026507377624512,"vy":-1.3861726522445679,"x":0.7675762176513672,"y":-10.212953567504883},{"age":510,"angle":-1.9604476690292358,"type":3,"va":19.174835205078125,"vx":-3.571378439664841e-2,"vy":-2.260154962539673,"x":5.891896724700928,"y":-10.896020889282227},{"age":467,"angle":1.846930980682373,"type":3,"va":15.648589134216309,"vx":1.2694631814956665,"vy":1.9614622592926025,"x":4.926429271697998,"y":-10.580994606018066},{"age":436,"angle":-2.532536506652832,"type":3,"va":-21.410276412963867,"vx":-2.2691402435302734,"vy":-3.3303637504577637,"x":5.575418949127197,"y":-10.79736042022705},{"age":305,"angle":-2.7083139419555664,"type":2,"va":-4.659035682678223,"vx":1.9367454051971436,"vy":0.9356578588485718,"x":11.793984413146973,"y":-13.417131423950195},{"age":356,"angle":2.599243402481079,"type":3,"va":29.740901947021484,"vx":-1.2690705060958862,"vy":2.384182929992676,"x":4.763632774353027,"y":-11.523265838623047},{"age":255,"angle":0.10727766156196594,"type":2,"va":20.78526496887207,"vx":-4.210811614990234,"vy":-5.612203121185303,"x":11.958565711975098,"y":-8.874186515808105},{"age":305,"angle":0.5674341320991516,"type":3,"va":4.48089075088501,"vx":2.7894458770751953,"vy":5.293910503387451,"x":5.272789478302002,"y":-11.516922950744629},{"age":264,"angle":-0.26141175627708435,"type":3,"va":-13.70738697052002,"vx":-3.255781888961792,"vy":-2.2499637603759766,"x":5.691188812255859,"y":-10.494787216186523},{"age":192,"angle":-1.386695384979248,"type":2,"va":-13.80634880065918,"vx":6.628641128540039,"vy":1.4188873767852783,"x":7.638099193572998,"y":-5.682608604431152},{"age":177,"angle":-1.5016398429870605,"type":3,"va":1.9457656145095825,"vx":-1.4773563146591187,"vy":-2.3632845878601074,"x":5.770555019378662,"y":-10.183659553527832},{"age":142,"angle":1.870989441871643,"type":2,"va":-14.37907600402832,"vx":3.143566131591797,"vy":1.0441699028015137,"x":3.0560460090637207,"y":-7.797378063201904},{"age":74,"angle":-2.889735460281372,"type":2,"va":-7.978228569030762,"vx":1.4297457933425903,"vy":-0.46037977933883667,"x":1.2927508354187012,"y":-7.591879367828369},{"age":101,"angle":-2.905822992324829,"type":3,"va":2.7690720558166504,"vx":0.37151119112968445,"vy":-12.424324989318848,"x":5.254218578338623,"y":-8.430715560913086},{"age":69,"angle":2.5653610229492188,"type":3,"va":-4.37876558303833,"vx":0.10496436059474945,"vy":-8.885031700134277,"x":5.217464923858643,"y":-4.114574909210205}],"widgets":{}}}