{"puzzle":{"reqTiles":["Up"],"inputs":[{"x":0.2,"y":0.0,"balls":[{"type":2,"rate":1.0}]}],"outputs":[{"x":0.5,"y":1.0,"balls":[{"type":2,"rate":1.0}]}],"spec":{}},"blueprint":{"puzzle":"6010c36f-b726-5528-a0be-510b76f6a0d2","title":"makeshift Particle accelerator","submittedAt":"2024-04-06T18:52:15.952252746Z","widgets":{"0":{"angle":1.5720665189205467,"type":"board","x":400,"y":140},"32":{"angle":2.4883461738933144,"type":"fan","x":427,"y":578},"1":{"angle":1.5831256339962365,"type":"board","x":398,"y":311},"33":{"angle":2.520525645913992,"type":"fan","x":427,"y":528},"2":{"angle":1.5919186740330324,"type":"board","x":395,"y":480},"34":{"angle":2.5288391590230757,"type":"fan","x":430,"y":481},"3":{"angle":1.580442973352865,"type":"board","x":393,"y":651},"35":{"angle":2.666272612370743,"type":"fan","x":426,"y":431},"4":{"angle":0,"type":"board","x":261,"y":66},"36":{"angle":2.438051957091395,"type":"fan","x":430,"y":625},"5":{"angle":1.5735348245982963,"type":"board","x":354,"y":143},"37":{"angle":2.405124676615091,"type":"fan","x":429,"y":675},"6":{"angle":1.578042576774795,"type":"board","x":351,"y":312},"38":{"angle":-0.2473385724116839,"type":"fan","x":145,"y":103.2287},"7":{"angle":1.584061444089499,"type":"board","x":349,"y":482},"39":{"angle":2.1978831624845805,"type":"fan","x":434,"y":60.1132},"8":{"angle":1.5609235979631746,"type":"board","x":348,"y":652.4154331},"40":{"angle":0.22736881290198904,"type":"board","x":377,"y":28.4921795},"9":{"angle":0,"type":"board","x":90,"y":65},"10":{"angle":0,"type":"fan","x":81,"y":37.5},"42":{"angle":0,"type":"board","x":258,"y":9},"11":{"angle":1.1635294390212503,"type":"board","x":414,"y":83.9080215},"12":{"angle":0.7144491748663349,"type":"fan","x":318,"y":439},"13":{"angle":0.792059869995767,"type":"fan","x":320,"y":393},"14":{"angle":0.6613501154674913,"type":"fan","x":320,"y":335},"15":{"angle":0.6437524157246612,"type":"fan","x":321,"y":290},"16":{"angle":0.6781623005278401,"type":"fan","x":319,"y":239},"17":{"angle":0.6561510531337531,"type":"fan","x":318,"y":187},"18":{"angle":0.5984732415976778,"type":"fan","x":319,"y":137},"19":{"angle":0.7004203207442458,"type":"fan","x":319,"y":89},"20":{"angle":0.6468663840921861,"type":"fan","x":316,"y":492},"21":{"angle":2.383001098709817,"type":"fan","x":435,"y":108},"22":{"angle":0.7906792281839436,"type":"fan","x":313,"y":678},"23":{"angle":0.6791227573573622,"type":"fan","x":315,"y":632},"24":{"angle":0.6993786259746789,"type":"fan","x":318,"y":584},"25":{"angle":0.7733799093437888,"type":"fan","x":318,"y":537},"26":{"angle":2.588390570140208,"type":"fan","x":430,"y":384},"27":{"angle":2.6313265027535993,"type":"fan","x":437,"y":335},"28":{"angle":2.5932051223425843,"type":"fan","x":435,"y":289},"29":{"angle":2.4680605078196383,"type":"fan","x":438,"y":244},"30":{"angle":2.5146061917075224,"type":"fan","x":437,"y":198},"31":{"angle":2.498183889557057,"type":"fan","x":434,"y":154}}},"snapshot":{"balls":[{"age":5,"angle":1.7933200597763062,"type":2,"va":-0.4932277500629425,"vx":-4.5531436800956726e-2,"vy":-1.595932960510254,"x":7.456843376159668,"y":-14.583930015563965},{"age":132,"angle":-2.3225903511047363,"type":2,"va":12.518306732177734,"vx":-1.9092618227005005,"vy":-29.331918716430664,"x":7.360459804534912,"y":-11.092743873596191},{"age":45,"angle":1.0658119916915894,"type":2,"va":5.455798625946045,"vx":1.1250858306884766,"vy":-1.1284215450286865,"x":3.2126071453094482,"y":-0.4262939393520355}],"widgets":{}}}