{"puzzle":{"reqTiles":["Up","Left"],"inputs":[{"x":0.35,"y":0.0,"balls":[{"type":2,"rate":0.83203125}]},{"x":0.0,"y":0.8,"balls":[{"type":1,"rate":0.625}]}],"outputs":[{"x":0.2,"y":1.0,"balls":[{"type":1,"rate":0.625}]},{"x":0.0,"y":0.5,"balls":[{"type":2,"rate":0.83203125}]}],"spec":{}},"blueprint":{"puzzle":"11711a1e-2863-5921-b23d-6bf98d2af984","title":"Turbo","submittedAt":"2024-04-11T23:09:01.335797847Z","widgets":{"0":{"angle":-1.5483679923730909,"type":"brick","x":513,"y":207},"32":{"angle":0.27812773382777817,"type":"brick","x":319,"y":419},"1":{"angle":1.6043486279338566,"type":"brick","x":445,"y":193},"33":{"angle":0,"type":"brick","x":370,"y":425},"2":{"angle":1.5499932041298308,"type":"brick","x":514,"y":98},"34":{"angle":-0.42075927345684033,"type":"brick","x":426,"y":412},"3":{"angle":1.1059928646548376,"type":"brick","x":498,"y":36.4346154},"35":{"angle":2.41368700317769,"type":"brick","x":472,"y":383},"4":{"angle":0,"type":"brick","x":457,"y":13.496},"36":{"angle":1.8098260221633815,"type":"brick","x":505,"y":332},"5":{"angle":-0.7179467538844468,"type":"brick","x":418,"y":32.5252104},"37":{"angle":-1.5736827248530998,"type":"brick","x":514,"y":268},"6":{"angle":-1.5878174565548948,"type":"brick","x":393,"y":34.215579},"38":{"angle":0,"type":"brick","x":421,"y":235},"7":{"angle":0,"type":"brick","x":373,"y":51},"39":{"angle":0,"speed":-186,"type":"spokedwheel","x":376,"y":329},"8":{"angle":0,"type":"brick","x":316,"y":52},"40":{"angle":0,"type":"board","x":145,"y":391},"9":{"angle":-1.5016194747848524,"type":"brick","x":450,"y":122},"41":{"angle":0,"type":"board","x":87.494,"y":388},"10":{"angle":-1.0586051407482648,"type":"brick","x":438,"y":177},"42":{"angle":0,"type":"board","x":87.493727,"y":348},"11":{"angle":-0.6353681894235751,"type":"brick","x":410,"y":216},"43":{"angle":0,"type":"board","x":138,"y":346},"12":{"angle":-0.11337439548506177,"type":"brick","x":363,"y":234},"44":{"angle":3.7749007667108696,"type":"fan","x":226,"y":425},"13":{"angle":0.27227968666722774,"type":"brick","x":313,"y":226},"45":{"angle":2.7646479438971743,"type":"fan","x":158.493,"y":314},"14":{"angle":0.6787970287158743,"type":"brick","x":271,"y":202},"46":{"angle":2.6758714281799643,"type":"fan","x":229,"y":305},"15":{"angle":1.2362047734422321,"type":"brick","x":241,"y":159},"47":{"angle":-2.5439565414626246,"type":"fan","x":155,"y":423},"16":{"angle":1.5537941966128461,"type":"brick","x":229,"y":96},"48":{"angle":6.528543781234201e-2,"type":"fan","x":251,"y":272},"17":{"angle":1.565534807161941,"type":"brick","x":288,"y":34.0614344},"49":{"angle":0,"type":"fan","x":217,"y":91.49},"18":{"angle":1.5908174761602607,"type":"brick","x":231,"y":34.254291},"50":{"angle":1.8610254680652336,"type":"fan","x":537,"y":33.2388071},"19":{"angle":0,"speed":108,"type":"spokedwheel","x":352,"y":144},"51":{"angle":-1.944419806531995,"sticker":"determinism","type":"sticker","x":191,"y":180},"20":{"angle":-3.12901819630498,"catMass":2,"type":"catswat","x":533,"y":152},"52":{"angle":0,"sticker":"kingbun","type":"sticker","x":320,"y":22},"53":{"angle":0,"sticker":"cat","type":"sticker","x":52,"y":364},"22":{"angle":1.2307379772543534,"type":"fan","x":43.1795087,"y":544},"55":{"angle":0,"sticker":"figure2-happy","type":"sticker","x":587,"y":667.507},"56":{"angle":0,"sticker":"figure3-happy","type":"sticker","x":56,"y":284},"28":{"angle":-0.6825258173272362,"type":"brick","x":309,"y":259},"29":{"angle":-1.3999094775630878,"type":"brick","x":280,"y":317},"30":{"angle":0.2282915200192288,"type":"brick","x":255,"y":348},"31":{"angle":0.2549416865397061,"type":"brick","x":261,"y":403}}},"snapshot":{"balls":[{"age":367,"angle":1.8292136192321777,"type":2,"va":43.821964263916016,"vx":-9.520697593688965,"vy":1.8954339027404785,"x":8.793326377868652,"y":-7.0578227043151855},{"age":198,"angle":-0.12890255451202393,"type":2,"va":191.9446563720703,"vx":-36.627628326416016,"vy":6.378098011016846,"x":7.941529273986816,"y":-7.856017589569092},{"age":3,"angle":-2.1344354152679443,"type":1,"va":-0.2398448884487152,"vx":0.7282596230506897,"vy":-0.8318102359771729,"x":2.854046583175659,"y":-14.541533470153809},{"age":95,"angle":1.0198196172714233,"type":2,"va":-96.50733184814453,"vx":9.092730522155762,"vy":13.850824356079102,"x":8.228140830993652,"y":-3.0910019874572754},{"age":18,"angle":7.923374325037003e-2,"type":2,"va":2.322783946990967,"vx":-8.099096268415451e-2,"vy":-1.0587248802185059,"x":5.182143211364746,"y":-9.460166096687317e-2}],"widgets":{"19":{"angle":2.3362691402435303,"key":"19","va":26.405548095703125,"vx":0,"vy":0,"x":7.039999961853027,"y":-2.880000114440918},"20":{"angle":3.1290183067321777,"key":"20","va":0,"vx":0,"vy":0,"x":10.65999984741211,"y":-3.0399999618530273},"39":{"angle":-2.833779811859131,"key":"39","va":-43.63600158691406,"vx":0,"vy":0,"x":7.519999980926514,"y":-6.579999923706055}}}}