{"puzzle":{"reqTiles":["Up","Left"],"inputs":[{"x":0.35,"y":0.0,"balls":[{"type":4,"rate":0.833251953125}]},{"x":0.0,"y":0.2,"balls":[{"type":3,"rate":0.6615447998046875}]}],"outputs":[{"x":0.65,"y":1.0,"balls":[{"type":3,"rate":0.6615447998046875}]},{"x":0.0,"y":0.65,"balls":[{"type":4,"rate":0.833251953125}]}],"spec":{}},"blueprint":{"puzzle":"dbfb244d-716f-5871-ae6d-3efe9f5c762f","title":"Look at the stars","submittedAt":"2024-05-22T12:32:44.12438108Z","widgets":{"0":{"angle":8.108212285144419e-2,"type":"board","x":107,"y":177},"32":{"angle":2.2914992652206307,"type":"fan","x":670,"y":102},"64":{"angle":0,"type":"brick","x":137,"y":560},"1":{"angle":9.51403433107289e-2,"type":"board","x":273,"y":194},"33":{"angle":2.44091239551943,"type":"sword","x":672,"y":391},"65":{"angle":0,"type":"brick","x":34,"y":722},"2":{"angle":3.0043611496311642e-2,"type":"board","x":444,"y":205},"34":{"angle":0,"speed":25,"type":"spokedwheel","x":475,"y":514},"66":{"angle":0,"type":"brick","x":34,"y":694},"3":{"angle":-3.1911397889863986,"type":"fan","x":660,"y":238},"35":{"angle":0,"type":"prism","x":641,"y":663},"67":{"angle":0,"type":"brick","x":34,"y":665},"4":{"angle":-4.356577129789822e-2,"type":"board","x":444,"y":256},"36":{"angle":-5.227006413905424,"type":"prism","x":524,"y":636},"68":{"angle":0,"type":"brick","x":55,"y":664},"5":{"angle":-0.10841116975571878,"type":"board","x":278,"y":271},"37":{"angle":-3.142791531132573,"type":"prism","x":638,"y":679},"69":{"angle":0,"type":"brick","x":34,"y":637},"6":{"angle":-3.1173962321230424,"type":"fan","x":241,"y":458},"38":{"angle":-2.1009789465752755,"type":"prism","x":498,"y":651},"70":{"angle":0,"type":"brick","x":34,"y":614},"7":{"angle":0,"type":"brick","x":48,"y":508},"39":{"angle":-1.0202699989106807,"type":"prism","x":589,"y":509},"71":{"angle":0,"type":"brick","x":57,"y":613},"8":{"angle":0,"type":"brick","x":253,"y":510},"40":{"angle":2.0923811645974175,"type":"prism","x":610,"y":524.657},"72":{"angle":0,"type":"brick","x":270,"y":584},"9":{"angle":0,"type":"brick","x":185,"y":510},"41":{"height":10,"type":"attractor","width":150,"x":415,"y":376},"10":{"angle":0,"type":"brick","x":117,"y":509},"74":{"angle":0,"type":"brick","x":52,"y":722},"11":{"angle":1.5801913670668255,"type":"sword","x":267,"y":460},"43":{"angle":0,"type":"brick","x":34,"y":560},"75":{"type":"roundbumper","x":668,"y":350},"12":{"angle":2.52549619736159,"type":"cushion","x":332,"y":289},"44":{"angle":0,"type":"brick","x":138,"y":559},"76":{"height":104,"type":"attractor","width":104,"x":220,"y":351},"13":{"angle":0,"speed":25,"type":"spokedwheel","x":125.892,"y":329},"45":{"angle":0,"type":"brick","x":203,"y":559},"77":{"angle":0,"sticker":"figure1-happy","type":"sticker","x":318,"y":673},"14":{"angle":0,"speed":25,"type":"spokedwheel","x":561,"y":376},"46":{"angle":0,"type":"brick","x":295,"y":558},"15":{"angle":0,"type":"rightbumper","x":314,"y":474},"47":{"angle":0,"type":"brick","x":270,"y":559},"79":{"angle":-1.5502813278778291,"type":"cup","x":225,"y":38},"16":{"angle":0,"type":"brick","x":255,"y":508},"48":{"angle":0,"type":"brick","x":34,"y":532},"80":{"angle":-2.829254818819213,"type":"cup","x":298,"y":137},"49":{"angle":0,"type":"brick","x":97,"y":532},"81":{"angle":-2.5152126614984462,"type":"cup","x":267,"y":121},"18":{"angle":0,"type":"rightbumper","x":355,"y":557},"50":{"angle":0,"type":"brick","x":163,"y":532},"82":{"angle":-2.1948554436026813,"type":"cup","x":245,"y":100},"19":{"angle":0,"type":"rightbumper","x":417,"y":692.5},"51":{"angle":0,"type":"brick","x":230,"y":532},"83":{"angle":-1.8838534361219637,"type":"cup","x":231,"y":72},"20":{"angle":0,"type":"rightbumper","x":394,"y":631},"52":{"angle":0,"type":"brick","x":296,"y":533},"84":{"angle":-3.0869314290704755,"type":"cup","x":332,"y":144},"21":{"angle":3.162337008633376,"type":"rightbumper","x":711.0207418,"y":611.929},"53":{"angle":1.5716505711910331,"type":"brick","x":79,"y":604},"85":{"angle":0,"sticker":"determinism","type":"sticker","x":165,"y":687},"22":{"angle":0,"type":"leftbumper","x":712,"y":692.5},"54":{"angle":0,"type":"brick","x":34,"y":586},"86":{"angle":0,"sticker":"kingbun","type":"sticker","x":198,"y":620},"23":{"angle":1.5761770062136093,"type":"board","x":296,"y":355},"55":{"angle":0,"type":"brick","x":70,"y":559},"87":{"angle":0,"sticker":"squobject","type":"sticker","x":127,"y":615},"24":{"angle":3.18064969828917,"type":"rightbumper","x":710.1666363,"y":521},"56":{"angle":1.549308262149445,"type":"brick","x":251,"y":607},"88":{"angle":2.883016862423462,"type":"fan","x":691.5,"y":196.6542},"25":{"angle":-2.9394311280074263,"type":"fan","x":671.449,"y":283},"57":{"angle":0,"type":"brick","x":295,"y":585},"26":{"angle":0,"type":"cushion","x":476,"y":278},"58":{"angle":1.5491884944922232,"type":"board","x":163,"y":652.3259308},"27":{"angle":1.5769079043476408,"type":"cushion","x":310,"y":402},"59":{"angle":0,"type":"board","x":168,"y":657},"28":{"angle":1.578626079904807,"type":"cushion","x":311,"y":358},"60":{"angle":1.5461750028882268,"type":"brick","x":250,"y":652},"29":{"angle":-0.5246548581855751,"type":"cushion","x":333,"y":300},"61":{"angle":1.5444671332726359,"type":"brick","x":250,"y":705.656393},"30":{"angle":0,"type":"cushion","x":403,"y":280},"62":{"angle":-1.580356352618694,"type":"brick","x":78,"y":705.8735067},"31":{"angle":2.367829893074046,"type":"rightbumper","x":676,"y":456},"63":{"angle":1.5563845317078462,"type":"brick","x":79,"y":651.809}}},"snapshot":{"balls":[{"age":1470,"angle":-0.15726442635059357,"type":3,"va":1.9041579961776733,"vx":-0.754327654838562,"vy":-0.4530904293060303,"x":9.849527359008789,"y":-14.432588577270508},{"age":1000,"angle":-0.49292826652526855,"type":3,"va":-0.49693164229393005,"vx":7.918483763933182e-2,"vy":0,"x":11.09858226776123,"y":-14.621304512023926},{"age":956,"angle":-3.029498815536499,"type":3,"va":-0.4596051573753357,"vx":7.346583157777786e-2,"vy":0,"x":10.777939796447754,"y":-14.621304512023926},{"age":789,"angle":0.34437069296836853,"type":3,"va":10.456232070922852,"vx":3.2492992877960205,"vy":4.2820677161216736e-2,"x":8.640417098999023,"y":-9.366783142089844},{"age":661,"angle":1.5373222827911377,"type":3,"va":-49.993812561035156,"vx":6.844967365264893,"vy":11.143013000488281,"x":9.660840034484863,"y":-13.241170883178711},{"age":650,"angle":2.1948840618133545,"type":4,"va":-11.555794715881348,"vx":-1.2309390306472778,"vy":-1.0675091743469238,"x":8.282445907592773,"y":-7.901899337768555},{"age":603,"angle":-1.763584278523922e-2,"type":3,"va":21.00017547607422,"vx":3.956084728240967,"vy":6.771979331970215,"x":12.133605003356934,"y":-10.849493026733398},{"age":485,"angle":-1.8315868377685547,"type":3,"va":-11.063312530517578,"vx":-0.4157092273235321,"vy":-6.728517532348633,"x":11.166051864624023,"y":-5.988502025604248},{"age":8,"angle":-2.9803757667541504,"type":4,"va":-1.1218252182006836,"vx":-0.7296130657196045,"vy":0.47117775678634644,"x":0.21745507419109344,"y":-9.6065092086792},{"age":384,"angle":0.8306832313537598,"type":3,"va":-19.29380989074707,"vx":3.0515434741973877,"vy":-0.1459037810564041,"x":10.08743667602539,"y":-3.7983720302581787},{"age":403,"angle":-2.050581932067871,"type":4,"va":19.965227127075195,"vx":-4.069238185882568,"vy":-0.7171924710273743,"x":5.101140022277832,"y":-5.084401607513428},{"age":365,"angle":-2.902003288269043,"type":4,"va":12.400922775268555,"vx":-6.321681976318359,"vy":-2.3362174034118652,"x":6.020654678344727,"y":-4.9893999099731445},{"age":290,"angle":2.904083728790283,"type":3,"va":-13.803666114807129,"vx":2.178389310836792,"vy":-0.24058637022972107,"x":4.804901123046875,"y":-3.4777908325195312},{"age":258,"angle":1.7264587879180908,"type":4,"va":21.938823699951172,"vx":-11.201170921325684,"vy":0.49424201250076294,"x":8.899494171142578,"y":-4.620021820068359},{"age":217,"angle":2.4481072425842285,"type":3,"va":-11.907529830932617,"vx":1.8732720613479614,"vy":-0.1601724475622177,"x":3.532445192337036,"y":-3.3138420581817627},{"age":156,