{"puzzle":{"reqTiles":["Up"],"inputs":[{"x":0.2,"y":0.0,"balls":[{"type":2,"rate":0.5559895833333334}]},{"x":1.0,"y":0.8,"balls":[{"type":1,"rate":0.7578125}]}],"outputs":[{"x":0.2,"y":1.0,"balls":[{"type":1,"rate":0.7578125}]},{"x":1.0,"y":0.5,"balls":[{"type":2,"rate":0.5559895833333334}]}],"spec":{}},"blueprint":{"puzzle":"e501babc-ce84-5691-85b3-0d7722dde271","title":"Error-correcting Sword sort","submittedAt":"2024-04-11T14:10:27.712435307Z","widgets":{"0":{"angle":1.5752456320844848,"type":"board","x":163,"y":151},"64":{"angle":2.38722767950104,"type":"fan","x":342,"y":660},"1":{"angle":0.5023777943325018,"type":"board","x":321,"y":516},"2":{"angle":-5.2468288905773854e-2,"type":"board","x":648,"y":626},"34":{"angle":5.7765820159e-2,"type":"board","x":647.278,"y":387},"66":{"angle":0,"catMass":2,"type":"catswat","x":69,"y":717},"35":{"angle":-3.05729890588433,"type":"fan","x":542,"y":700.6546035},"4":{"angle":-1.3678578886817205,"type":"fan","x":93.5,"y":528},"68":{"angle":1.2449431630742565,"type":"cushion","x":644,"y":240},"5":{"angle":-3.8747417963544857,"type":"fan","x":697.442344,"y":494},"69":{"angle":1.6286014556600859,"type":"cushion","x":718.1638761,"y":180},"6":{"angle":-2.2100143527601013,"type":"fan","x":273,"y":662},"70":{"angle":-2.8430937220036134,"type":"fan","x":374,"y":512},"39":{"angle":-2.2439430664176037,"type":"cushion","x":594,"y":313},"71":{"angle":-1.5810955880836397,"type":"fan","x":204,"y":638},"8":{"angle":1.452436640877547,"type":"board","x":106.3065,"y":404},"40":{"angle":3.907553859422242e-2,"type":"board","x":362,"y":82},"72":{"angle":-1.3687004490335726,"type":"fan","x":71,"y":446},"9":{"angle":0.8132076638414346,"type":"board","x":176,"y":549},"41":{"angle":-0.5880026035475683,"type":"brick","x":88,"y":30.092475},"73":{"angle":2.764343593947434,"type":"fan","x":335,"y":352},"10":{"angle":-2.516099634255977,"type":"fan","x":647,"y":666},"42":{"angle":3.9930821148057745e-2,"type":"board","x":482,"y":88},"74":{"angle":-2.0991477725629104,"type":"fan","x":213,"y":292},"11":{"angle":4.0693621810483736,"type":"fan","x":236,"y":360},"43":{"angle":-5.8583319698630634e-2,"type":"board","x":652.1232018,"y":138},"75":{"angle":-1.943753567295244,"type":"fan","x":198,"y":227},"12":{"angle":-1.6423439428708857,"type":"fan","x":156,"y":593},"44":{"angle":-6.193618455080465e-2,"type":"board","x":488,"y":148},"76":{"angle":-1.3548780142190788,"type":"fan","x":46,"y":317},"13":{"angle":-1.4866485593634957,"type":"fan","x":53.3425,"y":375},"77":{"angle":-0.6251595694530504,"type":"fan","x":41.0014575,"y":186},"78":{"angle":4.125318501537098e-2,"type":"board","x":652.203289,"y":538},"47":{"angle":-5.666354518295813e-2,"type":"board","x":396,"y":155},"79":{"angle":1.4226162396799564,"type":"board","x":562,"y":447},"81":{"angle":-2.837519952302477,"type":"fan","x":706.350225,"y":663},"18":{"angle":0.7700203666141763,"type":"cushion","x":411.115,"y":552},"82":{"angle":1.208891256781819,"type":"board","x":39.3970035,"y":606},"19":{"angle":5.722510180693734e-2,"type":"board","x":254,"y":78},"83":{"angle":6.529947801405508e-2,"type":"board","x":145,"y":684},"20":{"angle":1.4173909855475242,"type":"board","x":86.2763,"y":243},"84":{"angle":-1.830918299104365,"type":"cushion","x":652,"y":44.63608},"21":{"angle":0.40366080591546466,"type":"sword","x":409,"y":343},"53":{"angle":-3.6564781585160517,"type":"sword","x":519,"y":470},"85":{"angle":2.735070436280848,"type":"sword","x":508,"y":661.366},"54":{"angle":0.11139839083922455,"type":"board","x":271,"y":219},"23":{"angle":3.3607173241548156,"type":"board","x":314,"y":634},"87":{"angle":1.7675003971741943,"type":"sword","x":485,"y":216},"25":{"angle":1.8022333727553135,"type":"cushion","x":534,"y":402},"89":{"angle":1.1118485130283247,"type":"sword","x":207,"y":147},"90":{"angle":2.1595736341957488,"type":"sword","x":684.6315875,"y":69.4584375},"27":{"angle":1.436880920991077,"type":"board","x":65,"y":87.9182565},"59":{"angle":0,"type":"board","x":335,"y":480},"91":{"angle":-2.4862997953336374,"type":"sword","x":567,"y":377},"28":{"angle":-1.33553979736362,"type":"fan","x":41.9447245,"y":255},"60":{"angle":-1.6334640471582789,"type":"board","x":358,"y":309},"92":{"angle":-1.3807430099172093,"type":"cushion","x":398,"y":519},"61":{"angle":0,"type":"board","x":284,"y":391},"93":{"angle":0,"sticker":"kingbun","type":"sticker","x":704,"y":106},"30":{"angle":-0.7616622885448797,"type":"fan","x":42.8864025,"y":115.5},"62":{"angle":0,"type":"board","x":311,"y":692},"31":{"angle":1.3154823176569872,"type":"board","x":181,"y":311},"63":{"angle":0,"type":"brick","x":363,"y":668}}},"snapshot":{"balls":[{"age":1391,"angle":-2.5818092823028564,"type":1,"va":2.0130932331085205,"vx":-0.8740113973617554,"vy":-0.10652446001768112,"x":3.367804527282715,"y":-14.361717224121094},{"age":2,"angle":-0.9811196327209473,"type":1,"va":6.780845671892166e-2,"vx":-0.7014573812484741,"vy":-0.5418645143508911,"x":3.0743706226348877,"y":-14.530757904052734},{"age":1127,"angle":2.5372560024261475,"type":1,"va":-3.9286718368530273,"vx":-0.591362714767456,"vy":-2.41435170173645,"x":8.21660327911377,"y":-13.336761474609375},{"age":1060,"angle":-2.3245737552642822,"type":2,"va":-1.262829303741455,"vx":1.0543264150619507,"vy":-6.097102165222168e-2,"x":14.33624267578125,"y":-7.4812726974487305},{"age":1078,"angle":-0.5327756404876709,"type":1,"va":15.400398254394531,"vx":-1.0738521814346313,"vy":-2.909916877746582,"x":10.115601539611816,"y":-7.957808494567871},{"age":1052,"angle":-2.618485450744629,"type":2,"va":-4.886325836181641,"vx":0.416721373796463,"vy":-0.10434986650943756,"x":13.999834060668945,"y":-7.459628105163574},{"age":964,"angle":1.7318875789642334,"type":1,"va":-6.001580238342285,"vx":1.0272817611694336,"vy":-0.11491246521472931,"x":5.516274929046631,"y":-4.050631046295166},{"age":919,"angle":-0.7455506920814514,"type":1,"va":-26.081554412841797,"vx":3.8516383171081543,"vy":1.1832518577575684,"x":8.606393814086914,"y":-6.761853218078613},{"age":822,"angle":-0.5555490255355835,"type":1,"va":-5.043130874633789,"vx":0.8014132976531982,"vy":0.13933806121349335,"x":5.00915002822876,"y":-3.9898431301116943},{"age":751,"angle":3.1121914386749268,"type":1,"va":10.300155639648438,"vx":-1.6263642311096191,"vy":-0.1008588969707489,"x":9.176255226135254,"y":-2.6572906970977783},{"age":730,"angle":-2.7933051586151123,"type":2,"va":6.650307655334473,"vx":0.4339507520198822,"vy":-0.2709157168865204,"x":5.3310346603393555,"y":-3.7911715507507324},{"age":696,"angle":-0.10473041981458664,"type":1,"va":7.759958267211914,"vx":-1.2287851572036743,"vy":-7.620929926633835e-2,"x":10.64992904663086,"y":-2.5657734870910645},{"age":681,"angle":-2.4954159259796143,"type":2,"va":-12.278790473937988,"vx":1.923028588294983,"vy":-2.850832462310791,"x":7.741452217102051,"y":-4.658966541290283},{"age":610,"angle":2.264228343963623,"type":1,"va":7.66719913482666,"vx":-1.2144891023635864,"vy":-7.532163709402084e-2,"x":10.97620677947998,"y":-2.54553484916687},{"age":539,"angle":-2.0319769382476807,"type":1,"va":3.815542697906494,"vx":-0.6063212752342224,"vy":-3.5560235381126404e-2,"x":12.102893829345703,"y":-2.475921392440796},{"age":581,"angle":-1.463140845298767,"type":2,"va":10.59311580657959,"vx":-1.672147274017334,"vy":-0.103699691593647,"x":8.798402786254883,"y":-2.6807286739349365},{"age":492,"angle":-1.6095691919326782,"type":1,"va":-14.967883110046387,"vx":2.3685903549194336,"vy":-2.2528257369995117,"x":11.954145431518555,"y":-1.7558311223983765},{"age":520,"angle":0.36190515756607056,"type":2,"va":14.172910690307617,"vx":-2.244462490081787,"vy":-0.1521058976650238,"x":6.587634563446045,"y":-2.8366401195526123},{"age":438,"angle":-1.2573554515838623,"type":2,"va":1.2782459259033203,"vx":-0.20407803356647491,"vy":-1.196957565844059e-2,"x":12.60348129272461,"y":-2.4457509517669678},{"age":366,"angle":-0.6308119297027588,"type":2,"va":9.800568580627441,"vx":-1.5484949350357056,"vy":-9.603149443864822e-2,"x":9.609783172607422,