{"puzzle":{"reqTiles":["Up","Left"],"inputs":[{"x":0.2,"y":0.0,"balls":[{"type":4,"rate":0.833251953125}]},{"x":0.0,"y":0.2,"balls":[{"type":2,"rate":0.4867095947265625}]}],"outputs":[{"x":0.65,"y":1.0,"balls":[{"type":2,"rate":0.4867095947265625}]},{"x":0.0,"y":0.8,"balls":[{"type":4,"rate":0.833251953125}]}],"spec":{}},"blueprint":{"puzzle":"f302d80c-f91e-5907-bb30-099a8cc88a56","title":"very credible machine","submittedAt":"2024-05-22T13:34:00.049196157Z","widgets":{"0":{"angle":0.4779180471238898,"type":"board","x":81.8354415,"y":216},"1":{"angle":0,"type":"board","x":234,"y":253},"33":{"height":99,"type":"repulsor","width":99,"x":539,"y":547},"2":{"angle":0,"type":"fan","x":23.5,"y":241},"3":{"angle":0,"type":"board","x":398,"y":253},"35":{"angle":0,"type":"brick","x":543,"y":522},"4":{"angle":3.1176031441635432,"type":"fan","x":643.44,"y":352},"36":{"angle":0,"type":"brick","x":546,"y":546},"37":{"angle":0,"type":"brick","x":546,"y":571},"6":{"angle":-0.45808850379343785,"type":"board","x":596,"y":693.232434},"38":{"angle":0,"type":"brick","x":706,"y":553},"7":{"angle":0.46101404307060984,"type":"fan","x":237,"y":112},"8":{"angle":8.19246874764295e-2,"type":"board","x":394,"y":191},"9":{"angle":0.12333272007235181,"type":"brick","x":508,"y":197},"10":{"angle":0.5989760999587612,"type":"brick","x":566,"y":219},"11":{"angle":1.3500042404116026,"type":"brick","x":601,"y":266},"12":{"angle":1.8254303159835439,"type":"brick","x":601,"y":323},"13":{"angle":1.5840767959772137,"type":"brick","x":487,"y":278},"15":{"angle":-0.5652689841639066,"type":"brick","x":571,"y":371},"16":{"angle":0,"type":"brick","x":523,"y":387},"17":{"angle":0,"type":"board","x":406,"y":382},"18":{"angle":0,"type":"board","x":389,"y":304},"19":{"angle":-0.3675251512441674,"type":"brick","x":276,"y":314},"20":{"angle":1.8188685608728432,"type":"brick","x":245,"y":347},"21":{"angle":1.362914746273191,"type":"brick","x":242,"y":402},"22":{"angle":3.1096389403047446,"type":"fan","x":548,"y":547},"23":{"angle":0.590245590440284,"type":"brick","x":270,"y":451},"24":{"angle":0.8850458879435282,"type":"board","x":397,"y":666.580614},"26":{"angle":0.10726922233364998,"type":"brick","x":324,"y":470},"27":{"angle":-0.10535061417973275,"type":"board","x":254,"y":609},"28":{"angle":0,"type":"board","x":87.5,"y":619},"29":{"angle":3.267009197241487,"type":"fan","x":342,"y":650},"30":{"angle":1.5736637502511248,"type":"board","x":676,"y":652.4745444}}},"snapshot":{"balls":[{"age":15,"angle":2.961656332015991,"type":4,"va":3.537670373916626,"vx":-1.0877172946929932,"vy":6.962472945451736e-2,"x":0.10972458124160767,"y":-11.844864845275879},{"age":1033,"angle":3.114473819732666,"type":4,"va":1.8094552755355835,"vx":-0.27978309988975525,"vy":1.8025598791382436e-9,"x":0.4891637861728668,"y":-12.041573524475098},{"age":995,"angle":2.544315814971924,"type":4,"va":1.5829992294311523,"vx":-0.24103491008281708,"vy":9.012799395691218e-10,"x":0.8101520538330078,"y":-12.04135513305664},{"age":938,"angle":-3.0481019020080566,"type":4,"va":1.502663016319275,"vx":-0.2379963994026184,"vy":3.1764290179125965e-4,"x":1.1299221515655518,"y":-12.041485786437988},{"age":834,"angle":-0.2392372190952301,"type":4,"va":-2.1278083324432373,"vx":-0.2511597275733948,"vy":-1.5487567521631718e-2,"x":0.6480934023857117,"y":-11.766107559204102},{"age":773,"angle":-2.676060914993286,"type":4,"va":-1.403407335281372,"vx":-0.2531532347202301,"vy":-3.23754595592618e-3,"x":1.2897286415100098,"y":-11.76605224609375},{"age":695,"angle":1.0727448463439941,"type":2,"va":9.093099594116211,"vx":-0.36934995651245117,"vy":-0.6585241556167603,"x":9.385665893554688,"y":-14.291874885559082},{"age":700,"angle":-2.341686487197876,"type":4,"va":1.2642369270324707,"vx":-0.2604224979877472,"vy":1.98347307741642e-3,"x":1.4493622779846191,"y":-12.041668891906738},{"age":647,"angle":-2.967329978942871,"type":4,"va":-0.3592603802680969,"vx":-0.2984241843223572,"vy":5.050661973655224e-3,"x":1.7673290967941284,"y":-12.041172981262207},{"age":581,"angle":-1.6817119121551514,"type":4,"va":1.940138339996338,"vx":-0.1777287870645523,"vy":0.11018919944763184,"x":2.088334798812866,"y":-12.035248756408691},{"age":488,"angle":-2.893918514251709,"type":4,"va":15.175736427307129,"vx":-2.0765695571899414,"vy":0.13352440297603607,"x":5.280722618103027,"y":-11.786181449890137},{"age":432,"angle":0.5479424595832825,"type":2,"va":-4.681497439742088e-2,"vx":-2.83842134475708,"vy":-9.606006622314453,"x":8.423521041870117,"y":-13.272531509399414},{"age":449,"angle":-1.2986983060836792,"type":4,"va":17.54076385498047,"vx":-2.7026946544647217,"vy":1.5199614763259888,"x":6.333340167999268,"y":-11.668081283569336},{"age":384,"angle":-1.6468843221664429,"type":4,"va":-6.765323638916016,"vx":1.3309272527694702,"vy":-5.962474271655083e-2,"x":5.836867332458496,"y":-8.75485897064209},{"age":317,"angle":-1.4436691999435425,"type":2,"va":17.82052230834961,"vx":-2.7245922088623047,"vy":-1.9101569652557373,"x":6.123556613922119,"y":-7.235465049743652},{"age":295,"angle":2.5925333499908447,"type":4,"va":-10.75123119354248,"vx":-5.000471115112305,"vy":-3.9881365299224854,"x":10.38334846496582,"y":-6.657012939453125},{"age":200,"angle":-0.6540538668632507,"type":2,"va":-27.977252960205078,"vx":3.8728697299957275,"vy":-2.3285276889801025,"x":10.653830528259277,"y":-4.905091762542725},{"age":207,"angle":-2.0859146118164062,"type":4,"va":-21.744609832763672,"vx":3.68940806388855,"vy":-2.510288715362549,"x":10.940747261047363,"y":-5.04558801651001},{"age":120,"angle":2.1619057655334473,"type":4,"va":-24.116416931152344,"vx":4.577195167541504,"vy":-1.9027690887451172,"x":5.951286315917969,"y":-4.745907306671143},{"age":31,"angle":-1.8132834434509277,"type":2,"va":0.6975696682929993,"vx":0.6892977952957153,"vy":-0.12287881970405579,"x":6.605316698551178e-2,"y":-2.928739547729492},{"age":26,"angle":-0.6821921467781067,"type":4,"va":-2.744447946548462,"vx":6.978923827409744e-2,"vy":-2.2938754558563232,"x":2.97042179107666,"y":-0.45412248373031616}],"widgets":{}}}