{"puzzle":{"reqTiles":["Up"],"inputs":[{"x":0.5,"y":0.0,"balls":[{"type":4,"rate":0.8333740234375}]}],"outputs":[{"x":0.65,"y":1.0,"balls":[{"type":4,"rate":0.8333740234375}]}],"spec":{}},"blueprint":{"puzzle":"58f896fb-1748-5f19-a52f-1c927bddae1a","title":"Tangled (2010) At Last I ","submittedAt":"2024-06-03T16:27:07.703467894Z","widgets":{"0":{"height":199,"type":"repulsor","width":199,"x":300,"y":482},"32":{"angle":-1.102374284918071,"type":"board","x":424,"y":631},"64":{"angle":-6.607361519384462e-2,"type":"cushion","x":121,"y":717.8355035},"1":{"height":96,"type":"repulsor","width":96,"x":452,"y":460},"33":{"angle":1.1434721981211649,"type":"board","x":99,"y":615},"65":{"angle":0.10010937016207865,"type":"cushion","x":232,"y":716.5000063},"2":{"height":49,"type":"repulsor","width":49,"x":250.5,"y":454.5},"34":{"angle":0,"type":"cushion","x":41,"y":720.5},"66":{"angle":-2.952815099171541e-2,"type":"cushion","x":306,"y":719.2980221},"3":{"height":71,"type":"repulsor","width":71,"x":614,"y":378},"35":{"angle":0,"type":"cushion","x":699,"y":720.5},"67":{"angle":0,"type":"cushion","x":425,"y":720.5},"4":{"height":50,"type":"repulsor","width":50,"x":272.5,"y":46.5},"36":{"angle":-0.1783607922089933,"type":"cushion","x":696.1907925,"y":675},"68":{"angle":2.863292994584682,"type":"cup","x":657,"y":545},"5":{"height":181,"type":"repulsor","width":181,"x":591,"y":234},"37":{"angle":3.2583919443525162,"type":"cushion","x":580,"y":673},"69":{"angle":3.3130369014074157,"type":"cup","x":656,"y":65},"6":{"height":97,"type":"repulsor","width":97,"x":53,"y":449.5},"38":{"angle":7.051708620892466e-2,"type":"cushion","x":209,"y":692},"70":{"angle":3.138565417630321,"type":"cup","x":613,"y":373},"7":{"height":164,"type":"repulsor","width":164,"x":658.5,"y":548.5},"39":{"angle":-0.10634690304008243,"type":"cushion","x":106,"y":695},"71":{"angle":3.0626708059443555,"type":"cup","x":592,"y":227},"8":{"height":10,"type":"repulsor","width":150,"x":87,"y":100},"40":{"angle":-0.16377771434408758,"type":"cushion","x":340,"y":687},"72":{"angle":3.0439933675727544,"type":"cup","x":447,"y":97},"9":{"height":30,"type":"repulsor","width":30,"x":395,"y":265},"41":{"angle":-3.173537352845712e-2,"type":"cushion","x":267,"y":691},"73":{"angle":3.123332476538686,"type":"cup","x":85,"y":94},"10":{"height":80,"type":"repulsor","width":80,"x":655,"y":72},"42":{"angle":0.26924605218080655,"type":"cushion","x":641,"y":673},"74":{"angle":3.135789648717908,"type":"cup","x":272,"y":42},"11":{"height":206,"type":"repulsor","width":206,"x":107.5,"y":333.5},"43":{"angle":-4.811856542704322e-2,"type":"cushion","x":156,"y":697},"75":{"angle":2.9038659433855045,"type":"cup","x":215,"y":211},"12":{"height":137,"type":"repulsor","width":137,"x":447,"y":103},"44":{"angle":-0.1428713966147713,"type":"cushion","x":520,"y":669},"76":{"angle":3.1614575898409583,"type":"cup","x":395,"y":259},"13":{"height":61,"type":"repulsor","width":61,"x":213,"y":211},"45":{"angle":0.12828270412136375,"type":"cushion","x":398,"y":691},"77":{"angle":3.2725876567911714,"type":"cup","x":109,"y":332},"14":{"angle":-3.661666163275707e-2,"type":"cushion","x":102,"y":677},"46":{"angle":0.10707765563674618,"type":"cushion","x":42.8492165,"y":679},"78":{"angle":3.060153050576573,"type":"cup","x":52,"y":453},"47":{"angle":1.018745961797466,"type":"hammer","x":317,"y":663},"79":{"angle":3.0997560945655778,"type":"cup","x":452,"y":455},"48":{"angle":0,"type":"cushion","x":324,"y":703},"80":{"angle":3.0040725632795002,"type":"cup","x":304,"y":476},"49":{"angle":-0.11303096153179261,"type":"cushion","x":184,"y":716.0000395},"81":{"angle":3.246212566965853,"type":"cup","x":251,"y":451},"18":{"angle":7.125276485483666e-2,"type":"cushion","x":415,"y":678.019},"50":{"angle":0.1619662749027651,"type":"cushion","x":43.6079025,"y":710},"51":{"angle":-0.17003174011250577,"type":"cushion","x":258,"y":706},"20":{"angle":-7.273781943385661e-2,"sticker":"figure1-happy","type":"sticker","x":218,"y":612},"52":{"angle":0,"type":"cushion","x":597,"y":691},"21":{"angle":7.006058263845569e-2,"sticker":"figure2-happy","type":"sticker","x":328,"y":621},"53":{"angle":9.980635560238267e-2,"type":"cushion","x":530,"y":695},"54":{"angle":3.199931683542693e-2,"type":"cushion","x":698.397111,"y":694},"23":{"angle":-0.11410943740060987,"type":"board","x":338,"y":648},"55":{"angle":-0.15872702136248262,"type":"cushion","x":634,"y":698},"24":{"angle":0.13589956799875216,"type":"board","x":197,"y":650},"56":{"angle":-3.324716789757627e-2,"type":"cushion","x":421,"y":701},"25":{"angle":3.1464931620691474,"type":"board","x":326,"y":655},"57":{"angle":4.812438853068319e-2,"type":"cushion","x":365,"y":718.5502432},"26":{"angle":0,"type":"board","x":208,"y":671},"27":{"angle":0,"type":"board","x":315,"y":671},"59":{"angle":0.10707765563674618,"type":"cushion","x":89,"y":716.2298835},"28":{"angle":3.137328287114802,"type":"board","x":199,"y":655},"29":{"angle":0,"type":"board","x":331,"y":685},"61":{"angle":0.1391955300683011,"type":"cushion","x":602,"y":715.000018},"30":{"angle":0,"type":"board","x":215,"y":685},"62":{"angle":7.491404279754174e-2,"type":"cushion","x":665,"y":717.4860935},"63":{"angle":-8.35647056857589e-2,"type":"cushion","x":547,"y":717.145868}}},"snapshot":{"balls":[{"age":533,"angle":2.291469097137451,"type":4,"va":-6.796726703643799,"vx":-0.4610122740268707,"vy":-0.37118688225746155,"x":9.582664489746094,"y":-14.433685302734375},{"age":439,"angle":-2.673145055770874,"type":4,"va":-3.1788482666015625,"vx":-0.23624977469444275,"vy":-2.103548288345337,"x":10.47775936126709,"y":-9.928832054138184},{"age":334,"angle":1.7070554494857788,"type":4,"va":-3.2047674655914307,"vx":0.7909122109413147,"vy":-2.4338479042053223,"x":11.083971977233887,"y":-8.980400085449219},{"age":239,"angle":0.1567860096693039,"type":4,"va":-3.445572853088379,"vx":1.4682519435882568,"vy":-2.3316125869750977,"x":8.984789848327637,"y":-7.352578163146973},{"age":206,"angle":-2.9055981636047363,"type":4,"va":-3.1198341846466064,"vx":1.2811440229415894,"vy":-0.39204666018486023,"x":7.1639018058776855,"y":-5.842179298400879},{"age":129,"angle":1.383405327796936,"type":4,"va":-3.2805521488189697,"vx":-0.8628479838371277,"vy":-4.1802215576171875,"x":5.582185745239258,"y":-3.792476177215576},{"age":63,"angle":-1.5366926193237305,"type":4,"va":-3.155305862426758,"vx":-1.2794324159622192,"vy":-0.684402346611023,"x":6.944794654846191,"y":-0.493524432182312}],"widgets":{}}}