{"puzzle":{"reqTiles":["Up","Left"],"inputs":[{"x":0.2,"y":0.0,"balls":[{"type":3,"rate":1.0}]},{"x":0.0,"y":0.2,"balls":[{"type":4,"rate":1.0}]}],"outputs":[{"x":0.65,"y":1.0,"balls":[{"type":4,"rate":1.0}]},{"x":0.0,"y":0.65,"balls":[{"type":3,"rate":1.0}]}],"spec":{}},"blueprint":{"puzzle":"1ef91cb5-71ed-50c8-bd63-31f012ef8ee5","title":"Undoing","submittedAt":"2024-04-07T21:44:47.29077095Z","widgets":{"0":{"angle":0.25371216777560107,"type":"board","x":330,"y":367},"32":{"angle":1.5792871915021611,"type":"board","x":245,"y":87.5732668},"64":{"angle":-0.7769848342804008,"type":"board","x":511,"y":221},"1":{"angle":-0.5493570139754849,"type":"board","x":482,"y":406},"33":{"angle":0.875019731365334,"type":"board","x":366,"y":667.070012},"65":{"angle":0.7056930060455658,"type":"board","x":667.561276,"y":63.5995455},"2":{"angle":2.728193532247788,"type":"board","x":599.5,"y":339},"34":{"angle":1.4794082631740224,"type":"board","x":423,"y":652.0437894},"3":{"angle":2.639493513923993,"type":"board","x":138.5,"y":78},"35":{"angle":1.6907846807711289,"type":"board","x":540,"y":649},"4":{"angle":0.3320377106165379,"type":"board","x":173,"y":146.381},"36":{"angle":0.7341162272247536,"type":"board","x":480,"y":505},"68":{"angle":0,"sticker":"kingbun","type":"sticker","x":619,"y":140},"5":{"angle":0.20499238746358947,"type":"board","x":87.5000525,"y":205},"37":{"angle":1.1811162288243748,"type":"board","x":405,"y":582},"69":{"angle":0.34782589407013137,"sticker":"squobject","type":"sticker","x":143,"y":273},"6":{"angle":0,"type":"brick","x":193,"y":232},"38":{"angle":-0.8686142623966271,"type":"board","x":246,"y":667.3864725},"70":{"angle":0.7234611208959718,"sticker":"figure3-happy","type":"sticker","x":562,"y":275},"7":{"angle":0,"type":"brick","x":282,"y":171},"39":{"angle":1.4546770992196039,"type":"board","x":300,"y":609},"71":{"angle":-2.203936169960885,"type":"fan","x":188,"y":581},"8":{"angle":0.24850382478348745,"type":"brick","x":393,"y":176},"40":{"angle":-1.31191268563582,"type":"board","x":537,"y":448},"9":{"angle":0.9530880434540331,"type":"brick","x":427,"y":211},"41":{"angle":0,"type":"board","x":652.5,"y":361},"10":{"angle":-1.5450865181137199,"type":"brick","x":440,"y":268},"42":{"angle":1.1466761414101063,"type":"board","x":85.5,"y":656.5487415},"11":{"angle":0.888917538656306,"type":"brick","x":233,"y":326},"43":{"angle":1.9586790935309102,"type":"board","x":49.5,"y":597},"12":{"angle":-0.812266444553734,"type":"brick","x":429,"y":309},"44":{"angle":0,"type":"board","x":304,"y":693},"13":{"angle":1.3146946518860951,"type":"brick","x":216,"y":270},"45":{"angle":1.1446684260642035,"type":"board","x":593,"y":656.6047305},"14":{"angle":0,"type":"brick","x":350,"y":170},"46":{"angle":0.357343359691361,"type":"board","x":153,"y":314},"15":{"angle":0,"speed":25,"type":"spokedwheel","x":335,"y":260},"47":{"angle":0,"type":"board","x":652.5,"y":432},"16":{"angle":-0.15596152116647163,"type":"board","x":257,"y":527},"48":{"angle":1.6988856331375717,"type":"board","x":712.5,"y":355},"17":{"angle":-2.581240504474166,"type":"fan","x":224,"y":567},"49":{"angle":-1.0496131731790281,"type":"board","x":634,"y":568},"18":{"angle":-2.1881307759459445,"type":"fan","x":121,"y":572},"50":{"angle":-0.4034077372401296,"type":"board","x":608,"y":513},"19":{"angle":-2.2225340043514317,"type":"fan","x":95,"y":563},"51":{"angle":-2.172393704416493,"type":"board","x":617,"y":436},"20":{"angle":0.44138381375121716,"type":"fan","x":260,"y":431},"52":{"angle":0,"type":"board","x":622,"y":433},"21":{"angle":-0.4392857812469127,"type":"brick","x":347,"y":509},"53":{"angle":-1.5150335766392664,"type":"board","x":18.5,"y":652.1343699},"22":{"angle":-2.9534377279356865,"type":"fan","x":359,"y":542},"54":{"angle":0.9886964019943916,"type":"board","x":620,"y":247},"23":{"angle":2.8570231608317025,"type":"fan","x":255,"y":427},"55":{"angle":-0.9205443542608293,"type":"board","x":617,"y":75.0924455},"24":{"angle":0.2305644846494127,"type":"board","x":100,"y":527},"56":{"angle":0.598351779024332,"type":"board","x":662.6322835,"y":683.2765275},"25":{"angle":0,"sticker":"figure2-happy","type":"sticker","x":167,"y":654},"57":{"angle":-0.609458537944921,"type":"board","x":663.101859,"y":595},"26":{"angle":0,"type":"brick","x":149,"y":726.5},"58":{"angle":0,"type":"board","x":652.5,"y":532},"27":{"angle":-0.4721219824037775,"type":"board","x":657.9790695,"y":308},"59":{"angle":-0.31734788420011817,"type":"board","x":454,"y":35.854794},"28":{"angle":-0.7604202397280846,"type":"board","x":313,"y":71},"60":{"angle":0.8841270987556913,"type":"board","x":436,"y":96},"29":{"angle":-0.7479853131303557,"type":"board","x":70.2643045,"y":278},"61":{"angle":0,"type":"board","x":472,"y":159},"30":{"angle":-1.1004088818872297,"type":"board","x":203,"y":82.0759755},"62":{"angle":1.3083565620885886,"type":"board","x":544,"y":86.838942},"31":{"angle":1.5825828532044988,"type":"board","x":375,"y":87.6000392},"63":{"angle":0,"type":"board","x":652.5,"y":169}}},"snapshot":{"balls":[{"age":499,"angle":0.11515545099973679,"type":3,"va":33.2587890625,"vx":-5.251857757568359,"vy":-0.8556114435195923,"x":4.455748558044434,"y":-10.30640697479248},{"age":440,"angle":-3.0318617820739746,"type":3,"va":36.02022171020508,"vx":-5.694016456604004,"vy":-0.895763635635376,"x":3.9214515686035156,"y":-10.390596389770508},{"age":376,"angle":3.1021456718444824,"type":4,"va":9.696093559265137,"vx":-1.27889883518219,"vy":-0.782970666885376,"x":8.729865074157715,"y":-8.2804536819458},{"age":328,"angle":1.114121437072754,"type":4,"va":-28.969690322875977,"vx":3.688369035720825,"vy":-3.6281237602233887,"x":5.369552135467529,"y":-6.36344051361084},{"age":356,"angle":2.0881094932556152,"type":3,"va":-10.276253700256348,"vx":-1.158029317855835,"vy":-1.4859918355941772,"x":9.919326782226562,"y":-7.465611457824707},{"age":257,"angle":1.210335373878479,"type":4,"va":5.188332557678223,"vx":-3.080068349838257,"vy":-9.48509407043457,"x":4.951813220977783,"y":-5.793367862701416},{"age":272,"angle":-1.7500255107879639,"type":3,"va":-15.836727142333984,"vx":2.507035493850708,"vy":-3.2997212409973145,"x":5.415215969085693,"y":-4.772529602050781},{"age":201,"angle":-1.654090166091919,"type":4,"va":-6.143269062042236,"vx":0.9326998591423035,"vy":-0.19392135739326477,"x":2.1799075603485107,"y":-3.8436827659606934},{"age":204,"angle":-0.12466523796319962,"type":3,"va":-8.233322143554688,"vx":1.2596099376678467,"vy":-0.2618892192840576,"x":1.3914157152175903,"y":-3.6799466609954834},{"age":117,"angle":0.9369224309921265,"type":4,"va":-3.934358835220337,"vx":0.5982537865638733,"vy":-0.12438469380140305,"x":0.8252599239349365,"y":-3.5618884563446045},{"age":146,"angle":-0.5568268895149231,"type":3,"va":-9.792539596557617,"vx":1.9394208192825317,"vy":0.17551954090595245,"x":1.2239224910736084,"y":-3.4095284938812256},{"age":103,"angle":-3.10081148147583,"type":3,"va":20.253366470336914,"vx":-2.824284553527832,"vy":-1.6160155534744263,"x":1.7160621881484985,"y":-1.753343105316162},{"age":65,"angle":-2.588383436203003,"type":4,"va":-0.22071298956871033,"vx":0.26389455795288086,"vy":-0.7724514603614807,"x":0.3828278183937073,"y":-3.158681631088257},{"age":44,"angle":-1.337385654449463,"type":3,"va":-2.6975653171539307,"vx":-1.3023149222135544e-2,"vy":-4.545042991638184,"x":2.956676483154297,"y":-1.1296457052230835}],"widgets":{"15":{"angle":-0.9441162347793579,"key":"15","va":6.199520111083984,"vx":0,"vy":0,"x":6.699999809265137,"y":-5.199999809265137}}}}