{"puzzle":{"reqTiles":["Up"],"inputs":[{"x":0.2,"y":0.0,"balls":[{"type":4,"rate":0.5}]},{"x":1.0,"y":0.35,"balls":[{"type":1,"rate":0.671875}]}],"outputs":[{"x":0.65,"y":1.0,"balls":[{"type":1,"rate":0.625}]},{"x":1.0,"y":0.8,"balls":[{"type":4,"rate":0.5}]}],"spec":{}},"blueprint":{"puzzle":"1d3a79ac-db0f-582f-b357-3af4c8475f4f","title":"s is for... safety?","submittedAt":"2024-04-10T14:06:41.866475356Z","widgets":{"0":{"angle":-6.163047637575302e-2,"type":"board","x":646,"y":294},"32":{"angle":3.7183912441810842,"type":"fan","x":544,"y":525},"1":{"angle":-1.8862326100735851,"type":"fan","x":602,"y":324},"33":{"angle":-2.004425281083402,"type":"fan","x":627,"y":324},"2":{"angle":1.1710428702157527,"type":"board","x":527,"y":226},"34":{"angle":0.3574700351375566,"type":"board","x":391,"y":389},"3":{"angle":-0.12393796343018873,"type":"board","x":418,"y":161},"35":{"angle":0,"type":"sword","x":324,"y":497},"4":{"angle":-0.13010205770996566,"type":"board","x":250,"y":182},"36":{"angle":0.40600475745979914,"type":"sword","x":270,"y":474},"5":{"angle":-0.126092719249386,"type":"board","x":138,"y":197},"37":{"angle":1.1199983899425283,"type":"sword","x":230,"y":413},"6":{"angle":1.5774412921938832,"type":"board","x":61.4573,"y":290},"38":{"angle":-8.526938070118948,"type":"fan","x":357,"y":533},"7":{"angle":-0.4383319163972814,"type":"fan","x":234,"y":675.071},"39":{"angle":-1.8245885304020917,"type":"fan","x":287,"y":527},"8":{"angle":1.555240082998954,"type":"board","x":62.5101,"y":455},"40":{"angle":1.6146896362610537,"type":"sword","x":232,"y":349},"9":{"angle":-3.3138508812946146,"type":"sword","x":421,"y":645},"41":{"angle":2.341707662911747,"type":"sword","x":277,"y":290},"42":{"angle":-3.208624155143165,"type":"sword","x":346,"y":274},"11":{"angle":0.15423586746086862,"type":"brick","x":334,"y":663},"43":{"angle":0.31726627952182557,"type":"board","x":384,"y":283},"12":{"angle":-3.022006057733405,"type":"board","x":87.948801,"y":616},"44":{"angle":-7.613285599911239,"type":"fan","x":230,"y":495},"13":{"angle":0.606337479369836,"type":"cushion","x":44.80365,"y":590},"45":{"angle":5.037548585175056e-4,"type":"board","x":399,"y":361},"14":{"angle":-1.5744730988760087,"type":"board","x":9.3216535,"y":496},"46":{"angle":-0.9635653241476225,"type":"fan","x":204,"y":442},"15":{"angle":-1.5647440526367467,"type":"board","x":9.529409,"y":326},"47":{"angle":-0.6908065470268896,"type":"fan","x":183,"y":421},"16":{"angle":-1.5667630413533886,"type":"board","x":9.3528391,"y":160},"48":{"angle":0,"type":"fan","x":192,"y":320},"49":{"angle":-1.9198027467367031,"type":"cushion","x":561,"y":339},"50":{"angle":1.0213898694550876,"type":"board","x":519,"y":432},"51":{"angle":-0.3956022964371631,"type":"fan","x":510,"y":478},"52":{"angle":1.451328281737342,"type":"board","x":645,"y":532},"53":{"angle":-0.7556061963506994,"type":"board","x":591,"y":673.447921},"54":{"angle":1.5883443909859085,"type":"brick","x":430,"y":705.7683488},"55":{"angle":0.41840727453362414,"type":"cushion","x":694.613816,"y":624},"24":{"angle":-0.9485688483303236,"type":"fan","x":340,"y":695.493},"56":{"angle":-1.831083722976697,"type":"cushion","x":710.60516,"y":416},"25":{"angle":2.40941499483391,"type":"sword","x":473,"y":597},"57":{"angle":-1.8071225161133815,"type":"cushion","x":692.695,"y":340},"26":{"angle":1.784044201339752,"type":"sword","x":494,"y":527},"27":{"angle":0.17799487644036394,"type":"board","x":244,"y":640},"28":{"angle":1.3161448839880636,"type":"sword","x":477,"y":459},"29":{"angle":-2.09285821418055,"type":"fan","x":528,"y":617},"30":{"angle":-1.5801997994712311,"type":"fan","x":453,"y":676},"31":{"angle":0.8412973861599121,"type":"sword","x":430,"y":405}}},"snapshot":{"balls":[{"age":1049,"angle":-0.47168540954589844,"type":4,"va":-0.517305314540863,"vx":7.122475653886795e-2,"vy":-3.167084604501724e-2,"x":14.277872085571289,"y":-12.078429222106934},{"age":8,"angle":-0.5600811839103699,"type":1,"va":0,"vx":0,"vy":-1.1445001363754272,"x":9.611414909362793,"y":-14.590822219848633},{"age":666,"angle":-0.3109798729419708,"type":1,"va":-13.910037994384766,"vx":2.2082526683807373,"vy":-3.381037712097168e-2,"x":9.321331977844238,"y":-6.882524490356445},{"age":701,"angle":0.7036997079849243,"type":4,"va":-1.3249609470367432,"vx":0.23194219172000885,"vy":0.19761252403259277,"x":13.657137870788574,"y":-8.282604217529297},{"age":595,"angle":-2.7117133140563965,"type":1,"va":-72.81098175048828,"vx":-11.279492378234863,"vy":4.015305519104004,"x":5.356819152832031,"y":-7.782283306121826},{"age":524,"angle":-0.2977903187274933,"type":1,"va":-9.920931816101074,"vx":1.5459390878677368,"vy":-0.27811262011528015,"x":4.357921123504639,"y":-12.362319946289062},{"age":554,"angle":0.5441701412200928,"type":4,"va":-9.9388427734375,"vx":1.5105230808258057,"vy":-0.27174216508865356,"x":4.6714324951171875,"y":-12.41885757446289},{"age":446,"angle":1.2321361303329468,"type":1,"va":-15.648355484008789,"vx":2.416368246078491,"vy":0.4931907653808594,"x":1.8479092121124268,"y":-11.989296913146973},{"age":381,"angle":1.3585617542266846,"type":1,"va":6.458327293395996,"vx":-0.27558451890945435,"vy":-10.899557113647461,"x":0.68394535779953,"y":-10.145482063293457},{"age":418,"angle":1.3643501996994019,"type":4,"va":-9.752960205078125,"vx":9.713644981384277,"vy":2.782672166824341,"x":5.501406669616699,"y":-12.282939910888672},{"age":311,"angle":-1.319185495376587,"type":1,"va":13.311007499694824,"vx":-2.09350323677063,"vy":-0.2980828285217285,"x":1.5021089315414429,"y":-3.7587099075317383},{"age":324,"angle":2.913696765899658,"type":4,"va":-6.905401706695557,"vx":1.0623975992202759,"vy":-0.12765765190124512,"x":2.634896755218506,"y":-12.084391593933105},{"age":217,"angle":-1.934065818786621,"type":1,"va":-13.89950180053711,"vx":-5.519806861877441,"vy":-1.7239257097244263,"x":7.638965606689453,"y":-0.2431114912033081},{"age":195,"angle":-1.1287368535995483,"type":4,"va":13.32447338104248,"vx":-2.050119400024414,"vy":-0.28569743037223816,"x":1.1762961149215698,"y":-3.7997944355010986},{"age":120,"angle":-2.249032974243164,"type":1,"va":4.300886631011963,"vx":-0.6831877827644348,"vy":-4.216073080897331e-2,"x":13.909123420715332,"y":-5.479741096496582},{"age":111,"angle":2.1077051162719727,"type":4,"va":-13.152487754821777,"vx":-2.042569875717163,"vy":-0.3041331470012665,"x":1.3055365085601807,"y":-3.5093276500701904}],"widgets":{}}}