{"puzzle":{"reqTiles":["Up"],"inputs":[{"x":0.65,"y":0.0,"balls":[{"type":1,"rate":0.625}]},{"x":1.0,"y":0.2,"balls":[{"type":4,"rate":0.5}]}],"outputs":[{"x":0.65,"y":1.0,"balls":[{"type":4,"rate":0.5}]},{"x":1.0,"y":0.5,"balls":[{"type":1,"rate":0.625}]}],"spec":{}},"blueprint":{"puzzle":"2edf30c0-2070-565b-bfc4-e2fed5b6b61f","title":"....I trust you.","submittedAt":"2024-04-10T16:00:19.040106498Z","widgets":{"0":{"angle":0,"type":"board","x":634,"y":116},"32":{"angle":2.6414983562923267,"type":"fan","x":319,"y":85},"1":{"angle":0,"type":"board","x":584,"y":177},"34":{"angle":2.704674256226524,"type":"fan","x":256,"y":81},"66":{"angle":-0.8631181559255567,"type":"fan","x":622,"y":489},"35":{"angle":0.5685629387841519,"type":"fan","x":97,"y":413},"67":{"height":10,"type":"repulsor","width":150,"x":415,"y":347},"4":{"angle":-0.9860210656228283,"type":"board","x":488,"y":428},"36":{"angle":0.6366135253441048,"type":"fan","x":41.1894915,"y":304},"68":{"angle":-1.3134730730217716,"type":"fan","x":682,"y":567},"5":{"angle":-1.0141461690429554,"type":"board","x":408,"y":547},"37":{"angle":1.2747977150506535,"type":"fan","x":42.723995,"y":76},"69":{"angle":1.5363736213318075,"type":"prism","x":334,"y":340},"6":{"angle":-1.01887734922426,"type":"board","x":686.458145,"y":255},"38":{"angle":2.6278966557632013,"type":"fan","x":179,"y":78},"70":{"angle":-1.5280279833876258,"type":"prism","x":395,"y":341},"7":{"angle":-0.9875174316050526,"type":"board","x":555,"y":456},"39":{"angle":0.631578386499251,"type":"fan","x":157,"y":523},"71":{"angle":0.5223824210139495,"type":"prism","x":349,"y":369},"8":{"angle":-1.0015493315068003,"type":"board","x":502.5,"y":538},"72":{"angle":-0.4832930191194713,"type":"prism","x":378,"y":370},"9":{"angle":0.9786129836748363,"type":"board","x":309,"y":557},"41":{"angle":1.3890050316163258,"type":"leftbumper","x":307,"y":703.873792},"73":{"angle":-2.554572486028353,"type":"prism","x":379,"y":313},"10":{"angle":1.073934593679494,"type":"board","x":225,"y":415},"42":{"angle":-1.444361666844038,"type":"fan","x":521,"y":599},"74":{"angle":2.624197148595158,"type":"prism","x":350,"y":313},"11":{"angle":1.1346475590539327,"type":"board","x":152,"y":267},"43":{"angle":-1.3857233280271943,"type":"fan","x":470,"y":659},"12":{"angle":0,"type":"board","x":181,"y":178},"44":{"angle":-1.4563636904173312,"type":"fan","x":561,"y":520},"76":{"angle":0,"sticker":"figure3-happy","type":"sticker","x":91,"y":635},"13":{"angle":0,"type":"board","x":352,"y":178},"45":{"angle":-1.3938524172226034,"type":"fan","x":602,"y":450},"77":{"angle":0.5655398324772362,"sticker":"figure2-happy","type":"sticker","x":591,"y":617},"14":{"angle":1.1187566779419056,"type":"board","x":66,"y":274},"78":{"angle":-1.623989263400772e-2,"sticker":"figure1-happy","type":"sticker","x":365,"y":430},"15":{"angle":1.0947485359877958,"type":"board","x":141,"y":423},"79":{"angle":0,"type":"ballstand","x":361,"y":547},"16":{"angle":1.0488329384332291,"type":"board","x":223,"y":571},"17":{"angle":0.9690910861804022,"type":"board","x":280,"y":662.773009},"18":{"angle":-1.054314831851184,"type":"board","x":454,"y":623},"50":{"angle":-1.7444000000000002,"type":"fan","x":699.004437,"y":302},"19":{"angle":0,"type":"board","x":212,"y":110},"51":{"angle":-0.9527025605124908,"type":"board","x":616,"y":241},"20":{"angle":0,"type":"board","x":587,"y":113},"52":{"angle":0.1988743642636129,"type":"fan","x":232,"y":695.5},"21":{"angle":0,"type":"board","x":373,"y":111},"53":{"angle":2.5719460618790224,"type":"fan","x":604,"y":660.463},"22":{"angle":0,"type":"board","x":87.5,"y":109},"54":{"height":10,"type":"attractor","width":150,"x":369,"y":344},"23":{"angle":1.2116383505822819,"type":"board","x":39.180762,"y":200},"24":{"angle":0,"type":"board","x":374,"y":177},"57":{"height":10,"type":"repulsor","width":150,"x":364,"y":398},"26":{"angle":2.9271437351977334,"type":"fan","x":709.0579535,"y":84},"58":{"height":10,"type":"repulsor","width":150,"x":320,"y":337},"27":{"angle":2.794670044698765,"type":"fan","x":666,"y":80},"28":{"angle":2.772319321391856,"type":"fan","x":436,"y":86},"60":{"height":10,"type":"repulsor","width":150,"x":369,"y":293},"30":{"angle":2.630833181544261,"type":"fan","x":379,"y":88}}},"snapshot":{"balls":[{"age":1196,"angle":2.8180253505706787,"type":4,"va":3.7053496837615967,"vx":-0.18017926812171936,"vy":-0.4496704638004303,"x":8.605636596679688,"y":-14.599665641784668},{"age":652,"angle":-1.3543362617492676,"type":4,"va":0.6290030479431152,"vx":-6.653781235218048e-2,"vy":-0.1778004765510559,"x":8.288692474365234,"y":-14.621862411499023},{"age":372,"angle":-3.1166622638702393,"type":4,"va":-1.3974528312683105,"vx":0.2333621382713318,"vy":-0.898543119430542,"x":9.469128608703613,"y":-14.495591163635254},{"age":198,"angle":-1.3082058429718018,"type":4,"va":7.156975269317627,"vx":-1.0726598501205444,"vy":0.11004464328289032,"x":8.12350082397461,"y":-3.2007346153259277},{"age":178,"angle":1.6113466024398804,"type":1,"va":12.562721252441406,"vx":3.6248810291290283,"vy":7.399898529052734,"x":13.428394317626953,"y":-4.742204666137695},{"age":82,"angle":2.0348849296569824,"type":4,"va":-1.9688258171081543,"vx":-1.7143003940582275,"vy":3.8050148487091064,"x":14.074496269226074,"y":-2.839742422103882},{"age":43,"angle":1.0780115127563477,"type":1,"va":2.41068696975708,"vx":1.9907260313630104e-2,"vy":-3.9822304248809814,"x":9.625197410583496,"y":-0.8827760815620422}],"widgets":{}}}