{"puzzle":{"reqTiles":["Up"],"inputs":[{"x":0.2,"y":0.0,"balls":[{"type":2,"rate":1.0}]},{"x":1.0,"y":0.5,"balls":[{"type":4,"rate":1.0}]}],"outputs":[{"x":0.8,"y":1.0,"balls":[{"type":4,"rate":1.0}]},{"x":1.0,"y":0.8,"balls":[{"type":2,"rate":1.0}]}],"spec":{}},"blueprint":{"puzzle":"b88ed369-d90f-5da0-b25a-57d9361784c2","title":"Bonks and fans","submittedAt":"2024-04-06T17:44:03.429760523Z","widgets":{"0":{"angle":-1.6231801331202838,"type":"fan","x":698.7525635,"y":467},"2":{"angle":0.20404095068326464,"type":"board","x":548,"y":142},"3":{"angle":1.2965971740542275,"type":"board","x":174.176,"y":474},"4":{"angle":-1.2381122716243518,"type":"fan","x":652,"y":397},"5":{"angle":-0.6513797860647782,"type":"board","x":624,"y":328},"6":{"angle":-0.3222192546506959,"type":"board","x":456.5,"y":133},"7":{"angle":1.71306477500636,"type":"fan","x":369.547,"y":151},"8":{"angle":2.621108621928394,"type":"rightbumper","x":692.086038,"y":218},"9":{"angle":-0.8414870348961149,"type":"board","x":607,"y":272},"10":{"angle":0.7183890846525032,"type":"board","x":254,"y":609},"11":{"angle":0.5465116066827926,"type":"fan","x":233,"y":541},"12":{"angle":0,"type":"board","x":404,"y":668},"13":{"angle":0.7618660450730262,"type":"brick","x":515,"y":696},"14":{"angle":0.744720414524207,"type":"board","x":584,"y":665},"15":{"angle":0,"type":"board","x":447,"y":605},"16":{"angle":2.966648640068979,"type":"fan","x":526,"y":560},"17":{"angle":0,"type":"board","x":463,"y":523},"18":{"angle":0,"type":"rightbumper","x":141,"y":277},"19":{"angle":-1.012725076655383,"type":"board","x":266,"y":141},"20":{"angle":2.8808324210293925,"type":"rightbumper","x":453,"y":222},"21":{"angle":0,"type":"rightbumper","x":466,"y":494},"22":{"angle":0.7234825289977451,"type":"board","x":633,"y":477},"23":{"angle":0.46122712366716245,"type":"board","x":626,"y":562},"24":{"angle":0,"type":"brick","x":694,"y":616},"25":{"angle":-0.4694605446969375,"type":"board","x":585,"y":367},"26":{"angle":0.8627733793561002,"type":"board","x":214,"y":452},"27":{"angle":1.164503900253018,"type":"board","x":122,"y":319},"28":{"angle":1.6008824343862664,"type":"board","x":99,"y":164},"29":{"angle":1.5986628321786711,"type":"board","x":102.5,"y":87.7168152},"30":{"angle":1.6116606718940618,"type":"board","x":189,"y":87.7946145},"31":{"angle":7.20660581417096e-2,"type":"board","x":264,"y":174}}},"snapshot":{"balls":[{"age":1279,"angle":2.9340298175811768,"type":4,"va":0,"vx":0,"vy":0,"x":8.592809677124023,"y":-10.121301651000977},{"age":808,"angle":-2.9100654125213623,"type":4,"va":0,"vx":0,"vy":0,"x":8.261877059936523,"y":-10.121301651000977},{"age":430,"angle":-2.175757884979248,"type":4,"va":-17.842966079711914,"vx":2.2242681980133057,"vy":-1.6009401082992554,"x":10.690154075622559,"y":-13.674186706542969},{"age":304,"angle":0.7453246712684631,"type":4,"va":-17.289470672607422,"vx":1.945181131362915,"vy":-1.940777063369751,"x":10.955853462219238,"y":-13.952852249145508},{"age":264,"angle":-1.383263111114502,"type":4,"va":40.65384292602539,"vx":-3.348994016647339,"vy":-4.06620454788208,"x":8.652369499206543,"y":-8.801859855651855},{"age":218,"angle":2.4931321144104004,"type":4,"va":22.55279541015625,"vx":-0.94089275598526,"vy":-6.1660027503967285,"x":6.784512042999268,"y":-11.314391136169434},{"age":253,"angle":-2.6543519496917725,"type":2,"va":8.169418334960938,"vx":-3.3471221923828125,"vy":3.189772129058838,"x":10.044084548950195,"y":-6.997668266296387},{"age":148,"angle":-3.1088809967041016,"type":4,"va":31.081787109375,"vx":4.809165954589844,"vy":6.8333001136779785,"x":14.383809089660645,"y":-5.41940975189209},{"age":167,"angle":-2.595369815826416,"type":2,"va":-9.575126647949219,"vx":-0.4605885148048401,"vy":-0.810218870639801,"x":14.188568115234375,"y":-11.509627342224121},{"age":78,"angle":2.4772093296051025,"type":4,"va":-2.623835563659668,"vx":-0.5113399028778076,"vy":1.9251987934112549,"x":14.37686538696289,"y":-7.077451705932617},{"age":95,"angle":-3.0975239276885986,"type":2,"va":-2.123016119003296,"vx":4.737558364868164,"vy":-22.591947555541992,"x":9.415568351745605,"y":-8.58263111114502},{"age":30,"angle":2.321950674057007,"type":4,"va":-0.25256654620170593,"vx":-0.6800564527511597,"vy":-2.8476787265390158e-3,"x":14.787861824035645,"y":-7.408663272857666},{"age":65,"angle":-2.2623172029852867e-2,"type":2,"va":0.23225140571594238,"vx":-0.4964557886123657,"vy":-4.913969993591309,"x":2.746192693710327,"y":-1.509827733039856},{"age":20,"angle":0.11752496659755707,"type":2,"va":-1.2536396980285645,"vx":0.10970014333724976,"vy":-2.0497500896453857,"x":2.9709081649780273,"y":-0.2932594418525696}],"widgets":{}}}