{"puzzle":{"reqTiles":["Up"],"inputs":[{"x":0.8,"y":0.0,"balls":[{"type":2,"rate":0.5}]}],"outputs":[{"x":0.35,"y":1.0,"balls":[{"type":2,"rate":0.5}]}],"spec":{}},"blueprint":{"puzzle":"fabca0ea-4b64-5c25-8c60-d6fb82aa9285","title":"Second","submittedAt":"2024-04-07T03:12:07.828331006Z","widgets":{"0":{"angle":0,"type":"hook","x":491.5996565,"y":403.9305093},"1":{"angle":-3.16664120078449,"type":"fan","x":663.3330491,"y":347.524},"2":{"angle":1.83622130708025,"type":"board","x":347.1427546,"y":653.2032915}}},"snapshot":{"balls":[{"age":1194,"angle":-1.7466663122177124,"type":2,"va":-1.2119152545928955,"vx":0.19311107695102692,"vy":-4.656612873077393e-10,"x":0.695012092590332,"y":-14.621313095092773},{"age":680,"angle":-2.9324803352355957,"type":2,"va":-3.126044511795044,"vx":0.49780023097991943,"vy":-4.656612873077393e-10,"x":3.236701250076294,"y":-14.621367454528809},{"age":211,"angle":-1.7310919761657715,"type":2,"va":19.65275001525879,"vx":-6.619192600250244,"vy":-10.653739929199219,"x":0.888380765914917,"y":-13.518654823303223},{"age":45,"angle":-0.3516773581504822,"type":2,"va":-1.0812733173370361,"vx":2.5453349575400352e-2,"vy":-6.024265289306641,"x":11.857600212097168,"y":-1.9586989879608154}],"widgets":{"0":{"angle":2.2034727036952972e-2,"key":"0","va":-1.7848430201411247e-2,"vx":0,"vy":0,"x":9.833961486816406,"y":-8.100198745727539}}}}