{"puzzle":{"reqTiles":["Up"],"inputs":[{"x":0.5,"y":0.0,"balls":[{"type":2,"rate":0.5555013020833334}]},{"x":1.0,"y":0.8,"balls":[{"type":3,"rate":0.564453125}]}],"outputs":[{"x":0.2,"y":1.0,"balls":[{"type":3,"rate":0.59375}]},{"x":1.0,"y":0.2,"balls":[{"type":2,"rate":0.5555013020833334}]}],"spec":{}},"blueprint":{"puzzle":"555d934a-d475-5561-bc64-1f9a435902d1","title":"prism pairs","submittedAt":"2024-04-24T18:44:19.173730938Z","widgets":{"0":{"angle":1.0555276966219236,"type":"leftbumper","x":632.004,"y":665.917},"32":{"angle":-0.44179779187007345,"type":"brick","x":518,"y":286},"1":{"angle":-0.1349284121982519,"type":"board","x":436,"y":109},"33":{"angle":0.1431098991988122,"type":"fan","x":451,"y":132},"2":{"angle":0.15419650638327967,"type":"board","x":93.2546,"y":175},"34":{"angle":-1.204656516938459,"type":"fan","x":684,"y":261},"3":{"angle":-4.350286704373722e-2,"type":"board","x":271,"y":124},"35":{"angle":-0.18654842089024534,"type":"fan","x":411,"y":229},"4":{"angle":-2.3765642373714493,"type":"sword","x":575.648,"y":62.8919175},"36":{"angle":-1.0377759789691157,"type":"board","x":374,"y":351},"5":{"angle":-0.14220149949023222,"type":"brick","x":704.4299355,"y":629},"37":{"angle":-1.0877561876179411,"type":"fan","x":679,"y":248},"6":{"angle":-1.5446557923186592,"type":"board","x":384,"y":205},"38":{"angle":-9.646883797326302e-3,"type":"brick","x":319,"y":594},"7":{"angle":-0.24553308923897094,"type":"fan","x":61.9104,"y":229},"39":{"angle":-1.8582111185947805,"type":"fan","x":509,"y":408},"40":{"angle":-0.8375800482446757,"type":"fan","x":498,"y":335},"9":{"angle":0,"type":"cushion","x":631,"y":103},"41":{"angle":-3.087897016031712,"type":"fan","x":667,"y":701.2927948},"10":{"angle":0.19755572214630537,"type":"cushion","x":695.9701675,"y":111},"42":{"angle":3.0883098020301007,"type":"fan","x":626,"y":701.3016566},"11":{"angle":0.3851575063634742,"type":"fan","x":632,"y":85},"43":{"angle":-8.04190751772202e-2,"type":"board","x":275,"y":724},"12":{"angle":-0.6344854981218732,"type":"cushion","x":695.4206645,"y":196},"44":{"angle":-5.7343342352988075e-2,"type":"board","x":410,"y":714},"13":{"angle":0.4265727569726758,"type":"brick","x":272,"y":228},"45":{"angle":-0.20102691104859943,"type":"board","x":531,"y":696.71},"14":{"angle":-1.198726242942763,"type":"board","x":351,"y":357},"46":{"angle":5.5666758296720804e-2,"type":"brick","x":34.698447,"y":721.5},"15":{"angle":-1.5354645284946096,"type":"board","x":273,"y":308},"47":{"angle":0,"type":"brick","x":70,"y":726.5},"16":{"angle":0,"type":"prism","x":164,"y":301},"48":{"angle":8.978171697286545e-2,"type":"board","x":89.5,"y":606},"17":{"angle":2.2620351951112916,"type":"prism","x":151,"y":347},"49":{"angle":0.25016336580910287,"type":"board","x":87.5,"y":480},"18":{"angle":3.170517227693974,"type":"prism","x":312,"y":510},"50":{"angle":-0.11990398536502375,"type":"board","x":180,"y":552},"19":{"angle":3.400096536111614,"type":"prism","x":329,"y":534},"51":{"angle":-8.503440381023382e-2,"type":"rightbumper","x":492,"y":608},"20":{"angle":-1.3519408057942752,"type":"board","x":471,"y":376},"52":{"angle":-1.2360594894780816,"type":"board","x":263,"y":409},"21":{"angle":-0.9055962330877959,"type":"board","x":398,"y":526},"53":{"angle":-1.5892415828429343,"type":"board","x":729.3876713,"y":459},"22":{"angle":-6.512966039011166e-3,"type":"board","x":305,"y":609},"54":{"angle":-1.9972620707114777,"type":"board","x":695.611203,"y":316},"23":{"height":10,"type":"repulsor","width":150,"x":216,"y":336},"55":{"angle":1.4875432599752814,"type":"prism","x":187,"y":67},"24":{"angle":-1.4413215290433037,"type":"fan","x":383,"y":605.5},"56":{"angle":-1.4359331538421878,"type":"prism","x":116,"y":54.832105},"25":{"angle":-1.873301553474974,"type":"fan","x":452,"y":634},"57":{"angle":-3.0055162550195567,"type":"prism","x":154,"y":673},"26":{"angle":0,"type":"rightbumper","x":268,"y":504},"58":{"angle":0.12907724413126243,"type":"prism","x":221,"y":637},"27":{"angle":-1.5620940148320204,"type":"fan","x":406,"y":630},"59":{"angle":0.857185596524437,"type":"prism","x":524,"y":538},"28":{"angle":-1.7007296935482972,"type":"fan","x":472,"y":505},"60":{"angle":-0.8506821760835481,"type":"prism","x":512,"y":492},"29":{"angle":0,"type":"fan","x":399,"y":158},"61":{"angle":1.7845145725201188,"type":"board","x":488,"y":480},"30":{"angle":-0.14802020808169367,"type":"board","x":154,"y":396},"31":{"angle":-1.1886046241858117,"type":"board","x":441,"y":216}}},"snapshot":{"balls":[{"age":1858,"angle":-1.914633870124817,"type":3,"va":0,"vx":-0.6011518836021423,"vy":-3.450985997915268e-2,"x":6.120077610015869,"y":-14.060282707214355},{"age":1389,"angle":0.4632180333137512,"type":3,"va":6.246079444885254,"vx":-0.9924658536911011,"vy":-7.998406887054443e-2,"x":6.286721229553223,"y":-14.076305389404297},{"age":1272,"angle":3.0308897495269775,"type":2,"va":-1.6392205953598022,"vx":-1.7331750392913818,"vy":2.941868305206299,"x":8.64497184753418,"y":-6.641902446746826},{"age":4,"angle":3.1177384853363037,"type":3,"va":7.097475230693817e-2,"vx":-0.7025740146636963,"vy":-0.8635724782943726,"x":3.053220748901367,"y":-14.553169250488281},{"age":1083,"angle":3.08480167388916,"type":3,"va":-6.580820083618164,"vx":1.0411406755447388,"vy":-9.372767806053162e-2,"x":1.2101213932037354,"y":-11.72799015045166},{"age":920,"angle":0.49536746740341187,"type":3,"va":-6.580902099609375,"vx":1.0411536693572998,"vy":-9.372884035110474e-2,"x":1.5279289484024048,"y":-11.756600379943848},{"age":866,"angle":0.21032243967056274,"type":3,"va":10.945301055908203,"vx":-1.728713870048523,"vy":-7.525301724672318e-2,"x":4.094606399536133,"y":-2.1991260051727295},{"age":795,"angle":-3.079336643218994,"type":2,"va":6.465044021606445,"vx":-2.5360655784606934,"vy":-3.2274892330169678,"x":7.117673873901367,"y":-5.616969585418701},{"age":756,"angle":-1.1974788904190063,"type":3,"va":9.416535377502441,"vx":-1.4808169603347778,"vy":-0.1784103363752365,"x":3.3104100227355957,"y":-10.73413372039795},{"age":660,"angle":2.5355873107910156,"type":3,"va":3.4823076725006104,"vx":-0.5503594875335693,"vy":-6.630741059780121e-2,"x":4.444461822509766,"y":-10.597186088562012},{"age":541,"angle":-0.2695007622241974,"type":3,"va":2.2283146381378174,"vx":-0.35074591636657715,"vy":5.4516613483428955e-2,"x":1.9981244802474976,"y":-3.177945852279663},{"age":575,"angle":-2.3854169845581055,"type":2,"va":-21.143239974975586,"vx":7.807009696960449,"vy":25.015348434448242,"x":8.490506172180176,"y":-7.703650951385498},{"age":462,"angle":-2.404984712600708,"type":3,"va":2.639503240585327,"vx":-0.41535887122154236,"vy":6.45592212677002e-2,"x":2.3282697200775146,"y":-3.2292745113372803},{"age":423,"angle":-1.0079190731048584,"type":2,"va":-72.2158432006836,"vx":-12.652454376220703,"vy":2.5326194763183594,"x":11.04415512084961,"y":-2.0043387413024902},{"age":307,"angle":1.4800407886505127,"type":3,"va":11.012153625488281,"vx":-1.739122986793518,"vy":-7.570648193359375e-2,"x":3.773193359375,"y":-2.213118076324463},{"age":314,"angle":-0.6610421538352966,"type":2,"va":8.318867683410645,"vx":-0.9432228803634644,"vy":-0.1510564386844635,"x":1.414469599723816,"y":-2.9762067794799805},{"age":258,"angle":-1.052027940750122,"type":3,"va":-11.862943649291992,"vx":1.8713045120239258,"vy":7.678020745515823e-2,"x":6.6217427253723145,"y":-2.0891802310943604},{"age":245,"angle":2.97886061668396,"type":2,"va":11.155694007873535,"vx":-0.9222937822341919,"vy":2.742927074432373,"x":0.42679306864738464,"y":-2.782453775405884},{"age":166,"angle":0.9213349223136902,"type":2,"va":0.8688400387763977,"vx":-0.13715027272701263,"vy":-1.8618842586874962e-2,"x":7.445082664489746,"y":-2.0112717151641846},{"age":97,"angle":-3.02008056640625,"type":3,"va":9.851486206054688,"vx":-1.5440877676010132,"vy":-0.22106066346168518,"x":13.506429672241211,"y":-12.230692863464355},{"age":45,"angle":2.0890052318573,"type":3,"va":1.699617624282837,"vx":-1.2243247032165527,"vy":-0.2515028715133667,"x":14.618404388427734,