{"puzzle":{"reqTiles":["Up"],"inputs":[{"x":0.2,"y":0.0,"balls":[{"type":2,"rate":0.75}]},{"x":1.0,"y":0.8,"balls":[{"type":3,"rate":1.0}]}],"outputs":[{"x":0.2,"y":1.0,"balls":[{"type":3,"rate":1.0}]},{"x":1.0,"y":0.2,"balls":[{"type":2,"rate":0.75}]}],"spec":{}},"blueprint":{"puzzle":"5394c998-ad11-5cf5-8e1a-dd537991a2e3","title":"parallel universes","submittedAt":"2024-04-07T20:42:28.592344524Z","widgets":{"0":{"height":25,"type":"attractor","width":25,"x":32.5,"y":360.5},"32":{"angle":-0.13794999746184472,"type":"brick","x":294,"y":668},"1":{"height":25,"type":"attractor","width":25,"x":113.5,"y":349.5},"33":{"angle":-0.49088688020707866,"type":"brick","x":247,"y":684},"2":{"height":25,"type":"attractor","width":25,"x":194.5,"y":359.5},"34":{"angle":-0.5925421645038945,"type":"brick","x":209,"y":709.818},"3":{"height":28,"type":"attractor","width":28,"x":268.499,"y":378.499},"35":{"angle":-8.232770383196905e-2,"type":"brick","x":705.0075015,"y":569},"4":{"height":25,"type":"attractor","width":25,"x":344.5,"y":364.5},"36":{"angle":-0.10107972214558934,"type":"brick","x":643,"y":576},"5":{"height":45,"type":"attractor","width":45,"x":427.995,"y":344.995},"37":{"angle":-8.523164520517086e-2,"type":"brick","x":584,"y":581},"6":{"height":32,"type":"attractor","width":32,"x":517.497,"y":365.497},"38":{"angle":-6.996247132502627e-2,"type":"brick","x":528,"y":583},"7":{"height":35,"type":"attractor","width":35,"x":604.995,"y":373.995},"39":{"angle":-8.689805273412257e-2,"type":"brick","x":467,"y":587},"8":{"height":49,"type":"attractor","width":49,"x":696,"y":343},"40":{"angle":-6.790514477618009e-2,"type":"brick","x":404,"y":591},"41":{"angle":-1.5826298852351917,"type":"anvil","x":147,"y":586},"10":{"angle":0.1502263129656535,"type":"board","x":363,"y":129},"42":{"angle":-9.236107286289155e-2,"type":"brick","x":342,"y":595},"11":{"angle":5.9803926865160784e-2,"type":"board","x":524,"y":149},"43":{"angle":-0.20921013301223068,"type":"brick","x":278,"y":604},"12":{"angle":7.656488301183759e-2,"type":"board","x":652.068163,"y":158},"44":{"angle":-0.20227993557343427,"type":"brick","x":213,"y":615},"13":{"angle":5.628189011403822e-2,"type":"board","x":652.132389,"y":118},"45":{"angle":-0.22064430019855674,"type":"brick","x":150,"y":628},"14":{"angle":0.13198537809514357,"type":"board","x":491,"y":104},"46":{"angle":0,"type":"brick","x":95,"y":632},"15":{"angle":0.22208132497224436,"type":"board","x":349,"y":80},"47":{"angle":0,"type":"brick","x":33.997,"y":631},"16":{"angle":0.40466339597667855,"type":"board","x":253,"y":42.7202625},"48":{"angle":0.31028334615912617,"type":"brick","x":259,"y":590},"17":{"angle":-1.6047270476792619,"type":"anvil","x":145,"y":116},"49":{"angle":0.303781401081073,"type":"brick","x":203,"y":571},"18":{"angle":0.2932927258956857,"type":"board","x":205,"y":91},"50":{"angle":0,"type":"brick","x":144,"y":548},"19":{"angle":-0.25662161229516245,"type":"board","x":202,"y":141},"51":{"angle":0,"type":"brick","x":87,"y":547},"20":{"angle":0,"type":"board","x":87.5,"y":166},"52":{"angle":0,"type":"brick","x":33.997,"y":549},"21":{"angle":0,"type":"board","x":87.5,"y":85},"53":{"angle":0,"type":"brick","x":471,"y":658},"22":{"angle":0,"type":"board","x":371,"y":63},"54":{"angle":0,"type":"brick","x":525,"y":659},"23":{"angle":0,"type":"board","x":540,"y":63},"55":{"angle":0,"type":"brick","x":576,"y":659},"24":{"angle":0,"type":"board","x":652.5,"y":62},"56":{"angle":0,"type":"brick","x":625,"y":659},"25":{"angle":-7.251476881422626e-2,"type":"brick","x":705.1137365,"y":623},"57":{"angle":0,"type":"brick","x":679,"y":660},"26":{"angle":-6.400250993454298e-2,"type":"brick","x":643,"y":627},"58":{"angle":0,"type":"brick","x":706.0022,"y":662},"27":{"angle":-0.13302877154174808,"type":"brick","x":588,"y":634},"59":{"angle":0,"sticker":"figure1-happy","type":"sticker","x":130,"y":470},"28":{"angle":-0.12785083074380646,"type":"brick","x":529,"y":642},"60":{"angle":-3.1392764463563756,"sticker":"figure2-happy","type":"sticker","x":116,"y":245},"29":{"angle":-0.11047227611338416,"type":"brick","x":473,"y":648},"61":{"angle":0,"sticker":"cat","type":"sticker","x":457,"y":560},"30":{"angle":-7.944691293391036e-2,"type":"brick","x":408,"y":656},"62":{"angle":3.1605070640405617,"sticker":"kingbun","type":"sticker","x":462,"y":172},"31":{"angle":-0.10833119098850928,"type":"brick","x":345,"y":662}}},"snapshot":{"balls":[{"age":568,"angle":-0.740713894367218,"type":3,"va":-2.01505970954895,"vx":0.32099640369415283,"vy":5.960464477539063e-8,"x":0.328836053609848,"y":-14.621330261230469},{"age":460,"angle":2.1772665977478027,"type":3,"va":5.711929798126221,"vx":0.7951821684837341,"vy":-1.3999847173690796,"x":0.6435959339141846,"y":-14.550148963928223},{"age":14,"angle":1.6538037061691284,"type":3,"va":-3.2555034160614014,"vx":0.405297189950943,"vy":-0.9294583201408386,"x":2.9442975521087646,"y":-14.70264720916748},{"age":343,"angle":-1.6042834520339966,"type":3,"va":16.7330265045166,"vx":-2.008091688156128,"vy":1.0031797885894775,"x":5.288122653961182,"y":-12.839631080627441},{"age":321,"angle":0.6788512468338013,"type":2,"va":-7.728967815637589e-2,"vx":1.2507475912570953e-2,"vy":-9.595320443622768e-4,"x":14.123929977416992,"y":-2.903355836868286},{"age":272,"angle":-1.3270379304885864,"type":3,"va":17.53162956237793,"vx":-2.764061689376831,"vy":-0.23997797071933746,"x":8.11921501159668,"y":-12.693676948547363},{"age":225,"angle":-0.8189806342124939,"type":3,"va":14.69066333770752,"vx":-2.027641773223877,"vy":0.7387678027153015,"x":10.082310676574707,"y":-12.436880111694336},{"age":232,"angle":2.382650852203369,"type":2,"va":-16.42275619506836,"vx":2.6490578651428223,"vy":0.4750235080718994,"x":12.257973670959473,"y":-2.7397196292877197},{"age":151,"angle":-1.2245806455612183,"type":3,"va":10.08460807800293,"vx":-1.5927064418792725,"vy":-0.10208114981651306,"x":12.212591171264648,"y":-12.15234661102295},{"age":179,"angle":1.8493118286132812,"type":2,"va":-25.97109603881836,"vx":4.078434467315674,"vy":-0.6667904257774353,"x":9.061450004577637,"y":-2.510934352874756},{"age":137,"angle":0.816860020160675,"type":2,"va":-17.68308448791504,"vx":2.9061455726623535,"vy":-0.9771133065223694,"x":5.289902210235596,"y":-1.7934849262237549},{"age":84,"angle":1.1405856609344482,"type":3,"va":6.777500629425049,"vx":-1.0736068487167358,"vy":-7.798448204994202e-2,"x":13.866437911987305,"y":-12.04757308959961},{"age":35,"angle":-0.1979394108057022,"type":2,"va":-1.1682145595550537,"vx":1.7657320946455002e-2,"vy":-2.7317955493927,"x":2.962416648864746,"y":-0.45089349150657654}],"widgets":{}}}