{"puzzle":{"reqTiles":["Up"],"inputs":[{"x":0.5,"y":0.0,"balls":[{"type":4,"rate":0.83203125}]},{"x":1.0,"y":0.2,"balls":[{"type":3,"rate":0.564453125}]}],"outputs":[{"x":0.5,"y":1.0,"balls":[{"type":3,"rate":0.59375}]},{"x":1.0,"y":0.5,"balls":[{"type":4,"rate":0.83203125}]}],"spec":{}},"blueprint":{"puzzle":"7b6e586f-4058-5600-8c9a-106c57e4f3d9","title":"banana splits at the black hole laundrette","submittedAt":"2024-04-26T12:48:44.625796092Z","widgets":{"0":{"angle":0,"type":"lefthook","x":348.411,"y":210.94},"32":{"angle":0,"sticker":"figure2-sad","type":"sticker","x":46,"y":627},"33":{"angle":0,"sticker":"determinism","type":"sticker","x":221,"y":54},"2":{"angle":0.21192536967430992,"type":"board","x":646,"y":373},"34":{"angle":0,"sticker":"squobject","type":"sticker","x":208,"y":102},"35":{"angle":0,"sticker":"figure2-sad","type":"sticker","x":554,"y":620},"4":{"angle":-0.1173328986378555,"type":"fan","x":292,"y":295},"36":{"angle":7.173402856315682e-2,"type":"sword","x":213,"y":650},"5":{"angle":-0.22432668038154227,"type":"board","x":652.69035,"y":208},"37":{"angle":3.1118854030440084,"type":"sword","x":505,"y":647},"6":{"angle":2.044624164785778,"type":"cushion","x":441,"y":694.61928},"38":{"angle":0.6526110293881556,"sticker":"kingbun","type":"sticker","x":117,"y":349},"7":{"angle":0.8810912437168873,"type":"cushion","x":292,"y":695.963161},"39":{"angle":5.624845360240866,"sticker":"kingbun","type":"sticker","x":144,"y":346},"8":{"angle":-0.6355252808970759,"type":"fan","x":329,"y":435},"40":{"angle":4.626951983938924,"sticker":"kingbun","type":"sticker","x":153,"y":319},"9":{"angle":-0.28610232770458155,"type":"brick","x":396,"y":120},"41":{"angle":3.6294381704700243,"sticker":"kingbun","type":"sticker","x":136,"y":299},"10":{"angle":2.890464468049845,"type":"hammer","x":274,"y":127},"42":{"angle":2.542248708824869,"sticker":"kingbun","type":"sticker","x":108,"y":298},"11":{"height":185,"type":"attractor","width":185,"x":634.5,"y":111},"43":{"angle":1.6727699567871315,"sticker":"kingbun","type":"sticker","x":102,"y":325},"12":{"height":178,"type":"attractor","width":178,"x":530.5,"y":507.5},"14":{"height":180,"type":"attractor","width":180,"x":261.5,"y":508.5},"15":{"angle":0,"type":"cup","x":530,"y":716.5},"16":{"angle":0,"type":"cup","x":488,"y":716.5},"17":{"angle":0,"type":"cup","x":223,"y":716.5},"18":{"angle":0,"type":"cup","x":183,"y":716.5},"19":{"angle":0,"type":"cup","x":140,"y":716.5},"20":{"angle":0,"type":"cup","x":100,"y":716.5},"21":{"angle":0,"type":"cup","x":61,"y":716.5},"22":{"angle":0,"type":"cup","x":21,"y":716.5},"23":{"angle":0,"type":"cup","x":573,"y":716.5},"24":{"angle":0,"type":"cup","x":618,"y":716.5},"25":{"angle":0,"type":"cup","x":659,"y":716.5},"26":{"angle":0,"type":"cup","x":701,"y":716.5},"27":{"angle":0.3613882863293588,"type":"brick","x":533,"y":347},"28":{"angle":0,"sticker":"figure2-sad","type":"sticker","x":662,"y":626},"29":{"angle":0,"sticker":"figure2-sad","type":"sticker","x":167,"y":625},"30":{"angle":0,"sticker":"figure2-sad","type":"sticker","x":600,"y":625},"31":{"angle":0,"sticker":"figure2-sad","type":"sticker","x":106,"y":625}}},"snapshot":{"balls":[{"age":1001,"angle":-1.0954325199127197,"type":4,"va":-1.3611946105957031,"vx":0.2099049687385559,"vy":-0.23173774778842926,"x":8.370369911193848,"y":-4.001883029937744},{"age":874,"angle":-3.221894055604935e-2,"type":4,"va":-1.3518803119659424,"vx":0.21186815202236176,"vy":-0.2149672508239746,"x":8.731303215026855,"y":-4.018538475036621},{"age":774,"angle":2.7486579418182373,"type":4,"va":-5.020325183868408,"vx":3.5028669834136963,"vy":-3.2132561206817627,"x":11.103954315185547,"y":-6.182961940765381},{"age":709,"angle":2.722271680831909,"type":4,"va":-8.55643081665039,"vx":1.294213056564331,"vy":-0.27846240997314453,"x":13.670258522033691,"y":-7.275320053100586},{"age":605,"angle":-0.9642057418823242,"type":4,"va":-1.359146237373352,"vx":0.21100766956806183,"vy":-0.2298673689365387,"x":9.053531646728516,"y":-4.0349650382995605},{"age":520,"angle":2.9637935161590576,"type":4,"va":3.1915533542633057,"vx":-0.5065748691558838,"vy":-4.497670754790306e-2,"x":6.712309837341309,"y":-3.918828248977661},{"age":416,"angle":2.275225877761841,"type":4,"va":-1.5963225364685059,"vx":0.24778202176094055,"vy":-0.20140454173088074,"x":8.023017883300781,"y":-3.9844343662261963},{"age":333,"angle":-1.958792805671692,"type":4,"va":-5.234713077545166,"vx":0.8136459589004517,"vy":-0.14359723031520844,"x":7.101680278778076,"y":-3.93827748298645},{"age":237,"angle":2.5816876888275146,"type":4,"va":-0.9203484654426575,"vx":0.14442642033100128,"vy":-0.16191263496875763,"x":7.646279335021973,"y":-3.9654152393341064},{"age":172,"angle":-3.008714199066162,"type":3,"va":19.55207633972168,"vx":-2.907594680786133,"vy":-4.084592342376709,"x":10.196492195129395,"y":-5.0752949714660645},{"age":171,"angle":1.6287790536880493,"type":4,"va":-0.5433346033096313,"vx":0.25471624732017517,"vy":-0.48886895179748535,"x":7.619261264801025,"y":-3.6456165313720703},{"age":123,"angle":0.40330857038497925,"type":4,"va":-1.235841155052185,"vx":0.35785046219825745,"vy":1.2720682621002197,"x":6.917238235473633,"y":-3.5978682041168213},{"age":57,"angle":-1.9093090295791626,"type":3,"va":3.502920150756836,"vx":-0.5548557639122009,"vy":-0.8542870283126831,"x":14.362353324890137,"y":-3.2900583744049072},{"age":31,"angle":0.6045079231262207,"type":4,"va":1.842514991760254,"vx":1.8891023471951485e-2,"vy":-1.962767481803894,"x":7.40167236328125,"y":-0.3209938406944275}],"widgets":{"0":{"angle":-5.041943117976189e-2,"key":"0","va":-4.286857321858406e-2,"vx":0,"vy":0,"x":6.962986469268799,"y":-4.2701239585876465}}}}