{"puzzle":{"reqTiles":["Up"],"inputs":[{"x":0.65,"y":0.0,"balls":[{"type":2,"rate":0.44298044840494794}]},{"x":1.0,"y":0.8,"balls":[{"type":1,"rate":0.581255594889323}]}],"outputs":[{"x":0.8,"y":1.0,"balls":[{"type":1,"rate":0.565704345703125}]},{"x":1.0,"y":0.65,"balls":[{"type":2,"rate":0.44298044840494794}]}],"spec":{}},"blueprint":{"puzzle":"d582e089-8bd4-53e0-8f19-9496f4b30607","title":"Unnecessary Corners","submittedAt":"2024-06-06T19:00:03.631372226Z","widgets":{"0":{"angle":0,"type":"board","x":465,"y":629},"32":{"angle":-1.5750035118445027,"type":"fan","x":391,"y":552},"64":{"angle":-1.9997333973150015e-2,"type":"board","x":620,"y":233},"1":{"angle":0,"type":"board","x":636,"y":629},"33":{"angle":1.5680707696342229,"type":"board","x":115,"y":360},"65":{"angle":0,"type":"board","x":652.5,"y":76},"2":{"angle":0,"type":"board","x":480,"y":584},"34":{"angle":0,"type":"board","x":356,"y":381},"3":{"angle":0,"type":"board","x":630,"y":584},"35":{"angle":1.55807,"type":"board","x":350,"y":244},"67":{"angle":-2.012669610853067,"type":"leftbumper","x":685.088556,"y":219},"4":{"angle":-2.746857753260978,"type":"fan","x":703.8860235,"y":666},"36":{"angle":1.5559009893686615,"type":"board","x":115,"y":206},"68":{"angle":4.16426e-2,"type":"board","x":531,"y":320},"5":{"angle":1.5614890750743542,"type":"board","x":114,"y":599},"37":{"angle":3.1483623760898003,"type":"fan","x":466,"y":403},"69":{"angle":0,"type":"board","x":619,"y":268},"6":{"angle":0,"type":"board","x":378,"y":677},"38":{"angle":-1.581838822729714,"type":"fan","x":164,"y":449},"70":{"angle":-0.2181608158363738,"type":"brick","x":563,"y":245},"7":{"angle":0,"type":"board","x":547,"y":678},"39":{"angle":0,"type":"board","x":270,"y":424},"8":{"angle":0,"type":"board","x":477,"y":715},"40":{"angle":0,"type":"board","x":199,"y":424},"72":{"angle":1.576106598817834,"type":"brick","x":454,"y":193},"9":{"angle":1.5626555453332756,"type":"board","x":62,"y":620},"41":{"angle":0,"type":"board","x":280,"y":382},"73":{"angle":-0.8375895289845513,"type":"brick","x":471,"y":188},"10":{"angle":0,"type":"board","x":139,"y":713},"42":{"angle":1.560334891888969,"type":"brick","x":350,"y":450},"74":{"angle":0.7796652204727826,"type":"brick","x":706.3298805,"y":419},"11":{"angle":0,"type":"board","x":308,"y":714},"43":{"angle":0,"type":"fan","x":23.5,"y":298},"75":{"angle":4.007229230172846,"type":"brick","x":707.682338,"y":294},"12":{"angle":0,"type":"fan","x":23.5,"y":686},"44":{"angle":0,"type":"board","x":281,"y":320},"76":{"angle":2.09676417915419,"type":"rightbumper","x":635,"y":477},"13":{"angle":0,"type":"board","x":203,"y":628},"45":{"angle":-1.568397644360857,"type":"fan","x":311,"y":350},"77":{"angle":-1.5760810691403677,"type":"brick","x":604,"y":360},"14":{"angle":0,"type":"board","x":325,"y":629},"46":{"angle":3.1534968531481034,"type":"fan","x":386,"y":205},"78":{"angle":2.2555470223806933,"type":"brick","x":708.0388905,"y":344},"15":{"angle":-1.58184825545727,"type":"fan","x":162,"y":647},"47":{"angle":-3.1451158333751055,"type":"fan","x":209,"y":47},"79":{"angle":0,"type":"brick","x":706,"y":371},"16":{"angle":0,"type":"board","x":209,"y":676},"48":{"angle":1.5519306407732256,"type":"board","x":173,"y":87.6542064},"80":{"angle":0,"type":"brick","x":706,"y":394},"17":{"angle":-1.5672732421710158,"type":"brick","x":642,"y":705.5773416},"49":{"angle":-1.5802135268698505,"type":"fan","x":163,"y":247},"81":{"angle":0,"sticker":"figure1-sad","type":"sticker","x":521,"y":514},"18":{"angle":3.193319708603209,"type":"board","x":642,"y":492},"50":{"angle":1.5594260019132873,"type":"brick","x":208,"y":344},"82":{"angle":0,"sticker":"kingbun","type":"sticker","x":572,"y":556},"19":{"angle":1.970345488318335e-3,"type":"board","x":418,"y":151},"51":{"angle":1.5510231651127409,"type":"brick","x":243,"y":34.260258},"20":{"angle":1.5659965137275709,"type":"board","x":58.3564,"y":238},"52":{"angle":-1.5611372474302958,"type":"brick","x":269,"y":244},"84":{"angle":0,"type":"brick","x":569,"y":239},"21":{"angle":1.5542840356020167,"type":"board","x":60,"y":394},"53":{"angle":0,"type":"board","x":198,"y":281},"85":{"angle":0,"type":"brick","x":569,"y":263},"22":{"angle":1.563302287809777,"type":"board","x":61,"y":517},"54":{"angle":0,"type":"board","x":255,"y":164},"23":{"angle":0,"type":"fan","x":23.5,"y":490},"55":{"angle":0,"type":"board","x":197,"y":217},"87":{"angle":-2.1034959008240284,"type":"brick","x":711.1033335,"y":145},"24":{"angle":0,"type":"board","x":268,"y":583},"56":{"angle":1.5750897571469376,"type":"board","x":58.0901,"y":87.5378531},"88":{"angle":-2.171052806513383,"type":"brick","x":684,"y":99},"25":{"angle":0,"type":"board","x":198,"y":479},"57":{"angle":1.5904417541573874,"type":"board","x":114.139,"y":449},"89":{"angle":2.5914858327968378,"type":"fan","x":477,"y":537},"26":{"angle":0,"type":"board","x":370,"y":584},"58":{"angle":-3.144417504832929,"type":"board","x":539,"y":75},"27":{"angle":0,"type":"board","x":272,"y":525},"59":{"angle":1.5576901365520563,"type":"board","x":568,"y":406},"91":{"angle":-1.5715865905785438,"type":"brick","x":605,"y":409},"28":{"angle":1.5617342482525214,"type":"brick","x":197,"y":550},"60":{"angle":3.124614638185937,"type":"board","x":400,"y":76},"92":{"angle":-0.48269147729369544,"type":"leftbumper","x":451,"y":273},"29":{"angle":1.555530337248117,"type":"board","x":434,"y":445},"61":{"angle":3.153104568511044,"type":"leftbumper","x":232,"y":102},"93":{"angle":0,"type":"board","x":255,"y":150},"30":{"angle":-1.707545689944612e-2,"type":"board","x":275,"y":478},"62":{"angle":3.144990297003839,"type":"fan","x":600,"y":37.579601},"94":{"angle":-1.5852372629322564,"type":"board","x":433,"y":288},"31":{"angle":0,"type":"board","x":359,"y":525},"63":{"angle":9.436889680717885e-3,"type":"board","x":529,"y":152},"95":{"angle":-1.5755512642730223,"type":"board","x":432,"y":232}}},"snapshot":{"balls":[{"age":858,"angle":-1.628393292427063,"type":1,"va":-36.056663513183594,"vx":5.6930999755859375,"vy":-6.540000438690186e-2,"x":10.553991317749023,"y":-13.963032722473145},{"age":861,"angle":1.2532358169555664,"type":2,"va":-5.097367763519287,"vx":-1.18892240524292,"vy":-1.968239665031433,"x":10.218839645385742,"y":-5.805466175079346},{"age":750,"angle":-0.13725176453590393,"type":1,"va":-14.03709602355957,"vx":1.1817737817764282,"vy":-4.94627571105957,"x":1.7891778945922852,"y":-8.641199111938477},{"age":683,"angle":2.0041279792785645,"type":1,"va":-10.736519813537598,"vx":1.5535727143287659e-2,"vy":-8.693048477172852,"x":1.5089274644851685,"y":-4.947852611541748},{"age":625,"angle":3.1317968368530273,"type":1,"va":-7.9042158126831055,"vx":-6.407597541809082,"vy":8.605928719043732e-2,"x":4.510072708129883,"y":-3.9846482276916504},{"age":480,"angle":-2.071061134338379,"type":1,"va":0.5311788320541382,"vx":1.8686654567718506,"vy":0.3552860617637634,"x":4.00370454788208,"y":-6.033456802368164},{"age":547,"angle":1.5184351205825806,"type":2,"va":2.301889181137085,"vx":-0.37608247995376587,"vy":-0.27385056018829346,"x":12.03970718383789,"y":-4.312826156616211},{"age":396,"angle":-1.3798922300338745,"type":1,"va":-5.83819580078125,"vx":-1.9328125715255737,"vy":-0.6669751405715942,"x":7.306405067443848,"y":-8.030556678771973},{"age":413,"angle":0.5964345932006836,"type":2,"va":-12.114620208740234,"vx":2.728686809539795,"vy":1.386092185974121,"x":13.192147254943848,"y":-8.831290245056152},{"age":323,"angle":0.7965676188468933,"type":2,"va":1.9998669624328613,"vx":-2.739492177963257,"vy":-2.0561389923095703,"x":10.155211448669434,"y":-4.028283596038818},{"age":259,"angle":1.2453722953796387,"type":1,"va":36.93170928955078,"vx":2.3218014240264893,"vy":6.406528472900391,"x":2.9991207122802734,"y":-10.990177154541016},{"age":180,"angle":-1.207810878753662,"type":2,"va":-0.7269420027732849,"vx":-0.18361498415470123,"vy":-3.4567220211029053,"x":6.515878677368164,"y":-0.7325131297111511},{"age":55,"angle":2.4446775913238525,"type":1,"va":1.4997020959854126,