{"puzzle":{"reqTiles":["Up"],"inputs":[{"x":0.35,"y":0.0,"balls":[{"type":2,"rate":0.4860026041666667}]},{"x":1.0,"y":0.35,"balls":[{"type":1,"rate":0.718505859375}]}],"outputs":[{"x":0.2,"y":1.0,"balls":[{"type":1,"rate":0.72802734375}]},{"x":1.0,"y":0.65,"balls":[{"type":2,"rate":0.4860026041666667}]}],"spec":{}},"blueprint":{"puzzle":"ab7af778-c70f-5b63-b64f-d311ef71e2ab","title":"Could be worse","submittedAt":"2024-04-23T14:02:48.331289438Z","widgets":{"0":{"angle":-1.586450129627439,"type":"fan","x":702.1367623,"y":349},"32":{"angle":3.1324987196206937,"type":"fan","x":585,"y":702.287833},"1":{"angle":-1.5776800078502884,"type":"fan","x":702.3391347,"y":350},"33":{"height":167,"type":"attractor","width":167,"x":83.5,"y":656.5},"2":{"angle":-0.1496029813114982,"type":"board","x":576,"y":163},"34":{"angle":1.8338907235114934,"type":"brick","x":134,"y":703.6588365},"3":{"angle":-0.16644756721483883,"type":"board","x":415,"y":189},"35":{"angle":1.5517076213754701,"type":"board","x":239,"y":87.6558625},"4":{"angle":-0.16977827396833775,"type":"board","x":264,"y":215},"5":{"angle":-0.18615650809788412,"type":"cushion","x":276,"y":218},"6":{"angle":0.5706803956824458,"type":"board","x":661.50393,"y":82},"7":{"angle":-0.17681473018260577,"type":"cushion","x":215,"y":229},"8":{"angle":-1.5785696041758934,"type":"fan","x":702.3184548,"y":349},"9":{"angle":-0.2693297726757124,"type":"board","x":652.4871905,"y":307},"10":{"angle":0,"type":"board","x":488,"y":329},"11":{"angle":1.5566776636631314,"type":"board","x":408,"y":276},"12":{"angle":1.5194381286766465,"type":"cushion","x":126,"y":221},"13":{"angle":0.3783157469091583,"type":"anvil","x":134,"y":494},"14":{"angle":0,"type":"board","x":394,"y":412},"15":{"angle":0.2734545156036132,"type":"board","x":653.320619,"y":479},"16":{"angle":0.3019301529855291,"type":"board","x":518,"y":439},"17":{"angle":0.34696630851073346,"type":"fan","x":282,"y":323},"18":{"angle":2.702823379718019,"type":"fan","x":527,"y":82},"20":{"angle":0,"type":"brick","x":94,"y":272},"21":{"angle":0,"type":"brick","x":34,"y":273},"22":{"angle":0,"type":"cushion","x":97,"y":270},"23":{"angle":0,"type":"cushion","x":41,"y":270},"24":{"angle":0.5714656749117201,"type":"board","x":421,"y":583},"25":{"angle":0,"type":"fan","x":161,"y":527},"26":{"angle":0.5687826027278928,"type":"board","x":398,"y":617},"28":{"angle":0,"type":"board","x":220,"y":666},"29":{"angle":0.9700873921232208,"type":"board","x":517,"y":662.7311445},"30":{"angle":0,"type":"board","x":385,"y":667},"31":{"angle":0,"type":"fan","x":166,"y":622}}},"snapshot":{"balls":[{"age":1795,"angle":-2.0872645378112793,"type":1,"va":-6.004583463072777e-2,"vx":-1.0666772723197937e-2,"vy":-1.5021555125713348e-2,"x":0.17791706323623657,"y":-4.975740432739258},{"age":1539,"angle":-1.3483819961547852,"type":1,"va":0,"vx":0,"vy":0,"x":0.8907836079597473,"y":-4.873800277709961},{"age":1338,"angle":3.024055004119873,"type":1,"va":6.734399497509003e-2,"vx":3.0716395005583763e-2,"vy":-2.3283064365386963e-10,"x":7.744455337524414,"y":-13.001324653625488},{"age":1254,"angle":-9.000925719738007e-2,"type":2,"va":0.23775628209114075,"vx":4.500839486718178e-2,"vy":-1.9696321338415146e-2,"x":8.381600379943848,"y":-13.007563591003418},{"age":1185,"angle":2.132485866546631,"type":2,"va":-8.68719294667244e-2,"vx":3.85812483727932e-2,"vy":1.280568540096283e-9,"x":8.062891006469727,"y":-13.001112937927246},{"age":664,"angle":-1.0481007099151611,"type":1,"va":0.1244322881102562,"vx":4.839951545000076e-2,"vy":-9.313225746154785e-10,"x":7.425808906555176,"y":-13.00130558013916},{"age":30,"angle":2.365910530090332,"type":1,"va":0.31593722105026245,"vx":-0.14175137877464294,"vy":-0.5234293937683105,"x":2.9335620403289795,"y":-14.78844165802002},{"age":451,"angle":-1.0368863344192505,"type":1,"va":15.661833763122559,"vx":-6.676690101623535,"vy":-3.269563987851143e-2,"x":6.751463413238525,"y":-14.621877670288086},{"age":371,"angle":-2.7958455085754395,"type":2,"va":-0.30849653482437134,"vx":0.45345211029052734,"vy":-1.3271468877792358,"x":13.430102348327637,"y":-9.276137351989746},{"age":336,"angle":0.4759620726108551,"type":1,"va":15.184307098388672,"vx":-2.124758720397949,"vy":1.153977870941162,"x":0.22335952520370483,"y":-4.660222053527832},{"age":220,"angle":1.3526699542999268,"type":1,"va":21.68572998046875,"vx":-3.6052865982055664,"vy":-0.7204217910766602,"x":8.890469551086426,"y":-3.3382532596588135},{"age":198,"angle":-1.388737440109253,"type":2,"va":0.7701236605644226,"vx":0.1286897212266922,"vy":-9.0435152053833,"x":3.145429849624634,"y":-8.51887321472168},{"age":138,"angle":3.013495445251465,"type":1,"va":-8.623845100402832,"vx":-2.4257142543792725,"vy":-0.9147660732269287,"x":11.883598327636719,"y":-2.8662543296813965},{"age":111,"angle":0.4500522315502167,"type":2,"va":11.431940078735352,"vx":-1.7781668901443481,"vy":-0.3177221715450287,"x":4.032763957977295,"y":-4.093356132507324},{"age":50,"angle":2.054755687713623,"type":1,"va":0.15694251656532288,"vx":-0.613021194934845,"vy":1.3119111061096191,"x":14.570631980895996,"y":-5.163172721862793}],"widgets":{}}}