{"puzzle":{"reqTiles":["Up"],"inputs":[{"x":0.2,"y":0.0,"balls":[{"type":4,"rate":1.0}]}],"outputs":[{"x":0.65,"y":1.0,"balls":[{"type":4,"rate":1.0}]}],"spec":{}},"blueprint":{"puzzle":"21857446-d967-51c4-bc5b-7b09bcb3864b","title":"How to make scrambled eggs; a memoir","submittedAt":"2024-04-07T18:25:40.451888688Z","widgets":{"32":{"angle":1.5610731112011151,"type":"fan","x":51,"y":94},"64":{"angle":0.4518138418976554,"type":"rightbumper","x":45.928801,"y":342},"65":{"angle":0.41926119192242217,"type":"rightbumper","x":46.9517425,"y":389},"66":{"angle":0,"speed":25,"type":"spokedwheel","x":175,"y":432},"35":{"angle":-0.6135976667085368,"type":"leftbumper","x":420,"y":264},"67":{"type":"roundbumper","x":29,"y":442},"36":{"angle":0.34443752510345954,"type":"rightbumper","x":350,"y":304},"68":{"type":"roundbumper","x":36,"y":480},"37":{"angle":0,"type":"board","x":261,"y":259},"69":{"type":"roundbumper","x":47,"y":514},"38":{"angle":3.2702227955132197,"type":"rightbumper","x":423,"y":174},"70":{"type":"roundbumper","x":76,"y":547},"39":{"type":"roundbumper","x":30,"y":100},"71":{"type":"roundbumper","x":111,"y":568},"72":{"type":"roundbumper","x":145,"y":580},"73":{"type":"roundbumper","x":186,"y":584},"74":{"type":"roundbumper","x":227,"y":574},"75":{"type":"roundbumper","x":261,"y":554},"76":{"angle":1.513178529925067,"type":"fan","x":294,"y":308},"77":{"angle":0,"type":"fan","x":203,"y":685.5},"78":{"angle":-0.6220414703022196,"type":"rightbumper","x":418,"y":554},"79":{"angle":0,"speed":25,"type":"spokedwheel","x":591,"y":457},"80":{"type":"roundbumper","x":623,"y":599},"81":{"type":"roundbumper","x":595,"y":602},"82":{"type":"roundbumper","x":561,"y":600},"51":{"angle":2.9371165887389834,"type":"leftbumper","x":37.0619,"y":241},"83":{"angle":-0.3823948765784145,"type":"board","x":591,"y":699.0000215},"52":{"angle":1.5567500583174683,"type":"fan","x":378,"y":88},"84":{"angle":-1.0129754865785543,"type":"board","x":667.047,"y":630},"53":{"angle":0.37808123957517803,"type":"rightbumper","x":359,"y":389},"85":{"angle":-1.5628689730396705,"type":"brick","x":724,"y":569},"54":{"angle":3.4759482334947864,"type":"rightbumper","x":433,"y":351},"86":{"angle":0,"type":"board","x":370,"y":731},"57":{"angle":5.702831720034146,"type":"leftbumper","x":446,"y":436},"26":{"angle":-1.5739140096008708,"type":"sword","x":149,"y":126},"58":{"angle":0.38450065257882365,"type":"rightbumper","x":369,"y":477},"27":{"angle":0,"type":"fan","x":156,"y":235},"59":{"angle":3.10716,"type":"fan","x":166,"y":316},"28":{"angle":3.1455524614910555,"type":"fan","x":148,"y":236},"60":{"angle":0,"type":"rightbumper","x":46,"y":648},"61":{"angle":0,"type":"rightbumper","x":86,"y":668},"62":{"angle":0,"type":"rightbumper","x":83,"y":657},"63":{"angle":-0.9730926801275733,"type":"rightbumper","x":503,"y":581}}},"snapshot":{"balls":[{"age":7,"angle":-2.9002480506896973,"type":4,"va":0.4399546682834625,"vx":-0.39425328373908997,"vy":-0.6789849996566772,"x":9.600286483764648,"y":-14.596487045288086},{"age":589,"angle":-2.260443925857544,"type":4,"va":-89.6935043334961,"vx":-3.2268471717834473,"vy":0.29319578409194946,"x":10.204782485961914,"y":-6.262688159942627},{"age":558,"angle":-1.6308512687683105,"type":4,"va":13.317888259887695,"vx":-1.7708066701889038,"vy":-1.117941975593567,"x":11.830726623535156,"y":-13.608713150024414},{"age":371,"angle":-0.6397511959075928,"type":4,"va":36.86833190917969,"vx":0.42661330103874207,"vy":-4.317028999328613,"x":7.413389205932617,"y":-6.768599510192871},{"age":286,"angle":-1.0507158041000366,"type":4,"va":-8.395308494567871,"vx":50.17498779296875,"vy":5.294507026672363,"x":8.298165321350098,"y":-5.514002323150635},{"age":239,"angle":-1.4962373971939087,"type":4,"va":-60.4425163269043,"vx":-3.060089349746704,"vy":5.720663070678711,"x":5.947127819061279,"y":-1.909667730331421},{"age":205,"angle":0.8359697461128235,"type":4,"va":-20.49995231628418,"vx":9.184677124023438,"vy":5.120477676391602,"x":4.909334659576416,"y":-9.283414840698242},{"age":140,"angle":-0.5562443733215332,"type":4,"va":-35.90923309326172,"vx":10.849246978759766,"vy":1.631340742111206,"x":6.578121185302734,"y":-4.726579666137695},{"age":92,"angle":-0.6462592482566833,"type":4,"va":9.251362800598145,"vx":-0.6546489000320435,"vy":-3.311552047729492,"x":2.1198666095733643,"y":-2.140016555786133}],"widgets":{"66":{"angle":0.5397244691848755,"key":"66","va":6.7317304611206055,"vx":0,"vy":0,"x":3.5,"y":-8.640000343322754},"79":{"angle":1.9395420551300049,"key":"79","va":6.3248066902160645,"vx":0,"vy":0,"x":11.819999694824219,"y":-9.140000343322754}}}}