{"puzzle":{"reqTiles":["Up"],"inputs":[{"x":0.2,"y":0.0,"balls":[{"type":2,"rate":1.0}]}],"outputs":[{"x":0.65,"y":1.0,"balls":[{"type":2,"rate":1.0}]}],"spec":{}},"blueprint":{"puzzle":"423da66b-dd6b-5119-9c0c-b1656480a757","title":"Minefield","submittedAt":"2024-04-06T21:42:30.501214599Z","widgets":{"2":{"height":10,"type":"repulsor","width":150,"x":104,"y":215},"3":{"height":10,"type":"repulsor","width":150,"x":393,"y":276},"4":{"height":10,"type":"repulsor","width":150,"x":373,"y":664.999994},"5":{"height":10,"type":"repulsor","width":150,"x":605,"y":664.999994},"6":{"height":10,"type":"repulsor","width":150,"x":102,"y":463},"7":{"height":58,"type":"repulsor","width":58,"x":710.99457,"y":391.497266},"8":{"height":10,"type":"repulsor","width":150,"x":664.999982,"y":478},"9":{"height":10,"type":"repulsor","width":150,"x":664.999982,"y":587.999994},"10":{"height":10,"type":"repulsor","width":150,"x":338,"y":517},"11":{"height":10,"type":"repulsor","width":150,"x":378,"y":370},"12":{"height":25,"type":"repulsor","width":25,"x":711.499975,"y":107.500001},"13":{"height":88,"type":"repulsor","width":88,"x":548.49729,"y":43.994567},"14":{"height":10,"type":"repulsor","width":150,"x":646,"y":75.000001},"15":{"height":46,"type":"repulsor","width":46,"x":454.498659,"y":42.498658},"16":{"height":66,"type":"repulsor","width":66,"x":331.995927,"y":45.99592},"17":{"height":44,"type":"repulsor","width":44,"x":295.499998,"y":299.499998},"18":{"height":73,"type":"repulsor","width":73,"x":170.495932,"y":267.495922},"19":{"height":10,"type":"repulsor","width":150,"x":232,"y":372},"20":{"height":10,"type":"repulsor","width":150,"x":74.999994,"y":592},"21":{"height":10,"type":"repulsor","width":150,"x":82,"y":664.999978},"22":{"height":10,"type":"repulsor","width":150,"x":260,"y":644},"23":{"height":10,"type":"repulsor","width":150,"x":158,"y":568},"24":{"height":10,"type":"repulsor","width":150,"x":187,"y":664.999978},"25":{"height":10,"type":"repulsor","width":150,"x":78,"y":553},"26":{"height":10,"type":"repulsor","width":150,"x":218,"y":511},"27":{"height":10,"type":"repulsor","width":150,"x":160,"y":403},"28":{"height":10,"type":"repulsor","width":150,"x":198,"y":470}}},"snapshot":{"balls":[{"age":1495,"angle":0.26338866353034973,"type":2,"va":-2.389960765838623,"vx":1.2200195789337158,"vy":-0.578242838382721,"x":9.355256080627441,"y":-14.405431747436523},{"age":1006,"angle":-0.9626156091690063,"type":2,"va":4.537639617919922,"vx":-0.30337557196617126,"vy":0.8145579695701599,"x":0.17918197810649872,"y":-7.962209224700928},{"age":872,"angle":-2.3036928176879883,"type":2,"va":3.8588764667510986,"vx":-8.459866046905518e-3,"vy":3.431663990020752,"x":5.679798126220703,"y":-5.213302135467529},{"age":11,"angle":-1.6167547702789307,"type":2,"va":0.7024262547492981,"vx":-2.9114365577697754e-2,"vy":-1.506461501121521,"x":9.669553756713867,"y":-14.669140815734863},{"age":367,"angle":-2.6980063915252686,"type":2,"va":4.1046833992004395,"vx":-3.4643120765686035,"vy":2.8513619899749756,"x":2.2661685943603516,"y":-1.104496717453003},{"age":280,"angle":-1.2848238945007324,"type":2,"va":-20.790864944458008,"vx":-3.3682804107666016,"vy":-10.17314338684082,"x":11.215503692626953,"y":-10.504569053649902},{"age":212,"angle":-1.859662652015686,"type":2,"va":-14.674182891845703,"vx":-1.3139219284057617,"vy":-12.091118812561035,"x":10.34748649597168,"y":-12.147330284118652},{"age":141,"angle":0.7210842967033386,"type":2,"va":0.2609597146511078,"vx":-0.2786681056022644,"vy":-7.566769123077393,"x":10.670857429504395,"y":-3.045229434967041},{"age":83,"angle":-2.749863386154175,"type":2,"va":-2.1510183811187744,"vx":7.047866344451904,"vy":0.6723793745040894,"x":4.104694843292236,"y":-2.770519733428955},{"age":14,"angle":-8.656956488266587e-4,"type":2,"va":-0.3471065163612366,"vx":4.0867388248443604e-2,"vy":-0.6882447004318237,"x":2.931199073791504,"y":-1.4131864532828331e-2}],"widgets":{}}}