{"puzzle":{"reqTiles":["Up"],"inputs":[{"x":0.65,"y":0.0,"balls":[{"type":4,"rate":1.0}]}],"outputs":[{"x":0.8,"y":1.0,"balls":[{"type":4,"rate":1.0}]}],"spec":{}},"blueprint":{"puzzle":"5b1e69ae-95b7-59ae-b829-dd6b041a3c5a","title":"orbital bonk","submittedAt":"2024-04-06T18:51:43.76251766Z","widgets":{"35":{"height":10,"type":"attractor","width":150,"x":576,"y":274},"67":{"angle":0,"type":"fan","x":147,"y":165},"68":{"angle":0.4322566517115604,"type":"fan","x":180,"y":61},"69":{"height":100,"type":"repulsor","width":100,"x":394.5,"y":690.5},"38":{"height":111,"type":"repulsor","width":111,"x":605.5,"y":260.5},"42":{"angle":-1.2770274713331788,"type":"fan","x":245,"y":393},"74":{"height":79,"type":"repulsor","width":79,"x":703.5,"y":459.5},"75":{"height":122,"type":"repulsor","width":122,"x":651.5,"y":351.5},"44":{"angle":-0.9111965361009033,"type":"fan","x":207,"y":346},"76":{"type":"roundbumper","x":711,"y":411},"45":{"angle":-0.5691243407843604,"type":"fan","x":167,"y":298},"77":{"height":63,"type":"repulsor","width":63,"x":634.5,"y":301},"14":{"height":348,"type":"attractor","width":348,"x":343,"y":247},"46":{"angle":-0.3065179119108148,"type":"fan","x":149,"y":248},"78":{"type":"roundbumper","x":711,"y":613},"15":{"angle":1.7616217996277683,"type":"fan","x":550,"y":30.1859955},"47":{"height":177,"type":"attractor","width":177,"x":354,"y":574},"79":{"type":"roundbumper","x":499,"y":703},"16":{"angle":1.3278823418483847,"type":"fan","x":420,"y":31.8300035},"80":{"height":72,"type":"attractor","width":72,"x":498.5,"y":704},"18":{"angle":1.7484486718044394,"type":"fan","x":550,"y":29.7570935},"52":{"type":"roundbumper","x":349,"y":583},"53":{"height":311,"type":"repulsor","width":311,"x":155.5,"y":577},"61":{"height":86,"type":"repulsor","width":86,"x":696.5,"y":696.5},"31":{"height":57,"type":"repulsor","width":57,"x":347,"y":249},"63":{"angle":0.13164419621477103,"type":"fan","x":151,"y":140}}},"snapshot":{"balls":[{"age":1650,"angle":2.9127726554870605,"type":4,"va":0.7083513736724854,"vx":-0.516926646232605,"vy":-14.526331901550293,"x":9.243376731872559,"y":-4.41891622543335},{"age":1572,"angle":-2.185858726501465,"type":4,"va":-18.87216567993164,"vx":-12.846388816833496,"vy":-10.0698823928833,"x":7.530062675476074,"y":-5.412852764129639},{"age":1497,"angle":0.17902638018131256,"type":4,"va":-11.874716758728027,"vx":-4.5441999435424805,"vy":-13.511280059814453,"x":9.261271476745605,"y":-5.3265275955200195},{"age":1454,"angle":2.2959043979644775,"type":4,"va":-12.581933975219727,"vx":17.31902313232422,"vy":1.8489389419555664,"x":7.374551773071289,"y":-3.4511516094207764},{"age":1379,"angle":2.9999582767486572,"type":4,"va":2.0592620372772217,"vx":-0.7387011051177979,"vy":-0.43890607357025146,"x":12.073629379272461,"y":-14.430801391601562},{"age":1343,"angle":-1.9801781177520752,"type":4,"va":-32.438079833984375,"vx":16.548999786376953,"vy":10.623174667358398,"x":6.502937316894531,"y":-3.7695422172546387},{"age":1138,"angle":3.005934476852417,"type":4,"va":-8.829660415649414,"vx":-7.146307945251465,"vy":-13.898896217346191,"x":8.732820510864258,"y":-5.07277774810791},{"age":917,"angle":2.1475942134857178,"type":4,"va":-0.44175615906715393,"vx":-0.6531171798706055,"vy":-0.8393757343292236,"x":12.38502025604248,"y":-14.296996116638184},{"age":874,"angle":-0.7814152836799622,"type":4,"va":-59.08540344238281,"vx":-0.6461921334266663,"vy":-2.5679285526275635,"x":14.511558532714844,"y":-11.49928092956543},{"age":800,"angle":2.746398448944092,"type":4,"va":7.092881202697754,"vx":2.107490062713623,"vy":0.2034560889005661,"x":12.08104419708252,"y":-13.910425186157227},{"age":14,"angle":-0.3017946779727936,"type":4,"va":1.9523860216140747,"vx":-0.40570810437202454,"vy":-0.7165755033493042,"x":11.81203556060791,"y":-14.705977439880371},{"age":694,"angle":8.072315901517868e-2,"type":4,"va":4.404717922210693,"vx":-13.556896209716797,"vy":4.659218788146973,"x":7.044312953948975,"y":-6.953916549682617},{"age":614,"angle":1.796019434928894,"type":4,"va":-9.034464836120605,"vx":-11.032403945922852,"vy":-10.946513175964355,"x":8.306418418884277,"y":-5.6830339431762695},{"age":538,"angle":2.847463846206665,"type":4,"va":-42.76969909667969,"vx":3.7920615673065186,"vy":24.06452751159668,"x":6.217773914337158,"y":-4.677515506744385},{"age":453,"angle":1.9322501420974731,"type":4,"va":-5.409924507141113,"vx":10.640947341918945,"vy":-6.665912628173828,"x":8.725910186767578,"y":-3.1036875247955322},{"age":362,"angle":1.5347471237182617,"type":4,"va":-15.570293426513672,"vx":-6.923203468322754,"vy":-12.158851623535156,"x":9.271611213684082,"y":-6.280635356903076},{"age":319,"angle":1.2483391761779785,"type":4,"va":-21.810646057128906,"vx":7.5110602378845215,"vy":-10.359235763549805,"x":9.084702491760254,"y":-3.5321102142333984},{"age":285,"angle":-9.771019220352173e-2,"type":4,"va":-10.974461555480957,"vx":2.7385947704315186,"vy":-16.148529052734375,"x":9.692754745483398,"y":-3.962533950805664},{"age":210,"angle":0.36976173520088196,"type":4,"va":12.576441764831543,"vx":-2.5318078994750977,"vy":-6.28513765335083,"x":9.755571365356445,"y":-11.327884674072266},{"age":128,"angle":-1.4038983583450317,"type":4,"va":-18.11072540283203,"vx":9.548498153686523,"vy":-2.6958141326904297,"x":12.409196853637695,"y":-13.218443870544434},{"age":41,"angle":-0.460440456867218,"type":4,"va":-4.865974426269531,"vx":-0.8302047252655029,"vy":-3.1831233501434326,"x":9.565391540527344,"y":-0.4619256258010864}],"widgets":{}}}