{"puzzle":{"reqTiles":["Up"],"inputs":[{"x":0.5,"y":0.0,"balls":[{"type":3,"rate":0.4375}]},{"x":1.0,"y":0.2,"balls":[{"type":1,"rate":0.72265625}]}],"outputs":[{"x":0.5,"y":1.0,"balls":[{"type":1,"rate":0.70068359375}]},{"x":1.0,"y":0.5,"balls":[{"type":3,"rate":0.4375}]}],"spec":{}},"blueprint":{"puzzle":"ecbb28ea-b419-5b17-a94a-4ab5312984db","title":"luxury cats-only hotel","submittedAt":"2024-04-18T01:31:34.198387717Z","widgets":{"0":{"angle":0.7634293238113318,"type":"board","x":395,"y":66.9999835},"32":{"angle":0,"type":"brick","x":200,"y":280},"64":{"angle":-1.5721971695806378,"type":"cup","x":130,"y":464},"1":{"angle":0.20499339916159462,"type":"board","x":646.5,"y":374},"33":{"angle":0,"type":"brick","x":160,"y":271},"65":{"angle":0,"type":"cup","x":220,"y":372},"2":{"angle":-0.43601405019566947,"type":"board","x":656.885355,"y":209},"34":{"angle":0,"type":"brick","x":34,"y":291},"66":{"angle":1.558373763827424,"type":"cup","x":193,"y":337},"35":{"angle":0,"type":"brick","x":70,"y":272},"67":{"angle":-4.884419795212095e-2,"type":"cup","x":106,"y":367},"4":{"angle":0.1593558141133198,"catMass":2,"type":"catswat","x":199,"y":711.816881},"36":{"angle":0,"type":"brick","x":114,"y":261},"68":{"angle":1.584413989860525,"type":"cup","x":87,"y":350},"37":{"angle":4.938739986034283e-3,"type":"hammer","x":196,"y":595},"69":{"angle":-1.5757064898556326,"type":"cup","x":127,"y":340},"6":{"angle":3.1231371601624107,"type":"anvil","x":152,"y":714.1461065},"38":{"angle":3.1326911260176216,"type":"anvil","x":46.7206775,"y":579},"70":{"angle":0,"catMass":2,"type":"catswat","x":168,"y":521},"7":{"angle":0,"type":"anvil","x":46.5,"y":449},"39":{"angle":1.5760046130339687,"type":"board","x":9.4555906,"y":519},"72":{"angle":0,"sticker":"cat","type":"sticker","x":154,"y":672},"10":{"angle":3.1318696784399176,"type":"anvil","x":159.741,"y":470.549},"42":{"angle":1.5592583772774373,"type":"anvil","x":117,"y":629},"11":{"angle":-1.5555215020443909,"type":"anvil","x":93,"y":515},"43":{"angle":0,"type":"ballstand","x":135,"y":692.5},"75":{"angle":0,"type":"cup","x":111,"y":591},"12":{"angle":1.5866151151475842,"type":"anvil","x":111,"y":403},"44":{"angle":1.5746285473934372,"type":"hammer","x":251,"y":380},"76":{"angle":-1.5394436806623961,"type":"cup","x":125,"y":568},"13":{"angle":1.6819930394158182e-2,"type":"anvil","x":165,"y":333},"45":{"angle":0,"type":"anvil","x":51,"y":676},"77":{"angle":3.128502386277697,"type":"cup","x":99,"y":555},"14":{"angle":-1.5667640905838025,"type":"anvil","x":213,"y":400},"46":{"angle":7.838996422760832,"type":"anvil","x":77.955,"y":682.144},"78":{"angle":1.5713478115056687,"type":"cup","x":80,"y":578},"15":{"angle":1.5697909639719818,"type":"anvil","x":230,"y":521},"47":{"angle":0,"type":"anvil","x":50,"y":713},"79":{"angle":1.583562878021745,"type":"cup","x":192,"y":572},"16":{"angle":0,"type":"anvil","x":163,"y":567},"48":{"angle":3.1385756991799716,"type":"anvil","x":56,"y":688},"80":{"angle":3.148336830743243,"type":"cup","x":225,"y":548},"17":{"angle":-1.5646924589162887,"type":"hammer","x":241,"y":380},"49":{"angle":3.1317682878989497,"type":"anvil","x":57,"y":697},"81":{"angle":0,"type":"cup","x":226,"y":482},"18":{"angle":-1.5635919003260772,"type":"hammer","x":250,"y":518},"50":{"angle":3.126756600821795,"type":"anvil","x":56,"y":705},"82":{"angle":3.131005286986661,"type":"cup","x":218,"y":437},"19":{"angle":-3.1314086567161237,"type":"anvil","x":46.752182,"y":354},"51":{"angle":3.1468690990666337,"type":"anvil","x":58,"y":712},"83":{"angle":1.5765194136466998,"type":"cup","x":197,"y":465},"52":{"angle":-1.557507419209321,"type":"anvil","x":32.6157,"y":693.171877},"21":{"angle":0,"catMass":2,"type":"catswat","x":164,"y":424},"53":{"angle":0,"type":"anvil","x":46.5,"y":687},"22":{"angle":0.14646307700093894,"catMass":2,"type":"catswat","x":37.4872285,"y":529},"54":{"angle":-1.5648503228119213,"type":"board","x":9.520113,"y":652.448061},"23":{"angle":1.5739141117041566,"type":"board","x":9.272759,"y":416},"55":{"angle":0,"catMass":2,"type":"catswat","x":59,"y":529},"87":{"angle":0,"sticker":"cat","type":"sticker","x":50,"y":635},"56":{"angle":-0.6089448813662398,"sticker":"cat","type":"sticker","x":142,"y":524},"88":{"angle":0,"sticker":"cat","type":"sticker","x":69,"y":408},"25":{"angle":0,"type":"brick","x":34,"y":317},"57":{"angle":0,"sticker":"cat","type":"sticker","x":164,"y":430},"89":{"angle":0,"type":"board","x":102,"y":731},"58":{"angle":-0.29712904647510296,"type":"board","x":653.6991785,"y":705.776471},"27":{"angle":0,"type":"brick","x":234,"y":297},"28":{"angle":0,"type":"brick","x":168,"y":295},"60":{"angle":0,"type":"ballstand","x":97,"y":692.5},"29":{"angle":0,"type":"brick","x":101,"y":302},"61":{"angle":6.2843764450702215,"type":"cup","x":99,"y":488},"30":{"angle":0,"type":"brick","x":71,"y":297},"62":{"angle":3.128770572218965,"type":"cup","x":106,"y":430},"31":{"angle":0,"type":"brick","x":111,"y":286},"63":{"angle":1.5565427622072627,"type":"cup","x":73,"y":452}}},"snapshot":{"balls":[{"age":1002,"angle":-0.9232856631278992,"type":1,"va":0,"vx":0,"vy":0,"x":3.646369218826294,"y":-13.793120384216309},{"age":437,"angle":0.5852288007736206,"type":1,"va":-17.04437828063965,"vx":2.69474196434021,"vy":-3.27019989490509e-2,"x":6.404214859008789,"y":-14.621941566467285},{"age":332,"angle":0.8573569655418396,"type":1,"va":-20.29654884338379,"vx":-1.183441162109375,"vy":-0.9002291560173035,"x":14.23741340637207,"y":-12.987157821655273},{"age":270,"angle":-2.4936983585357666,"type":1,"va":-6.876315593719482,"vx":5.314579010009766,"vy":1.4262733459472656,"x":6.690182685852051,"y":-14.037485122680664},{"age":154,"angle":-1.2359428405761719,"type":1,"va":27.240692138671875,"vx":-3.9172534942626953,"vy":-5.978011131286621,"x":9.757847785949707,"y":-6.269779205322266},{"age":84,"angle":3.0588691234588623,"type":1,"va":7.228153705596924,"vx":-1.041118860244751,"vy":-0.48507875204086304,"x":14.21381664276123,"y":-3.3051440715789795},{"age":71,"angle":0.41162869334220886,"type":3,"va":-28.495805740356445,"vx":3.281754493713379,"vy":-3.206033229827881,"x":9.059516906738281,"y":-1.9823771715164185},{"age":33,"angle":2.2016708850860596,"type":1,"va":-0.8747324347496033,"vx":-0.7878454327583313,"vy":-9.369224309921265e-2,"x":14.742178916931152,"y":-2.9503819942474365}],"widgets":{"21":{"angle":0,"key":"21","va":0,"vx":0,"vy":0,"x":3.2799999713897705,"y":-8.479999542236328},"22":{"angle":-0.146463081240654,"key":"22","va":0,"vx":0,"vy":0,"x":0.7497445940971375,"y":-10.579999923706055},"4":{"angle":-0.15935581922531128,"key":"4","va":0,"vx":0,"vy":0,"x":3.9800000190734863,"y":-14.236337661743164},"55":{"angle":0,"key":"55","va":0,"vx":0,"vy":0,"x":1.1799999475479126,"y":-10.579999923706055},"70":{"angle":0,"key":"70","va":0,"vx":0,"vy":0,"x":3.359999895095825,"y":-10.420000076293945}}}}