{"puzzle":{"reqTiles":["Up"],"inputs":[{"x":0.8,"y":0.0,"balls":[{"type":1,"rate":1.0}]}],"outputs":[{"x":0.8,"y":1.0,"balls":[{"type":1,"rate":1.0}]}],"spec":{}},"blueprint":{"puzzle":"c27f5061-7b2d-55fe-9e02-ac1f13a2bb63","title":"the hall of edges","submittedAt":"2024-04-06T22:50:31.296878723Z","widgets":{"0":{"angle":0.4183776960571323,"type":"sword","x":515,"y":63},"32":{"angle":-2.7140477439818893,"type":"sword","x":398,"y":114},"1":{"angle":0.4478641115581212,"type":"sword","x":517,"y":582},"33":{"angle":-2.688120186962063,"type":"sword","x":400,"y":188},"2":{"angle":0.48233129426048493,"type":"sword","x":516,"y":518},"34":{"angle":-2.7704041655924985,"type":"sword","x":393,"y":257},"3":{"angle":0.34079770704877865,"type":"sword","x":518,"y":453},"35":{"angle":-2.5970574030562386,"type":"sword","x":384,"y":311},"4":{"angle":0.4025725700836923,"type":"sword","x":515,"y":392},"36":{"angle":-2.5734850238302998,"type":"sword","x":391,"y":54.3686385},"5":{"angle":0.37405484582343496,"type":"sword","x":520,"y":333},"37":{"angle":-0.5306806314482001,"type":"sword","x":84,"y":547},"6":{"angle":0.3678591261460735,"type":"sword","x":515,"y":262},"38":{"angle":-0.539698312210579,"type":"sword","x":70.5,"y":483},"7":{"angle":0.49176849356662283,"type":"sword","x":516,"y":197},"39":{"angle":-0.4175204945824719,"type":"sword","x":72.350991,"y":414},"8":{"angle":0.46385309278765735,"type":"sword","x":511,"y":127},"40":{"angle":-0.5883282938401873,"type":"sword","x":69.4687695,"y":55.3469205},"9":{"angle":0.37379326753832703,"type":"sword","x":505,"y":688},"41":{"angle":-0.47882357104816803,"type":"sword","x":71.5557615,"y":115},"10":{"angle":0.42205030303510593,"type":"sword","x":520,"y":638},"42":{"angle":-0.5610171261726496,"type":"sword","x":70.068273,"y":190},"11":{"angle":-3.6697660648088632,"type":"sword","x":660.28,"y":223},"43":{"angle":-0.6164947549438031,"type":"sword","x":68.7961455,"y":263},"12":{"angle":-3.6265324069329963,"type":"sword","x":657,"y":160},"44":{"angle":-0.539698312210579,"type":"sword","x":70.5000135,"y":345},"13":{"angle":-3.666706283006446,"type":"sword","x":664.223,"y":97},"14":{"angle":-3.6323867975368893,"type":"sword","x":664.631,"y":554},"46":{"angle":2.253494199580326,"sticker":"figure3-happy","type":"sticker","x":240,"y":647},"15":{"angle":-3.67845737295134,"type":"sword","x":657.445,"y":484},"47":{"angle":-1.0279405546413622,"sticker":"figure2-sad","type":"sticker","x":146,"y":681.8353195},"16":{"angle":2.6153068501357883,"type":"sword","x":663.879,"y":415},"48":{"angle":0.3893559188889202,"sticker":"figure1-sad","type":"sticker","x":328,"y":532},"17":{"angle":2.6113874900849723,"type":"sword","x":662.318,"y":355},"18":{"angle":2.5635093077694258,"type":"sword","x":657,"y":286},"19":{"angle":2.6151366123841466,"type":"sword","x":665.248,"y":658},"20":{"angle":2.6130373062985157,"type":"sword","x":669.287135,"y":609},"22":{"angle":-2.741984667312226,"sticker":"figure2-happy","type":"sticker","x":227,"y":303},"23":{"angle":4.2989920998072355,"type":"sword","x":377,"y":667.605251},"24":{"angle":-1.0266140154991161,"type":"sword","x":90,"y":669.588134},"25":{"angle":-1.2872223962409537,"type":"sword","x":161,"y":666.8597435},"26":{"angle":-1.6778486191451507,"type":"sword","x":309,"y":667.820504},"27":{"angle":-1.4621607224694586,"type":"sword","x":234,"y":667.8013685},"28":{"angle":-2.614908416815267,"type":"sword","x":370,"y":545},"29":{"angle":-2.658342129695946,"type":"sword","x":367,"y":427},"30":{"angle":-2.5618171252613027,"type":"sword","x":381,"y":488},"31":{"angle":-2.6658021798564495,"type":"sword","x":376,"y":367}}},"snapshot":{"balls":[{"age":719,"angle":2.3948285579681396,"type":1,"va":3.6802186965942383,"vx":-0.6831257939338684,"vy":-1.161745309829712,"x":12.046146392822266,"y":-13.60856819152832},{"age":651,"angle":-0.4009319245815277,"type":1,"va":-0.7491176128387451,"vx":0.9057545065879822,"vy":-2.6696672439575195,"x":11.790764808654785,"y":-12.091673851013184},{"age":595,"angle":-0.4439476728439331,"type":1,"va":6.708250045776367,"vx":-1.0963612794876099,"vy":-6.0426764488220215,"x":11.608527183532715,"y":-14.485146522521973},{"age":548,"angle":2.9587881565093994,"type":1,"va":0.3250024914741516,"vx":-0.789260983467102,"vy":1.033407211303711,"x":12.236409187316895,"y":-12.502791404724121},{"age":459,"angle":2.9585328102111816,"type":1,"va":3.142977714538574,"vx":0.2982524335384369,"vy":0.5237823724746704,"x":11.566980361938477,"y":-9.148103713989258},{"age":411,"angle":1.673975944519043,"type":1,"va":3.628875494003296,"vx":-1.261267900466919,"vy":-2.5838980674743652,"x":11.729166030883789,"y":-8.85954761505127},{"age":322,"angle":-2.8119239807128906,"type":1,"va":-0.21553584933280945,"vx":0.7579700946807861,"vy":0.3014293909072876,"x":11.726095199584961,"y":-6.756439208984375},{"age":271,"angle":2.376281976699829,"type":1,"va":1.6082470417022705,"vx":-0.6270763874053955,"vy":-1.0253084897994995,"x":12.05197811126709,"y":-6.109894752502441},{"age":219,"angle":3.138650894165039,"type":1,"va":2.7659051418304443,"vx":-1.6903538703918457,"vy":-2.0052034854888916,"x":11.604677200317383,"y":-6.138465881347656},{"age":175,"angle":-0.13398699462413788,"type":1,"va":-14.647268295288086,"vx":2.053483247756958,"vy":-1.128130555152893,"x":11.381288528442383,"y":-4.215413570404053},{"age":115,"angle":-0.7111519575119019,"type":1,"va":-6.95957088470459,"vx":-7.33753889799118e-2,"vy":-0.3185921311378479,"x":11.59758186340332,"y":-2.902869939804077},{"age":84,"angle":-1.3321481943130493,"type":1,"va":0.44933655858039856,"vx":-0.9908002614974976,"vy":-0.7853456139564514,"x":11.695402145385742,"y":-3.208784818649292}],"widgets":{}}}