{"puzzle":{"reqTiles":["Up","Left"],"inputs":[{"x":0.8,"y":0.0,"balls":[{"type":3,"rate":0.59375}]},{"x":0.0,"y":0.35,"balls":[{"type":2,"rate":0.5555013020833334}]}],"outputs":[{"x":0.5,"y":1.0,"balls":[{"type":2,"rate":0.5555013020833334}]},{"x":0.0,"y":0.5,"balls":[{"type":3,"rate":0.564453125}]}],"spec":{}},"blueprint":{"puzzle":"9692ab67-b81e-5d5d-ba7a-18db65bc16cc","title":"Saboteur (or pushing the limits of cat hitboxes to potentially swat balls in adjacent machines)","submittedAt":"2024-04-22T12:25:57.803934046Z","widgets":{"32":{"angle":3.1419362814273057,"catMass":2,"type":"catswat","x":165,"y":23.0118552},"64":{"angle":0,"catMass":2,"type":"catswat","x":202,"y":717},"96":{"angle":3.622992137510245,"sticker":"cat","type":"sticker","x":109,"y":468},"33":{"angle":3.153165675147346,"catMass":2,"type":"catswat","x":121,"y":23.3977206},"65":{"angle":0,"catMass":2,"type":"catswat","x":243,"y":717},"34":{"angle":3.146853979775473,"catMass":2,"type":"catswat","x":79,"y":23.1811928},"66":{"angle":0,"catMass":2,"type":"catswat","x":284,"y":717},"3":{"angle":-0.27443653574241894,"type":"board","x":86.664593,"y":374},"35":{"angle":3.1885786056635927,"catMass":2,"type":"catswat","x":35.5421921,"y":24.5950282},"67":{"angle":0,"catMass":2,"type":"catswat","x":326,"y":717},"4":{"angle":-0.41279825262365405,"type":"board","x":583,"y":47},"36":{"angle":-1.5597381527050374,"catMass":2,"type":"catswat","x":716.6204057,"y":34.7518937},"68":{"angle":0,"catMass":2,"type":"catswat","x":466,"y":717},"5":{"angle":-3.879559338431937e-2,"type":"board","x":444,"y":81},"37":{"angle":-1.5633895260070574,"catMass":2,"type":"catswat","x":716.744673,"y":69},"69":{"angle":0,"catMass":2,"type":"catswat","x":508,"y":717},"38":{"angle":-1.54356240331838,"catMass":2,"type":"catswat","x":716.0689186,"y":111},"70":{"angle":0,"catMass":2,"type":"catswat","x":548,"y":717},"39":{"angle":-1.558019390880091,"catMass":2,"type":"catswat","x":716.5610209,"y":153},"71":{"angle":0,"catMass":2,"type":"catswat","x":587,"y":717},"40":{"angle":-1.5732353705799804,"catMass":2,"type":"catswat","x":716.9162833,"y":194},"72":{"angle":0,"catMass":2,"type":"catswat","x":627,"y":717},"41":{"angle":-1.5527732541916386,"catMass":2,"type":"catswat","x":716.38245,"y":235},"73":{"angle":0,"catMass":2,"type":"catswat","x":667,"y":717},"10":{"angle":3.128305133951183,"type":"leftbumper","x":28.6286993,"y":203},"42":{"angle":-1.5476846802364401,"catMass":2,"type":"catswat","x":716.2091807,"y":278},"74":{"angle":0,"catMass":2,"type":"catswat","x":705.5,"y":717},"11":{"angle":1.1573746676155192,"type":"leftbumper","x":54.74708,"y":285},"43":{"angle":-1.5400715690509978,"catMass":2,"type":"catswat","x":715.950947,"y":321},"12":{"angle":-0.32817669544692785,"type":"board","x":241,"y":326},"44":{"angle":-1.5476580246026737,"catMass":2,"type":"catswat","x":716.2077719,"y":363},"76":{"angle":3.178983724672454,"catMass":2,"type":"catswat","x":660,"y":24.2735758},"13":{"angle":-1.9188309553027076,"type":"fan","x":262,"y":351},"45":{"angle":-1.5169399457278276,"catMass":2,"type":"catswat","x":715.1762047,"y":407},"77":{"angle":1.6155905129802095,"catMass":2,"type":"catswat","x":24.5218034,"y":329},"14":{"angle":-1.922535641032515,"type":"fan","x":194,"y":378},"46":{"angle":-1.5287708307663308,"catMass":2,"type":"catswat","x":715.5708571,"y":449},"78":{"angle":3.1523522846069465,"catMass":2,"type":"catswat","x":705.2545348,"y":23.3698653},"47":{"angle":-1.5189816790137352,"catMass":2,"type":"catswat","x":715.2440593,"y":491},"79":{"angle":1.603975066253721,"catMass":2,"type":"catswat","x":24.1318081,"y":166},"48":{"angle":-1.5213873599172332,"catMass":2,"type":"catswat","x":715.324143,"y":535},"80":{"angle":1.588802855002828,"catMass":2,"type":"catswat","x":23.6174672,"y":122},"17":{"angle":1.553754213829368,"type":"board","x":288,"y":521},"49":{"angle":-1.5275460774619714,"catMass":2,"type":"catswat","x":715.5298354,"y":578},"81":{"angle":1.5710830240347484,"catMass":2,"type":"catswat","x":23.009891,"y":79},"18":{"angle":1.1665539004381675,"type":"board","x":316,"y":656.0125145},"50":{"angle":-1.566106678476635,"catMass":2,"type":"catswat","x":716.8384608,"y":622},"82":{"angle":1.6064887653399393,"catMass":2,"type":"catswat","x":24.2164781,"y":35.2987762},"19":{"angle":1.7379062588285217,"type":"board","x":299,"y":383},"51":{"angle":-1.5513031156169725,"catMass":2,"type":"catswat","x":716.331896,"y":663},"83":{"angle":3.150773997077496,"catMass":2,"type":"catswat","x":508,"y":23.3157997},"20":{"angle":0.8235344392160643,"type":"board","x":580,"y":134},"52":{"angle":-1.5839652483409912,"catMass":2,"type":"catswat","x":716.5476877,"y":705.200126},"84":{"angle":3.1465530841489224,"catMass":2,"type":"catswat","x":464,"y":23.1708581},"21":{"angle":-1.5430484579615997,"type":"board","x":636,"y":219},"53":{"angle":1.5943053320439184,"catMass":2,"type":"catswat","x":23.8046366,"y":697},"85":{"angle":3.175736797093064,"catMass":2,"type":"catswat","x":421,"y":24.1643347},"22":{"angle":-1.246148984024166,"type":"board","x":605,"y":383},"54":{"angle":1.6006099944437342,"catMass":2,"type":"catswat","x":24.0182088,"y":657},"86":{"angle":-1.1384179102490881,"type":"fan","x":61,"y":431},"23":{"angle":-1.097103536922726,"type":"board","x":542,"y":537},"55":{"angle":1.589400726706474,"catMass":2,"type":"catswat","x":23.6378348,"y":614},"87":{"angle":2.8576946011020454,"sticker":"cat","type":"sticker","x":281,"y":384},"24":{"angle":-0.8230330540315455,"type":"board","x":452,"y":669.72395},"56":{"angle":1.5788361498978374,"catMass":2,"type":"catswat","x":23.276635,"y":571},"88":{"angle":2.8734745980571472,"sticker":"cat","type":"sticker","x":210,"y":410},"25":{"angle":0,"type":"fan","x":42,"y":120},"57":{"angle":1.5478781765717422,"catMass":2,"type":"catswat","x":23.7845565,"y":528},"89":{"angle":3.51702073365701,"sticker":"cat","type":"sticker","x":55,"y":469},"26":{"angle":0,"type":"fan","x":42,"y":44},"58":{"angle":1.5503043099515894,"catMass":2,"type":"catswat","x":23.7020957,"y":487},"90":{"angle":9.854126514738945e-2,"sticker":"cat","type":"sticker","x":90,"y":262},"27":{"angle":3.1484972540366964,"catMass":2,"type":"catswat","x":377,"y":23.237655},"59":{"angle":1.5651938242419938,"catMass":2,"type":"catswat","x":23.1929172,"y":443},"91":{"angle":0,"sticker":"cat","type":"sticker","x":635,"y":121},"28":{"angle":3.161471865625199,"catMass":2,"type":"catswat","x":333,"y":23.6812336},"60":{"angle":0,"catMass":2,"type":"catswat","x":34.5,"y":717},"92":{"angle":5.2421478690278756,"type":"prism","x":360,"y":675.5560395},"29":{"angle":3.1507884905477104,"catMass":2,"type":"catswat","x":292,"y":23.3162311},"61":{"angle":0,"catMass":2,"type":"catswat","x":77,"y":717},"93":{"angle":0.5438613559480926,"type":"prism","x":64.6080835,"y":358},"30":{"angle":3.1477871130828747,"catMass":2,"type":"catswat","x":250,"y":23.2132388},"62":{"angle":0,"catMass":2,"type":"catswat","x":120,"y":717},"94":{"angle":-0.8866916331724208,"type":"board","x":360,"y":255},"31":{"angle":-3.1325014700793616,"catMass":2,"type":"catswat","x":207,"y":23.3128048},"63":{"angle":0,"catMass":2,"type":"catswat","x":161,"y":717},"95":{"angle":-1.0957011837534911,"type":"fan","x":118,"y":430}}},"snapshot":{"balls":[{"age":647,"angle":0.3939017653465271,"type":2,"va":46.89774703979492,"vx":-2.8123326301574707,"vy":-10.293732643127441,"x":11.862000465393066,"y":-7.157015800476074},{"age":385,"angle":1.6552987098693848,"type":3,"va":-1.1319600343704224,"vx":0.16610950231552124,"vy":0.12279769033193588,"x":3.6116445064544678,"y":-6.573529243469238},{"age":246,"angle":0.6334699988365173,"type":2,"va":-11.472761154174805,"vx":2.382983922958374,"vy":-6.483692646026611,"x":7.2297444343566895,"y":-11.940398216247559},{"age":194,"angle":1.131354808807373,"type":3,"va":20.955297470092773,"vx":-3.3737783432006836,"vy":-8.832014083862305,"x":3.987563133239746,"y":-5.775679588317871},{"age":110,"angle":-2.454312801361084,"type":2,"va":51.66279983520508,"vx":-6.108781337738037,