{"puzzle":{"reqTiles":[],"inputs":[{"x":0.5,"y":0.0,"balls":[{"type":3,"rate":1.0}]}],"outputs":[{"x":0.2,"y":1.0,"balls":[{"type":3,"rate":1.0}]}],"spec":{}},"blueprint":{"puzzle":"7e959c59-12cd-50c6-ad32-fcce8cf9dab1","title":"Look ma! No hands!","submittedAt":"2024-04-06T16:50:58.348192896Z","widgets":{"0":{"angle":4.054776769290835,"type":"fan","x":460.7735601,"y":248.7580381},"1":{"angle":3.8518170553262534,"type":"fan","x":431.490387,"y":290.3918457},"2":{"angle":4.289784775646682,"type":"fan","x":447.4120789,"y":365.6078491},"3":{"angle":3.7077322696806734,"type":"fan","x":452.9023438,"y":101.5284119},"4":{"angle":-1.6238795698695958,"type":"fan","x":370,"y":370},"5":{"angle":-2.188726201114837,"type":"fan","x":444.1180757,"y":232.7447813},"6":{"angle":-1.9171781557232106,"type":"fan","x":400.1959839,"y":335.4117812},"7":{"angle":-1.9852331775277976,"type":"fan","x":373.2944814,"y":401.8431699},"8":{"angle":-2.067766247254722,"type":"fan","x":442.4706147,"y":206.9402979},"9":{"angle":3.7201037528117737,"type":"fan","x":419.9610947,"y":418.8625293},"10":{"angle":3.8580608662242994,"type":"fan","x":367.2548218,"y":537.4515991},"11":{"angle":-2.3922983421005752,"type":"fan","x":375.4903867,"y":484.7452856}}},"snapshot":{"balls":[{"age":209,"angle":0.844922661781311,"type":3,"va":1.9980231523513794,"vx":-0.5939335227012634,"vy":-0.6608160734176636,"x":3.094161033630371,"y":-14.511955261230469},{"age":139,"angle":-1.729137897491455,"type":3,"va":9.07079792022705,"vx":-1.449020266532898,"vy":3.826956272125244,"x":4.606274127960205,"y":-14.590179443359375},{"age":58,"angle":2.736402750015259,"type":3,"va":-4.588149070739746,"vx":-1.274991750717163,"vy":-6.553843975067139,"x":7.011783599853516,"y":-2.9678547382354736},{"age":25,"angle":-0.6087760925292969,"type":3,"va":1.337633490562439,"vx":-7.492578588426113e-4,"vy":-0.8727174997329712,"x":7.430126190185547,"y":-3.2768361270427704e-2}],"widgets":{}}}