{"puzzle":{"reqTiles":["Up"],"inputs":[{"x":0.5,"y":0.0,"balls":[{"type":4,"rate":0.83203125}]},{"x":1.0,"y":0.2,"balls":[{"type":3,"rate":0.8515625}]}],"outputs":[{"x":0.35,"y":1.0,"balls":[{"type":3,"rate":0.875}]},{"x":1.0,"y":0.8,"balls":[{"type":4,"rate":0.83203125}]}],"spec":{}},"blueprint":{"puzzle":"e19579ea-fa2e-5730-a6d4-02e9f57c1d5b","title":"Float like a butterfly; sink like a brick","submittedAt":"2024-04-26T23:02:09.501733078Z","widgets":{"0":{"angle":0,"type":"board","x":652.5,"y":198},"32":{"angle":-1.9176139535170258,"type":"leftbumper","x":292,"y":42.4784345},"1":{"angle":0,"type":"board","x":496,"y":198},"33":{"angle":0.7861090088852726,"type":"brick","x":33.5772575,"y":277},"2":{"angle":0,"type":"board","x":348,"y":199},"34":{"angle":0,"type":"brick","x":376,"y":292},"3":{"angle":0,"type":"board","x":204,"y":199},"35":{"angle":0,"type":"brick","x":324,"y":290},"4":{"angle":0.8483792915379286,"type":"board","x":457,"y":365},"36":{"angle":1.5313380902736484,"type":"brick","x":281,"y":312},"5":{"angle":1.5707963267948966,"type":"board","x":9,"y":209},"37":{"angle":1.6057561705611663,"type":"brick","x":157,"y":331},"6":{"angle":0,"type":"board","x":87.5,"y":303},"38":{"angle":-2.7780090981404855,"type":"fan","x":607,"y":221},"7":{"angle":0.794445113508762,"type":"board","x":567,"y":486},"39":{"angle":0.1483278341217653,"type":"brick","x":467,"y":204},"8":{"angle":1.548515387533292,"type":"board","x":304.5,"y":652.0386898},"40":{"angle":0,"type":"brick","x":531,"y":206},"9":{"angle":0.7298996581517307,"type":"board","x":668.7902575,"y":586},"41":{"angle":0,"type":"brick","x":370,"y":370},"10":{"angle":-0.9289421275968712,"type":"fan","x":125,"y":346},"42":{"angle":0.1763576896010221,"type":"brick","x":528,"y":214},"11":{"angle":-3.1799796108692893,"type":"fan","x":715.078167,"y":81.5},"12":{"angle":0.9836649981596972,"type":"leftbumper","x":672,"y":191},"13":{"angle":-1.1638669984744208,"type":"rightbumper","x":574,"y":198},"14":{"angle":0,"type":"brick","x":706,"y":91},"15":{"angle":0,"type":"brick","x":706,"y":64},"16":{"angle":-0.7465128751593733,"type":"fan","x":42.716046,"y":360},"17":{"angle":-0.8857734185817195,"type":"fan","x":285,"y":337},"18":{"angle":2.9350565804841175,"type":"fan","x":693,"y":41.522181},"19":{"angle":1.5910989192723153,"type":"board","x":304,"y":487},"20":{"angle":1.5131678993174222,"type":"board","x":304,"y":383},"21":{"angle":1.1905605437871778,"type":"board","x":140.5,"y":375},"22":{"angle":1.5495229407708355,"type":"board","x":211,"y":652.3283279},"23":{"angle":1.2518584541254671,"type":"board","x":184.5,"y":487},"24":{"angle":2.2887117458319923,"type":"rightbumper","x":459,"y":52.335272},"25":{"angle":2.183616528960138,"type":"rightbumper","x":529,"y":70},"26":{"angle":2.185663615188278,"type":"rightbumper","x":621,"y":87},"27":{"angle":-1.5624831580796912,"type":"fan","x":39.694,"y":441},"28":{"angle":1.410703151612978,"type":"fan","x":40.766585,"y":103},"29":{"angle":1.9346100360353937,"type":"rightbumper","x":183,"y":77},"30":{"angle":2.079485955477725,"type":"rightbumper","x":256,"y":60.9594},"31":{"angle":1.7167735995462838,"type":"rightbumper","x":96,"y":99}}},"snapshot":{"balls":[{"age":1116,"angle":0.8147938847541809,"type":4,"va":5.5797576904296875,"vx":-3.958815708756447e-2,"vy":-0.6788856387138367,"x":14.449015617370605,"y":-11.875313758850098},{"age":716,"angle":0.7921850681304932,"type":4,"va":0.8432849645614624,"vx":-0.1294126957654953,"vy":1.1265999244614022e-10,"x":6.313302040100098,"y":-3.6413075923919678},{"age":662,"angle":-2.5266854763031006,"type":4,"va":0.8340692520141602,"vx":-0.1296221911907196,"vy":-1.1265999244614022e-9,"x":6.632251739501953,"y":-3.6412930488586426},{"age":604,"angle":-0.6032225489616394,"type":4,"va":4.704535961151123,"vx":1.681618332862854,"vy":-1.7123310565948486,"x":12.667304992675781,"y":-10.588239669799805},{"age":19,"angle":1.4039819240570068,"type":3,"va":-2.5116453170776367,"vx":0.13223518431186676,"vy":-0.8980997204780579,"x":5.15117883682251,"y":-14.779427528381348},{"age":553,"angle":5.9073325246572495e-3,"type":4,"va":0.96812504529953,"vx":-9.591833502054214e-2,"vy":6.735732406377792e-2,"x":5.993783950805664,"y":-3.641206979751587},{"age":514,"angle":-0.9263493418693542,"type":4,"va":8.227237701416016,"vx":1.8921258449554443,"vy":-6.12940713763237e-2,"x":12.043169021606445,"y":-9.879227638244629},{"age":463,"angle":-1.0926703214645386,"type":3,"va":-16.39249038696289,"vx":2.8439841270446777,"vy":-1.0391582250595093,"x":3.8952341079711914,"y":-5.794806480407715},{"age":452,"angle":-1.9523241519927979,"type":4,"va":-0.5997628569602966,"vx":9.315216541290283e-2,"vy":-1.4082499055767528e-10,"x":7.0046706199646,"y":-3.6413052082061768},{"age":394,"angle":-2.6813156604766846,"type":3,"va":-0.30229535698890686,"vx":-0.5642427802085876,"vy":-0.6889632344245911,"x":14.467464447021484,"y":-11.033241271972656},{"age":414,"angle":1.3401358127593994,"type":4,"va":3.3161370754241943,"vx":0.1118386760354042,"vy":0.979855477809906,"x":7.758730888366699,"y":-2.96787428855896},{"age":301,"angle":-1.4186409711837769,"type":3,"va":-1.0684361457824707,"vx":-2.7281994819641113,"vy":-4.153881549835205,"x":14.117112159729004,"y":-11.345486640930176},{"age":327,"angle":0.8761312365531921,"type":4,"va":-4.365588665008545,"vx":-7.8736811876297e-2,"vy":0.4904584288597107,"x":7.6927337646484375,"y":-3.292804718017578},{"age":251,"angle":2.3435065746307373,"type":3,"va":-3.1701040267944336,"vx":0.5297703146934509,"vy":1.321493275463581e-2,"x":1.939800500869751,"y":-5.721354007720947},{"age":272,"angle":-2.152066946029663,"type":4,"va":31.827463150024414,"vx":0.714655876159668,"vy":-4.575767993927002,"x":12.114269256591797,"y":-8.734878540039062},{"age":181,"angle":2.481994152069092,"type":3,"va":9.950811386108398,"vx":-1.5723686218261719,"vy":9.18191485106945e-3,"x":7.671370983123779,"y":-3.6417129039764404},{"age":185,"angle":-1.6942936182022095,"type":4,"va":4.3732991218566895,"vx":-1.6073670387268066,"vy":-2.2250256538391113,"x":7.218843460083008,"y":-3.189594030380249},{"age":136,"angle":2.1971914768218994,"type":3,"va":15.193113327026367,"vx":0.2784421145915985,"vy":2.2395126819610596,"x":7.034092426300049,"y":-0.9210042953491211},{"age":75,"angle":-3.073206663131714,"type":3,"va":4.34403657913208,"vx":20.574073791503906,"vy":26.80305290222168,"x":14.345437049865723,"y":-3.385892868041992},{"age":105,"angle":-0.4457504451274872,"type":4,"va":-6.1742682456970215,"vx":0.3495080769062042,"vy":-0.4430129826068878,"x":6.885347843170166,"y":-3.3468382358551025}],"widgets":{}}}