{"puzzle":{"reqTiles":["Up"],"inputs":[{"x":0.65,"y":0.0,"balls":[{"type":1,"rate":0.5}]}],"outputs":[{"x":0.8,"y":1.0,"balls":[{"type":1,"rate":0.5}]}],"spec":{}},"blueprint":{"puzzle":"3ad30fc8-b600-5558-9383-69d8bd1aa686","title":"The long way around","submittedAt":"2024-04-07T02:51:50.539375988Z","widgets":{"0":{"angle":3.6514556495329686,"type":"fan","x":566,"y":64},"32":{"angle":0,"type":"fan","x":528,"y":611},"1":{"angle":-3.9668309001048665,"type":"brick","x":429,"y":34.138263},"33":{"angle":3.1471476697941396,"type":"fan","x":678,"y":640},"2":{"angle":2.2942450716623863,"type":"fan","x":266,"y":302},"3":{"angle":2.407700468172072,"type":"fan","x":230,"y":271},"4":{"angle":0.719711569586198,"type":"fan","x":81,"y":209},"5":{"angle":0.8217244974036793,"type":"fan","x":84,"y":210},"6":{"angle":0.8016042927135808,"type":"fan","x":83,"y":206},"7":{"angle":-1.9240932539086668,"type":"fan","x":322,"y":318},"8":{"angle":-2.1879964533329,"type":"fan","x":383,"y":283},"9":{"angle":-2.4397163844148926,"type":"fan","x":489,"y":180},"10":{"angle":-2.337470087017996,"type":"fan","x":439,"y":233},"11":{"angle":3.7423302410088426,"type":"fan","x":531,"y":123},"12":{"angle":0,"type":"brick","x":211,"y":413},"13":{"angle":0.355627421987672,"type":"brick","x":151,"y":399},"14":{"angle":0.830495155326449,"type":"brick","x":105,"y":366},"15":{"angle":-0.17397177272285053,"type":"brick","x":159,"y":164},"16":{"angle":-0.3301272349672743,"type":"brick","x":218,"y":149},"17":{"angle":-0.6565627333855685,"type":"brick","x":389,"y":68},"18":{"angle":-0.5108407856479038,"type":"brick","x":337,"y":100},"19":{"angle":-0.4327056517048265,"type":"brick","x":278,"y":126},"20":{"angle":0.7654812605348794,"type":"brick","x":509,"y":474},"21":{"angle":0.35728481100297593,"type":"brick","x":459,"y":442},"22":{"angle":0,"type":"brick","x":398,"y":430},"23":{"angle":0.23499672217372033,"type":"brick","x":335,"y":423},"24":{"angle":0,"type":"brick","x":276,"y":415},"25":{"angle":-0.3843160360686039,"type":"fan","x":518,"y":547},"26":{"angle":2.314630655051264,"type":"fan","x":640,"y":494},"27":{"angle":2.4979448168312106,"type":"fan","x":597,"y":444},"28":{"angle":2.417413382202701,"type":"fan","x":554,"y":392},"29":{"angle":2.1971809507338893,"type":"fan","x":504,"y":346},"30":{"angle":2.015999499725752,"type":"fan","x":437,"y":313},"31":{"angle":3.0200016626790753,"type":"fan","x":674,"y":563}}},"snapshot":{"balls":[{"age":1745,"angle":1.2814435958862305,"type":1,"va":0,"vx":0,"vy":0,"x":14.598294258117676,"y":-14.621301651000977},{"age":1506,"angle":-1.6172562837600708,"type":1,"va":0,"vx":0,"vy":0,"x":13.230743408203125,"y":-14.621301651000977},{"age":1036,"angle":-0.19864904880523682,"type":1,"va":0,"vx":0,"vy":0,"x":12.903904914855957,"y":-14.62130355834961},{"age":177,"angle":1.583419919013977,"type":1,"va":-48.97685623168945,"vx":7.183199882507324,"vy":-3.217313766479492,"x":7.6232476234436035,"y":-8.114930152893066},{"age":73,"angle":-2.8497703075408936,"type":1,"va":-17.4610538482666,"vx":-2.42207407951355,"vy":-2.3785414695739746,"x":8.968891143798828,"y":-0.899204432964325}],"widgets":{}}}