{"puzzle":{"reqTiles":["Up"],"inputs":[{"x":0.35,"y":0.0,"balls":[{"type":3,"rate":0.679534912109375}]}],"outputs":[{"x":0.8,"y":1.0,"balls":[{"type":3,"rate":0.6812286376953125}]}],"spec":{}},"blueprint":{"puzzle":"0972be20-75dd-5f9a-b2e1-1e71874b50c5","title":"Batching mulitway green-sorting bouncervator wander-a-tronic bibble-o-matic","submittedAt":"2024-05-28T12:56:01.155534059Z","widgets":{"0":{"angle":-1.2256582812364967,"type":"board","x":121,"y":176.678},"32":{"angle":1.569450035790954,"type":"board","x":687,"y":180},"1":{"angle":-1.4297673162744815,"type":"board","x":126,"y":205.943},"33":{"angle":4.711381721418599,"type":"board","x":730.9118738,"y":87.5089778},"2":{"angle":1.1538188351057124,"type":"cup","x":244,"y":88},"34":{"angle":3.0903734761052726,"type":"fan","x":714.6109285,"y":695},"3":{"angle":0.8679827318227222,"type":"cup","x":258,"y":77},"35":{"angle":1.4647225161235724,"type":"board","x":86,"y":387},"4":{"angle":0.6211448205201415,"type":"cup","x":269,"y":61},"36":{"angle":-1.5958494237046927,"type":"board","x":688,"y":349},"5":{"angle":0.4066951590530229,"type":"cup","x":277,"y":45},"37":{"type":"roundbumper","x":465,"y":102},"6":{"angle":0.2514103183445035,"type":"cup","x":283,"y":27.9854005},"38":{"type":"roundbumper","x":368,"y":127},"7":{"angle":0.1353414251403151,"type":"cup","x":23.9787865,"y":68},"39":{"angle":-1.0546132491399955,"type":"rightbumper","x":613,"y":435},"8":{"angle":-0.7899367101471685,"type":"cushion","x":199,"y":119},"40":{"angle":1.5876287851247188,"type":"board","x":87,"y":463},"9":{"angle":-1.6257355759096512,"type":"board","x":138,"y":236},"41":{"angle":1.6927184553023018,"type":"board","x":81,"y":528},"10":{"angle":-1.9194688075586017,"type":"board","x":162,"y":258},"42":{"angle":1.81258642406147,"type":"board","x":73,"y":585},"11":{"angle":-2.294492723783595,"type":"board","x":196,"y":264},"43":{"angle":-1.4213978304297448,"type":"board","x":281,"y":558},"12":{"angle":-2.7473090084076883,"type":"board","x":231,"y":253},"44":{"type":"roundbumper","x":94,"y":284},"13":{"angle":-3.1281421842574613,"type":"board","x":263,"y":233},"45":{"angle":0.21214295793101307,"type":"leftbumper","x":323,"y":435},"14":{"angle":0,"speed":0,"type":"spokedwheel","x":402,"y":302},"46":{"type":"roundbumper","x":180,"y":538},"15":{"angle":-2.3342653408448775,"type":"fan","x":235,"y":130},"47":{"type":"roundbumper","x":566,"y":603},"48":{"type":"roundbumper","x":187,"y":289},"49":{"type":"roundbumper","x":245,"y":282},"50":{"type":"roundbumper","x":711,"y":628},"51":{"type":"roundbumper","x":302,"y":256},"20":{"angle":0.18980757922773916,"type":"cup","x":25.056626,"y":656},"52":{"angle":0,"speed":0,"type":"spokedwheel","x":180,"y":538},"21":{"angle":0.18787203825626783,"type":"cup","x":25.0195555,"y":560},"53":{"angle":0,"speed":0,"type":"spokedwheel","x":566,"y":603},"22":{"angle":0.14090371728268616,"type":"cup","x":24.092182,"y":456},"54":{"type":"roundbumper","x":406,"y":438},"23":{"angle":0.1650491287024531,"type":"cup","x":24.5757035,"y":359},"55":{"type":"roundbumper","x":217,"y":665},"24":{"angle":0.1510927427344026,"type":"cup","x":24.2979535,"y":260},"56":{"type":"roundbumper","x":377,"y":578},"25":{"angle":0.15223463887762453,"type":"cup","x":24.3208295,"y":165},"57":{"type":"roundbumper","x":648,"y":680},"26":{"angle":-0.8012946316036444,"type":"rightbumper","x":503,"y":418},"27":{"type":"roundbumper","x":29,"y":711},"59":{"angle":0,"sticker":"squobject","type":"sticker","x":399,"y":301},"28":{"angle":0.4424201739335378,"type":"fan","x":438,"y":675.5},"60":{"angle":0,"sticker":"kingbun","type":"sticker","x":685,"y":75},"29":{"angle":-1.5576702071708186,"type":"board","x":729.8518815,"y":597},"61":{"angle":3.1604639551735048,"sticker":"knievel","type":"sticker","x":420,"y":70.9781032},"30":{"angle":-1.5673396098318608,"type":"board","x":730.6975919,"y":427},"62":{"angle":0.4942873374847332,"sticker":"figure3-happy","type":"sticker","x":663,"y":194},"31":{"angle":-1.5800578882497378,"type":"board","x":730.1896068,"y":257},"63":{"angle":0,"sticker":"figure2-sad","type":"sticker","x":714,"y":670.5}}},"snapshot":{"balls":[{"age":1507,"angle":-2.512525796890259,"type":3,"va":-3.2026939392089844,"vx":0.5100055932998657,"vy":0,"x":7.60292387008667,"y":-14.621371269226074},{"age":1386,"angle":1.710383415222168,"type":3,"va":-4.392670154571533,"vx":0.6989980340003967,"vy":0,"x":7.945134162902832,"y":-14.621430397033691},{"age":1302,"angle":-0.283570796251297,"type":3,"va":-2.789926767349243,"vx":0.4443869888782501,"vy":0,"x":6.960047721862793,"y":-14.621354103088379},{"age":1053,"angle":-0.8911525011062622,"type":3,"va":-1.211525559425354,"vx":0.20682229101657867,"vy":-1.1790450662374496e-2,"x":10.691768646240234,"y":-14.62132453918457},{"age":961,"angle":2.236104965209961,"type":3,"va":-2.8931193351745605,"vx":0.4607052803039551,"vy":0,"x":6.015847206115723,"y":-14.621358871459961},{"age":841,"angle":0.7516934275627136,"type":3,"va":-2.9037091732025146,"vx":0.46238693594932556,"vy":0,"x":7.279969215393066,"y":-14.621358871459961},{"age":736,"angle":-0.25099900364875793,"type":3,"va":-2.943751811981201,"vx":0.4687664806842804,"vy":0,"x":6.338560581207275,"y":-14.621360778808594},{"age":605,"angle":1.9750617742538452,"type":3,"va":-2.8184280395507812,"vx":0.4489252269268036,"vy":0,"x":5.691442966461182,"y":-14.621355056762695},{"age":545,"angle":2.0054759979248047,"type":3,"va":3.0414960384368896,"vx":-0.48433610796928406,"vy":1.3969838619232178e-9,"x":2.7410733699798584,"y":-14.621363639831543},{"age":415,"angle":0.2945809066295624,"type":3,"va":-0.24254582822322845,"vx":2.7076849937438965,"vy":-3.942686080932617,"x":9.96507453918457,"y":-7.306229114532471},{"age":311,"angle":1.786170244216919,"type":3,"va":-7.90568208694458,"vx":1.244783639907837,"vy":-0.7410434484481812,"x":9.616894721984863,"y":-5.998769283294678},{"age":206,"angle":-2.637230396270752,"type":3,"va":-18.450321197509766,"vx":2.913066864013672,"vy":-0.569911003112793,"x":7.194487571716309,"y":-4.363338947296143},{"age":102,"angle":1.3250329494476318,"type":3,"va":5.652891159057617,"vx":0.5616993308067322,"vy":-5.093071937561035,"x":3.0908610820770264,"y":-3.8010759353637695},{"age":17,"angle":9.88634005188942e-2,"type":3,"va":-4.8889594078063965,"vx":-3.647428750991821e-2,"vy":-0.7428772449493408,"x":5.188214302062988,"y":-3.893422707915306e-2}],"widgets":{"14":{"angle":0.11989615112543106,"key":"14","va":0.1616681069135666,"vx":0,"vy":0,"x":8.039999961853027,"y":-6.039999961853027},"52":{"angle":2.462862968444824,"key":"52","va":7.68197551369667e-2,"vx":0,"vy":0,"x":3.5999999046325684,"y":-10.760000228881836},"53":{"angle":2.4753224849700928,"key":"53","va":9.145736694335938e-2,"vx":0,"vy":0,"x":11.319999694824219,"y":-12.0600004196167}}}}