{"puzzle":{"reqTiles":["Up"],"inputs":[{"x":0.8,"y":0.0,"balls":[{"type":3,"rate":1.0}]},{"x":1.0,"y":0.8,"balls":[{"type":4,"rate":1.0}]}],"outputs":[{"x":0.35,"y":1.0,"balls":[{"type":4,"rate":1.0}]},{"x":1.0,"y":0.35,"balls":[{"type":3,"rate":1.0}]}],"spec":{}},"blueprint":{"puzzle":"d08e7e63-e871-566d-a86a-f4b257e6e60c","title":"Pepper Grinder","submittedAt":"2024-04-08T20:43:35.595259107Z","widgets":{"0":{"angle":0,"type":"leftbumper","x":603,"y":105},"32":{"angle":0,"type":"brick","x":694,"y":286},"64":{"angle":1.1401129298299513,"type":"brick","x":410,"y":571},"33":{"angle":0,"type":"board","x":460,"y":215},"65":{"angle":0,"sticker":"knievel","type":"sticker","x":117,"y":669.5},"66":{"angle":0,"sticker":"figure1-sad","type":"sticker","x":134,"y":109},"35":{"type":"roundbumper","x":497,"y":536},"67":{"angle":0,"sticker":"squobject","type":"sticker","x":585,"y":367},"36":{"angle":0.18389026600159805,"type":"board","x":476,"y":382},"37":{"angle":-2.6724844861597465,"type":"board","x":427,"y":502},"38":{"angle":0.8478014816631924,"type":"board","x":551,"y":598},"7":{"angle":1.5531138747874942,"type":"rightbumper","x":391,"y":28.8355128},"39":{"angle":0.4436656873101611,"type":"brick","x":627,"y":680},"40":{"angle":0.7533640177422195,"type":"board","x":670.021336,"y":468},"41":{"angle":0.7368049747978755,"type":"board","x":333,"y":309},"10":{"angle":1.534031151144609,"type":"rightbumper","x":314,"y":70},"42":{"angle":0.6575484323289169,"type":"board","x":253,"y":238},"43":{"angle":0.1998428766605606,"type":"brick","x":168,"y":185},"44":{"angle":-0.1256343869240357,"type":"brick","x":118,"y":183},"45":{"angle":-0.48832604896161136,"type":"brick","x":78,"y":198},"14":{"angle":0.3831480590346282,"type":"board","x":547,"y":130},"46":{"angle":-0.8330253168902264,"type":"brick","x":54,"y":220},"15":{"angle":-1.0842407013346598,"type":"brick","x":252,"y":115},"47":{"angle":1.9633930788903555,"type":"brick","x":41,"y":246},"16":{"angle":-1.554359283871153,"type":"brick","x":238,"y":172},"48":{"angle":1.5270177933848124,"type":"brick","x":34,"y":288},"17":{"angle":0.9661973611215678,"type":"brick","x":255,"y":223},"49":{"angle":-2.518665296870823,"type":"sword","x":392,"y":491},"18":{"angle":0.4155762101258089,"type":"brick","x":303,"y":265},"50":{"angle":-2.2407914748393005,"type":"sword","x":380,"y":509},"19":{"angle":-0.44177311775711703,"type":"brick","x":449,"y":117},"51":{"angle":0.942442363698688,"type":"board","x":85,"y":380},"20":{"angle":-0.6781990003726489,"type":"brick","x":403,"y":147},"52":{"angle":0.9650667564271349,"type":"board","x":172,"y":505},"21":{"angle":-1.6186536538694527,"type":"brick","x":385,"y":191},"22":{"angle":0.49156030765024894,"type":"fan","x":211,"y":159},"54":{"angle":-1.8248282795345376,"type":"leftbumper","x":169,"y":198},"23":{"angle":4.970073820103625e-2,"type":"board","x":414,"y":272},"55":{"angle":-2.4195152692567805,"type":"leftbumper","x":90,"y":205.5},"24":{"angle":1.7058859674445155e-2,"type":"board","x":579,"y":280},"56":{"angle":-3.3255058412591803,"type":"leftbumper","x":48.2145,"y":266},"25":{"angle":6.389346801274257e-2,"type":"board","x":536.062,"y":219},"58":{"height":103,"type":"repulsor","width":103,"x":177,"y":317},"27":{"angle":0.233868726072413,"type":"brick","x":650,"y":161},"59":{"angle":0,"speed":25,"type":"spokedwheel","x":311,"y":626},"28":{"angle":0,"type":"brick","x":706,"y":167},"60":{"angle":1.4679129010115726,"type":"board","x":226,"y":652.038382},"29":{"angle":-1.551754270786346,"type":"leftbumper","x":592.89,"y":419},"61":{"angle":-0.3189061694192309,"type":"brick","x":337,"y":716.5207315},"30":{"angle":-1.551080768036584,"type":"rightbumper","x":691.9572118,"y":664},"62":{"angle":-0.8792120975620152,"type":"brick","x":390,"y":685},"31":{"angle":0.3973029693399763,"type":"fan","x":598,"y":184},"63":{"angle":-1.4423945476532931,"type":"brick","x":415,"y":632}}},"snapshot":{"balls":[{"age":598,"angle":0.9030135869979858,"type":3,"va":2.4715345352888107e-2,"vx":1.0418007150292397e-2,"vy":-9.80602577328682e-3,"x":6.494187355041504,"y":-5.021583080291748},{"age":310,"angle":1.0187726020812988,"type":4,"va":-33.04092025756836,"vx":-4.412722587585449,"vy":2.0044045448303223,"x":7.111553192138672,"y":-11.108613014221191},{"age":275,"angle":-1.570690631866455,"type":3,"va":5.764267921447754,"vx":-0.8972549438476562,"vy":-7.4648382142186165e-3,"x":14.215627670288086,"y":-5.291816711425781},{"age":227,"angle":-1.2348991632461548,"type":4,"va":-37.008331298828125,"vx":0.49843907356262207,"vy":-4.8273186683654785,"x":4.7075629234313965,"y":-12.21253490447998},{"age":166,"angle":-2.365206241607666,"type":4,"va":36.02827835083008,"vx":0.45083168148994446,"vy":7.371088027954102,"x":1.946653962135315,"y":-5.539059638977051},{"age":138,"angle":-2.4771385192871094,"type":3,"va":-5.889623641967773,"vx":-0.8739003539085388,"vy":-1.5853755176067352e-2,"x":14.176901817321777,"y":-4.976757049560547},{"age":90,"angle":-2.605668067932129,"type":4,"va":4.572080612182617,"vx":-0.25060296058654785,"vy":-1.797387957572937,"x":14.295893669128418,"y":-12.498631477355957},{"age":81,"angle":-2.5755550861358643,"type":3,"va":5.012357711791992,"vx":8.716991424560547,"vy":-19.302595138549805,"x":8.837169647216797,"y":-1.5634607076644897},{"age":38,"angle":1.812687635421753,"type":3,"va":3.2118301391601562,"vx":-1.2325113639235497e-3,"vy":-4.993349552154541,"x":11.836760520935059,"y":-1.3603595495224}],"widgets":{"59":{"angle":0.5259044170379639,"key":"59","va":5.645892143249512,"vx":0,"vy":0,"x":6.21999979019165,"y":-12.520000457763672}}}}