{"puzzle":{"reqTiles":["Up"],"inputs":[{"x":0.35,"y":0.0,"balls":[{"type":3,"rate":0.6705398559570313}]}],"outputs":[{"x":0.2,"y":1.0,"balls":[{"type":3,"rate":0.6730461120605469}]}],"spec":{}},"blueprint":{"puzzle":"f2b091f4-19ba-5900-9cb0-652ed0e9a453","title":"I probably should have fueld up before taking off.","submittedAt":"2024-06-06T19:34:28.794182142Z","widgets":{"33":{"height":43,"type":"attractor","width":43,"x":157,"y":701.5},"34":{"height":75,"type":"attractor","width":75,"x":157,"y":696},"66":{"angle":1.564963978981168,"type":"board","x":544,"y":301},"3":{"height":10,"type":"repulsor","width":150,"x":294,"y":89},"35":{"height":10,"type":"attractor","width":150,"x":82,"y":487},"4":{"height":10,"type":"attractor","width":150,"x":88,"y":315},"68":{"angle":1.5658071849276347,"type":"cushion","x":508,"y":326},"5":{"height":167,"type":"attractor","width":167,"x":80.5,"y":302.5},"69":{"angle":-1.5734262901070475,"type":"board","x":386,"y":298},"6":{"height":183,"type":"attractor","width":183,"x":91.5,"y":305.5},"70":{"angle":0,"type":"board","x":463,"y":342},"7":{"height":10,"type":"attractor","width":150,"x":90,"y":375},"39":{"angle":1.574331109429222,"type":"fan","x":601,"y":326},"71":{"angle":0,"type":"board","x":462,"y":327},"40":{"angle":1.5843676083064269,"type":"board","x":556,"y":302},"72":{"angle":1.3157205587243937e-2,"type":"board","x":465,"y":359},"41":{"angle":1.5716929182635222,"type":"brick","x":578,"y":298},"73":{"angle":0,"type":"board","x":465,"y":375},"10":{"height":10,"type":"attractor","width":150,"x":88,"y":428},"42":{"angle":1.5806256692839267,"type":"board","x":370,"y":298},"11":{"height":10,"type":"attractor","width":150,"x":85,"y":486},"43":{"angle":1.5359212046523636e-2,"type":"board","x":465,"y":224},"75":{"angle":-1.04950071187301,"type":"prism","x":313,"y":370},"12":{"height":10,"type":"attractor","width":150,"x":83,"y":484},"44":{"angle":1.5817647917709983,"type":"brick","x":350,"y":300},"76":{"angle":-1.0344370480838274,"type":"prism","x":313,"y":380},"13":{"height":10,"type":"attractor","width":150,"x":90,"y":487},"45":{"angle":1.5737678798195522,"type":"fan","x":328,"y":327},"77":{"angle":-1.0244349489677607,"type":"prism","x":313,"y":392},"14":{"height":10,"type":"attractor","width":150,"x":91,"y":486},"46":{"angle":0.6482742634602524,"type":"brick","x":534,"y":201},"78":{"angle":-1.0140183942580583,"type":"prism","x":314,"y":402},"15":{"height":10,"type":"attractor","width":150,"x":81,"y":492},"47":{"angle":0.6526308420970933,"type":"brick","x":516,"y":185},"79":{"angle":-1.0434277830749614,"type":"prism","x":592,"y":369},"48":{"angle":-0.655728762584809,"type":"brick","x":397,"y":199},"80":{"angle":-1.0602093761289342,"type":"prism","x":592,"y":381},"49":{"angle":-0.6263629420211703,"type":"brick","x":414,"y":185},"81":{"angle":-1.0540653373825335,"type":"prism","x":593,"y":393},"50":{"angle":-0.6547394993722518,"type":"brick","x":430,"y":174},"82":{"angle":-1.0624632242294711,"type":"prism","x":594,"y":405},"51":{"angle":-0.6373314686222725,"type":"brick","x":447,"y":163},"83":{"type":"roundbumper","x":516,"y":508},"52":{"angle":0.7071388054399576,"type":"brick","x":497,"y":169},"84":{"angle":0,"sticker":"knievel","type":"sticker","x":515,"y":549},"53":{"angle":0.6931624450038623,"type":"brick","x":489,"y":160},"85":{"angle":1.5943809560604056,"type":"brick","x":498,"y":561},"54":{"angle":1.5608300056464224,"type":"brick","x":469,"y":197},"86":{"angle":1.5806533634412898,"type":"fan","x":478,"y":553},"23":{"height":10,"type":"attractor","width":150,"x":186,"y":638},"55":{"angle":1.5825505468546877,"type":"brick","x":468,"y":177},"87":{"angle":0,"sticker":"squobject","type":"sticker","x":413,"y":293},"24":{"height":137,"type":"attractor","width":137,"x":194.5,"y":631.5},"56":{"angle":0.7197057851207121,"type":"brick","x":508,"y":202},"25":{"height":120,"type":"attractor","width":120,"x":192,"y":633},"57":{"angle":0.6629136006349344,"type":"brick","x":488,"y":185},"26":{"height":10,"type":"attractor","width":150,"x":90,"y":356},"58":{"angle":-0.6057806409082879,"type":"brick","x":430,"y":200},"27":{"height":10,"type":"attractor","width":150,"x":75,"y":372},"59":{"angle":-0.6488958072827294,"type":"brick","x":451,"y":183},"28":{"height":10,"type":"attractor","width":150,"x":75,"y":372},"60":{"angle":-0.6427677008878695,"type":"brick","x":455,"y":204},"29":{"height":10,"type":"attractor","width":150,"x":75,"y":371},"61":{"angle":0.6527230676483817,"type":"brick","x":484,"y":201},"30":{"height":10,"type":"attractor","width":150,"x":90,"y":432},"31":{"height":10,"type":"attractor","width":150,"x":90,"y":431},"63":{"angle":0,"sticker":"figure1-sad","type":"sticker","x":466,"y":314}}},"snapshot":{"balls":[{"age":1043,"angle":-0.4613215923309326,"type":3,"va":1.7684117555618286,"vx":-0.2817322611808777,"vy":0,"x":0.6709879636764526,"y":-14.621323585510254},{"age":192,"angle":2.6827824115753174,"type":3,"va":5.955050945281982,"vx":1.1356182098388672,"vy":-1.8144075870513916,"x":2.876586437225342,"y":-14.315910339355469},{"age":142,"angle":-0.7487457990646362,"type":3,"va":-3.948228120803833,"vx":5.071699619293213,"vy":-14.757851600646973,"x":2.024951219558716,"y":-12.241119384765625},{"age":87,"angle":2.184253215789795,"type":3,"va":-3.7140567302703857,"vx":-4.3466596603393555,"vy":-7.138004302978516,"x":2.3820443153381348,"y":-3.4077489376068115}],"widgets":{}}}