{"puzzle":{"reqTiles":["Up"],"inputs":[{"x":0.5,"y":0.0,"balls":[{"type":2,"rate":0.520751953125}]},{"x":1.0,"y":0.8,"balls":[{"type":3,"rate":0.564453125}]}],"outputs":[{"x":0.2,"y":1.0,"balls":[{"type":3,"rate":0.59375}]},{"x":1.0,"y":0.2,"balls":[{"type":2,"rate":0.520751953125}]}],"spec":{}},"blueprint":{"puzzle":"4e35af11-5db4-55ae-a2e5-c1773f6395e9","title":"I got a cat! ...but, I got a cat!","submittedAt":"2024-04-25T02:50:37.859387909Z","widgets":{"0":{"angle":-0.21318375987933952,"type":"board","x":652.576668,"y":628.8382188},"32":{"angle":-0.5231620647485763,"type":"fan","x":372.021375,"y":485.7816406},"1":{"angle":-0.18530435785843297,"type":"board","x":489.7062813,"y":664.4636719},"33":{"angle":0.2474458024751016,"type":"fan","x":610.5562188,"y":82.2176563},"2":{"angle":0,"type":"lefthook","x":320.8423594,"y":284.0860938},"34":{"angle":0,"type":"fan","x":478.1932813,"y":138.9945156},"35":{"angle":-1.3357377829542918,"type":"fan","x":437.5870625,"y":708.4114765},"36":{"angle":-1.9629877884581892,"type":"fan","x":605.2832656,"y":689.5110781},"5":{"angle":-1.4050908428910598,"type":"fan","x":408.4959688,"y":708.0665313},"37":{"angle":-0.7347312039749111,"type":"fan","x":268.136,"y":425.4912656},"6":{"angle":-0.963133707651864,"type":"fan","x":337.3052187,"y":576.092875},"38":{"angle":-0.6300853819006806,"type":"fan","x":373.6037188,"y":422.8812656},"39":{"angle":-0.9537947240481035,"type":"fan","x":358.4859063,"y":540.7031406},"40":{"angle":0.5322441733694999,"type":"board","x":317.0898438,"y":355.3417969},"9":{"angle":-0.24128469426279728,"type":"board","x":350.2254688,"y":695.078},"10":{"angle":-0.1975218678519865,"type":"board","x":275.6929219,"y":714.003996},"42":{"angle":0,"sticker":"figure1-happy","type":"sticker","x":66.5141281,"y":436.2401563},"11":{"angle":0.668095908732485,"type":"sword","x":67.4228055,"y":675.7809531},"43":{"angle":0,"sticker":"figure2-happy","type":"sticker","x":160.9958438,"y":432.3441875},"12":{"angle":-1.5552442789290237,"type":"fan","x":527.6764375,"y":706.4571094},"44":{"angle":0,"catMass":2,"type":"catswat","x":65.9592063,"y":344.3742813},"13":{"angle":0.9931351404318879,"type":"board","x":241.503375,"y":190.01925},"45":{"angle":0,"sticker":"cat","type":"sticker","x":141.7485,"y":352.9295313},"14":{"angle":-2.0351552436332603,"type":"board","x":176.6409688,"y":82.2651875},"15":{"angle":-1.1980633818901536,"type":"board","x":699.753801,"y":259.1133594},"16":{"height":115,"type":"repulsor","width":115,"x":682.5,"y":682.5},"17":{"angle":0,"type":"board","x":652.5,"y":112.4603813},"18":{"angle":0.7360245147688027,"type":"board","x":499.0240625,"y":65.4131495},"19":{"angle":-1.7968732289421696,"type":"fan","x":696.6887969,"y":394.8622969},"20":{"angle":0.9839750465578656,"type":"board","x":684.0554175,"y":486.5240781},"21":{"angle":-1.16285896917165,"type":"board","x":654.5904219,"y":333.8180938},"22":{"angle":-1.5793312858389081,"type":"fan","x":484.696875,"y":714.1895937},"23":{"angle":-1.2512296266024936,"type":"board","x":597.6366094,"y":475.7613438},"24":{"angle":0,"type":"board","x":652.5,"y":554.9894219},"25":{"angle":-1.468033928796227,"type":"fan","x":629.2772656,"y":517.8808437},"26":{"angle":0.24506619658392106,"type":"fan","x":552.7248906,"y":67.0020625},"27":{"angle":-1.3802596042745214,"type":"fan","x":656.6994063,"y":452.938875},"28":{"angle":-1.3619086106128409,"type":"fan","x":698.441933,"y":307.4706406},"29":{"angle":1.6318698540364274,"type":"board","x":408.9355469,"y":409.8925781},"30":{"angle":-1.387881669684329,"type":"board","x":393.5546875,"y":534.765625},"31":{"angle":-0.4533187409877867,"type":"fan","x":380.8984375,"y":371.8554688}}},"snapshot":{"balls":[{"age":801,"angle":-2.227757692337036,"type":2,"va":-6.697742462158203,"vx":-1.6918662786483765,"vy":-3.925288677215576,"x":10.50744915008545,"y":-12.031489372253418},{"age":685,"angle":-2.463994026184082,"type":2,"va":4.630585193634033,"vx":-1.7394206523895264,"vy":1.488806962966919,"x":11.406757354736328,"y":-4.682183265686035},{"age":386,"angle":-1.7151092290878296,"type":2,"va":7.914717674255371,"vx":-1.4200913906097412,"vy":-4.600723743438721,"x":11.361769676208496,"y":-5.348758697509766},{"age":250,"angle":-2.197540044784546,"type":3,"va":28.867164611816406,"vx":-4.484496116638184,"vy":-0.9628058075904846,"x":4.795358180999756,"y":-14.07984733581543},{"age":200,"angle":1.4524422883987427,"type":3,"va":21.27781867980957,"vx":-3.3132987022399902,"vy":-0.6212515234947205,"x":10.697707176208496,"y":-12.774295806884766},{"age":221,"angle":2.843219518661499,"type":2,"va":-13.231083869934082,"vx":8.149009704589844,"vy":-2.6698100566864014,"x":11.186580657958984,"y":-6.628983020782471},{"age":109,"angle":2.5484416484832764,"type":3,"va":13.358500480651855,"vx":-2.0992414951324463,"vy":-0.4375864863395691,"x":12.860928535461426,"y":-12.272208213806152},{"age":110,"angle":-1.9839900732040405,"type":2,"va":-2.158433675765991,"vx":0.4484322667121887,"vy":2.1575636863708496,"x":7.466247081756592,"y":-5.100274562835693},{"age":44,"angle":0.22888538241386414,"type":2,"va":0.699863851070404,"vx":0.14561325311660767,"vy":-2.994908094406128,"x":7.428016662597656,"y":-0.5740382075309753}],"widgets":{"2":{"angle":4.4624537229537964e-2,"key":"2","va":0.6320129632949829,"vx":0,"vy":0,"x":6.419220447540283,"y":-5.636490821838379},"44":{"angle":0,"key":"44","va":0,"vx":0,"vy":0,"x":1.3191841840744019,"y":-6.887485504150391}}}}