{"puzzle":{"reqTiles":["Up","Left"],"inputs":[{"x":0.35,"y":0.0,"balls":[{"type":3,"rate":1.0}]},{"x":0.0,"y":0.8,"balls":[{"type":2,"rate":0.828125}]}],"outputs":[{"x":0.2,"y":1.0,"balls":[{"type":2,"rate":0.828125}]},{"x":0.0,"y":0.65,"balls":[{"type":3,"rate":1.0}]}],"spec":{}},"blueprint":{"puzzle":"14e302f2-c93c-56b6-8615-0fe01722092e","title":"green superhighway","submittedAt":"2024-04-08T21:43:15.287269266Z","widgets":{"0":{"angle":1.717701587182214e-3,"type":"board","x":368,"y":87},"32":{"angle":0,"type":"board","x":591,"y":381},"1":{"angle":-0.20151793737200824,"type":"board","x":87.5307551,"y":515},"33":{"angle":-1.5955077085398721,"type":"board","x":199,"y":462},"2":{"angle":0,"type":"board","x":87.5,"y":159},"34":{"angle":-1.5677919237099869,"type":"board","x":181,"y":459},"3":{"angle":0,"type":"board","x":252,"y":160},"4":{"angle":0,"type":"board","x":402,"y":161},"36":{"angle":-2.653589793082808e-6,"catMass":2,"type":"catswat","x":63,"y":716.9999085},"5":{"angle":-1.7309226511053502e-2,"type":"board","x":213,"y":237},"6":{"angle":0,"type":"board","x":652.5,"y":238},"38":{"angle":-0.4815185145398347,"type":"brick","x":238,"y":647},"7":{"angle":0,"type":"board","x":485,"y":238},"39":{"angle":0,"type":"brick","x":34,"y":632},"8":{"angle":0,"type":"board","x":322,"y":236},"40":{"angle":0,"type":"brick","x":448,"y":559},"9":{"angle":3.1415357031626714,"type":"fan","x":325,"y":48},"41":{"angle":0,"type":"brick","x":691,"y":165},"42":{"angle":0,"type":"brick","x":364,"y":537},"43":{"angle":0,"type":"brick","x":87,"y":639},"12":{"angle":0,"type":"fan","x":48.5,"y":284},"44":{"angle":-0.27076100170643547,"type":"fan","x":32.6737855,"y":660},"13":{"angle":3.121216025797084,"type":"fan","x":657.917,"y":346},"46":{"angle":3.155968801452895,"type":"fan","x":656.122,"y":702.1660383},"16":{"angle":3.1448189451813278,"type":"rightbumper","x":616.349,"y":125},"48":{"angle":0,"type":"leftbumper","x":615,"y":692.5},"17":{"angle":0,"type":"leftbumper","x":618,"y":201},"49":{"angle":0,"type":"board","x":652.5,"y":381},"18":{"angle":2.611289622918538,"type":"leftbumper","x":54.5903,"y":113},"50":{"angle":-0.7559366233966778,"type":"brick","x":706.000019,"y":612},"19":{"angle":0,"type":"board","x":214,"y":86},"51":{"angle":-0.5226368220966066,"type":"brick","x":659,"y":650},"20":{"angle":0,"type":"board","x":488,"y":161},"52":{"angle":2.3418675612366595,"type":"fan","x":462,"y":590},"21":{"angle":0,"type":"board","x":519,"y":87},"53":{"angle":3.146820203851682,"type":"rightbumper","x":710.752,"y":433},"22":{"angle":3.1592863359831074,"type":"fan","x":650.523,"y":204},"23":{"angle":0,"type":"rightbumper","x":89,"y":275},"24":{"angle":3.145939439297454,"type":"leftbumper","x":91,"y":198},"25":{"angle":0,"type":"board","x":492,"y":315},"26":{"angle":0,"type":"board","x":348,"y":313},"27":{"angle":0,"type":"board","x":190,"y":314},"28":{"angle":0,"type":"leftbumper","x":622,"y":340},"29":{"angle":3.103150063568605,"type":"rightbumper","x":620,"y":276},"30":{"angle":0,"type":"board","x":288,"y":380},"31":{"angle":0,"type":"board","x":438,"y":380}}},"snapshot":{"balls":[{"age":1720,"angle":-2.3632466793060303,"type":3,"va":-4.554987907409668,"vx":7.67546147108078e-2,"vy":-1.6391374170780182e-2,"x":0.5780352354049683,"y":-10.048260688781738},{"age":1564,"angle":-1.9165560007095337,"type":2,"va":-1.205960750579834,"vx":0.19216226041316986,"vy":-4.656612873077393e-10,"x":4.035178184509277,"y":-14.621313095092773},{"age":1334,"angle":-2.0791826248168945,"type":3,"va":1.3681484460830688,"vx":-1.4067023992538452e-2,"vy":-0.5082727670669556,"x":0.8888513445854187,"y":-10.116291999816895},{"age":11,"angle":-1.763106346130371,"type":2,"va":2.612424612045288,"vx":-0.39877384901046753,"vy":-0.8595274090766907,"x":2.99552321434021,"y":-14.65524673461914},{"age":1178,"angle":-3.0987138748168945,"type":3,"va":3.137758255004883,"vx":0.11810458451509476,"vy":-8.841529488563538e-4,"x":0.6070964336395264,"y":-9.730802536010742},{"age":1145,"angle":1.159665584564209,"type":3,"va":-0.357546329498291,"vx":-5.417285114526749e-2,"vy":-1.106698252260685e-2,"x":1.2025200128555298,"y":-10.066910743713379},{"age":1032,"angle":-0.8497727513313293,"type":3,"va":-1.96760094165802,"vx":0.2173662632703781,"vy":-0.5441264510154724,"x":0.9445151686668396,"y":-9.802403450012207},{"age":923,"angle":-1.9961198568344116,"type":2,"va":3.390392541885376,"vx":-0.5396668314933777,"vy":4.656612873077393e-10,"x":4.924246788024902,"y":-14.621378898620605},{"age":949,"angle":-0.4881819188594818,"type":3,"va":-1.3521937131881714,"vx":0.2710671126842499,"vy":-5.052759498357773e-2,"x":1.262499213218689,"y":-9.754393577575684},{"age":903,"angle":-1.3093379735946655,"type":3,"va":-1.0095627307891846,"vx":0.1563093662261963,"vy":3.193267434835434e-2,"x":1.517729640007019,"y":-10.002010345458984},{"age":828,"angle":-1.6550761461257935,"type":2,"va":1.8555938005447388,"vx":-0.29566484689712524,"vy":-4.656612873077393e-10,"x":4.6015305519104,"y":-14.621325492858887},{"age":8,"angle":-0.16637302935123444,"type":3,"va":1.2563283443450928,"vx":-0.8050297498703003,"vy":0.45285525918006897,"x":0.1867464929819107,"y":-9.636419296264648},{"age":816,"angle":-2.647650718688965,"type":3,"va":-2.739871025085449,"vx":0.42239025235176086,"vy":8.629067987203598e-2,"x":2.771740198135376,"y":-9.746003150939941},{"age":744,"angle":2.076627731323242,"type":3,"va":-2.139333963394165,"vx":0.35453107953071594,"vy":7.24276527762413e-2,"x":2.458526372909546,"y":-9.80990982055664},{"age":658,"angle":-1.7530006170272827,"type":3,"va":-0.7880666255950928,"vx":0.24864861369132996,"vy":5.079669505357742e-2,"x":1.8299881219863892,"y":-9.937493324279785},{"age":594,"angle":0.4812263250350952,"type":2,"va":1.5116870403289795,"vx":-0.27356046438217163,"vy":-3.366243466734886e-2,"x":5.927244186401367,"y":-14.621352195739746},{"age":581,"angle":-0.4670546352863312,"type":3,"va":6.65251836180687e-2,"vx":0.2654253840446472,"vy":1.1143963783979416e-2,"x":1.617977499961853,"y":-9.699923515319824},{"age":546,"angle":3.035151243209839,"type":2,"va":11.288773536682129,"vx":-2.1475272178649902,"vy":-0.17784962058067322,"x":6.787816047668457,"y":-14.578563690185547},{"age":539,"angle":-0.5274348258972168,"type":3,"va":-1.8165432214736938,"vx":0.2888145446777344,"vy":5.90023472905159e-2,"x":2.142799139022827,"y":-9.874767303466797},{"age":476,"angle":2.121333122253418,"type":2,"va":9.184426307678223,"vx":-1.8747026920318604,"vy":-0.6834543347358704,"x":4.606096267700195,"y":-14.201970100402832},{"age":478,"angle":2.1952285766601562,"type":3,"va":-1.219857096672058,"vx":0.3175910413265228,"vy":8.722385764122009e-2,"x":1.9333608150482178,"y":-9.635823249816895},{"age":446,"angle":3.182563558220863e-2,"type":3,"va":2.136202812194824,"vx":0.3793793022632599,"vy":6.487593054771423e-2,"x":2.2462503910064697,"y":-9.573315620422363},{"age":386,"angle":6.989184021949768e-2,"type":2,"va":-1.516516923904419,"vx":-0.671436071395874,"vy":-7.691603899002075e-2,"x":7.585867881774902,"y":-14.468876838684082},{"age":358,"angle":-0.7706321477890015,"type":3,"va":-2.2983086109161377,"vx":1.1104072332382202,"vy":-0.3735092282295227,"x":2.958658456802368,"y":-9.488118171691895},{"age":306,"angle":-3.0810189247131348,"type":2,"va":2.1137712001800537,"vx":-0.37602710723876953,"vy":0.391391396522522,"x":5.263818740844727,"y":-14.582260131835938},{"age":315,"angle":-2.1090354919433594,"type":3,"va":19.021230697631836,"vx":-2.0115883350372314,"vy":-3.2353084087371826,"x":3.209641218185425,"y":-8.636573791503906},{"age":281,"angle":2.3629508018493652,"type":3,"va":-3.9803807735443115,"vx":-31.831336975097656,"vy":-1.312627911567688,"x":10.033520698547363,"y":-3.7339870929718018},{"age":241,"angle":2.6974434852600098,"type":2,"va":-38.21571731567383,"vx":2.6736655235290527,"vy":-1.665697455406189,"x":7.0275373458862305,"y":-10.017281532287598},{"age":231,"angle":1.2469518184661865,"type":3,"va":37.77366256713867,"vx":5.981274127960205,"vy":5.920198917388916,"x":11.796236991882324,