{"puzzle":{"reqTiles":["Up","Left"],"inputs":[{"x":0.35,"y":0.0,"balls":[{"type":1,"rate":1.0}]},{"x":0.0,"y":0.2,"balls":[{"type":2,"rate":0.84375}]}],"outputs":[{"x":0.2,"y":1.0,"balls":[{"type":2,"rate":0.84375}]},{"x":0.0,"y":0.5,"balls":[{"type":1,"rate":1.0}]}],"spec":{}},"blueprint":{"puzzle":"1e72558b-8e6d-5b2a-8915-7c95d6bb786f","title":"Worst. Sorter. ever.","submittedAt":"2024-04-08T18:30:43.275513541Z","widgets":{"32":{"angle":1.3849858163205049,"type":"board","x":248,"y":638},"1":{"angle":-0.1639929054880087,"type":"board","x":90.5,"y":376},"33":{"angle":-4.192043261725384,"type":"fan","x":216,"y":590.442},"34":{"angle":0.8012023222218638,"type":"brick","x":318,"y":279},"3":{"angle":-0.1917955979313912,"type":"board","x":239,"y":349},"4":{"angle":0.20499339916159462,"type":"board","x":87.499974,"y":184},"36":{"angle":-0.943275728822614,"type":"prism","x":251,"y":189},"5":{"angle":0.2454212528804638,"type":"board","x":157,"y":202},"6":{"angle":-1.0151591555759385,"type":"prism","x":247,"y":186},"38":{"angle":-0.8678405562108025,"type":"prism","x":260,"y":188},"7":{"angle":-1.3530336468561674,"type":"anvil","x":312,"y":315},"39":{"angle":-1.419937845498906,"type":"brick","x":295,"y":245},"8":{"angle":0.35619439935374114,"type":"board","x":339,"y":375},"40":{"angle":0.2580436991379324,"type":"fan","x":315,"y":314},"9":{"angle":-0.128024730783711,"type":"fan","x":152,"y":236},"41":{"angle":0,"type":"fan","x":308,"y":344},"10":{"angle":2.372137850586122,"type":"fan","x":92,"y":289},"42":{"angle":2.1159363322768163,"type":"fan","x":669,"y":39.5389675},"11":{"angle":-0.721634154750977,"type":"board","x":522,"y":544},"43":{"angle":2.535933783504926,"type":"fan","x":371,"y":402},"12":{"angle":1.59685069755257,"type":"board","x":129,"y":652.2951999},"13":{"angle":-1.487909155907389,"type":"board","x":139,"y":486},"45":{"angle":2.2556910629453917,"type":"fan","x":306,"y":345},"14":{"angle":-1.4546546999149068,"type":"brick","x":141,"y":398},"15":{"angle":-1.1847413901746129,"type":"board","x":614,"y":410},"16":{"angle":-1.0153364875363902,"type":"board","x":686.211353,"y":259},"17":{"angle":1.3088252890130339,"type":"sword","x":702.906878,"y":121},"18":{"angle":1.6080741889759873,"type":"fan","x":184,"y":378},"19":{"angle":-1.4793222116421687,"type":"board","x":176,"y":652.0437181},"21":{"angle":-2.4196517463470353,"type":"fan","x":529,"y":599},"24":{"angle":-1.3782323941455845,"type":"cushion","x":149,"y":406},"25":{"angle":-1.1240734798663883,"type":"rightbumper","x":409,"y":593},"26":{"angle":-1.4200460864288804,"type":"brick","x":295,"y":257},"27":{"angle":-1.9834731008488025,"type":"fan","x":276,"y":686.5},"28":{"height":185,"type":"attractor","width":185,"x":93,"y":500.5},"29":{"height":167,"type":"repulsor","width":167,"x":355.5,"y":654.5},"31":{"angle":-0.2653825365555039,"type":"brick","x":208,"y":571}}},"snapshot":{"balls":[{"age":972,"angle":-2.3557932376861572,"type":2,"va":1.5980991125106812,"vx":-0.25464096665382385,"vy":-4.656612873077393e-10,"x":14.23695182800293,"y":-14.621318817138672},{"age":901,"angle":3.016801595687866,"type":2,"va":-10.803200721740723,"vx":2.517763614654541,"vy":-3.087996244430542,"x":9.154448509216309,"y":-11.163338661193848},{"age":5,"angle":-0.8782791495323181,"type":2,"va":1.595187783241272,"vx":-0.2690804600715637,"vy":-0.8961830735206604,"x":2.942906618118286,"y":-14.625885009765625},{"age":566,"angle":2.6642637252807617,"type":2,"va":-14.16494083404541,"vx":0.672197163105011,"vy":-8.080534636974335e-2,"x":2.954155445098877,"y":-14.24311351776123},{"age":525,"angle":-3.0226571559906006,"type":2,"va":11.6290922164917,"vx":-3.249960422515869,"vy":3.449510097503662,"x":3.625075101852417,"y":-10.891226768493652},{"age":430,"angle":-1.69394052028656,"type":2,"va":-6.442405700683594,"vx":-4.987106800079346,"vy":2.3346781730651855,"x":7.000929832458496,"y":-9.447190284729004},{"age":400,"angle":-1.7688387632369995,"type":2,"va":3.992018222808838,"vx":7.597752571105957,"vy":-2.5250601768493652,"x":10.873271942138672,"y":-7.7873969078063965},{"age":333,"angle":1.4169682264328003,"type":2,"va":27.56968879699707,"vx":-3.745427370071411,"vy":-0.5172194838523865,"x":2.4642090797424316,"y":-5.994167804718018},{"age":241,"angle":0.8869171142578125,"type":2,"va":0.8777843117713928,"vx":-9.194221496582031,"vy":-0.48251259326934814,"x":9.904918670654297,"y":-0.6325872540473938},{"age":213,"angle":1.0031001567840576,"type":1,"va":4.248942852020264,"vx":-2.566399574279785,"vy":0.855104923248291,"x":10.35837173461914,"y":-9.90497875213623},{"age":143,"angle":2.0267136096954346,"type":2,"va":-16.043672561645508,"vx":2.4907848834991455,"vy":-0.5429499745368958,"x":2.6987826824188232,"y":-3.5316696166992188},{"age":127,"angle":-1.4274276494979858,"type":1,"va":25.240699768066406,"vx":-4.077710151672363,"vy":-0.7429381608963013,"x":2.617292642593384,"y":-6.986339569091797},{"age":75,"angle":-2.9336137771606445,"type":2,"va":-12.268994331359863,"vx":1.8963165283203125,"vy":-0.4169866144657135,"x":1.2687008380889893,"y":-3.234574556350708},{"age":49,"angle":-2.219053030014038,"type":2,"va":-8.473686873912811e-2,"vx":1.0199453830718994,"vy":2.0425409078598022e-2,"x":0.24294260144233704,"y":-2.958913564682007},{"age":37,"angle":0.19131611287593842,"type":1,"va":-0.150909885764122,"vx":-0.4389016926288605,"vy":-1.134611964225769,"x":5.175872325897217,"y":-0.25576916337013245}],"widgets":{}}}