{"puzzle":{"reqTiles":["Up"],"inputs":[{"x":0.2,"y":0.0,"balls":[{"type":3,"rate":1.0}]},{"x":1.0,"y":0.2,"balls":[{"type":2,"rate":0.84375}]}],"outputs":[{"x":0.65,"y":1.0,"balls":[{"type":2,"rate":0.84375}]},{"x":1.0,"y":0.65,"balls":[{"type":3,"rate":1.0}]}],"spec":{}},"blueprint":{"puzzle":"bb0f38b2-1bc7-571b-a91f-ebecd3b93a53","title":"Woodframe","submittedAt":"2024-04-08T09:15:05.831972606Z","widgets":{"32":{"angle":0.774470463638587,"type":"board","x":242.875,"y":247.291},"64":{"angle":1.60074744410932,"type":"board","x":103.37475,"y":320.417},"33":{"angle":0.4942747460586136,"type":"board","x":382.5625,"y":350.4183435},"65":{"angle":1.6217407981380112,"type":"board","x":109.8435,"y":152.917},"66":{"angle":3.9335364400095862,"type":"board","x":581.406,"y":671.402333},"35":{"angle":1.572080648857002,"type":"board","x":443.8755,"y":652.4885286},"67":{"angle":0,"type":"board","x":602.96925,"y":615.833},"36":{"angle":1.5718197873545132,"type":"board","x":520.9375,"y":652.3231489},"68":{"angle":1.540124097124714,"type":"board","x":642.43775,"y":652.2651184},"69":{"angle":1.9692561384687028,"type":"board","x":549.34425,"y":555.625687},"70":{"angle":2.371944832566066,"type":"board","x":597.15575,"y":552.0833435},"39":{"angle":-2.3907987269779354,"type":"board","x":166.99975,"y":564.792687},"71":{"angle":1.5918388893082913,"type":"board","x":640.2815,"y":568.333374},"72":{"angle":0,"type":"board","x":652.5,"y":615.624626},"41":{"angle":-0.7522850901169225,"type":"board","x":383.406,"y":673.6393015},"73":{"angle":0.8448214890312248,"type":"board","x":675.1811355,"y":546.875313},"42":{"angle":0.7762419813641397,"type":"board","x":384.34375,"y":565.833687},"74":{"angle":0.1320425038192752,"type":"board","x":648.9065,"y":485.8336565},"43":{"angle":-0.8380194300685251,"type":"board","x":382.4685,"y":450.833687},"75":{"angle":0,"type":"board","x":195.25,"y":618.333313},"44":{"angle":2.3322641497790575,"type":"board","x":275.96875,"y":563.1243435},"76":{"angle":0,"type":"board","x":189.0625,"y":508.958313},"45":{"angle":0.804821592399874,"type":"board","x":274.281,"y":670.6989775},"77":{"angle":0,"type":"board","x":280.375,"y":617.2916565},"14":{"angle":1.2213860717806448,"type":"board","x":153.719,"y":104.5830435},"46":{"angle":0.8041315628987956,"type":"board","x":280.18725,"y":454.374687},"78":{"angle":0,"type":"board","x":283.09375,"y":506.458313},"47":{"angle":-0.8136584630840296,"type":"board","x":245.7815,"y":364.7916565},"79":{"angle":0,"type":"board","x":172.46875,"y":396.875},"48":{"angle":-0.8280571706371579,"type":"board","x":166.09425,"y":452.083},"80":{"angle":0,"type":"board","x":334.65625,"y":398.750313},"49":{"angle":1.5824030904477953,"type":"board","x":446.3125,"y":481.666687},"81":{"angle":0,"type":"board","x":366.81225,"y":399.375},"82":{"angle":0,"type":"board","x":182.31275,"y":275.8336565},"51":{"angle":1.561821207448959,"type":"board","x":329.6875,"y":652.422725},"83":{"angle":0.7884125353642139,"type":"board","x":160.469,"y":199.7913435},"52":{"angle":1.584348792237916,"type":"board","x":331.5625,"y":484.166687},"84":{"angle":1.7057171606038473,"type":"board","x":117.15475,"y":108.3326565},"53":{"angle":1.5820811309378726,"type":"board","x":334.37475,"y":410.417},"85":{"angle":-2.402212104185455,"type":"board","x":669.283005,"y":358.9586565},"22":{"angle":-0.8549821896315037,"type":"board","x":669.155113,"y":239.5836565},"54":{"angle":0,"type":"board","x":373.09375,"y":507.708313},"55":{"angle":0,"type":"board","x":364.469,"y":619.167},"57":{"angle":2.351446571302751,"type":"board","x":170.31275,"y":671.501422},"58":{"angle":0.7586157578998068,"type":"board","x":170.594,"y":339.375},"59":{"angle":1.5557926021265323,"type":"board","x":223.56225,"y":652.3748587},"60":{"angle":1.5460472800470837,"type":"board","x":221.2185,"y":484.166313},"61":{"angle":1.5779139520164251,"type":"board","x":221.78125,"y":318.333687},"62":{"angle":1.5506902380805763,"type":"board","x":105.71875,"y":652.3367327},"63":{"angle":1.5370297483279465,"type":"board","x":100.93725,"y":485.4163435}}},"snapshot":{"balls":[{"age":232,"angle":-2.7401156425476074,"type":2,"va":9.529135704040527,"vx":-2.3469045162200928,"vy":-3.877592086791992e-2,"x":9.75268840789795,"y":-14.181814193725586},{"age":8,"angle":-1.7583078145980835,"type":3,"va":-20.768367767333984,"vx":-0.27738380432128906,"vy":-0.14186227321624756,"x":14.573766708374023,"y":-9.594685554504395},{"age":159,"angle":1.112987995147705,"type":2,"va":-17.91046142578125,"vx":2.3434154987335205,"vy":-10.36928653717041,"x":9.696704864501953,"y":-12.617998123168945},{"age":180,"angle":1.3339225053787231,"type":3,"va":-18.39844512939453,"vx":0.14345306158065796,"vy":0.3039272427558899,"x":14.239255905151367,"y":-9.2068510055542},{"age":150,"angle":-2.9106481075286865,"type":3,"va":-65.6529541015625,"vx":7.534294605255127,"vy":-0.9726862907409668,"x":12.991413116455078,"y":-9.28766918182373},{"age":108,"angle":-6.820183247327805e-2,"type":2,"va":14.770857810974121,"vx":-2.528151750564575,"vy":-2.932957172393799,"x":13.426969528198242,"y":-4.225349426269531},{"age":41,"angle":-2.4147377014160156,"type":2,"va":1.97503662109375,"vx":-0.6442023515701294,"vy":-0.5957169532775879,"x":14.494305610656738,"y":-3.111778736114502},{"age":64,"angle":1.7234582901000977,"type":3,"va":-13.392064094543457,"vx":2.0627076625823975,"vy":-5.693889141082764,"x":3.5598177909851074,"y":-2.434757709503174},{"age":15,"angle":5.226103216409683e-2,"type":3,"va":0.10117632150650024,"vx":-1.963108405470848e-2,"vy":-0.9277487993240356,"x":2.9602925777435303,"y":-2.87085329182446e-3}],"widgets":{}}}