{"puzzle":{"reqTiles":["Up","Left"],"inputs":[{"x":0.8,"y":0.0,"balls":[{"type":4,"rate":0.5}]},{"x":0.0,"y":0.5,"balls":[{"type":1,"rate":0.625}]}],"outputs":[{"x":0.65,"y":1.0,"balls":[{"type":1,"rate":0.625}]},{"x":0.0,"y":0.65,"balls":[{"type":4,"rate":0.5}]}],"spec":{}},"blueprint":{"puzzle":"062040a1-a7f6-51db-9e83-5465771baaad","title":"A royal throne for a king bun","submittedAt":"2024-04-10T09:25:26.588493455Z","widgets":{"0":{"angle":-2.0293998926249364,"type":"fan","x":636,"y":389},"32":{"angle":0,"type":"cushion","x":370,"y":489},"64":{"angle":0,"type":"brick","x":105,"y":674},"96":{"angle":0,"sticker":"squobject","type":"sticker","x":614,"y":632},"1":{"angle":-1.981213394603692,"type":"fan","x":526,"y":420},"33":{"angle":0,"type":"cushion","x":424,"y":442},"65":{"angle":0,"type":"brick","x":34,"y":673},"97":{"angle":-0.12073670381419743,"sticker":"squobject","type":"sticker","x":178,"y":590},"2":{"angle":-1.295480788513071,"type":"board","x":353,"y":653.3486785},"34":{"angle":0,"type":"cushion","x":436,"y":488},"66":{"angle":0,"type":"brick","x":140,"y":700},"3":{"angle":0.7118851982565558,"type":"board","x":282,"y":627},"35":{"angle":0,"type":"cushion","x":434,"y":469},"67":{"angle":0,"type":"brick","x":71,"y":699},"4":{"angle":0,"type":"board","x":652.5,"y":662},"36":{"angle":-0.46559351200140114,"type":"cushion","x":594,"y":441},"68":{"angle":0,"type":"brick","x":104,"y":726.5},"5":{"angle":-4.3317166245723134e-2,"type":"board","x":456,"y":505},"37":{"angle":0,"type":"cushion","x":447,"y":441},"69":{"angle":2.953943747758798e-2,"type":"brick","x":34.3839509,"y":725.5016926},"6":{"angle":1.728036379645068,"type":"board","x":517,"y":652.1701505},"38":{"angle":0,"type":"cushion","x":256,"y":494},"70":{"angle":1.5257484427659167,"type":"brick","x":220,"y":695.81},"7":{"angle":1.220460835433577,"type":"board","x":417,"y":654.726008},"39":{"angle":-0.2221286258018065,"type":"cushion","x":255,"y":467},"71":{"angle":0,"type":"brick","x":204,"y":651},"8":{"angle":1.2991171077338006,"type":"board","x":558,"y":653.294175},"40":{"angle":0,"type":"cushion","x":304,"y":455},"72":{"angle":0,"type":"brick","x":167,"y":627},"9":{"angle":-0.4867696231983962,"type":"fan","x":48.3119,"y":596},"41":{"angle":-0.6108401885174516,"type":"cushion","x":195,"y":476},"73":{"angle":0,"type":"brick","x":227,"y":726.5},"10":{"angle":-0.2080578206657709,"type":"brick","x":36.055316,"y":508},"42":{"angle":-0.4270497016233354,"type":"cushion","x":212,"y":503},"74":{"angle":0,"type":"brick","x":97,"y":578},"11":{"angle":-0.5666498527104536,"type":"fan","x":66,"y":616},"43":{"angle":0,"type":"cushion","x":334,"y":441},"75":{"angle":1.4273249819656926,"type":"brick","x":50,"y":566},"12":{"angle":-0.9060179624686678,"type":"fan","x":94,"y":636},"44":{"angle":-0.5433820371279783,"type":"cushion","x":648,"y":401},"76":{"angle":-0.19130286774474153,"type":"brick","x":35.946581,"y":533},"13":{"angle":-1.7124056970696289,"type":"fan","x":389,"y":458},"45":{"angle":0,"type":"cushion","x":612,"y":404},"77":{"angle":1.5560841681251918,"type":"brick","x":26,"y":580},"14":{"angle":-1.8093109151157467,"type":"fan","x":441,"y":454},"46":{"angle":0,"type":"cushion","x":548,"y":428},"78":{"angle":0,"type":"brick","x":70,"y":601},"15":{"angle":-1.8751794557486707,"type":"fan","x":291,"y":461},"47":{"angle":-0.3206037589501726,"type":"cushion","x":627,"y":367},"16":{"angle":-1.7910211680251795,"type":"fan","x":199,"y":500},"48":{"angle":-0.43430705982588474,"type":"cushion","x":554,"y":397},"17":{"angle":0.5986411968075287,"type":"brick","x":35.694988,"y":419},"49":{"angle":0,"type":"cushion","x":510,"y":454},"18":{"angle":-0.22764846552150123,"type":"brick","x":72,"y":501},"50":{"angle":0,"type":"cushion","x":502,"y":485},"82":{"angle":0,"type":"cushion","x":376,"y":316},"19":{"angle":-1.1660967373169795,"type":"fan","x":131,"y":653},"51":{"angle":-0.39314878759550403,"type":"cushion","x":506,"y":420},"83":{"angle":0,"sticker":"kingbun","type":"sticker","x":377,"y":285},"20":{"angle":-1.8213478859219998,"type":"fan","x":334,"y":463},"52":{"angle":-1.2726897337903,"type":"board","x":705.6972415,"y":341},"84":{"angle":3.1210277520566634,"type":"cup","x":401,"y":349},"21":{"angle":-1.3024877664541596,"type":"fan","x":184,"y":668},"53":{"angle":0,"type":"board","x":652.5,"y":488},"85":{"angle":-3.1584746984561685,"type":"cup","x":353,"y":349},"22":{"angle":-1.597219572581209,"type":"brick","x":535,"y":537},"54":{"angle":-0.5253353287788729,"type":"board","x":608,"y":462},"86":{"angle":-3.18281321870312,"type":"anvil","x":422,"y":393},"23":{"angle":1.003489936010767,"type":"board","x":143,"y":588},"55":{"angle":1.478698720960389,"type":"board","x":722.990977,"y":404},"87":{"angle":-3.1622643428624113,"type":"anvil","x":406,"y":393},"24":{"angle":-0.98776990872561,"type":"board","x":194,"y":662.000023},"56":{"angle":1.1079560155923927,"type":"brick","x":700,"y":451},"88":{"angle":-0.38151688069076756,"sticker":"cat","type":"sticker","x":243,"y":440},"25":{"angle":1.0918962535930807,"type":"brick","x":99,"y":534},"57":{"angle":-0.9035896573547201,"type":"board","x":606,"y":557},"89":{"angle":-0.2870330614135378,"sticker":"cat","type":"sticker","x":274,"y":426},"26":{"angle":-3.1852917847292654,"type":"anvil","x":368,"y":395},"58":{"angle":-0.5036980476793941,"type":"cushion","x":553,"y":468},"90":{"angle":-0.19862156846411547,"sticker":"cat","type":"sticker","x":300,"y":407},"27":{"angle":-3.182911866948368,"type":"anvil","x":348,"y":396},"59":{"angle":0,"type":"brick","x":37,"y":626},"91":{"angle":-0.47688148116460083,"sticker":"cat","type":"sticker","x":179,"y":450},"28":{"angle":-3.1987348637930433,"type":"anvil","x":388,"y":393.553},"60":{"angle":0,"type":"brick","x":101,"y":625},"92":{"angle":0,"sticker":"cat","type":"sticker","x":216,"y":433},"29":{"angle":0,"type":"board","x":303,"y":511},"61":{"angle":0,"type":"brick","x":138,"y":650},"93":{"angle":0.5419415999488679,"sticker":"squobject","type":"sticker","x":296,"y":594},"30":{"angle":0,"type":"cushion","x":312,"y":486},"62":{"angle":0,"type":"brick","x":70,"y":650},"94":{"angle":0,"sticker":"squobject","type":"sticker","x":258,"y":691},"31":{"angle":0,"type":"cushion","x":370,"y":456},"63":{"angle":0,"type":"brick","x":172,"y":671},"95":{"angle":0,"sticker":"squobject","type":"sticker","x":378,"y":713.5}}},"snapshot":{"balls":[{"age":760,"angle":-0.9266908168792725,"type":4,"va":-2.2222554683685303,"vx":-8.226626366376877e-2,"vy":-0.3396886885166168,"x":0.471558541059494,"y":-9.76080322265625},{"age":586,"angle":-1.4097316265106201,"type":4,"va":3.3011701107025146,"vx":-0.37257230281829834,"vy":-2.1758458614349365,"x":1.2799394130706787,"y":-9.629923820495605},{"age":520,"angle":-1.247360348701477,"type":4,"va":2.082710027694702,"vx":-0.3666750490665436,"vy":-3.294503927230835,"x":1.778437614440918,"y":-7.116775035858154},{"age":429,"angle":-1.3148415088653564,"type":4,"va":-3.862260580062866,"vx":-1.0122666358947754,"vy":-1.002037525177002,"x":3.2787952423095703,"y":-5.641883850097656},{"age":261,"angle":-1.0802884101867676,"type":4,"va":2.79886531829834,"vx":-0.7642462849617004,"vy":-1.1827435493469238,"x":6.511221408843994,"y":-4.775372505187988},{"age":219,"angle":-0.3685443103313446,"type":1,"va":-10.574564933776855,"vx":1.8249993324279785,"vy":-1.3107681274414062,"x":8.321626663208008,"y":-11.975432395935059},{"age":165,"angle":-1.3967922925949097,"type":1,"va":-20.448856353759766,"vx":11.601883888244629,"vy":-2.212449550628662,"x":9.0948486328125,"y":-11.094423294067383},{"age":118,"angle":2.3737494945526123,"type":4,"va":-2.2811970710754395,"vx":-3.1664395332336426,"vy":1.6609671115875244,"x":10.899242401123047,"y":-4.467825412750244},{"age":77,"angle":-1.855679988861084,"type":1,"va":-14.866118431091309,"vx":1.957690715789795,"vy":-1.365139365196228,"x":0.976500391960144,"y":-8.040628433227539}],"widgets":{}}}