{"puzzle":{"reqTiles":["Up"],"inputs":[{"x":0.65,"y":0.0,"balls":[{"type":1,"rate":0.5177510579427084}]}],"outputs":[{"x":0.65,"y":1.0,"balls":[{"type":1,"rate":0.5177510579427084}]}],"spec":{}},"blueprint":{"puzzle":"47f2d90d-2852-5792-a491-68d4cec50433","title":"it could have been done with no items, but...","submittedAt":"2024-05-22T16:00:45.571089553Z","widgets":{"32":{"angle":-0.2012965282663499,"type":"board","x":178,"y":428},"1":{"height":63,"type":"repulsor","width":63,"x":481,"y":136.5},"33":{"angle":-0.4182980038404351,"type":"board","x":144,"y":453},"2":{"angle":-1.5760883000493084,"type":"sword","x":482.127,"y":99},"34":{"angle":-0.6545316807918569,"type":"board","x":118,"y":485},"3":{"angle":-1.579330337483311,"type":"rightbumper","x":389,"y":191},"35":{"angle":-0.9229278148353692,"type":"board","x":101,"y":525},"67":{"angle":-1.570121934133073,"type":"cushion","x":720.4723499,"y":197},"4":{"angle":-2.6298699093706275,"type":"board","x":300,"y":71},"36":{"angle":1.9395878402795788,"type":"board","x":98,"y":567},"68":{"angle":-0.1622592311894577,"type":"leftbumper","x":698.807,"y":239},"5":{"angle":-2.7899171551615476,"type":"board","x":257,"y":61},"37":{"angle":1.6232001424061524,"type":"board","x":111,"y":606},"6":{"angle":-2.958693931605797,"type":"board","x":216,"y":60},"38":{"angle":1.3543799585929435,"type":"board","x":131,"y":641},"70":{"angle":0.858582910557543,"type":"cup","x":681,"y":340},"7":{"angle":-3.166125322913111,"type":"board","x":173,"y":69},"71":{"angle":1.1673061683073938,"type":"cup","x":699,"y":368},"8":{"angle":2.875697488854006,"type":"board","x":137,"y":89},"40":{"angle":-2.4489314950364163,"type":"cup","x":137,"y":637},"72":{"angle":1.5294820908886426,"type":"cup","x":707,"y":400},"9":{"angle":2.6114898868025165,"type":"board","x":108,"y":119},"41":{"angle":-2.7666644668519735,"type":"cup","x":166,"y":654},"73":{"angle":1.876720904846023,"type":"cup","x":703,"y":433},"10":{"angle":-1.5693089074030209,"type":"rightbumper","x":389,"y":191},"42":{"angle":-2.1188954981735453,"type":"cup","x":115,"y":612},"74":{"angle":2.1901242895181623,"type":"cup","x":689,"y":462},"11":{"angle":2.3276361045409546,"type":"board","x":88,"y":157},"43":{"angle":-3.0936893012630975,"type":"cup","x":199,"y":661},"75":{"angle":0,"sticker":"figure2-happy","type":"sticker","x":645,"y":667.5},"12":{"angle":1.9817552800391618,"type":"board","x":83,"y":202},"44":{"angle":2.8681648145039507,"type":"cup","x":233,"y":657},"76":{"angle":-0.7145434283342766,"type":"sword","x":649,"y":561},"45":{"angle":0.4667096236233369,"type":"cushion","x":414,"y":557},"14":{"angle":1.6425797739636203,"type":"board","x":93,"y":248},"78":{"angle":3.136633148229935,"type":"fan","x":716.3143011,"y":702.383902},"15":{"angle":1.3638629407978922,"type":"board","x":112,"y":295},"47":{"angle":5.350447392122587,"type":"cup","x":368,"y":81},"79":{"angle":0,"type":"brick","x":706,"y":726.5},"16":{"angle":1.0627463157795296,"type":"board","x":145,"y":330},"48":{"angle":-0.6259533112486891,"type":"cup","x":392,"y":57},"49":{"angle":-0.28917737731846455,"type":"cup","x":422,"y":42},"81":{"angle":0,"type":"brick","x":706,"y":704},"18":{"angle":0.7741125431823873,"type":"board","x":185,"y":352},"50":{"angle":0,"catMass":2,"type":"catswat","x":221,"y":717},"82":{"angle":0,"type":"ballstand","x":703,"y":646},"19":{"angle":-1.5705474118987086,"type":"rightbumper","x":389,"y":191},"51":{"angle":-2.4806463021746694,"type":"cup","x":520,"y":164},"83":{"angle":1.995497943681611,"type":"cushion","x":417,"y":503},"20":{"angle":0.5164828738557099,"type":"board","x":231,"y":368},"52":{"angle":-2.781480633998007,"type":"cup","x":550,"y":181},"53":{"angle":3.1994533702541634,"type":"cup","x":583,"y":188},"55":{"angle":2.8622854640876256,"type":"cup","x":616,"y":184},"57":{"angle":-0.6049724654162874,"type":"cup","x":618,"y":188},"26":{"angle":0.5274148015816474,"type":"board","x":364,"y":404},"58":{"angle":-0.9030090670755163,"type":"cup","x":594,"y":211},"27":{"angle":0.7854166533498751,"type":"board","x":398,"y":448},"59":{"angle":-1.2209227979136759,"type":"cup","x":578,"y":240},"28":{"angle":1.0935573827854141,"type":"board","x":419,"y":504},"60":{"angle":-1.5353002606458637,"type":"cup","x":572,"y":273},"29":{"angle":0,"type":"leftbumper","x":400,"y":503},"61":{"angle":-1.8507906786859136,"type":"cup","x":576,"y":307},"30":{"angle":0,"type":"leftbumper","x":399,"y":504},"62":{"angle":-2.161498662103146,"type":"cup","x":591,"y":337},"31":{"angle":0,"type":"board","x":223,"y":412}}},"snapshot":{"balls":[{"age":861,"angle":-1.8606289625167847,"type":1,"va":2.5134012699127197,"vx":-0.4003395438194275,"vy":-2.3283064365386963e-10,"x":5.213238716125488,"y":-14.621344566345215},{"age":212,"angle":-2.9040327072143555,"type":1,"va":-18.998165130615234,"vx":2.6296961307525635,"vy":-4.176065444946289,"x":7.044414520263672,"y":-8.720335960388184},{"age":77,"angle":1.560713768005371,"type":1,"va":3.7153046131134033,"vx":-1.0422039031982422,"vy":-4.687738418579102,"x":9.104519844055176,"y":-1.6620525121688843}],"widgets":{"50":{"angle":0,"key":"50","va":0,"vx":0,"vy":0,"x":4.420000076293945,"y":-14.34000015258789}}}}