{"puzzle":{"reqTiles":["Up"],"inputs":[{"x":0.8,"y":0.0,"balls":[{"type":3,"rate":1.0}]}],"outputs":[{"x":0.2,"y":1.0,"balls":[{"type":3,"rate":1.0}]}],"spec":{}},"blueprint":{"puzzle":"2d1544fb-c7c4-5a70-8a80-4ff4b8645a42","title":"Safe from emails","submittedAt":"2024-04-06T23:25:12.326919413Z","widgets":{"0":{"angle":0,"speed":25,"type":"spokedwheel","x":570,"y":225},"32":{"angle":2.980500983972882,"type":"brick","x":631,"y":535},"33":{"angle":3.1093176903389685,"type":"brick","x":539,"y":545},"34":{"angle":-1.791788435905732,"type":"fan","x":587,"y":552},"3":{"height":499,"type":"repulsor","width":499,"x":490.5,"y":487.5},"35":{"angle":0,"sticker":"figure2-happy","type":"sticker","x":676,"y":666},"4":{"height":10,"type":"attractor","width":150,"x":82,"y":491},"36":{"angle":-0.7735887040001501,"sticker":"figure3-happy","type":"sticker","x":291,"y":82.9564},"37":{"angle":-0.7114221355567193,"type":"brick","x":494,"y":32.424367},"6":{"angle":0,"type":"leftbumper","x":282,"y":692.5},"38":{"angle":-0.6353506181014922,"type":"brick","x":443,"y":76},"7":{"angle":0,"type":"rightbumper","x":29,"y":692.5},"10":{"angle":-2.342154576050446,"type":"fan","x":410,"y":585},"11":{"angle":2.383657570121339,"type":"brick","x":338,"y":620},"16":{"angle":0,"type":"prism","x":285,"y":376},"17":{"angle":6.221180632996508,"sticker":"figure1-happy","type":"sticker","x":431,"y":670.7121156},"18":{"type":"roundbumper","x":629,"y":396},"19":{"type":"roundbumper","x":711,"y":457},"20":{"angle":-0.4087166500717834,"type":"brick","x":382,"y":109.133},"21":{"angle":-0.11192340681742266,"type":"brick","x":317,"y":127},"22":{"angle":0.3702279775057603,"type":"brick","x":250,"y":117},"23":{"angle":0.6429713077802227,"type":"brick","x":192,"y":83},"24":{"angle":0.8699545618574123,"type":"brick","x":145,"y":34.6918235},"25":{"angle":4.390943871003673,"type":"brick","x":71.6287,"y":184},"26":{"angle":5.074815607035761,"type":"brick","x":69,"y":251},"27":{"angle":-0.7559366233966778,"type":"brick","x":34.0000001,"y":308},"28":{"angle":-2.3957492779411944,"type":"brick","x":35.1345,"y":127},"29":{"angle":3.0509197032038498,"type":"brick","x":470,"y":550.437},"31":{"angle":2.9173455129028105,"type":"brick","x":700.849,"y":520}}},"snapshot":{"balls":[{"age":1621,"angle":-1.1607751846313477,"type":3,"va":-4.3995256423950195,"vx":0.6968235373497009,"vy":-1.970217563211918e-3,"x":1.9666095972061157,"y":-14.62143325805664},{"age":1415,"angle":-2.6772634983062744,"type":3,"va":-48.116905212402344,"vx":-2.884646415710449,"vy":-6.537509918212891,"x":8.301484107971191,"y":-6.0817389488220215},{"age":1246,"angle":-3.0627880096435547,"type":3,"va":4.631866931915283,"vx":-0.6768327951431274,"vy":0.6230960488319397,"x":1.5876790285110474,"y":-14.623848915100098},{"age":832,"angle":-1.590964913368225,"type":3,"va":-21.005342483520508,"vx":-1.048649787902832,"vy":0.5107783675193787,"x":14.377225875854492,"y":-1.9639356136322021},{"age":785,"angle":-0.8836877346038818,"type":3,"va":-6.117371082305908,"vx":4.3161045759916306e-2,"vy":-1.7680541276931763,"x":3.939286231994629,"y":-14.621274948120117},{"age":577,"angle":-2.3881139755249023,"type":3,"va":-10.410082817077637,"vx":5.6394584476947784e-2,"vy":-1.500342607498169,"x":14.619976043701172,"y":-5.503453731536865},{"age":415,"angle":0.2340754270553589,"type":3,"va":1.9097281694412231,"vx":-0.8219202756881714,"vy":-0.3779999613761902,"x":3.2332613468170166,"y":-14.407115936279297},{"age":235,"angle":1.3397033214569092,"type":3,"va":73.10005187988281,"vx":9.816906929016113,"vy":1.4065895080566406,"x":7.142740726470947,"y":-4.334096908569336},{"age":166,"angle":-0.9872668981552124,"type":3,"va":-30.463977813720703,"vx":-7.4769158363342285,"vy":-5.291249752044678,"x":5.228890419006348,"y":-7.270637035369873},{"age":95,"angle":-1.4779980182647705,"type":3,"va":24.875600814819336,"vx":-5.282277584075928,"vy":-2.875112771987915,"x":8.804544448852539,"y":-4.792061805725098},{"age":18,"angle":0.11339937150478363,"type":3,"va":0.657128095626831,"vx":-4.216134175658226e-2,"vy":-0.7868128418922424,"x":11.866008758544922,"y":-3.6932408809661865e-2}],"widgets":{"0":{"angle":2.57014536857605,"key":"0","va":4.572983264923096,"vx":0,"vy":0,"x":11.399999618530273,"y":-4.5}}}}