{"puzzle":{"reqTiles":["Up"],"inputs":[{"x":0.2,"y":0.0,"balls":[{"type":4,"rate":1.0}]}],"outputs":[{"x":0.8,"y":1.0,"balls":[{"type":4,"rate":1.0}]}],"spec":{}},"blueprint":{"puzzle":"4d0269cd-9675-58b7-b382-cdb0a1cec86e","title":"The fun we could have had","submittedAt":"2024-04-06T19:24:51.629382604Z","widgets":{"0":{"angle":0.9713680867283944,"type":"board","x":142,"y":160},"1":{"angle":8.327238907009678e-3,"type":"board","x":394,"y":346},"2":{"angle":1.321912969108302,"type":"board","x":503,"y":440},"3":{"angle":0.7358313830309885,"type":"board","x":249,"y":287},"4":{"angle":-1.8168177752866015,"sticker":"determinism","type":"sticker","x":441,"y":454},"5":{"angle":0,"speed":25,"type":"spokedwheel","x":162,"y":416},"6":{"angle":0,"speed":25,"type":"spokedwheel","x":274,"y":527},"8":{"angle":0,"type":"prism","x":384,"y":43},"9":{"height":10,"type":"attractor","width":150,"x":75,"y":257},"10":{"angle":1.5150019939845498,"type":"brick","x":529,"y":705.0819826},"11":{"angle":-1.6017430024903911,"type":"brick","x":650,"y":704.770021},"12":{"angle":1.4466531467849213,"type":"fan","x":611,"y":185},"13":{"angle":-1.5547513410162317,"type":"fan","x":422,"y":172},"14":{"angle":0,"type":"fan","x":433,"y":108},"16":{"angle":0,"type":"rightbumper","x":507,"y":625},"17":{"angle":0,"type":"leftbumper","x":583,"y":468},"18":{"angle":0,"type":"anvil","x":600,"y":539},"19":{"angle":0,"type":"cushion","x":620,"y":654},"20":{"type":"roundbumper","x":366,"y":275},"21":{"angle":0,"type":"brick","x":401,"y":712},"22":{"angle":0,"type":"brick","x":307,"y":711},"23":{"angle":0,"type":"leftbumper","x":307,"y":650},"24":{"angle":0,"type":"rightbumper","x":401,"y":651},"26":{"angle":6.3097403477695,"sticker":"squobject","type":"sticker","x":618,"y":610},"27":{"angle":1.5348019381968456,"type":"sword","x":536,"y":372},"28":{"angle":5.633370153051299,"type":"board","x":75.1124225,"y":557},"29":{"angle":0,"speed":25,"type":"spokedwheel","x":168,"y":650},"30":{"angle":0,"speed":25,"type":"spokedwheel","x":542,"y":99},"31":{"angle":0,"speed":25,"type":"spokedwheel","x":284,"y":141}}},"snapshot":{"balls":[{"age":1464,"angle":2.3842530250549316,"type":4,"va":2.92219614982605,"vx":0.34151706099510193,"vy":-0.35713991522789,"x":11.448412895202637,"y":-14.248682975769043},{"age":1389,"angle":0.16443583369255066,"type":4,"va":-12.159260749816895,"vx":0.21435368061065674,"vy":-4.703582763671875,"x":11.233555793762207,"y":-13.967123031616211},{"age":1304,"angle":-0.513232409954071,"type":4,"va":-9.462756156921387,"vx":0.7021111845970154,"vy":-3.7494068145751953,"x":10.514430046081543,"y":-9.189953804016113},{"age":1228,"angle":-2.0986809730529785,"type":4,"va":-3.8238565921783447,"vx":0.4867061674594879,"vy":-0.3412981629371643,"x":9.730612754821777,"y":-6.630171775817871},{"age":1164,"angle":-0.12685973942279816,"type":4,"va":-1.0285571813583374,"vx":0.1603592187166214,"vy":-1.3350576627999544e-3,"x":9.372492790222168,"y":-6.593729019165039},{"age":1118,"angle":-1.341761827468872,"type":4,"va":-1.0337142944335938,"vx":0.16168028116226196,"vy":-1.3470097910612822e-3,"x":9.05295467376709,"y":-6.591065406799316},{"age":1079,"angle":-1.9939557313919067,"type":4,"va":-1.0483614206314087,"vx":0.16289299726486206,"vy":-1.3571932213380933e-3,"x":8.733297348022461,"y":-6.5884246826171875},{"age":1031,"angle":1.9172784090042114,"type":4,"va":-1.0555062294006348,"vx":0.1660321205854416,"vy":-1.3823820045217872e-3,"x":8.414395332336426,"y":-6.58577299118042},{"age":986,"angle":-2.9447765350341797,"type":4,"va":-1.078196406364441,"vx":0.16603218019008636,"vy":-1.382773625664413e-3,"x":8.095111846923828,"y":-6.583215236663818},{"age":942,"angle":-1.2904331684112549,"type":4,"va":-0.6392655968666077,"vx":0.1699872463941574,"vy":-1.4153888914734125e-3,"x":7.776827812194824,"y":-6.580414772033691},{"age":888,"angle":-1.4128233194351196,"type":4,"va":1.0757012367248535,"vx":0.17026163637638092,"vy":-1.4175890246406198e-3,"x":7.458427906036377,"y":-6.577857494354248},{"age":844,"angle":0.1630644053220749,"type":4,"va":-0.6209316849708557,"vx":0.16638527810573578,"vy":-1.3853163691237569e-3,"x":7.1412577629089355,"y":-6.574965476989746},{"age":813,"angle":2.980898141860962,"type":4,"va":1.232512354850769,"vx":0.1681547462940216,"vy":-1.4007271965965629e-3,"x":6.8231635093688965,"y":-6.57309627532959},{"age":748,"angle":-1.554453730583191,"type":4,"va":-1.0208818912506104,"vx":0.16718414425849915,"vy":-1.3923094375059009e-3,"x":6.507297515869141,"y":-6.5702996253967285},{"age":695,"angle":-1.4088845252990723,"type":4,"va":1.5215080976486206,"vx":0.1542394906282425,"vy":-2.5324832648038864e-2,"x":6.2579545974731445,"y":-6.378063678741455},{"age":629,"angle":-0.4762984812259674,"type":4,"va":-0.9911265969276428,"vx":0.11353659629821777,"vy":-0.10280442982912064,"x":5.996721267700195,"y":-6.20430850982666},{"age":576,"angle":-0.7346162796020508,"type":4,"va":1.0649698972702026,"vx":0.11176356673240662,"vy":-0.1011989563703537,"x":5.763585090637207,"y":-5.991183757781982},{"age":534,"angle":-2.9247758388519287,"type":4,"va":-0.9535433053970337,"vx":0.11400219798088074,"vy":-0.10322589427232742,"x":5.52834415435791,"y":-5.779781818389893},{"age":471,"angle":-0.3597724437713623,"type":4,"va":1.1160439252853394,"vx":0.11426246911287308,"vy":-0.1034616082906723,"x":5.2939581871032715,"y":-5.56591796875},{"age":407,"angle":1.3096767663955688,"type":4,"va":-0.9652901291847229,"vx":0.11626524478197098,"vy":-0.10527513176202774,"x":5.0582661628723145,"y":-5.354152679443359},{"age":354,"angle":0.8004692196846008,"type":4,"va":1.154708743095398,"vx":0.11586284637451172,"vy":-0.10491059720516205,"x":4.8242106437683105,"y":-5.140604019165039},{"age":265,"angle":2.2786741256713867,"type":4,"va":-0.9886431694030762,"vx":0.11495520174503326,"vy":-0.10812801122665405,"x":4.587733745574951,"y":-4.9280290603637695},{"age":234,"angle":-2.2857260704040527,"type":4,"va":1.143389105796814,"vx":0.11572645604610443,"vy":-0.11133505403995514,"x":4.351624011993408,"y":-4.7140889167785645},{"age":175,"angle":-3.065980911254883,"type":4,"va":-0.6213628053665161,"vx":2.559053525328636e-2,"vy":-0.18017232418060303,"x":4.125648021697998,"y":-4.489948272705078},{"age":117,"angle":-1.9656341075897217,"type":4,"va":-19.4432315826416,"vx":1.546136498451233,"vy":-2.7033603191375732,"x":3.912929058074951,"y":-4.162908554077148},{"age":65,"angle":1.3200480937957764,"type":4,"va":3.1772937774658203,"vx":-5.643843673169613e-3,"vy":-3.810471296310425,"x":2.968837261199951,"y":-1.8844538927078247}],"widgets":{"29":{"angle":1.6660245656967163,"key":"29","va":6.662801265716553,"vx":0,"vy":0,"x":3.359999895095825,"y":-13},"30":{"angle":1.6660245656967163,"key":"30","va":6.662801265716553,"vx":0,"vy":0,"x":10.84000015258789,"y":-1.9800000190734863},"31":{"angle":1.6660245656967163,"key":"31","va":6.662801265716553,"vx":0,"vy":0,"x":5.679999828338623,"y":-2.819999933242798},"5":{"angle":1.6660245656967163,"key":"5","va":6.662801265716553,"vx":0,"vy":0,"x":3.240000009536743,"y":-8.319999694824219},"6":{"angle":1.6660245656967163,"key":"6","va":6.662801265716553,"vx":0,"vy":0,"x":5.480000019073486,"y":-10.539999961853027}}}}