{"puzzle":{"reqTiles":["Up"],"inputs":[{"x":0.35,"y":0.0,"balls":[{"type":3,"rate":1.0}]}],"outputs":[{"x":0.35,"y":1.0,"balls":[{"type":3,"rate":1.0}]}],"spec":{}},"blueprint":{"puzzle":"ba8375b9-aba9-5bf1-a145-da21e58625ba","title":"I Don't Think This Is OSHA Compliant","submittedAt":"2024-04-06T18:36:38.220656487Z","widgets":{"0":{"angle":1.9964912086217745,"type":"sword","x":316,"y":662},"32":{"angle":0.7478436730236652,"type":"sword","x":541,"y":72},"1":{"angle":1.0246551392580332,"type":"sword","x":189,"y":669.626903},"33":{"angle":0.21240345099713118,"type":"sword","x":435,"y":129},"2":{"angle":2.6525799588655414,"type":"sword","x":369,"y":588},"34":{"angle":0.3745905365025393,"type":"sword","x":279,"y":43.9431465},"3":{"angle":3.404061871068466,"type":"sword","x":461,"y":568},"35":{"angle":0.34368286924990493,"type":"sword","x":343,"y":86},"4":{"angle":4.092397416787463,"type":"sword","x":543,"y":615},"36":{"angle":1.2986395511450342,"type":"sword","x":345,"y":332},"6":{"angle":0.47897400426178444,"type":"leftbumper","x":595,"y":607},"38":{"angle":2.0281035712145323,"type":"sword","x":208,"y":585},"7":{"angle":1.6182374660010626,"type":"sword","x":642,"y":515},"39":{"height":10,"type":"repulsor","width":150,"x":473,"y":630},"8":{"angle":1.2535004253604765,"type":"sword","x":561,"y":422},"9":{"angle":2.603066675881729,"type":"sword","x":528,"y":449},"41":{"angle":0,"sticker":"figure2-sad","type":"sticker","x":419,"y":670.5},"10":{"angle":1.690137408156101,"type":"sword","x":635,"y":415},"42":{"angle":0,"sticker":"knievel","type":"sticker","x":62,"y":669.5},"11":{"angle":1.7364948381724572,"type":"sword","x":630,"y":313},"12":{"angle":-0.6057147407705153,"type":"sword","x":516,"y":396},"14":{"angle":2.9000947962368278,"type":"sword","x":439,"y":474},"15":{"angle":2.3553995505061898,"type":"sword","x":348,"y":512},"16":{"angle":-0.42510206027396585,"type":"sword","x":484,"y":308},"17":{"angle":0,"type":"sword","x":570,"y":275},"20":{"angle":0.40122385848367564,"type":"sword","x":349,"y":358},"22":{"angle":-0.8510411784191135,"type":"rightbumper","x":443,"y":402},"23":{"angle":-3.119695882189732,"type":"fan","x":658,"y":535},"24":{"angle":-4.974914586608391,"type":"cushion","x":563,"y":387},"25":{"angle":-2.4776515203220733,"type":"cushion","x":631,"y":276},"27":{"angle":1.9434759844620195,"type":"sword","x":378,"y":260},"28":{"angle":2.3011120206227447,"type":"sword","x":430,"y":194},"29":{"angle":2.4756940828575167,"type":"sword","x":467,"y":297},"30":{"angle":2.618894695226843,"type":"sword","x":538,"y":231},"31":{"angle":1.8786034996068155,"type":"sword","x":582,"y":149}}},"snapshot":{"balls":[{"age":856,"angle":-1.8765095472335815,"type":3,"va":0.9205712676048279,"vx":-0.36682525277137756,"vy":0.15966518223285675,"x":9.4137544631958,"y":-10.977041244506836},{"age":776,"angle":2.7155778408050537,"type":3,"va":-33.3396110534668,"vx":-3.3858983516693115,"vy":-6.803940296173096,"x":6.9017205238342285,"y":-11.664375305175781},{"age":692,"angle":2.306312322616577,"type":3,"va":7.168332099914551,"vx":-2.0016205310821533,"vy":-6.754733562469482,"x":11.74687671661377,"y":-10.284977912902832},{"age":634,"angle":1.3986048698425293,"type":3,"va":4.794958114624023,"vx":-2.345410108566284,"vy":-3.0521240234375,"x":9.968544006347656,"y":-7.160233497619629},{"age":580,"angle":2.281156301498413,"type":3,"va":5.966508388519287,"vx":-1.0694433450698853,"vy":-1.0901154279708862,"x":8.6430082321167,"y":-10.563384056091309},{"age":526,"angle":0.3036936819553375,"type":3,"va":5.7477946281433105,"vx":-7.975693702697754,"vy":-8.387951850891113,"x":5.0238142013549805,"y":-12.871439933776855},{"age":442,"angle":-2.3978030681610107,"type":3,"va":-9.041545867919922,"vx":-1.9003429412841797,"vy":-3.5543673038482666,"x":10.30254077911377,"y":-7.058630466461182},{"age":373,"angle":-1.3446383476257324,"type":3,"va":-12.020112037658691,"vx":-2.6184983253479004,"vy":-0.18172286450862885,"x":8.039926528930664,"y":-6.887914657592773},{"age":325,"angle":-2.0147953033447266,"type":3,"va":21.308685302734375,"vx":2.501626491546631,"vy":-2.5471560955047607,"x":9.231377601623535,"y":-7.08191442489624},{"age":253,"angle":3.025378704071045,"type":3,"va":19.896230697631836,"vx":-3.4708008766174316,"vy":-1.9302607774734497,"x":9.299521446228027,"y":-5.033692836761475},{"age":192,"angle":-0.16314837336540222,"type":3,"va":4.420961856842041,"vx":-2.5441274642944336,"vy":-1.0479536056518555,"x":10.871556282043457,"y":-3.6371893882751465},{"age":104,"angle":1.464110016822815,"type":3,"va":-13.549686431884766,"vx":2.0038819313049316,"vy":-0.8165370225906372,"x":6.338918685913086,"y":-0.899659276008606},{"age":69,"angle":-0.3725041151046753,"type":3,"va":1.4339301586151123,"vx":1.247307300567627,"vy":-0.6936837434768677,"x":5.327601909637451,"y":-0.49723199009895325},{"age":38,"angle":0.15380752086639404,"type":3,"va":0.5557721853256226,"vx":5.888998508453369e-2,"vy":-5.490386486053467e-2,"x":5.240560054779053,"y":-0.2053593546152115}],"widgets":{}}}