{"puzzle":{"reqTiles":["Up"],"inputs":[{"x":0.65,"y":0.0,"balls":[{"type":1,"rate":1.0}]}],"outputs":[{"x":0.5,"y":1.0,"balls":[{"type":1,"rate":1.0}]}],"spec":{}},"blueprint":{"puzzle":"111b6969-8e99-53c9-96f6-09ca7a1471ec","title":"Up N Around launcher","submittedAt":"2024-04-07T23:53:42.687665246Z","widgets":{"0":{"angle":1.1789268024182402,"type":"board","x":494,"y":89},"2":{"angle":1.1983356099712883,"type":"board","x":534,"y":84.7757435},"3":{"angle":1.1760052070951366,"type":"board","x":558,"y":241},"4":{"angle":1.158879173835225,"type":"board","x":593,"y":226},"36":{"angle":-1.2175470728075752,"type":"board","x":374,"y":132},"5":{"angle":1.3038202284097973,"type":"board","x":645,"y":377},"6":{"angle":1.3037280345600812,"type":"board","x":609,"y":389},"38":{"angle":1.0688651545278127,"type":"brick","x":112,"y":131},"7":{"angle":1.2060401019395848,"type":"board","x":361,"y":550},"39":{"angle":2.100087939475256,"type":"fan","x":290,"y":230},"8":{"angle":-1.454474246235079,"type":"brick","x":672,"y":493},"9":{"angle":1.6191638202143364,"type":"brick","x":623,"y":494},"10":{"angle":-0.9935244984430085,"type":"brick","x":650,"y":560},"42":{"angle":0,"type":"prism","x":182,"y":349},"11":{"angle":-0.8221163469134042,"type":"brick","x":600,"y":543},"43":{"angle":-2.9507156428037953,"type":"fan","x":628,"y":626},"12":{"angle":-0.635988046259585,"type":"brick","x":602,"y":613},"44":{"angle":0.8878914508595579,"type":"cushion","x":40.9999975,"y":245},"13":{"angle":-0.5991062081175045,"type":"brick","x":556,"y":579},"45":{"angle":-0.9066564301916408,"type":"board","x":103.5,"y":476},"14":{"angle":-0.18850838988960375,"type":"brick","x":537,"y":641},"46":{"angle":0.9754109653259155,"type":"board","x":245,"y":478},"15":{"angle":0.15221017817921775,"type":"brick","x":470,"y":643},"47":{"angle":0,"type":"ballstand","x":181,"y":529},"16":{"angle":-3.737717505666395e-2,"type":"brick","x":505,"y":593},"48":{"angle":0.30153291794961523,"type":"board","x":87.5,"y":669},"17":{"angle":0.45693074477353807,"type":"brick","x":409,"y":627},"49":{"angle":0.17611605735599975,"type":"board","x":251,"y":715.8085995},"18":{"angle":0.31277212001644583,"type":"brick","x":446,"y":584},"50":{"angle":1.6024671018059005,"type":"brick","x":425,"y":705.5895497},"19":{"angle":-1.2187431458163596,"type":"brick","x":371,"y":548},"51":{"angle":0.996992135142868,"type":"brick","x":464,"y":36.269718},"20":{"angle":-1.382545232564847,"type":"fan","x":369,"y":635},"53":{"angle":-0.18604505688869727,"type":"hammer","x":354,"y":308},"23":{"angle":-1.3683892507609112,"type":"rightbumper","x":540,"y":549},"24":{"angle":-0.8905247588445033,"type":"board","x":400,"y":503},"25":{"angle":-5.843992399433826e-2,"type":"board","x":315,"y":49},"26":{"angle":-5.346774311588609e-2,"type":"board","x":156,"y":57},"27":{"angle":0.23510777944012984,"type":"board","x":369,"y":419},"28":{"height":138,"type":"attractor","width":138,"x":109,"y":134},"31":{"angle":1.5141030789874153,"type":"board","x":294,"y":407}}},"snapshot":{"balls":[{"age":1740,"angle":-1.1528574228286743,"type":1,"va":-1.5960806608200073,"vx":5.764882266521454e-2,"vy":3.818754851818085e-2,"x":9.791640281677246,"y":-11.459795951843262},{"age":1442,"angle":2.828237771987915,"type":1,"va":-2.8235065937042236,"vx":-0.3291901648044586,"vy":0.5671939253807068,"x":6.9082560539245605,"y":-11.667755126953125},{"age":1287,"angle":-1.5496861934661865,"type":1,"va":-3.6952304653823376e-3,"vx":-2.9908588621765375e-3,"vy":-5.358960945159197e-3,"x":3.6201071739196777,"y":-9.53547191619873},{"age":728,"angle":-2.292257308959961,"type":1,"va":4.966808319091797,"vx":-7.066014409065247e-2,"vy":3.0286362171173096,"x":8.313549995422363,"y":-10.172886848449707},{"age":623,"angle":-0.452831894159317,"type":1,"va":-0.13362523913383484,"vx":0.3404112458229065,"vy":-1.139332890510559,"x":5.837813377380371,"y":-14.001522064208984},{"age":580,"angle":0.26533225178718567,"type":1,"va":22.13289451599121,"vx":-3.3913002014160156,"vy":-1.5530402660369873,"x":2.1148550510406494,"y":-8.154437065124512},{"age":549,"angle":-1.4801045656204224,"type":1,"va":29.685810089111328,"vx":-4.208531379699707,"vy":-0.2260720133781433,"x":4.320093154907227,"y":-0.66515052318573},{"age":494,"angle":-1.4586933851242065,"type":1,"va":25.388771057128906,"vx":0.5056899189949036,"vy":-9.56637954711914,"x":8.777830123901367,"y":-5.153927803039551},{"age":408,"angle":-2.737654685974121,"type":1,"va":-4.127652645111084,"vx":-3.329317808151245,"vy":-0.19478674232959747,"x":4.9051432609558105,"y":-0.7224897742271423},{"age":350,"angle":5.805679038167e-2,"type":1,"va":-40.58456039428711,"vx":-8.531777381896973,"vy":-1.3719466924667358,"x":5.652583599090576,"y":-0.631748378276825},{"age":309,"angle":1.8747859001159668,"type":1,"va":45.68010330200195,"vx":4.619697093963623,"vy":4.780256271362305,"x":9.25435733795166,"y":-9.093902587890625},{"age":238,"angle":2.5118765830993652,"type":1,"va":-9.146773338317871,"vx":-6.8244452476501465,"vy":-3.2873644828796387,"x":10.937173843383789,"y":-12.283214569091797},{"age":166,"angle":2.928711414337158,"type":1,"va":4.37687349319458,"vx":-1.2423436641693115,"vy":1.5827726125717163,"x":12.120304107666016,"y":-11.53507137298584},{"age":79,"angle":-2.495770215988159,"type":1,"va":-23.24828338623047,"vx":3.2560408115386963,"vy":-7.87985372543335,"x":11.533385276794434,"y":-4.836760520935059},{"age":20,"angle":0.7807675004005432,"type":1,"va":-2.599400758743286,"vx":7.290447503328323e-2,"vy":-0.9083732962608337,"x":9.59121036529541,"y":-1.274174451828003e-2}],"widgets":{}}}