{"puzzle":{"reqTiles":["Up"],"inputs":[{"x":0.35,"y":0.0,"balls":[{"type":3,"rate":1.0}]},{"x":1.0,"y":0.65,"balls":[{"type":2,"rate":0.5559895833333334}]}],"outputs":[{"x":0.8,"y":1.0,"balls":[{"type":2,"rate":0.5559895833333334}]},{"x":1.0,"y":0.35,"balls":[{"type":3,"rate":1.0}]}],"spec":{}},"blueprint":{"puzzle":"85ffdf15-3b17-5eb6-aae0-571c3c534de3","title":"Trust me, I know what I'm doing!","submittedAt":"2024-04-12T01:37:58.57446824Z","widgets":{"0":{"angle":1.5993234455090053,"type":"leftbumper","x":268,"y":497},"32":{"angle":0,"type":"leftbumper","x":388,"y":692.5},"1":{"angle":-1.5598968925193495,"type":"rightbumper","x":692.1976249,"y":568},"33":{"angle":-4.355915573421439e-4,"type":"board","x":532,"y":553},"2":{"angle":0.26772152743244226,"type":"cushion","x":692,"y":281},"34":{"angle":0.16695690757062998,"type":"board","x":363,"y":537},"3":{"angle":1.568001707499001,"type":"cushion","x":720.3854986,"y":181},"35":{"angle":-1.035858499247115,"type":"fan","x":338,"y":700.6659},"4":{"angle":1.5432385780497078,"type":"cushion","x":719.3776837,"y":100},"36":{"angle":-1.027611068254668,"type":"fan","x":201,"y":700.499988},"5":{"angle":0.8213163920559841,"type":"cushion","x":659,"y":272},"37":{"angle":0.4596254564223249,"type":"board","x":483,"y":686.808567},"6":{"angle":-1.3920124261354316,"type":"leftbumper","x":378,"y":36.0007755},"38":{"angle":-2.680963112893423,"type":"board","x":371,"y":693.043243},"7":{"angle":1.58914778482721,"type":"rightbumper","x":137.682,"y":103},"39":{"angle":-0.657243850343379,"type":"brick","x":523,"y":641},"8":{"angle":0,"type":"rightbumper","x":29,"y":518},"40":{"angle":1.5697836494815984,"type":"brick","x":568,"y":642},"9":{"angle":-1.4385394809710186,"type":"leftbumper","x":445,"y":84},"41":{"angle":1.5838322834409082,"type":"brick","x":622,"y":705.8269094},"10":{"angle":1.565867016805937,"type":"rightbumper","x":47.6374501,"y":144},"42":{"angle":1.5854748745751177,"type":"brick","x":568,"y":705.805519},"11":{"angle":0,"type":"rightbumper","x":73,"y":608.5},"43":{"angle":0.1116845495392121,"type":"brick","x":704.7072045,"y":700},"12":{"angle":1.6142305665140857,"type":"rightbumper","x":198,"y":76.5},"44":{"angle":0.5386303804581415,"type":"brick","x":360,"y":561},"13":{"angle":-1.3243986246179336,"type":"leftbumper","x":518,"y":138},"45":{"angle":0.5889043446016786,"type":"brick","x":286,"y":552},"14":{"angle":-1.9300907675612884,"type":"fan","x":373,"y":525},"46":{"angle":0.5534864989273378,"type":"brick","x":431,"y":574},"15":{"angle":-1.9594037672066593,"type":"fan","x":443,"y":521},"47":{"angle":0.5616157980795491,"type":"brick","x":495,"y":572},"16":{"angle":-1.9079746589356057,"type":"fan","x":509,"y":512},"48":{"angle":0.4588900370537912,"type":"brick","x":577,"y":623},"17":{"angle":-9.717871846034737e-2,"type":"board","x":406,"y":496},"49":{"angle":0.38056269712842233,"type":"cushion","x":680,"y":74},"18":{"angle":-1.9367970109723525,"type":"fan","x":692.574,"y":302},"50":{"angle":2.1542243391502613,"type":"cushion","x":575,"y":126},"19":{"angle":-0.1248616114632734,"type":"board","x":519,"y":486},"51":{"angle":-0.5582496377707074,"type":"cushion","x":628,"y":75},"20":{"angle":-1.3481220511649081,"type":"fan","x":136,"y":690.822},"22":{"angle":0.15818774064641308,"type":"board","x":179,"y":672},"23":{"angle":0,"type":"leftbumper","x":276,"y":692.5},"24":{"angle":-3.856340471098114,"type":"fan","x":695.277,"y":603.967},"25":{"angle":-1.2218161548713682,"type":"fan","x":480,"y":705.093783},"26":{"angle":1.5712130700341542,"type":"brick","x":222,"y":34.005626},"27":{"angle":7.147787370576766e-2,"type":"brick","x":646.538,"y":690.094},"28":{"angle":1.1477661847374716,"type":"board","x":618,"y":523},"29":{"angle":-0.9013604581164751,"type":"fan","x":299,"y":698.301558},"30":{"angle":-0.9785608933963811,"type":"fan","x":422,"y":699.56903},"31":{"angle":0,"type":"leftbumper","x":480,"y":692.5}}},"snapshot":{"balls":[{"age":1769,"angle":0.6193356513977051,"type":2,"va":31.697147369384766,"vx":-10.708842277526855,"vy":-2.0513336658477783,"x":8.467101097106934,"y":-7.086917400360107},{"age":1779,"angle":2.5862157344818115,"type":3,"va":-7.4663190841674805,"vx":1.126212477684021,"vy":-0.26945582032203674,"x":14.047693252563477,"y":-5.131293773651123},{"age":1691,"angle":-1.916967511177063,"type":3,"va":23.561050415039062,"vx":2.4150402545928955,"vy":-2.5339877605438232,"x":9.53512191772461,"y":-13.133249282836914},{"age":1657,"angle":3.0639426708221436,"type":3,"va":-22.249420166015625,"vx":2.4781951904296875,"vy":0.13834500312805176,"x":10.3773832321167,"y":-9.035365104675293},{"age":1620,"angle":2.0017592906951904,"type":3,"va":-26.91860008239746,"vx":-3.4880683422088623,"vy":6.606510162353516,"x":10.886698722839355,"y":-5.118505954742432},{"age":1438,"angle":-2.1183178424835205,"type":3,"va":3.0433998107910156,"vx":-0.49613285064697266,"vy":-1.2251689098775387e-2,"x":10.403434753417969,"y":-9.37569522857666},{"age":1361,"angle":2.0077030658721924,"type":3,"va":10.080430030822754,"vx":0.9640558958053589,"vy":1.7849705219268799,"x":9.942575454711914,"y":-12.267239570617676},{"age":1237,"angle":1.259265422821045,"type":2,"va":-21.989337921142578,"vx":20.36012077331543,"vy":23.62189292907715,"x":9.14786434173584,"y":-5.57235050201416},{"age":1245,"angle":0.883269190788269,"type":3,"va":3.0909368991851807,"vx":-0.5047011971473694,"vy":-1.4418771490454674e-2,"x":10.084535598754883,"y":-9.415726661682129},{"age":1159,"angle":-3.0493524074554443,"type":3,"va":6.661362648010254,"vx":0.8654048442840576,"vy":-0.3316745162010193,"x":9.060885429382324,"y":-13.06139087677002},{"age":1036,"angle":1.9643819332122803,"type":3,"va":0.4217871427536011,"vx":-0.5846032500267029,"vy":-0.8647667169570923,"x":8.216424942016602,"y":-9.412552833557129},{"age":986,"angle":-3.0601398944854736,"type":3,"va":-41.2841911315918,"vx":-1.2264325618743896,"vy":-6.8282318115234375,"x":6.909060955047607,"y":-13.043057441711426},{"age":932,"angle":1.8950592279434204,"type":2,"va":-69.3266830444336,"vx":-0.2101486623287201,"vy":-0.7416552901268005,"x":12.289790153503418,"y":-2.216021776199341},{"age":866,"angle":2.4667038917541504,"type":2,"va":9.5809965133667,"vx":-1.321016788482666,"vy":12.297040939331055,"x":11.036360740661621,"y":-4.362122535705566},{"age":859,"angle":-0.15524226427078247,"type":3,"va":5.752158164978027,"vx":-5.3885310888290405e-2,"vy":-0.1298808753490448,"x":14.619741439819336,"y":-8.600625991821289},{"age":707,"angle":1.4159348011016846,"type":2,"va":-0.9295147657394409,"vx":-1.0440891981124878,"vy":2.3273377418518066,"x":8.751425743103027,"y":-8.039657592773438},{"age":721,"angle":1.7808665037155151,"type":3,"va":0.9558040499687195,"vx":8.927023887634277,"vy":14.30610466003418,"x":4.933477401733398,"y":-11.9922456741333},{"age":657,"angle":2.515601396560669,"type":3,"va":-9.775003433227539,"vx":-2.506298780441284,"vy":8.568120956420898,"x":6.896213531494141,"y":-8.522232055664062},{"age":583,"angle":-1.6571309566497803,"type":2,"va":-22.352497100830078,"vx":-6.3447585105896,"vy":0.8604557514190674,"x":10.35758113861084,"y":-7.4034247398376465},{"age":24,"angle":-1.1633994579315186,"type":3,"va":0.26762378215789795,"vx":0.7301149964332581,"vy":0.20584562420845032,"x":14.710378646850586,"y":-5.147972106933594},{"age":544,"angle":-1.2213726043701172,"type":3,"va":-0.9646967053413391,"vx":-0.3258928060531616,"vy":-1.3406351804733276,"x":14.176261901855469,"y":-9.347800254821777},{"age":471,"angle":1.761728048324585,"type":2,"va":42.405364990234375,"vx":-24.646175384521484,"vy":17.039106369018555,"x":5.516251087188721,"y":-13.067217826843262},{"age":433,"angle":0.21971629559993744,"type":3,"va":64.61993408203125,"vx":-6.892459869384766,"vy":18.548978805541992,"x":12.873287200927734,"y":-10.742070198059082},{"age":329,"angle":-2.6828062534332275,"type":2,"va":21.202091217041016,"vx":-1.5791003704071045,"vy":0.7851686477661133,"x":13.946046829223633,"y":-4.712864875793457},{"age":316,"angle":-0.28474098443984985,"type":3,