{"puzzle":{"reqTiles":["Up","Left"],"inputs":[{"x":0.2,"y":0.0,"balls":[{"type":4,"rate":1.0}]},{"x":0.0,"y":0.5,"balls":[{"type":1,"rate":1.0}]}],"outputs":[{"x":0.35,"y":1.0,"balls":[{"type":1,"rate":1.0}]},{"x":0.0,"y":0.8,"balls":[{"type":4,"rate":1.0}]}],"spec":{}},"blueprint":{"puzzle":"09b2be9e-ec24-56d1-825b-218e1b1a5f81","title":"Still not sure how Prisms work","submittedAt":"2024-04-07T11:46:07.873618605Z","widgets":{"64":{"angle":0,"sticker":"determinism","type":"sticker","x":606,"y":111},"1":{"angle":-3.3951630785999227,"type":"fan","x":439.5,"y":382},"33":{"angle":-0.20340952331525336,"type":"board","x":88.521,"y":385},"37":{"angle":-1.8872957550141896,"type":"board","x":638,"y":465},"6":{"angle":0,"sticker":"squobject","type":"sticker","x":407,"y":712.5},"38":{"angle":-0.6305825276738579,"type":"board","x":424,"y":650.14},"39":{"angle":-0.2528764689129223,"type":"board","x":583,"y":579},"40":{"angle":2.0435771795942714,"type":"board","x":233,"y":658.0000365},"41":{"angle":1.7471656204607526,"type":"fan","x":244,"y":62},"42":{"angle":-1.3884963565958555,"type":"prism","x":226,"y":316},"44":{"angle":1.0090663051024986,"type":"board","x":565,"y":311},"45":{"angle":0.4622667275107144,"type":"board","x":445,"y":198},"46":{"angle":-3.2156704539002625,"type":"fan","x":471,"y":696.5},"15":{"angle":0,"sticker":"figure2-sad","type":"sticker","x":588,"y":670.5},"47":{"angle":2.003016389514672,"type":"fan","x":352,"y":94},"48":{"angle":0.8173918281111912,"type":"fan","x":43.4280755,"y":310},"49":{"angle":3.660521597507286,"type":"prism","x":209,"y":212},"50":{"angle":-1.3528028823938516,"type":"prism","x":320,"y":281},"52":{"angle":-0.9734610549605497,"type":"fan","x":44.223751,"y":477},"54":{"angle":0,"sticker":"figure1-happy","type":"sticker","x":104,"y":673},"57":{"angle":-6.441779030693799e-2,"sticker":"figure3-happy","type":"sticker","x":453,"y":156},"26":{"angle":1.5017106708455958,"type":"board","x":160,"y":220},"58":{"angle":-0.33993036946962063,"type":"board","x":265,"y":535},"28":{"angle":-0.2698349197099373,"type":"board","x":92.733,"y":591},"62":{"angle":0.9637278953049622,"type":"board","x":123,"y":77},"63":{"angle":0,"sticker":"cat","type":"sticker","x":36,"y":722}}},"snapshot":{"balls":[{"age":19,"angle":0.8589664697647095,"type":1,"va":-2.162238359451294,"vx":2.9367685317993164e-2,"vy":-0.8850527405738831,"x":5.149367332458496,"y":-14.771265029907227},{"age":489,"angle":-0.43410763144493103,"type":1,"va":28.761232376098633,"vx":-3.6886258125305176,"vy":-2.758127450942993,"x":7.716307640075684,"y":-13.142450332641602},{"age":417,"angle":-0.5586919188499451,"type":1,"va":-5.928792953491211,"vx":0.9125427603721619,"vy":0.23581387102603912,"x":12.931930541992188,"y":-10.901710510253906},{"age":9,"angle":-3.01633620262146,"type":4,"va":0.6545840501785278,"vx":-0.6935302019119263,"vy":0.36445170640945435,"x":0.18612371385097504,"y":-11.817782402038574},{"age":368,"angle":2.852980852127075,"type":4,"va":8.470216751098633,"vx":-1.2632490396499634,"vy":-0.34939008951187134,"x":0.6584576964378357,"y":-11.799769401550293},{"age":321,"angle":0.2065463662147522,"type":1,"va":14.85951042175293,"vx":-2.280616521835327,"vy":-0.6220352649688721,"x":11.082693099975586,"y":-11.37991714477539},{"age":288,"angle":-0.5629927515983582,"type":1,"va":-12.106648445129395,"vx":0.9231985807418823,"vy":0.2100786715745926,"x":12.623077392578125,"y":-10.981301307678223},{"age":317,"angle":1.015779733657837,"type":4,"va":8.653203010559082,"vx":-1.2901877164840698,"vy":-0.35684189200401306,"x":2.144422769546509,"y":-11.388792037963867},{"age":279,"angle":2.939458131790161,"type":4,"va":8.9074125289917,"vx":-1.3278162479400635,"vy":-0.3672509491443634,"x":2.799781322479248,"y":-11.207545280456543},{"age":230,"angle":1.4663234949111938,"type":1,"va":-31.443620681762695,"vx":5.224422931671143,"vy":0.8976486921310425,"x":1.948681354522705,"y":-7.318430423736572},{"age":216,"angle":0.23368293046951294,"type":4,"va":8.617022514343262,"vx":-1.2568645477294922,"vy":-0.44450172781944275,"x":3.8840975761413574,"y":-10.841833114624023},{"age":132,"angle":-1.3468830585479736,"type":1,"va":-4.821547508239746,"vx":0.6947450637817383,"vy":0.14329929649829865,"x":0.556333601474762,"y":-7.60551118850708},{"age":163,"angle":0.11145871877670288,"type":4,"va":2.8526008129119873,"vx":-1.103709101676941,"vy":1.325047254562378,"x":5.284736633300781,"y":-10.0907621383667},{"age":102,"angle":0.8983877301216125,"type":4,"va":-22.134157180786133,"vx":1.7659633159637451,"vy":-10.447931289672852,"x":3.8037164211273193,"y":-6.031135559082031},{"age":61,"angle":-2.040604829788208,"type":1,"va":3.8982512950897217,"vx":0.6765546202659607,"vy":0.19763945043087006,"x":0.295518696308136,"y":-7.425580024719238},{"age":51,"angle":0.8206961750984192,"type":4,"va":-9.013237953186035,"vx":1.8853033781051636,"vy":-1.6437839269638062,"x":3.0951693058013916,"y":-1.741390585899353}],"widgets":{}}}