{"puzzle":{"reqTiles":["Up"],"inputs":[{"x":0.8,"y":0.0,"balls":[{"type":2,"rate":0.828125}]},{"x":1.0,"y":0.65,"balls":[{"type":3,"rate":1.0}]}],"outputs":[{"x":0.65,"y":1.0,"balls":[{"type":3,"rate":1.0}]},{"x":1.0,"y":0.5,"balls":[{"type":2,"rate":0.828125}]}],"spec":{}},"blueprint":{"puzzle":"ec6affcc-2102-539c-ad44-9ffb3d5f1d33","title":"Strictly speaking, the loop-de-loop was probably unnecessary","submittedAt":"2024-04-08T21:20:02.346814933Z","widgets":{"0":{"angle":0,"type":"board","x":598,"y":108},"32":{"angle":0.5512861722877439,"type":"board","x":494,"y":482},"1":{"angle":1.5822848519372383,"type":"board","x":517,"y":87.5976179},"33":{"angle":3.728251555785094,"type":"fan","x":699.67003,"y":575},"2":{"angle":0,"type":"board","x":593,"y":163},"34":{"angle":-2.4955569039307752,"type":"fan","x":651,"y":567},"3":{"angle":1.565492938606612,"type":"board","x":677,"y":187},"35":{"angle":-2.263694571492437,"type":"fan","x":603,"y":571},"4":{"angle":0,"type":"board","x":652.5,"y":419},"36":{"angle":-1.9249506132300513,"type":"fan","x":551,"y":569},"5":{"angle":-1.2153118441043922,"type":"board","x":648,"y":347},"37":{"angle":-1.7035251810270946,"type":"fan","x":496,"y":541},"6":{"angle":0,"type":"fan","x":487,"y":62},"38":{"angle":-1.7690770917500565,"type":"fan","x":470,"y":520},"7":{"angle":0,"type":"fan","x":587,"y":384},"39":{"angle":-1.6706804102361232,"type":"fan","x":427,"y":512},"40":{"angle":-1.5831189156479675,"type":"fan","x":381,"y":489},"41":{"angle":-1.7566086288971965,"type":"fan","x":409,"y":480},"42":{"angle":-1.6839220290559815,"type":"fan","x":405,"y":465},"11":{"angle":0.7350205047710564,"type":"board","x":514,"y":365},"43":{"angle":-1.7935235014004272,"type":"fan","x":381,"y":459},"12":{"angle":1.5766633123161085,"type":"board","x":454,"y":235},"44":{"angle":0.4415076888911545,"type":"board","x":503,"y":694.4740155},"13":{"angle":1.5680522458008848,"type":"board","x":454,"y":87.5243471},"45":{"angle":-1.9452494003015357,"type":"fan","x":382,"y":454},"14":{"angle":0.8908412077133169,"type":"board","x":370,"y":370},"46":{"angle":-2.1119484577144187,"type":"fan","x":534,"y":558},"15":{"angle":0.285715922330233,"type":"board","x":378,"y":246},"47":{"angle":-1.7962155739556827,"type":"fan","x":377,"y":454},"16":{"angle":0,"type":"board","x":218,"y":220},"48":{"angle":-1.691404021719758,"type":"fan","x":363,"y":447},"17":{"angle":-0.5833994940299614,"type":"board","x":77.9848385,"y":266},"49":{"angle":-2.033754505756155,"type":"fan","x":373,"y":447},"18":{"angle":0,"type":"board","x":240,"y":310},"50":{"angle":-2.074662863218777,"type":"fan","x":354,"y":427},"19":{"angle":-1.005680260218969,"type":"board","x":129,"y":381},"51":{"angle":-1.8042995474087995,"type":"fan","x":344,"y":419},"20":{"angle":-1.5672770841589,"type":"board","x":9.30789,"y":390},"52":{"angle":0,"type":"fan","x":68,"y":702.5},"21":{"angle":-1.5945421396578328,"type":"board","x":89,"y":518},"22":{"angle":-1.5710610060202084,"type":"board","x":9.0231512,"y":519},"54":{"angle":0.4572799277776494,"type":"fan","x":228,"y":610},"23":{"angle":0.6973821693017622,"type":"board","x":72.850942,"y":658},"55":{"angle":0.6130639320442439,"type":"fan","x":242,"y":593},"24":{"angle":0.3777065235292231,"type":"board","x":162,"y":626},"56":{"angle":0.5407612310994778,"type":"fan","x":262,"y":608},"25":{"angle":0.1300538546779179,"type":"board","x":213,"y":719.728305},"57":{"angle":0,"sticker":"figure1-happy","type":"sticker","x":171,"y":145},"26":{"angle":0,"type":"board","x":447,"y":673},"58":{"angle":0,"sticker":"figure2-happy","type":"sticker","x":265,"y":139},"27":{"angle":0.14292706974479152,"type":"board","x":310,"y":663},"28":{"angle":1.5177741478325042,"type":"board","x":425,"y":515},"29":{"angle":1.5425447067852531,"type":"board","x":434,"y":596},"31":{"angle":0,"type":"board","x":652.5,"y":526}}},"snapshot":{"balls":[{"age":965,"angle":0.9985362887382507,"type":3,"va":-3.8547823429107666,"vx":1.265794038772583,"vy":-0.6474106907844543,"x":9.506453514099121,"y":-14.36356258392334},{"age":12,"angle":-2.1060664653778076,"type":3,"va":-2.9675793647766113,"vx":0.43460896611213684,"vy":-0.8812664747238159,"x":9.590763092041016,"y":-14.670868873596191},{"age":858,"angle":2.9268059730529785,"type":3,"va":-41.4577751159668,"vx":6.502706050872803,"vy":-0.9150694608688354,"x":5.251442909240723,"y":-14.184359550476074},{"age":808,"angle":-0.21347393095493317,"type":3,"va":-32.95587921142578,"vx":4.712879657745361,"vy":3.1514880657196045,"x":8.7406587600708,"y":-14.575324058532715},{"age":756,"angle":2.73846435546875,"type":3,"va":-38.70225524902344,"vx":5.746777534484863,"vy":-4.433208703994751e-2,"x":3.0730249881744385,"y":-13.88958740234375},{"age":670,"angle":0.6958708763122559,"type":3,"va":-26.227596282958984,"vx":4.9998273849487305,"vy":-2.167010545730591,"x":8.3245849609375,"y":-14.639029502868652},{"age":621,"angle":-1.202859878540039,"type":3,"va":-30.290666580200195,"vx":4.220818519592285,"vy":-3.200228214263916,"x":1.506364107131958,"y":-12.505823135375977},{"age":564,"angle":1.2996792793273926,"type":3,"va":4.593428134918213,"vx":-2.3351895809173584,"vy":2.974827766418457,"x":7.160982131958008,"y":-6.425105571746826},{"age":505,"angle":-0.9942232370376587,"type":3,"va":1.999488115310669,"vx":-3.231232166290283,"vy":1.362606167793274,"x":5.818202972412109,"y":-5.300016403198242},{"age":446,"angle":-1.667080447077751e-2,"type":3,"va":5.060615539550781,"vx":-1.7975324392318726,"vy":2.68534255027771,"x":7.734037399291992,"y":-7.209944248199463},{"age":385,"angle":-2.349088191986084,"type":3,"va":-7.426177978515625,"vx":-1.533234715461731,"vy":1.0348752737045288,"x":9.458212852478027,"y":-8.983097076416016},{"age":336,"angle":3.0192623138427734,"type":3,"va":5.895281791687012,"vx":-1.0802854299545288,"vy":1.5017725229263306,"x":8.119414329528809,"y":-7.745410919189453},{"age":292,"angle":-2.426581382751465,"type":3,"va":16.551921844482422,"vx":-1.6161564588546753,"vy":0.928284227848053,"x":9.75170612335205,"y":-9.10637378692627},{"age":244,"angle":0.7897796630859375,"type":3,"va":17.609479904174805,"vx":-2.8535876274108887,"vy":1.8882494419813156e-2,"x":11.784441947937012,"y":-10.182141304016113},{"age":9,"angle":-0.9400777816772461,"type":2,"va":-4.17454719543457,"vx":1.8992010354995728,"vy":0.31378400325775146,"x":14.648896217346191,"y":-7.398550510406494},{"age":195,"angle":-3.091832160949707,"type":3,"va":7.2542524337768555,"vx":-1.1823517084121704,"vy":2.0427200943231583e-2,"x":13.20508861541748,"y":-10.18155574798584},{"age":120,"angle":0.41323548555374146,"type":3,"va":3.0022547245025635,"vx":-0.4783131182193756,"vy":9.313225746154785e-10,"x":13.708306312561035,"y":-10.181363105773926},{"age":169,"angle":0.7746527791023254,"type":2,"va":15.463492393493652,"vx":-1.4211982488632202,"vy":-6.581376075744629,"x":14.415923118591309,"y":-4.236352920532227},{"age":99,"angle":-1.3125171661376953,"type":2,"va":-4.0504231452941895,"vx":-2.1381595134735107,"vy":-3.0906436443328857,"x":13.535022735595703,"y":-1.5578110218048096},{"age":56,"angle":-2.642524242401123,"type":3,"va":2.623140335083008,"vx":-0.3717949688434601,"vy":-0.8461863398551941,"x":14.373076438903809,"y":-9.95940113067627},{"age":25,"angle":0.8321794867515564,"type":2,"va":2.960585355758667,"vx":0.18813985586166382,"vy":-2.2077853679656982,"x":11.830473899841309,"y":-0.33591052889823914}],"widgets":{}}}