{"puzzle":{"reqTiles":["Up","Left"],"inputs":[{"x":0.65,"y":0.0,"balls":[{"type":1,"rate":0.7578125}]},{"x":0.0,"y":0.2,"balls":[{"type":3,"rate":1.0}]}],"outputs":[{"x":0.35,"y":1.0,"balls":[{"type":3,"rate":1.0}]},{"x":0.0,"y":0.65,"balls":[{"type":1,"rate":0.734375}]}],"spec":{}},"blueprint":{"puzzle":"71e221b4-1bfe-51a4-b239-318f67c78d3a","title":"water filter","submittedAt":"2024-04-12T03:10:18.010323957Z","widgets":{"0":{"angle":0.21330072681421364,"type":"board","x":87.422258,"y":188},"32":{"angle":1.3878412029719065,"type":"board","x":448,"y":314},"1":{"angle":8.379895877453675e-2,"type":"board","x":247,"y":215},"33":{"angle":1.1077975788021022,"sticker":"figure2-happy","type":"sticker","x":388,"y":176},"2":{"angle":3.8630133782497814e-2,"type":"board","x":398,"y":226},"34":{"angle":0,"sticker":"kingbun","type":"sticker","x":724,"y":720},"3":{"angle":-1.7535720175838503,"type":"fan","x":429,"y":525},"4":{"angle":3.463487246798536,"type":"board","x":549.836,"y":265},"36":{"angle":0.7570296941791446,"sticker":"kingbun","type":"sticker","x":446,"y":651},"5":{"angle":-0.5892084914335766,"type":"cushion","x":695.0771705,"y":423},"37":{"angle":1.6272670180534767,"sticker":"figure3-happy","type":"sticker","x":312,"y":159},"6":{"angle":1.5108051105556584,"type":"board","x":704.854,"y":330},"38":{"angle":0.6169925024081382,"sticker":"figure1-happy","type":"sticker","x":228,"y":142},"7":{"angle":-0.29552455129152816,"type":"board","x":598,"y":455},"39":{"angle":3.274746198420933,"type":"hammer","x":184,"y":57},"8":{"angle":-0.1506689864635474,"type":"board","x":468,"y":484},"9":{"angle":-0.14772975176828337,"type":"board","x":311,"y":508},"10":{"angle":-1.7332160905767293,"type":"fan","x":354,"y":540},"11":{"angle":0.14236569821513922,"type":"sword","x":260,"y":452},"12":{"angle":0.8325748585492971,"type":"board","x":181,"y":618},"13":{"angle":-0.20499339916159462,"type":"board","x":87.499974,"y":486},"14":{"angle":1.7319305977184438,"type":"board","x":302,"y":652.189533},"15":{"angle":2.4732971510930555,"type":"brick","x":198,"y":449},"16":{"angle":2.120914144395318,"type":"cushion","x":111,"y":359},"17":{"angle":-0.9257785833771152,"type":"cushion","x":149,"y":303},"18":{"angle":0,"type":"board","x":87.5,"y":209},"19":{"angle":0.8308880974792435,"type":"board","x":65.64102,"y":270},"20":{"angle":0.3708008889456384,"type":"board","x":84.8144955,"y":238},"21":{"angle":-0.830776059402407,"type":"cushion","x":188,"y":250},"22":{"angle":1.0875100310603727,"type":"board","x":48.629807,"y":288},"23":{"angle":-1.5179168793355673,"type":"brick","x":233,"y":705.3339922},"24":{"angle":-1.9563589924322646,"type":"brick","x":111,"y":524},"25":{"angle":-0.23241528495246405,"type":"board","x":395,"y":560},"26":{"angle":1.47379258750996,"type":"brick","x":315,"y":545},"27":{"angle":0.840025741653174,"type":"board","x":674.89671,"y":523},"28":{"angle":2.1860244863037277,"type":"board","x":351,"y":634},"29":{"angle":0.7812796946684046,"type":"board","x":426,"y":671.9933455},"30":{"angle":1.2889354079080455,"type":"cushion","x":459,"y":142},"31":{"angle":3.066049786104053,"type":"fan","x":434,"y":350}}},"snapshot":{"balls":[{"age":621,"angle":1.5963319540023804,"type":3,"va":-5.980301380157471,"vx":-0.6438137888908386,"vy":-4.496065139770508,"x":5.32297420501709,"y":-14.171231269836426},{"age":547,"angle":-0.17104658484458923,"type":3,"va":5.880932331085205,"vx":1.8585176467895508,"vy":-1.3418352603912354,"x":3.3630452156066895,"y":-10.858404159545898},{"age":504,"angle":1.39485764503479,"type":3,"va":30.427337646484375,"vx":-4.762990951538086,"vy":-2.736205816268921,"x":3.455883026123047,"y":-10.443792343139648},{"age":453,"angle":3.098782777786255,"type":3,"va":25.920541763305664,"vx":-4.066509246826172,"vy":-0.6474025249481201,"x":7.959033489227295,"y":-9.551565170288086},{"age":382,"angle":-3.043654680252075,"type":3,"va":15.258298873901367,"vx":-2.3626861572265625,"vy":-1.1290684938430786,"x":12.150921821594238,"y":-8.689522743225098},{"age":419,"angle":-1.132023572921753,"type":1,"va":-4.294498920440674,"vx":6.045246496796608e-3,"vy":0.28470030426979065,"x":0.3438825011253357,"y":-9.62755012512207},{"age":336,"angle":1.558777928352356,"type":3,"va":0.6979901194572449,"vx":-3.039682388305664,"vy":0.3741740584373474,"x":13.052038192749023,"y":-8.353485107421875},{"age":310,"angle":-1.480557918548584,"type":3,"va":-32.554718017578125,"vx":4.887246608734131,"vy":-2.022268295288086,"x":12.988188743591309,"y":-5.617050647735596},{"age":257,"angle":2.3371946811676025,"type":3,"va":-23.905176162719727,"vx":3.786163806915283,"vy":-0.21172845363616943,"x":9.41494369506836,"y":-4.23851203918457},{"age":301,"angle":-1.1235756874084473,"type":1,"va":-3.887112617492676,"vx":-0.24436500668525696,"vy":-1.4545470476150513,"x":3.374335289001465,"y":-6.476644515991211},{"age":217,"angle":-1.0141441822052002,"type":3,"va":-21.881305694580078,"vx":3.458583354949951,"vy":-0.35590338706970215,"x":6.099952220916748,"y":-4.058695316314697},{"age":170,"angle":-0.9344849586486816,"type":3,"va":-20.22579002380371,"vx":3.198920965194702,"vy":-0.3340885639190674,"x":4.2570366859436035,"y":-3.9038076400756836},{"age":198,"angle":0.10075663030147552,"type":1,"va":27.54977798461914,"vx":-4.177803039550781,"vy":-1.3373043537139893,"x":10.979111671447754,"y":-9.04595947265625},{"age":148,"angle":0.24137939512729645,"type":1,"va":-2.3267335891723633,"vx":-0.9950830340385437,"vy":-3.466845750808716,"x":13.536993980407715,"y":-6.63860559463501},{"age":100,"angle":-0.5392248034477234,"type":3,"va":-11.389127731323242,"vx":1.7590255737304688,"vy":-0.38099780678749084,"x":1.2742687463760376,"y":-3.3111932277679443},{"age":56,"angle":1.130063772201538,"type":3,"va":-7.106137275695801,"vx":1.102807641029358,"vy":-0.23886331915855408,"x":0.5300551652908325,"y":-3.14982533454895},{"age":85,"angle":-0.8671984672546387,"type":1,"va":-23.30036735534668,"vx":1.9383525848388672,"vy":-5.449273109436035,"x":10.071348190307617,"y":-3.452688694000244}],"widgets":{}}}