{"puzzle":{"reqTiles":["Up"],"inputs":[{"x":0.8,"y":0.0,"balls":[{"type":2,"rate":0.5}]}],"outputs":[{"x":0.8,"y":1.0,"balls":[{"type":2,"rate":0.5}]}],"spec":{}},"blueprint":{"puzzle":"db750213-0c10-50e7-bfdd-c9463b81871a","title":"They gave me a line what","submittedAt":"2024-04-07T02:48:34.666202736Z","widgets":{"32":{"type":"roundbumper","x":559,"y":183},"33":{"type":"roundbumper","x":561,"y":229},"34":{"type":"roundbumper","x":559,"y":282},"35":{"type":"roundbumper","x":562,"y":332},"36":{"type":"roundbumper","x":559,"y":382},"37":{"type":"roundbumper","x":560,"y":434},"38":{"type":"roundbumper","x":560,"y":484},"39":{"type":"roundbumper","x":558,"y":537},"40":{"type":"roundbumper","x":559,"y":585},"44":{"angle":1.57460481761185,"type":"fan","x":663,"y":23.642652},"45":{"angle":1.555613085253492,"type":"fan","x":702.1475167,"y":24.0666525},"47":{"angle":-0.6093732966958061,"type":"brick","x":704.392983,"y":691},"48":{"angle":-0.6096617151938958,"type":"brick","x":678,"y":709.464073},"51":{"angle":1.5544182563480373,"type":"board","x":561,"y":652.3643284},"52":{"angle":0,"sticker":"determinism","type":"sticker","x":470,"y":687},"53":{"angle":0,"sticker":"squobject","type":"sticker","x":363,"y":713.5},"54":{"angle":0,"sticker":"cat","type":"sticker","x":427,"y":322},"55":{"angle":0,"type":"brick","x":423,"y":347},"56":{"angle":0.5562177052417014,"type":"cup","x":471,"y":319},"25":{"type":"roundbumper","x":562,"y":29},"57":{"angle":0,"sticker":"kingbun","type":"sticker","x":409,"y":720},"26":{"type":"roundbumper","x":561,"y":82},"31":{"type":"roundbumper","x":558,"y":134}}},"snapshot":{"balls":[{"age":207,"angle":-2.1111221313476562,"type":2,"va":12.988058090209961,"vx":3.0859837532043457,"vy":-0.7123263478279114,"x":12.424985885620117,"y":-13.77818775177002},{"age":78,"angle":-2.5752201080322266,"type":2,"va":119.11680603027344,"vx":8.0940580368042,"vy":-1.884899377822876,"x":14.047460556030273,"y":-6.351222991943359}],"widgets":{}}}