{"puzzle":{"reqTiles":["Up"],"inputs":[{"x":0.65,"y":0.0,"balls":[{"type":2,"rate":0.75}]}],"outputs":[{"x":0.2,"y":1.0,"balls":[{"type":2,"rate":0.75}]}],"spec":{}},"blueprint":{"puzzle":"7ff21dab-fdba-55c7-96d1-e1c02479a361","title":"KALI MAAAAAA","submittedAt":"2024-04-07T06:41:36.026034328Z","widgets":{"0":{"angle":1.3295888396661985e-2,"type":"board","x":529,"y":42},"1":{"angle":0,"type":"fan","x":394,"y":37.5},"2":{"angle":-1.5733036855373905,"type":"board","x":730.787593,"y":87.5223263},"34":{"angle":1.813013107594819,"type":"brick","x":202,"y":699.52},"3":{"angle":0,"type":"board","x":618,"y":42},"35":{"angle":0,"type":"brick","x":230,"y":679},"4":{"angle":1.5745961886330848,"type":"board","x":730.6745161,"y":260},"5":{"angle":-1.5672857645344511,"type":"board","x":729.9041207,"y":435},"6":{"angle":-1.5656810051606849,"type":"board","x":730.5594882,"y":602},"7":{"angle":0,"type":"board","x":651.5,"y":674},"40":{"angle":1.5534546131705134,"type":"rightbumper","x":152,"y":634},"9":{"angle":0,"type":"leftbumper","x":712.0054,"y":692.5},"41":{"angle":0,"sticker":"figure1-happy","type":"sticker","x":238,"y":551},"10":{"angle":0,"type":"board","x":609,"y":632},"43":{"height":10,"type":"repulsor","width":150,"x":459,"y":477},"44":{"angle":0,"type":"anvil","x":391,"y":598},"45":{"angle":-0.8203988286867427,"sticker":"figure3-happy","type":"sticker","x":378,"y":555},"14":{"angle":-1.5711966681958704,"type":"board","x":694,"y":545},"46":{"angle":0,"sticker":"figure2-happy","type":"sticker","x":495,"y":551},"15":{"angle":-1.5800485917993539,"type":"board","x":694,"y":377},"16":{"angle":-1.569174114438122,"type":"board","x":692,"y":207},"17":{"angle":-1.5841231545989676,"type":"board","x":691,"y":132},"18":{"angle":0,"type":"fan","x":377,"y":37.5},"19":{"angle":0,"type":"fan","x":358,"y":37.5},"20":{"angle":-0.1719561234880169,"type":"fan","x":556,"y":82},"24":{"angle":0,"type":"board","x":451,"y":631},"26":{"angle":0,"type":"board","x":132,"y":628},"27":{"angle":0,"type":"board","x":298,"y":629},"29":{"angle":-1.5883816103755657,"type":"board","x":122.5,"y":652.3553649},"30":{"angle":0,"type":"board","x":322,"y":673},"31":{"angle":0,"type":"board","x":488,"y":674}}},"snapshot":{"balls":[{"age":474,"angle":-1.6693109273910522,"type":2,"va":30.916906356811523,"vx":2.8560333251953125,"vy":1.5411882400512695,"x":3.686587333679199,"y":-13.249110221862793},{"age":393,"angle":7.613471895456314e-2,"type":2,"va":-1.773639116436243e-3,"vx":1.5967599756550044e-4,"vy":-1.2793689966201782,"x":7.428248882293701,"y":-13.108061790466309},{"age":330,"angle":2.7523179054260254,"type":2,"va":17.235239028930664,"vx":-31.312889099121094,"vy":-5.6730300188064575e-2,"x":11.526875495910645,"y":-13.140890121459961},{"age":225,"angle":-2.4038801193237305,"type":2,"va":8.60672664642334,"vx":0.1836666464805603,"vy":-4.48216438293457,"x":14.276015281677246,"y":-2.0104405879974365},{"age":175,"angle":2.5339221954345703,"type":2,"va":7.524410724639893,"vx":7.190474510192871,"vy":3.5549476146698,"x":14.04458236694336,"y":-0.265747606754303},{"age":101,"angle":5.8197733014822006e-2,"type":2,"va":-12.273448944091797,"vx":2.377319574356079,"vy":4.971599578857422e-2,"x":13.805230140686035,"y":-0.5075066089630127},{"age":27,"angle":0.5946190357208252,"type":2,"va":1.7394132614135742,"vx":1.1500163078308105,"vy":-0.7944164872169495,"x":9.716405868530273,"y":-0.2334112673997879}],"widgets":{}}}