{"puzzle":{"reqTiles":[],"inputs":[{"x":0.5,"y":0.0,"balls":[{"type":4,"rate":1.0}]}],"outputs":[{"x":0.65,"y":1.0,"balls":[{"type":4,"rate":1.0}]}],"spec":{}},"blueprint":{"puzzle":"e67cff1d-fd38-59a4-bacd-3aa05db9c83c","title":"The message","submittedAt":"2024-04-06T16:59:57.033089875Z","widgets":{"32":{"angle":0,"sticker":"figure1-sad","type":"sticker","x":51,"y":673},"1":{"angle":1.5443232100071123,"type":"board","x":29,"y":165},"2":{"angle":0,"type":"brick","x":65,"y":164},"3":{"angle":1.5506209029989002,"type":"board","x":104,"y":163},"4":{"angle":1.5415063955487687,"type":"brick","x":176,"y":219},"5":{"type":"roundbumper","x":174,"y":141},"6":{"angle":0.9795936296777906,"type":"board","x":206,"y":461},"8":{"angle":-0.9815246883955728,"type":"board","x":207,"y":458},"9":{"angle":1.55955811947151,"type":"board","x":290,"y":462},"10":{"angle":-0.8537671244387373,"type":"brick","x":315,"y":463},"11":{"angle":0.8459753250328923,"type":"brick","x":318,"y":512},"13":{"angle":0,"type":"brick","x":397,"y":528},"45":{"angle":0.29459340603953804,"type":"board","x":93,"y":578},"14":{"angle":0,"type":"brick","x":396,"y":449},"15":{"angle":1.5944013733635374,"type":"brick","x":375,"y":488},"16":{"angle":1.5578253561689632,"type":"board","x":518,"y":457},"17":{"angle":0,"type":"brick","x":485,"y":449},"49":{"angle":0.28251459716355903,"type":"board","x":296,"y":675},"18":{"angle":0,"type":"brick","x":492,"y":526},"19":{"angle":1.5892152962135329,"type":"brick","x":467,"y":487},"22":{"type":"roundbumper","x":571,"y":525},"23":{"angle":1.5507958066026286,"type":"board","x":570,"y":403},"25":{"angle":-2.455289582950322,"type":"rightbumper","x":385,"y":161},"57":{"angle":0,"type":"fan","x":152,"y":702.5},"26":{"angle":0,"type":"hook","x":262.284,"y":313.409},"28":{"angle":3.086863036260824,"type":"fan","x":468,"y":269},"31":{"angle":0,"sticker":"figure2-happy","type":"sticker","x":632,"y":667.5}}},"snapshot":{"balls":[{"age":1724,"angle":2.6650853157043457,"type":4,"va":0.2855101525783539,"vx":-4.437403380870819e-2,"vy":7.041249527883764e-12,"x":0.9531130790710449,"y":-2.8513033390045166},{"age":1372,"angle":0.9104951024055481,"type":4,"va":0,"vx":0,"vy":0,"x":11.142239570617676,"y":-14.62130355834961},{"age":1128,"angle":1.8984639644622803,"type":4,"va":0,"vx":0,"vy":0,"x":14.491718292236328,"y":-14.62130355834961},{"age":775,"angle":1.283278226852417,"type":4,"va":-11.654932022094727,"vx":7.925760269165039,"vy":0.6567237377166748,"x":8.620033264160156,"y":-14.44025993347168},{"age":627,"angle":0.3313472270965576,"type":4,"va":0.1377670168876648,"vx":-2.1410930901765823e-2,"vy":1.469860788638755e-9,"x":1.3028106689453125,"y":-2.8513031005859375},{"age":537,"angle":0.850809633731842,"type":4,"va":-18.077411651611328,"vx":2.771972417831421,"vy":1.1566363275051117e-2,"x":2.208634614944458,"y":-11.26747989654541},{"age":455,"angle":0.44580960273742676,"type":4,"va":-7.96717643737793,"vx":0.6287403106689453,"vy":-2.4803578853607178,"x":3.9345624446868896,"y":-12.250235557556152},{"age":421,"angle":-1.9279946088790894,"type":4,"va":-3.367537498474121,"vx":0.5005546808242798,"vy":-0.15187884867191315,"x":1.6033103466033936,"y":-11.128242492675781},{"age":347,"angle":1.801580548286438,"type":4,"va":6.257981300354004,"vx":-0.13383837044239044,"vy":-4.097075939178467,"x":2.35197377204895,"y":-8.516716957092285},{"age":297,"angle":-0.6419239640235901,"type":4,"va":2.8067891597747803,"vx":-0.40252718329429626,"vy":0.8011656999588013,"x":3.603273630142212,"y":-5.9040608406066895},{"age":233,"angle":0.23366238176822662,"type":4,"va":-5.013585835695267e-2,"vx":7.804978638887405e-3,"vy":0,"x":1.7300689220428467,"y":-2.850900411605835},{"age":167,"angle":1.985242486000061,"type":4,"va":-38.36429214477539,"vx":1.1942530870437622,"vy":-8.046971321105957,"x":2.5811636447906494,"y":-2.979041814804077},{"age":90,"angle":1.2719591856002808,"type":4,"va":0.5516084432601929,"vx":4.840498447418213,"vy":-0.5801016092300415,"x":5.54701042175293,"y":-2.6704113483428955}],"widgets":{"26":{"angle":-9.634225629270077e-3,"key":"26","va":-0.29626110196113586,"vx":0,"vy":0,"x":5.244948387145996,"y":-6.258419990539551}}}}