{"puzzle":{"reqTiles":["Up"],"inputs":[{"x":0.5,"y":0.0,"balls":[{"type":3,"rate":1.0}]},{"x":1.0,"y":0.5,"balls":[{"type":1,"rate":1.0}]}],"outputs":[{"x":0.5,"y":1.0,"balls":[{"type":1,"rate":1.0}]},{"x":1.0,"y":0.8,"balls":[{"type":3,"rate":1.0}]}],"spec":{}},"blueprint":{"puzzle":"1aaa849b-9034-5c52-a0f2-50b56eb4e297","title":"mixer","submittedAt":"2024-04-07T06:54:29.688126083Z","widgets":{"0":{"angle":-1.4830204950958479,"type":"fan","x":383,"y":496},"1":{"angle":-1.5457319486573131,"type":"fan","x":435,"y":496},"2":{"angle":-1.6675348027422583,"type":"fan","x":487,"y":499},"34":{"angle":0.4883161275236413,"type":"brick","x":697,"y":417},"3":{"angle":-1.6601084112545994,"type":"fan","x":544,"y":499},"35":{"angle":1.5348154793079174,"type":"brick","x":389,"y":261},"4":{"angle":-1.5772897420231224,"type":"fan","x":591,"y":499},"36":{"angle":1.4722228640718407,"type":"brick","x":378,"y":386},"5":{"angle":-1.639602924587061,"type":"fan","x":630,"y":500},"37":{"angle":0,"type":"board","x":615,"y":198},"38":{"angle":0,"type":"board","x":470,"y":186},"7":{"angle":0.5423409658805217,"type":"brick","x":356,"y":234},"9":{"angle":1.5828861182831748,"type":"board","x":324,"y":182},"10":{"angle":1.6881287725623455,"type":"board","x":382,"y":420},"11":{"angle":0,"type":"brick","x":706,"y":397},"12":{"angle":1.572967773533027,"type":"board","x":672,"y":331},"14":{"angle":1.5961801162323828,"type":"board","x":394,"y":105},"15":{"angle":1.5765557059210495,"type":"board","x":686,"y":114},"16":{"angle":0.18347147415037923,"type":"fan","x":354,"y":426},"19":{"angle":-1.5103846578086164,"type":"fan","x":701.1495899,"y":423},"20":{"angle":0.8655730531398059,"type":"brick","x":707.6812595,"y":208},"21":{"angle":1.5617989168067996,"type":"board","x":727,"y":262},"23":{"angle":4.616080925950152,"type":"fan","x":700.4140338,"y":416},"24":{"angle":1.5570198390218453,"type":"brick","x":567,"y":540},"25":{"angle":-0.5864012364742818,"type":"brick","x":354,"y":411},"26":{"angle":1.959568319842846,"type":"board","x":299,"y":356},"27":{"angle":1.1375111768159702,"type":"board","x":295,"y":509},"28":{"angle":1.2635643522905406,"type":"board","x":358,"y":499},"29":{"angle":1.4383306551771982,"type":"board","x":333,"y":652.0778765},"30":{"angle":1.5134007924731951,"type":"board","x":390,"y":652.1278365},"31":{"angle":0.23553808338426926,"type":"board","x":652.8156685,"y":596}}},"snapshot":{"balls":[{"age":1784,"angle":-0.8848016858100891,"type":1,"va":-7.945389270782471,"vx":-1.6389414072036743,"vy":-0.5148106217384338,"x":7.74261999130249,"y":-6.101070404052734},{"age":20,"angle":-1.0848875045776367,"type":1,"va":-1.541388750076294,"vx":-6.998826866038144e-4,"vy":-0.9075747132301331,"x":7.400271892547607,"y":-14.778630256652832},{"age":1427,"angle":-0.7322136163711548,"type":1,"va":11.503677368164062,"vx":-1.301763653755188,"vy":0.5750069618225098,"x":8.067370414733887,"y":-6.130468368530273},{"age":1316,"angle":1.790279507637024,"type":3,"va":-8.460917472839355,"vx":0.8666954040527344,"vy":-2.0672199726104736,"x":11.60571575164795,"y":-8.609292030334473},{"age":1265,"angle":-2.408492088317871,"type":1,"va":-2.1204776763916016,"vx":0.44626522064208984,"vy":0.16654984652996063,"x":7.399008274078369,"y":-6.8922529220581055},{"age":1217,"angle":2.0432963371276855,"type":1,"va":6.2848100662231445,"vx":-0.589169442653656,"vy":4.3211713433265686e-2,"x":7.886905193328857,"y":-6.395900249481201},{"age":1146,"angle":-1.0397977828979492,"type":1,"va":4.850098609924316,"vx":-0.907928466796875,"vy":-3.8848226070404053,"x":6.745113372802734,"y":-7.436070442199707},{"age":1089,"angle":2.7893214225769043,"type":3,"va":0.8667071461677551,"vx":0.598758339881897,"vy":0.263062059879303,"x":14.478083610534668,"y":-11.839963912963867},{"age":933,"angle":1.2365756034851074,"type":1,"va":-2.6029245853424072,"vx":0.7481184005737305,"vy":3.8502259254455566,"x":9.698323249816895,"y":-6.019567012786865},{"age":766,"angle":-0.22997644543647766,"type":1,"va":9.971641540527344,"vx":-2.537294387817383,"vy":1.9135397672653198,"x":10.029189109802246,"y":-6.30387544631958},{"age":713,"angle":-1.292551040649414,"type":1,"va":4.95160436630249,"vx":-0.16327647864818573,"vy":-2.2194368839263916,"x":9.043359756469727,"y":-6.895995140075684},{"age":682,"angle":-2.4079151153564453,"type":3,"va":-7.214008808135986,"vx":-0.1448918730020523,"vy":4.230932235717773,"x":12.33201789855957,"y":-4.816440582275391},{"age":622,"angle":0.3672115206718445,"type":1,"va":10.814010620117188,"vx":9.365792572498322e-2,"vy":1.7351911067962646,"x":11.566378593444824,"y":-5.95944356918335},{"age":581,"angle":-2.6129703521728516,"type":1,"va":-11.108169555664062,"vx":0.6619247198104858,"vy":5.724208801984787e-2,"x":8.289557456970215,"y":-5.8431243896484375},{"age":613,"angle":5.335414782166481e-2,"type":3,"va":-8.63754940032959,"vx":0.5014905333518982,"vy":-1.2929370403289795,"x":11.128745079040527,"y":-8.436912536621094},{"age":497,"angle":1.0826811790466309,"type":1,"va":37.14604949951172,"vx":-1.7550829648971558,"vy":2.7553467750549316,"x":11.248108863830566,"y":-7.106715202331543},{"age":568,"angle":-0.555414617061615,"type":3,"va":19.188608169555664,"vx":0.1031806617975235,"vy":-3.4645869731903076,"x":10.667688369750977,"y":-8.979799270629883},{"age":513,"angle":1.7644978761672974,"type":1,"va":7.789982318878174,"vx":-0.34248751401901245,"vy":3.084934949874878,"x":9.984164237976074,"y":-5.896205425262451},{"age":480,"angle":-0.9289789795875549,"type":1,"va":-2.676374673843384,"vx":1.8036226034164429,"vy":0.2741132974624634,"x":10.573741912841797,"y":-6.141935348510742},{"age":419,"angle":2.381052255630493,"type":1,"va":-6.492034435272217,"vx":-0.7285031676292419,"vy":1.2367476224899292,"x":8.340668678283691,"y":-6.303481101989746},{"age":388,"angle":1.0720242261886597,"type":3,"va":-2.724107265472412,"vx":0.318661630153656,"vy":-4.082730293273926,"x":9.151607513427734,"y":-7.287956714630127},{"age":339,"angle":-1.7945138216018677,"type":1,"va":3.082350015640259,"vx":-1.5600074529647827,"vy":-2.0444300174713135,"x":6.7647294998168945,"y":-6.699364185333252},{"age":318,"angle":2.4130778312683105,"type":3,"va":5.744536876678467,"vx":-1.7311745882034302,"vy":2.2341785430908203,"x":10.74898910522461,"y":-5.547196865081787},{"age":277,"angle":2.498774766921997,"type":1,"va":-19.238040924072266,"vx":-0.18047760426998138,"vy":1.5488591194152832,"x":8.589932441711426,"y":-6.007987022399902},{"age":268,"angle":1.383582592010498,"type":3,"va":-1.956519365310669,"vx":-4.450811818242073e-2,"vy":1.0499001741409302,"x":9.801987648010254,"y":-6.562730312347412},{"age":197,"angle":2.731666088104248,"type":1,"va":7.288496017456055,"vx":0.35256463289260864,"vy":2.9336817264556885,"x":9.402778625488281,"y":-5.895618915557861},{"age":197,"angle":2.2322874069213867,"type":3,"va":-10.972954750061035,"vx":0.33196207880973816,"vy":-1.9006856679916382,"x":9.039965629577637,"y":-6.509047508239746},{"age":131,"angle":-1.673367977142334,"type":1,"va":1.8930755853652954,"vx":-5.184517860412598,"vy":0.27018821239471436,"x":10.071435928344727,"y":-5.626284122467041},{"age":100,"angle":-1.6063330173492432,"type":1,"va":-23.73958969116211,"vx":-3.863316774368286,"vy":1.3030234575271606,"x":13.686086654663086,"y":-4.344216346740723},{"age":132,"angle":3.055116653442383,"type":3,"va":-11.345934867858887,"vx":1.7865122556686401,"vy":-1.8250937461853027,"x":8.379076957702637,"y":-4.5487141609191895},{"age":101,"angle":-1.2059152126312256,"type":3,"va":11.28456974029541,"vx":1.7941230535507202,"vy":-1.7562671899795532,"x":8.384873390197754,"y":-4.218760967254639},{"age":61,"angle":-2.5405139923095703,"type":3,"va":-3.3730335235595703,"vx":1.7687717452645302e-2,"vy":-7.290053844451904,"x":7.41208028793335,"y":-2.798860549926758}],"widgets":{}}}