{"puzzle":{"reqTiles":["Up"],"inputs":[{"x":0.8,"y":0.0,"balls":[{"type":1,"rate":0.565704345703125}]}],"outputs":[{"x":0.2,"y":1.0,"balls":[{"type":1,"rate":0.565704345703125}]}],"spec":{}},"blueprint":{"puzzle":"5fbf4eeb-550d-5d81-943b-f3f254991c98","title":"Or we could take the scenic route...","submittedAt":"2024-06-07T12:23:12.85942298Z","widgets":{"64":{"angle":-0.6766599360853227,"type":"brick","x":141,"y":137},"66":{"angle":0,"type":"brick","x":396,"y":190},"4":{"angle":0,"type":"leftbumper","x":596,"y":351},"68":{"angle":0,"type":"brick","x":437,"y":231},"5":{"angle":3.160527946756425,"type":"leftbumper","x":126,"y":311},"37":{"angle":1.1660783037360354,"type":"brick","x":25.7972355,"y":672},"6":{"angle":0,"type":"board","x":486,"y":391},"38":{"angle":0.9615026248247814,"type":"brick","x":34.5285,"y":686},"70":{"angle":0,"type":"brick","x":327,"y":232},"7":{"angle":0,"type":"board","x":281,"y":391},"39":{"angle":0.7350335197217345,"type":"brick","x":47,"y":698},"71":{"angle":0,"type":"brick","x":196,"y":229},"8":{"angle":0,"type":"board","x":236,"y":274},"40":{"angle":0.5105399775523499,"type":"brick","x":65,"y":711.6074745},"72":{"angle":0,"type":"brick","x":157,"y":206},"9":{"angle":-1.581910751179208,"type":"board","x":730.0280655,"y":87.5946028},"41":{"angle":0.21688036503412117,"type":"brick","x":83,"y":719.5000085},"73":{"angle":0,"type":"brick","x":224,"y":205},"10":{"angle":0,"type":"board","x":436,"y":275},"74":{"angle":0,"type":"brick","x":262,"y":230},"11":{"angle":-1.5705786515697753,"type":"board","x":730.9809534,"y":255},"75":{"angle":2.0186397997747945e-2,"type":"brick","x":291,"y":207},"12":{"angle":-1.5802265544772098,"type":"board","x":730.1752631,"y":395},"13":{"angle":-1.4434951264045304,"type":"board","x":719.964003,"y":445},"77":{"angle":0,"type":"brick","x":354,"y":206},"14":{"angle":-1.2614145633454177,"type":"board","x":704.786177,"y":473},"46":{"angle":0,"type":"brick","x":134,"y":229},"78":{"angle":0,"type":"brick","x":392,"y":232},"15":{"angle":-1.1546846426320865,"type":"board","x":689.623,"y":501},"79":{"angle":0,"type":"brick","x":408,"y":206},"16":{"angle":-0.8805497753453753,"type":"board","x":661,"y":517},"80":{"angle":0.7916661557097803,"type":"brick","x":441,"y":208},"17":{"angle":-0.6489439979869814,"type":"board","x":620,"y":536},"49":{"angle":0.22392744254030844,"sticker":"figure3-happy","type":"sticker","x":300,"y":183},"81":{"angle":1.7826371984110594,"type":"brick","x":164,"y":151},"18":{"angle":-0.3696379691052565,"type":"board","x":589,"y":534},"82":{"angle":0,"type":"board","x":190,"y":187},"19":{"angle":-0.12538084564361296,"type":"board","x":549,"y":529},"83":{"angle":1.562559149056962,"type":"brick","x":113,"y":183},"20":{"angle":-0.40537208234901,"type":"cushion","x":439,"y":555},"52":{"angle":1.3037376093596793,"type":"cushion","x":253,"y":188},"84":{"angle":0,"type":"board","x":240,"y":116},"21":{"angle":-0.7237963378625705,"type":"cushion","x":405,"y":578},"85":{"type":"roundbumper","x":174,"y":240},"22":{"angle":-1.012197011451334,"type":"board","x":342,"y":656},"86":{"type":"roundbumper","x":385,"y":242},"23":{"angle":-0.8083351633430218,"type":"board","x":327,"y":659},"55":{"angle":0,"catMass":2,"type":"catswat","x":293,"y":185},"24":{"angle":-0.6088351834095066,"type":"board","x":306,"y":674},"25":{"angle":-0.43954280868902224,"type":"board","x":291,"y":684},"57":{"angle":1.5874967888513667,"type":"brick","x":243,"y":155},"26":{"angle":-0.34422021790718865,"type":"board","x":263,"y":701.9999365},"58":{"angle":-2.7960804733225393,"type":"fan","x":337,"y":209},"27":{"angle":-4.718503865439902,"type":"board","x":9.5348784,"y":87.5533712},"28":{"angle":1.5721749208909734,"type":"board","x":9.1206176,"y":255},"29":{"angle":1.563772737285905,"type":"board","x":9.6143339,"y":421},"61":{"angle":-2.1778903289832283,"type":"sword","x":359,"y":167},"30":{"angle":1.5707963267948977,"type":"board","x":9,"y":586},"62":{"angle":0,"type":"board","x":342,"y":187},"31":{"angle":1.4934052897171928,"type":"board","x":15.7380205,"y":593}}},"snapshot":{"balls":[{"age":134,"angle":1.8624664545059204,"type":1,"va":-8.041157722473145,"vx":1.0680484771728516,"vy":-4.909003257751465,"x":12.977148056030273,"y":-7.19224739074707},{"age":60,"angle":1.9058274030685425,"type":1,"va":4.920031547546387,"vx":-8.357585221529007e-2,"vy":-5.330100059509277,"x":11.84469985961914,"y":-1.5564290285110474}],"widgets":{"55":{"angle":0,"key":"55","va":0,"vx":0,"vy":0,"x":5.860000133514404,"y":-3.700000047683716}}}}