{"puzzle":{"reqTiles":["Up"],"inputs":[{"x":0.8,"y":0.0,"balls":[{"type":4,"rate":1.0}]}],"outputs":[{"x":0.65,"y":1.0,"balls":[{"type":4,"rate":1.0}]}],"spec":{}},"blueprint":{"puzzle":"7f70114b-342d-5f18-8136-3ab7a798637a","title":"Sharingan","submittedAt":"2024-04-08T11:36:01.764468659Z","widgets":{"32":{"angle":1.2095700113481442,"type":"anvil","x":589,"y":171},"33":{"angle":-1.8509265411729405,"type":"brick","x":706,"y":118},"34":{"angle":0,"type":"lefthook","x":258,"y":101},"35":{"angle":1.86198640482535,"type":"brick","x":148,"y":136},"36":{"height":10,"type":"attractor","width":150,"x":335,"y":254},"38":{"angle":0,"type":"fan","x":229,"y":311},"39":{"angle":0,"type":"fan","x":226,"y":308},"40":{"angle":0,"type":"fan","x":225,"y":312},"9":{"angle":0,"speed":25,"type":"spokedwheel","x":499.363,"y":253},"41":{"angle":0,"type":"leftbumper","x":219,"y":233},"42":{"angle":0,"type":"rightbumper","x":612,"y":224},"43":{"angle":-3.1275476302712346,"type":"fan","x":604,"y":303},"12":{"angle":0,"speed":25,"type":"spokedwheel","x":335,"y":254},"44":{"angle":0,"type":"fan","x":225,"y":310},"45":{"angle":3.2672850565863936,"type":"leftbumper","x":259,"y":162},"15":{"angle":-1.0801842524198546,"type":"prism","x":310,"y":363},"47":{"angle":-3.387615260353461,"type":"rightbumper","x":568,"y":169},"16":{"angle":-1.0187285493882579,"type":"prism","x":411,"y":360},"48":{"angle":-1.7530056840184207,"type":"sword","x":366,"y":72.8664015},"17":{"angle":-1.0552286746180104,"type":"prism","x":506,"y":364},"49":{"angle":-1.477222248321182,"type":"sword","x":407,"y":72.0135957},"50":{"angle":-0.9815796700743866,"type":"sword","x":448,"y":82},"19":{"angle":2.0382727771177835,"type":"prism","x":386,"y":401},"51":{"angle":1.4921453977801107,"type":"board","x":261,"y":529},"20":{"angle":2.133689119377649,"type":"prism","x":480,"y":406},"52":{"angle":2.15181750502038,"type":"board","x":321,"y":541},"53":{"angle":1.099079139795082,"type":"board","x":401,"y":548},"54":{"angle":-1.2106414353077437,"type":"board","x":536,"y":537},"55":{"angle":1.1590415465284565,"type":"board","x":224,"y":378},"56":{"angle":-1.4119292296599022,"type":"board","x":580,"y":391},"57":{"angle":-1.012508070857628,"catMass":2,"type":"catswat","x":284,"y":537},"58":{"height":77,"type":"attractor","width":77,"x":482.5,"y":701.5},"59":{"angle":0,"type":"ballstand","x":467,"y":504},"60":{"angle":6.007060094408622,"sticker":"figure3-happy","type":"sticker","x":455,"y":526},"30":{"angle":0,"type":"hook","x":612.5,"y":87},"31":{"angle":-1.3934513462640457,"type":"anvil","x":237,"y":179}}},"snapshot":{"balls":[{"age":1519,"angle":0.266985684633255,"type":4,"va":-5.7473578453063965,"vx":0.8870686292648315,"vy":-2.564116954803467,"x":9.594646453857422,"y":-13.660111427307129},{"age":1400,"angle":-2.600696325302124,"type":4,"va":-15.541582107543945,"vx":3.0437004566192627,"vy":0.7911834716796875,"x":9.330107688903809,"y":-13.814096450805664},{"age":1234,"angle":0.6609359979629517,"type":4,"va":6.863521099090576,"vx":-2.1223459243774414,"vy":3.2233314514160156,"x":9.885665893554688,"y":-14.369172096252441},{"age":1145,"angle":0.5762043595314026,"type":4,"va":-1.491044521331787,"vx":-2.219635486602783,"vy":-3.697549343109131,"x":9.922926902770996,"y":-13.785897254943848},{"age":1100,"angle":-1.1876188516616821,"type":4,"va":-2856.430908203125,"vx":-0.3068813383579254,"vy":-0.2218770980834961,"x":9.576925277709961,"y":-14.407251358032227},{"age":1065,"angle":1.9787578582763672,"type":4,"va":3.993700623325729e-43,"vx":0,"vy":6.759599546768413e-10,"x":9.719963073730469,"y":-10.554635047912598},{"age":986,"angle":-2.0724711418151855,"type":4,"va":-8.208668790757656e-3,"vx":7.259591016918421e-3,"vy":-1.196384197100997e-3,"x":14.221617698669434,"y":-1.3878533840179443},{"age":930,"angle":2.387186050415039,"type":4,"va":-310.7800598144531,"vx":-7.697983264923096,"vy":3.350851058959961,"x":9.541924476623535,"y":-2.5673980712890625},{"age":826,"angle":-2.2638051509857178,"type":4,"va":-28.693941116333008,"vx":0.3911750912666321,"vy":1.3161050081253052,"x":8.937858581542969,"y":-14.065919876098633},{"age":677,"angle":0.320718377828598,"type":4,"va":38.371212005615234,"vx":-0.477325439453125,"vy":1.8926377296447754,"x":9.30416488647461,"y":-14.179230690002441},{"age":623,"angle":-1.300577998161316,"type":4,"va":-6723.6748046875,"vx":0,"vy":-9.580597281455994e-2,"x":14.622812271118164,"y":-14.623296737670898},{"age":542,"angle":1.8779188394546509,"type":4,"va":3.4375319480895996,"vx":-0.6102189421653748,"vy":-0.9482178092002869,"x":10.243729591369629,"y":-13.848732948303223},{"age":494,"angle":2.783193826675415,"type":4,"va":-1.6343146853614599e-4,"vx":3.323583223391324e-5,"vy":1.5106951650523115e-5,"x":9.340123176574707,"y":-9.035470008850098},{"age":457,"angle":-2.9897444248199463,"type":4,"va":1.3506284952163696,"vx":-0.6864328384399414,"vy":0.18096987903118134,"x":10.021687507629395,"y":-14.08575439453125},{"age":412,"angle":0.2505143880844116,"type":4,"va":81.39292907714844,"vx":-0.2873580753803253,"vy":0.7422188520431519,"x":8.12472915649414,"y":-5.541755199432373},{"age":376,"angle":2.8565149307250977,"type":4,"va":170.9132537841797,"vx":6.176614761352539,"vy":-0.9420278072357178,"x":8.537137031555176,"y":-10.699542999267578},{"age":322,"angle":-1.110091209411621,"type":4,"va":996.082275390625,"vx":4.3813796043396,"vy":2.6718838214874268,"x":7.985848903656006,"y":-4.208062171936035},{"age":260,"angle":-0.7537935972213745,"type":4,"va":-23.430301666259766,"vx":-6.324920654296875,"vy":-1.0572502613067627,"x":8.682051658630371,"y":-3.6069700717926025},{"age":178,"angle":2.564985990524292,"type":4,"va":246.8854217529297,"vx":14.980389595031738,"vy":-9.191374778747559,"x":12.161359786987305,"y":-1.7044925689697266},{"age":107,"angle":-3.0895836353302,"type":4,"va":-3.9135234355926514,"vx":-0.4445197284221649,"vy":-2.4242563247680664,"x":10.875875473022461,"y":-0.8771242499351501},{"age":45,"angle":1.6715232133865356,"type":4,"va":-105.36537170410156,"vx":28.47850799560547,"vy":23.788780212402344,"x":12.747434616088867,"y":-0.48534154891967773}],"widgets":{"12":{"angle":1.0036638975143433,"key":"12","va":0,"vx":0,"vy":0,"x":6.699999809265137,"y":-5.079999923706055},"30":{"angle":0.3431434631347656,"key":"30","va":-0.3428001403808594,"vx":0,"vy":0,"x":12.336382865905762,"y":-2.0785117149353027},"34":{"angle":3.7120144875642594e-14,"key":"34","va":0,"vx":0,"vy":0,"x":5.159999847412109,"y":-2.0199999809265137},"57":{"angle":1.0125080347061157,"key":"57","va":0,"vx":0,"vy":0,"x":5.679999828338623,"y":-10.739999771118164},"9":{"angle":2.793809652328491,"key":"9","va":6.468730449676514,"vx":0,"vy":0,"x":9.987259864807129,"y":-5.059999942779541}}}}