{"puzzle":{"reqTiles":["Up"],"inputs":[{"x":0.65,"y":0.0,"balls":[{"type":1,"rate":0.70068359375}]}],"outputs":[{"x":0.8,"y":1.0,"balls":[{"type":1,"rate":0.70068359375}]}],"spec":{}},"blueprint":{"puzzle":"cbd41ae2-7905-59e0-acb7-7f42527dc843","title":"Fan of Curves","submittedAt":"2024-04-17T13:24:44.716368505Z","widgets":{"32":{"angle":-0.6023784901277388,"type":"brick","x":644,"y":301},"1":{"angle":-4.377865676950305e-2,"type":"board","x":361,"y":12.8207892},"33":{"angle":-0.4203517703975812,"type":"fan","x":296,"y":172},"2":{"angle":-0.23095999732008501,"type":"board","x":276,"y":30},"34":{"angle":1.4082709642542295,"type":"fan","x":586,"y":195},"66":{"angle":0.1514296131126106,"type":"fan","x":283,"y":444},"35":{"angle":-0.24977281578635288,"type":"brick","x":598,"y":321},"36":{"angle":-0.19333301872219277,"type":"brick","x":540,"y":336},"5":{"angle":-2.3361064227318833,"type":"fan","x":495,"y":74},"37":{"angle":-9.561632630376464e-2,"type":"brick","x":491,"y":344},"6":{"angle":-2.068841690219432,"type":"fan","x":417,"y":78},"38":{"angle":2.530831985519107,"type":"fan","x":552,"y":246},"7":{"angle":-2.1188112801433796,"type":"fan","x":346,"y":82},"39":{"angle":-3.45348383318286e-2,"type":"brick","x":444,"y":348},"8":{"angle":-2.0575355139795297,"type":"fan","x":274,"y":101},"40":{"angle":2.3625006875469463,"type":"sword","x":104,"y":397},"9":{"angle":-3.1534345676643065,"type":"fan","x":561,"y":37.7756526},"41":{"angle":-3.1454350938531785,"type":"fan","x":242,"y":427},"73":{"angle":3.344681768040811,"type":"anvil","x":618,"y":385},"10":{"angle":-0.457889933341049,"type":"board","x":200,"y":50.9037},"42":{"angle":2.1961719360767993,"type":"sword","x":87,"y":416},"74":{"angle":3.179428838061235,"type":"anvil","x":572,"y":378},"11":{"angle":-2.3787598126249887,"type":"fan","x":211,"y":135},"43":{"angle":-3.2359673053498907,"type":"fan","x":196,"y":448},"75":{"angle":3.7552567688524987,"type":"anvil","x":658.588,"y":403},"12":{"angle":-0.8694132782185369,"type":"board","x":122,"y":102},"44":{"angle":1.90020236653166,"type":"sword","x":68,"y":433},"76":{"angle":-1.608293790091472,"type":"anvil","x":694.274,"y":468},"13":{"angle":-4.452632180190492,"type":"board","x":89,"y":137},"45":{"angle":1.5867666504999902,"type":"sword","x":53.4986,"y":465},"77":{"angle":4.205740224210599,"type":"anvil","x":680.576,"y":429},"14":{"angle":-3.1152829363368717,"type":"fan","x":189,"y":192},"46":{"angle":-3.3855554010485505,"type":"fan","x":152,"y":485},"78":{"angle":-1.0773211967363103,"type":"fan","x":381,"y":565},"15":{"angle":1.4625759411858272,"type":"board","x":73,"y":210},"47":{"angle":1.3092326589982182,"type":"sword","x":49,"y":494},"79":{"angle":-1.2598068607327337,"type":"anvil","x":690.97,"y":512},"16":{"angle":1.0461557623451585,"type":"board","x":90,"y":269},"48":{"angle":1.0431896889594023,"type":"sword","x":52.342716,"y":522},"80":{"angle":-0.6976457583739609,"type":"anvil","x":666,"y":561},"17":{"angle":0.4318485886338045,"type":"board","x":140,"y":310},"49":{"angle":0.8268371489291431,"type":"sword","x":62.0909865,"y":547},"81":{"angle":-0.3659206932494243,"type":"anvil","x":626,"y":588},"18":{"angle":0.12743072494776242,"type":"board","x":182,"y":324},"50":{"angle":0.5408321795383415,"type":"sword","x":80,"y":568},"82":{"angle":-0.18878822287971148,"type":"anvil","x":572,"y":604},"19":{"angle":-0.26375160164616623,"type":"board","x":249,"y":318},"51":{"angle":0.29633547627997936,"type":"sword","x":95.5,"y":580},"83":{"angle":0.11135505776683005,"type":"fan","x":368,"y":417},"20":{"angle":-0.613451784308885,"type":"board","x":280,"y":300},"52":{"angle":4.1242537686216246e-2,"type":"sword","x":125,"y":594},"84":{"angle":-1.0822651966935295,"type":"fan","x":463,"y":523},"21":{"angle":-0.7505787737866626,"type":"board","x":302,"y":281},"53":{"angle":-0.2168736156664083,"type":"sword","x":160,"y":598},"85":{"angle":-0.20002362345708735,"type":"cushion","x":363,"y":651},"54":{"angle":-5.745513712299944,"type":"fan","x":218,"y":487},"86":{"angle":0,"type":"cushion","x":360,"y":625},"23":{"angle":0.11570885276858152,"type":"brick","x":568,"y":95},"55":{"angle":-0.4951944581939468,"type":"sword","x":196,"y":595},"87":{"angle":-0.6055446636049698,"type":"cushion","x":376,"y":677},"24":{"angle":-2.2356509897656656,"type":"brick","x":653,"y":152},"56":{"angle":-0.49588791365711365,"type":"fan","x":38.512342,"y":628},"88":{"angle":-0.9035783907932058,"type":"cushion","x":393,"y":695.7259555},"25":{"angle":-1.9366687825041,"type":"brick","x":673,"y":189},"57":{"angle":-0.5988166437577987,"type":"sword","x":229,"y":586},"89":{"angle":0,"type":"fan","x":284,"y":702.5},"27":{"angle":-0.406608590102834,"type":"fan","x":526,"y":179},"28":{"angle":-1.572372822051035,"type":"brick","x":682,"y":231},"29":{"angle":-0.6882747494065699,"type":"fan","x":127,"y":661.032},"30":{"angle":-1.126531466840838,"type":"brick","x":674,"y":265},"62":{"angle":-0.9567227197633748,"type":"fan","x":294.19,"y":597.186},"31":{"angle":0.49182881969918907,"type":"brick","x":612,"y":111},"63":{"angle":1.3790275376444934,"type":"fan","x":45,"y":340}}},"snapshot":{"balls":[{"age":1229,"angle":0.708881676197052,"type":1,"va":-6.349731922149658,"vx":0.7929973602294922,"vy":-0.6414394378662109,"x":11.644723892211914,"y":-14.48090934753418},{"age":1152,"angle":8.456148207187653e-2,"type":1,"va":5.643806979060173e-2,"vx":2.5554804131388664e-2,"vy":8.18413496017456e-2,"x":11.181560516357422,"y":-7.5097336769104},{"age":1100,"angle":1.5757304430007935,"type":1,"va":-1.6455470323562622,"vx":0.25919440388679504,"vy":-3.9547424763441086e-2,"x":5.613523483276367,"y":-8.459500312805176},{"age":9,"angle":2.3898873329162598,"type":1,"va":-0.614434003829956,"vx":-0.35752159357070923,"vy":-0.7197088003158569,"x":11.830785751342773,"y":-14.619508743286133},{"age":459,"angle":-2.96162486076355,"type":1,"va":-8.468120574951172,"vx":1.3733837604522705,"vy":-1.9196281433105469,"x":8.42060661315918,"y":-13.126232147216797},{"age":288,"angle":-0.3253760039806366,"type":1,"va":22.824308395385742,"vx":-5.284039497375488,"vy":-13.29791259765625,"x":1.5917564630508423,"y":-9.146018981933594},{"age":248,"angle":-2.860962152481079,"type":1,"va":39.762290954589844,"vx":-6.146958827972412,"vy":-0.6376485824584961,"x":12.175518989562988,"y":-5.917198181152344},{"age":196,"angle":1.24552321434021,"type":1,"va":-49.88890075683594,"vx":8.60921859741211,"vy":1.807664155960083,"x":10.675494194030762,"y":-2.3926615715026855},{"age":100,"angle":-0.7494640946388245,"type":1,"va":-70.29744720458984,"vx":1.7487622499465942,"vy":-11.333457946777344,"x":1.86054527759552,"y":-4.558896541595459}],"widgets":{}}}