{"puzzle":{"reqTiles":["Up"],"inputs":[{"x":0.5,"y":0.0,"balls":[{"type":1,"rate":1.0}]}],"outputs":[{"x":0.5,"y":1.0,"balls":[{"type":1,"rate":1.0}]}],"spec":{}},"blueprint":{"puzzle":"7c203eea-d339-53ae-a95d-e5520a65ae1b","title":"Hello Squirrel","submittedAt":"2024-04-06T17:44:18.631593698Z","widgets":{"0":{"angle":0,"sticker":"squobject","type":"sticker","x":132,"y":598.5},"1":{"angle":0,"sticker":"figure3-happy","type":"sticker","x":166,"y":364},"2":{"angle":0,"type":"brick","x":103,"y":634},"3":{"angle":0,"type":"brick","x":151,"y":403},"4":{"angle":0,"sticker":"knievel","type":"sticker","x":95,"y":556},"5":{"angle":0,"sticker":"determinism","type":"sticker","x":550,"y":90},"8":{"angle":0,"type":"fan","x":125.5,"y":702.5},"9":{"angle":2.912378450180531,"type":"fan","x":573.594,"y":698.1413305},"11":{"angle":0,"sticker":"figure2-happy","type":"sticker","x":659,"y":667.5},"14":{"angle":0,"sticker":"squobject","type":"sticker","x":496,"y":143},"17":{"angle":0,"type":"board","x":552,"y":171}}},"snapshot":{"balls":[{"age":69,"angle":-2.6976001262664795,"type":1,"va":-2.6527445316314697,"vx":-2.4143468588590622e-2,"vy":-9.670422554016113,"x":7.381267070770264,"y":-4.85900354385376},{"age":34,"angle":1.9098708406090736e-2,"type":1,"va":0.37470707297325134,"vx":-4.5192260295152664e-2,"vy":-1.6955548524856567,"x":7.386709213256836,"y":-0.24838531017303467}],"widgets":{}}}