{"puzzle":{"reqTiles":["Up","Left"],"inputs":[{"x":0.5,"y":0.0,"balls":[{"type":2,"rate":0.4867095947265625}]},{"x":0.0,"y":0.8,"balls":[{"type":1,"rate":0.6089426676432292}]}],"outputs":[{"x":0.5,"y":1.0,"balls":[{"type":1,"rate":0.6089426676432292}]},{"x":0.0,"y":0.35,"balls":[{"type":2,"rate":0.4867095947265625}]}],"spec":{}},"blueprint":{"puzzle":"cb9f5f49-e525-5671-ba58-a5b02ffa0187","title":"right isn't better","submittedAt":"2024-05-21T19:53:51.64497592Z","widgets":{"0":{"angle":-1.7760879086898056,"type":"fan","x":367,"y":342},"32":{"type":"roundbumper","x":365,"y":93},"1":{"angle":0,"type":"cup","x":371,"y":297},"33":{"type":"roundbumper","x":121,"y":197},"2":{"angle":0,"type":"cup","x":329,"y":297},"34":{"angle":0,"sticker":"figure2-happy","type":"sticker","x":522,"y":205},"3":{"angle":0,"type":"cup","x":289,"y":296},"35":{"angle":0,"type":"board","x":480,"y":286},"4":{"angle":0,"type":"cup","x":250,"y":297},"36":{"angle":0,"type":"board","x":573,"y":286},"5":{"angle":0,"type":"cup","x":211,"y":297},"37":{"angle":0,"type":"board","x":652.5,"y":287},"6":{"angle":0,"type":"cup","x":172,"y":297},"38":{"angle":0,"type":"brick","x":370,"y":370},"7":{"angle":0,"type":"cup","x":58,"y":297},"39":{"angle":3.1562012959188896,"sticker":"determinism","type":"sticker","x":567,"y":345},"8":{"angle":0,"type":"cup","x":133,"y":297},"40":{"angle":0,"sticker":"figure1-happy","type":"sticker","x":598,"y":213},"9":{"angle":0,"type":"cup","x":95,"y":298},"41":{"angle":0,"type":"ballstand","x":655,"y":231},"10":{"angle":0,"type":"cup","x":21,"y":296},"42":{"angle":-2.3605776806564056,"type":"fan","x":435,"y":311},"43":{"angle":1.6137599740233162,"type":"fan","x":72,"y":33},"13":{"angle":0,"type":"leftbumper","x":415,"y":230},"14":{"angle":-1.7184539852471137,"type":"fan","x":305,"y":340},"15":{"angle":-1.7720535302742815,"type":"fan","x":237,"y":344},"16":{"angle":-1.7394641222005427,"type":"fan","x":177,"y":341},"17":{"angle":-1.8139692675365344,"type":"fan","x":51,"y":358},"18":{"angle":-1.7918762856802184,"type":"fan","x":111,"y":344},"19":{"angle":-3.1096118170411793,"type":"rightbumper","x":411,"y":66},"20":{"angle":-3.143856373548722,"type":"fan","x":465,"y":241},"22":{"type":"roundbumper","x":431,"y":145},"23":{"angle":1.6117187825682302,"type":"leftbumper","x":48.6057505,"y":710.0801635},"24":{"angle":2.386690168702749,"type":"rightbumper","x":273,"y":401},"25":{"type":"roundbumper","x":368,"y":198},"28":{"type":"roundbumper","x":182,"y":147},"29":{"type":"roundbumper","x":247,"y":195},"30":{"type":"roundbumper","x":235,"y":94},"31":{"type":"roundbumper","x":306,"y":141}}},"snapshot":{"balls":[{"age":1344,"angle":-1.601941704750061,"type":2,"va":28.78302001953125,"vx":-0.2337753176689148,"vy":3.411940813064575,"x":0.4447212219238281,"y":-3.925271987915039},{"age":889,"angle":1.1048649549484253,"type":1,"va":0,"vx":0,"vy":0,"x":14.352428436279297,"y":-14.621304512023926},{"age":832,"angle":-2.6540184020996094,"type":2,"va":-29.574228286743164,"vx":-8.561022758483887,"vy":14.216267585754395,"x":5.748420238494873,"y":-4.9646148681640625},{"age":696,"angle":-2.8901925086975098,"type":2,"va":-29.39036750793457,"vx":15.386027336120605,"vy":-8.572514533996582,"x":2.0398049354553223,"y":-2.1108744144439697},{"age":567,"angle":-0.8191406726837158,"type":2,"va":-19.203603744506836,"vx":1.6185073852539062,"vy":1.4974074363708496,"x":1.873099684715271,"y":-5.013063430786133},{"age":475,"angle":-1.586255431175232,"type":2,"va":-75.36317443847656,"vx":-12.26701545715332,"vy":18.442426681518555,"x":4.695809841156006,"y":-1.1797537803649902},{"age":311,"angle":1.3466700315475464,"type":2,"va":-30.75977897644043,"vx":-4.930881500244141,"vy":-11.575234413146973,"x":2.342094659805298,"y":-2.005904197692871},{"age":241,"angle":3.119481086730957,"type":2,"va":15.560026168823242,"vx":3.4038643836975098,"vy":4.3460516929626465,"x":2.175260305404663,"y":-5.21215295791626},{"age":177,"angle":2.767091751098633,"type":2,"va":11.204386711120605,"vx":-32.327789306640625,"vy":-1.9434986114501953,"x":7.5918660163879395,"y":-0.6871594786643982},{"age":106,"angle":-7.331782579421997e-2,"type":1,"va":-4.817629337310791,"vx":17.547821044921875,"vy":22.968780517578125,"x":4.174618721008301,"y":-9.478129386901855},{"age":56,"angle":-2.248121976852417,"type":1,"va":-0.29815712571144104,"vx":0.4717825949192047,"vy":-0.7064318060874939,"x":0.3251396715641022,"y":-11.946489334106445}],"widgets":{}}}