{"puzzle":{"reqTiles":["Up","Left"],"inputs":[{"x":0.65,"y":0.0,"balls":[{"type":2,"rate":0.5555013020833334}]},{"x":0.0,"y":0.35,"balls":[{"type":3,"rate":0.564453125}]}],"outputs":[{"x":0.8,"y":1.0,"balls":[{"type":3,"rate":0.564453125}]},{"x":0.0,"y":0.5,"balls":[{"type":2,"rate":0.5555013020833334}]}],"spec":{}},"blueprint":{"puzzle":"9e4cddb2-e552-5b3d-921b-4fb30c3c811d","title":"zoooooooooom","submittedAt":"2024-04-24T14:43:07.617391165Z","widgets":{"32":{"angle":1.4500914369763027,"type":"board","x":274,"y":485},"33":{"angle":0.41174108259463316,"type":"board","x":360,"y":600},"2":{"angle":0,"type":"board","x":362.5,"y":293},"3":{"angle":0,"type":"board","x":236,"y":293},"4":{"angle":0,"type":"board","x":87.5,"y":292},"36":{"angle":1.4568364193524375,"type":"brick","x":435,"y":323},"5":{"angle":0,"type":"board","x":249,"y":349},"6":{"angle":0,"type":"board","x":87.5,"y":349},"38":{"angle":0.575357623901321,"type":"fan","x":40.1215155,"y":203},"7":{"angle":0,"type":"board","x":366,"y":348},"39":{"angle":0.6044214892363894,"type":"fan","x":178,"y":210},"8":{"angle":0,"type":"board","x":406,"y":395},"40":{"angle":0.42731794352678604,"type":"fan","x":293,"y":200},"9":{"angle":-8.734821221659833e-3,"type":"board","x":87.5752874,"y":397},"10":{"angle":0,"type":"board","x":243,"y":394},"11":{"angle":0.617495278999701,"type":"board","x":502.5,"y":681.9999585},"12":{"angle":-1.6556981202446186,"type":"board","x":593.5,"y":306},"13":{"angle":-1.100521379526783,"type":"board","x":657,"y":657.920471},"14":{"angle":-3.141592653589793,"type":"fan","x":629,"y":392},"16":{"angle":0,"type":"cushion","x":483,"y":395},"17":{"angle":-2.6504755150110038,"type":"fan","x":432,"y":431},"18":{"angle":-2.4441290838280127,"type":"fan","x":360,"y":451},"19":{"angle":-2.9159237933585866,"type":"fan","x":392,"y":427},"20":{"angle":-2.788952820623154,"type":"fan","x":218,"y":427},"21":{"angle":-2.562496778268129,"type":"fan","x":256,"y":427},"22":{"angle":-2.540345791377496,"type":"fan","x":307,"y":437},"23":{"angle":2.7774241668508655,"type":"fan","x":153,"y":315},"24":{"angle":2.615842955571825,"type":"fan","x":89,"y":311},"25":{"angle":-2.50484997552928,"type":"fan","x":101,"y":434},"26":{"angle":-2.6112994647882,"type":"fan","x":144,"y":431},"27":{"angle":-2.7555833151162026,"type":"fan","x":182,"y":434},"28":{"angle":2.7233178815037156,"type":"fan","x":361,"y":314},"29":{"angle":2.8382048401113598,"type":"fan","x":304,"y":316},"30":{"angle":2.7252593192577628,"type":"fan","x":255,"y":316},"31":{"angle":2.5814023230212815,"type":"fan","x":207,"y":317}}},"snapshot":{"balls":[{"age":610,"angle":-4.634063318371773e-2,"type":2,"va":-8.688050478813866e-44,"vx":0,"vy":1.2441887520253658e-9,"x":14.620077133178711,"y":-14.621301651000977},{"age":475,"angle":0.8273447751998901,"type":3,"va":5.9558796882629395,"vx":-0.3094445466995239,"vy":-0.30759602785110474,"x":11.73601245880127,"y":-14.39544677734375},{"age":409,"angle":0.753139317035675,"type":3,"va":-22.103618621826172,"vx":3.5832326412200928,"vy":-1.4082568883895874,"x":9.481696128845215,"y":-5.623439788818359},{"age":355,"angle":0.12015971541404724,"type":2,"va":-10.778033256530762,"vx":-0.6865370273590088,"vy":5.76529598236084,"x":11.4808349609375,"y":-14.1204833984375},{"age":295,"angle":0.15438655018806458,"type":3,"va":-11.268411636352539,"vx":1.7958009243011475,"vy":-9.791905991733074e-3,"x":3.200416088104248,"y":-5.5017876625061035},{"age":151,"angle":2.033783197402954,"type":3,"va":-0.823054313659668,"vx":0.13038228452205658,"vy":5.119219422340393e-4,"x":0.7907018661499023,"y":-5.501307010650635},{"age":148,"angle":-2.443675994873047,"type":2,"va":20.59819793701172,"vx":-13.393028259277344,"vy":0.308180570602417,"x":6.162986755371094,"y":-7.404330253601074},{"age":33,"angle":-2.834089756011963,"type":3,"va":-2.089738368988037,"vx":0.7696504592895508,"vy":-0.4190884232521057,"x":0.22467297315597534,"y":-5.272610187530518}],"widgets":{}}}