{"puzzle":{"reqTiles":["Up"],"inputs":[{"x":0.65,"y":0.0,"balls":[{"type":3,"rate":0.6670608520507813}]}],"outputs":[{"x":0.5,"y":1.0,"balls":[{"type":3,"rate":0.6672954559326172}]}],"spec":{}},"blueprint":{"puzzle":"b04a6663-8ea2-5918-b4ca-beee6a5474a0","title":"Pick a sword","submittedAt":"2024-06-06T12:33:38.730857323Z","widgets":{"0":{"angle":-3.153421754816366,"type":"sword","x":573.274269,"y":719.6674245},"32":{"angle":-1.577430636195094,"type":"board","x":9.580277,"y":472},"1":{"angle":0,"type":"sword","x":164.5,"y":720.5},"33":{"angle":1.5787333389981915,"type":"board","x":730.3057895,"y":482},"2":{"angle":0.6708881996887979,"type":"sword","x":206.250088,"y":603},"34":{"angle":1.5806614776050156,"type":"brick","x":295,"y":34.1315115},"3":{"angle":2.3990124011185974,"type":"sword","x":529,"y":603},"35":{"angle":1.567080996647996,"type":"brick","x":715.373785,"y":34.0499145},"4":{"angle":2.076466525812752,"type":"sword","x":484,"y":564},"36":{"angle":-1.579754653776451,"type":"brick","x":402,"y":34.119574},"5":{"angle":0.692666364395985,"type":"sword","x":291,"y":673.415023},"37":{"angle":-1.5802962475262958,"type":"brick","x":13.8223925,"y":705.873276},"6":{"angle":2.3907111378607966,"type":"sword","x":448,"y":677.6428325},"38":{"angle":-1.5718813173275519,"type":"brick","x":503,"y":34.0146135},"7":{"angle":2.5743494557912867,"type":"sword","x":549,"y":629},"39":{"angle":1.578400742948591,"type":"brick","x":556,"y":34.101667},"8":{"angle":2.2584197034052242,"type":"sword","x":507,"y":581},"40":{"angle":1.5515679276951897,"type":"brick","x":348,"y":34.2532765},"9":{"angle":1.0850743492230144,"type":"sword","x":257,"y":558},"41":{"angle":-1.5530729242872137,"type":"brick","x":609,"y":34.233908},"10":{"angle":4.87554687187607e-3,"type":"sword","x":275.806538,"y":720.156487},"42":{"angle":-1.5707963267948966,"type":"brick","x":453,"y":34},"11":{"angle":0.5415929030696989,"type":"sword","x":186.905213,"y":630},"43":{"angle":1.5833742798071788,"type":"brick","x":663.073415,"y":34.167119},"12":{"angle":0.34985252146201873,"type":"sword","x":173,"y":658},"44":{"angle":0,"type":"brick","x":34,"y":726.5},"13":{"angle":2.7614012997682025,"type":"sword","x":565,"y":658},"45":{"angle":1.5707963267948966,"type":"brick","x":35,"y":34},"14":{"angle":2.091636521514505,"type":"sword","x":428,"y":663},"46":{"angle":1.5788096516846253,"type":"brick","x":88,"y":34.1070875},"15":{"angle":2.787684414692645,"type":"sword","x":460,"y":697.2756275},"47":{"angle":1.5863136277777001,"type":"brick","x":140,"y":34.2053995},"16":{"angle":2.9751270726836485,"type":"sword","x":572.210232,"y":688},"48":{"angle":-1.5685839410239912,"type":"brick","x":193,"y":34.029794},"17":{"angle":3.139306964570033,"type":"sword","x":462,"y":720.3389055},"49":{"angle":1.5605925993009426,"type":"brick","x":243,"y":34.135986},"18":{"angle":1.064565479008026,"type":"sword","x":310,"y":657},"50":{"angle":-1.5805942841416962,"type":"brick","x":726.167516,"y":705.869359},"19":{"angle":0.3395507339330205,"type":"sword","x":279,"y":695.936988},"51":{"angle":0,"type":"brick","x":706,"y":726.5},"20":{"angle":0.882577059756037,"type":"sword","x":230,"y":579},"52":{"angle":0,"sticker":"cat","type":"sticker","x":644,"y":454},"21":{"angle":0.17588536445719272,"type":"sword","x":166,"y":690},"53":{"angle":0,"sticker":"kingbun","type":"sticker","x":692,"y":451},"22":{"height":366,"type":"repulsor","width":366,"x":183,"y":365.5},"54":{"angle":0,"sticker":"determinism","type":"sticker","x":71.5,"y":415},"23":{"height":367,"type":"repulsor","width":367,"x":556.5,"y":365.5},"55":{"angle":0,"sticker":"squobject","type":"sticker","x":601,"y":446},"24":{"angle":0,"sticker":"figure1-happy","type":"sticker","x":185,"y":403},"56":{"angle":0,"catMass":2,"type":"catswat","x":154,"y":444},"25":{"angle":0,"sticker":"figure2-happy","type":"sticker","x":560,"y":402},"57":{"angle":0,"sticker":"figure2-sad","type":"sticker","x":696,"y":645},"26":{"angle":4.069771244554481,"type":"sword","x":108,"y":282},"58":{"angle":0,"sticker":"knievel","type":"sticker","x":38,"y":645},"27":{"angle":-0.7459399268762,"type":"sword","x":641,"y":299},"28":{"angle":0,"type":"board","x":604,"y":478},"29":{"angle":0,"type":"board","x":121,"y":474},"30":{"angle":0,"type":"board","x":87.5,"y":474},"31":{"angle":0,"type":"board","x":652.5,"y":478}}},"snapshot":{"balls":[{"age":753,"angle":2.058739423751831,"type":3,"va":1.1914859060198069e-3,"vx":-1.7246931791305542e-2,"vy":-3.770429268479347e-2,"x":8.807535171508789,"y":-12.30821418762207},{"age":188,"angle":-3.129875659942627,"type":3,"va":-22.116456985473633,"vx":-1.9062741994857788,"vy":-3.4518299102783203,"x":7.351271629333496,"y":-11.871844291687012},{"age":86,"angle":-2.2894105911254883,"type":3,"va":-1.7198492288589478,"vx":-3.6645703315734863,"vy":-6.758086204528809,"x":8.936232566833496,"y":-6.287597179412842},{"age":18,"angle":-5.349229648709297e-2,"type":3,"va":-2.5196878910064697,"vx":-6.498337537050247e-2,"vy":-0.9481277465820312,"x":9.605335235595703,"y":-7.585467398166656e-2}],"widgets":{"56":{"angle":0,"key":"56","va":0,"vx":0,"vy":0,"x":3.0799999237060547,"y":-8.880000114440918}}}}