{"puzzle":{"reqTiles":["Up","Left"],"inputs":[{"x":0.2,"y":0.0,"balls":[{"type":3,"rate":0.42578125}]},{"x":0.0,"y":0.5,"balls":[{"type":4,"rate":0.8125}]}],"outputs":[{"x":0.35,"y":1.0,"balls":[{"type":4,"rate":0.8125}]},{"x":0.0,"y":0.8,"balls":[{"type":3,"rate":0.42578125}]}],"spec":{}},"blueprint":{"puzzle":"95965042-e02f-5dbf-9971-c83cb0a39c12","title":"The last arcade has closed forever","submittedAt":"2024-04-16T18:41:49.277662145Z","widgets":{"0":{"height":204,"type":"repulsor","width":204,"x":102,"y":619},"32":{"angle":6.004703116951546e-2,"type":"brick","x":280,"y":383},"64":{"angle":-0.3292597218702792,"type":"board","x":387,"y":49.649},"96":{"angle":-4.17970898116133,"type":"anvil","x":210,"y":248},"1":{"angle":-0.4340670953734532,"type":"board","x":83.1705885,"y":580},"33":{"angle":5.255480629592195e-2,"type":"brick","x":260,"y":331},"65":{"angle":-7.657089795348532e-2,"type":"board","x":551,"y":15.6670387},"97":{"angle":0,"sticker":"cat","type":"sticker","x":219,"y":274},"2":{"angle":-1.2951487958127128,"type":"fan","x":42.4803325,"y":663},"34":{"angle":6.753345575034223e-2,"type":"brick","x":195,"y":302},"66":{"angle":0,"type":"brick","x":665,"y":13.5},"98":{"angle":-0.19506486781562127,"type":"anvil","x":603,"y":706.46103},"3":{"angle":0.19169677893588974,"type":"brick","x":35.9492755,"y":406},"35":{"angle":5.32728661882606e-2,"type":"brick","x":261,"y":306},"67":{"type":"roundbumper","x":494,"y":283},"99":{"angle":2.075360012967542,"type":"anvil","x":593,"y":687.2089475},"4":{"angle":1.6420162282064183,"type":"board","x":164,"y":89},"36":{"angle":6.067677061299384e-2,"type":"brick","x":227,"y":305},"68":{"angle":3.140009851306866,"type":"leftbumper","x":346,"y":127},"100":{"angle":-2.545903949916291,"type":"anvil","x":376,"y":693.2157765},"5":{"angle":2.4380462671118344,"type":"brick","x":34.660333,"y":435},"37":{"angle":5.4560484806622095e-2,"type":"brick","x":215,"y":352},"69":{"angle":0,"type":"board","x":412,"y":72},"101":{"angle":2.8564619339247828,"type":"anvil","x":378,"y":701},"6":{"angle":1.5623250620978657,"type":"board","x":307,"y":652.4269096},"38":{"angle":4.953847954860357e-2,"type":"brick","x":197,"y":276},"70":{"type":"roundbumper","x":493,"y":50},"7":{"angle":1.5576533337547238,"type":"board","x":307,"y":484},"39":{"angle":6.589808094969242e-2,"type":"brick","x":260,"y":281},"71":{"angle":0.6586281301834105,"type":"brick","x":650,"y":168},"8":{"angle":1.5975086698567282,"type":"board","x":156,"y":257},"40":{"type":"roundbumper","x":495,"y":520},"72":{"type":"roundbumper","x":617,"y":285},"9":{"angle":1.729223159412755,"type":"board","x":226,"y":652.1758775},"41":{"type":"roundbumper","x":426,"y":402},"73":{"type":"roundbumper","x":369,"y":284},"10":{"angle":-0.26482531985245394,"type":"brick","x":158,"y":570},"42":{"type":"roundbumper","x":557,"y":402},"74":{"angle":0,"sticker":"figure3-sad","type":"sticker","x":53,"y":243},"11":{"angle":0,"type":"brick","x":192,"y":540},"43":{"angle":1.5740272889873717,"type":"board","x":674,"y":600},"75":{"angle":8.670543582167545e-2,"type":"brick","x":198,"y":253},"12":{"angle":0,"type":"brick","x":176,"y":517},"76":{"angle":3.3555874546944364e-2,"type":"brick","x":262,"y":256},"13":{"angle":1.5514111462813973,"type":"brick","x":14.156518,"y":445},"45":{"angle":1.1125321158883614,"type":"leftbumper","x":685.013979,"y":693.875364},"77":{"angle":3.5016793887442145e-2,"type":"brick","x":226,"y":255},"46":{"angle":0,"type":"board","x":598,"y":656},"78":{"angle":5.767631374223854e-2,"type":"brick","x":198,"y":227},"15":{"angle":1.5916434706739526,"type":"cushion","x":20.3504381,"y":508},"47":{"angle":0,"type":"board","x":391,"y":656},"79":{"angle":1.7457449848779394e-2,"type":"brick","x":265,"y":230},"16":{"angle":-1.5240193245284663,"type":"board","x":122.581,"y":90.8947},"48":{"angle":0,"type":"board","x":391,"y":673},"80":{"angle":3.645965494506039e-2,"type":"brick","x":200,"y":203},"17":{"angle":-1.5287366305617007,"type":"board","x":116,"y":257},"49":{"angle":0,"type":"board","x":598,"y":672},"81":{"angle":1.870095152026809e-2,"type":"brick","x":266,"y":206},"18":{"angle":0.13847217866112693,"type":"brick","x":73,"y":324},"50":{"angle":0,"type":"board","x":390,"y":688},"82":{"angle":2.1036105936312686e-2,"type":"brick","x":231,"y":204},"19":{"angle":9.081663988105171e-2,"type":"brick","x":35.0842266,"y":319},"51":{"angle":0,"type":"board","x":598,"y":687},"83":{"angle":1.7902056933506626e-2,"type":"brick","x":266,"y":181},"20":{"angle":0,"sticker":"determinism","type":"sticker","x":136,"y":687},"52":{"angle":0,"type":"board","x":390,"y":704},"84":{"angle":1.8679245548801855e-2,"type":"brick","x":201,"y":180},"21":{"angle":-0.6202080341297745,"type":"cushion","x":145,"y":553},"53":{"angle":0,"type":"board","x":598,"y":704},"85":{"angle":0,"type":"brick","x":268,"y":156},"22":{"angle":4.3875709670632056e-2,"type":"brick","x":214,"y":565},"54":{"angle":0,"type":"board","x":390,"y":720},"86":{"angle":5.247702831688411e-2,"type":"brick","x":202,"y":155},"23":{"angle":3.979461233617392e-2,"type":"brick","x":224,"y":402},"55":{"angle":0,"type":"board","x":597,"y":721},"87":{"angle":0,"type":"brick","x":230,"y":155},"24":{"angle":2.0125370261593608e-2,"type":"brick","x":224,"y":378},"56":{"angle":0,"type":"board","x":390,"y":731},"88":{"angle":-0.25068399722087864,"type":"brick","x":270,"y":91},"25":{"angle":3.5184499600525686e-2,"type":"brick","x":178,"y":351},"57":{"angle":0,"type":"board","x":597,"y":731},"89":{"angle":-0.23776347243647047,"type":"brick","x":207,"y":106},"26":{"angle":3.50815666234985e-2,"type":"brick","x":280,"y":357},"58":{"angle":1.5814506192650999,"type":"brick","x":303,"y":340},"90":{"angle":1.671327609406261e-2,"type":"brick","x":204,"y":128},"27":{"angle":5.8644764986519056e-2,"type":"brick","x":193,"y":327},"59":{"angle":1.6211347980913504,"type":"brick","x":304,"y":275},"91":{"angle":0,"type":"brick","x":269,"y":107},"28":{"angle":0,"type":"leftbumper","x":638,"y":602.5},"60":{"angle":1.567614057451276,"type":"board","x":674,"y":430},"92":{"angle":1.7850976839929783e-2,"type":"brick","x":270,"y":131},"29":{"angle":0,"type":"rightbumper","x":345,"y":603.5},"61":{"angle":1.5726935304517207,"type":"board","x":674,"y":264},"93":{"angle":-0.8846577930703681,"type":"anvil","x":235,"y":239},"30":{"angle":-1.4726188280511066,"type":"board","x":297,"y":652.0392209},"62":{"angle":3.1353397976326964,"type":"rightbumper","x":711.7035511,"y":47.674129},"94":{"angle":-2.3432517075410555,"type":"anvil","x":219,"y":254},"31":{"angle":1.2301204844958495,"type":"board","x":278,"y":491},"63":{"angle":1.5920779942606595,"type":"board","x":310,"y":159},"95":{"angle":-0.30515675291978345,"type":"anvil","x":242,"y":261}}},"snapshot":{"balls":[{"age":541,"angle":-2.2204222679138184,"type":4,"va":23.42462921142578,"vx":-0.34836670756340027,"vy":-3.762852191925049,"x":5.516279220581055,"y":-13.864507675170898},{"age":427,"angle":-1.651141881942749,"type":4,"va":14.978679656982422,"vx":0.32764485478401184,"vy":-2.578439474105835,"x":5.673572540283203,"y":-12.198561668395996},{"age":379,"angle":0.372214138507843,"type":4,"va":-0.3090496063232422,"vx":0.41459551453590393,"vy":1.1664974689483643,"x":2.186811685562134,"y":-8.572562217712402},{"age":286,"angle":2.648071765899658,"type":4,"va":-3.5105793476104736,"vx":1.921170949935913,"vy":-0.9089404344558716,"x":4.305419445037842,"y":-9.352962493896484},{"age":217,"angle":-0.8485802412033081,"type":4,"va":-6.217886924743652,"vx":1.9482866525650024,"vy":0.7150481343269348,"x":2.7073583602905273,"y":-8.205323219299316},{"age":120,"angle":1.867352843284607,"type":4,"va":-5.495670318603516,"vx":0.8370072841644287,"vy":-0.1624464988708496,"x":1.0754170417785645,"y":-7.7526726722717285},{"age":153,"angle":-1.021705150604248,"type":3,"va":11.547578811645508,"vx":0.38050827383995056,"vy":1.5717493295669556,"x":0.7719492316246033,"y":-10.88844108581543},{"age":70,"angle":-2.746687412261963,"type":4,"va":1.1209688186645508,"vx":0.8661364912986755,