{"puzzle":{"reqTiles":["Up","Left"],"inputs":[{"x":0.8,"y":0.0,"balls":[{"type":1,"rate":0.734375}]},{"x":0.0,"y":0.5,"balls":[{"type":4,"rate":0.5}]}],"outputs":[{"x":0.2,"y":1.0,"balls":[{"type":4,"rate":0.5}]},{"x":0.0,"y":0.2,"balls":[{"type":1,"rate":0.7578125}]}],"spec":{}},"blueprint":{"puzzle":"bdc741c1-2904-52d4-b5af-15a919fe5502","title":"Flush","submittedAt":"2024-04-11T21:00:36.82966411Z","widgets":{"0":{"angle":0.2873987273521142,"type":"board","x":86.4622327,"y":415},"32":{"angle":-0.19322291614225717,"type":"board","x":232,"y":57},"1":{"angle":-1.0432019379685902,"type":"board","x":569,"y":102},"2":{"angle":0,"type":"board","x":415,"y":443},"34":{"angle":0,"type":"brick","x":34,"y":174},"35":{"angle":-0.10496513240331193,"type":"brick","x":55,"y":173},"36":{"angle":-0.24076921065260812,"type":"brick","x":78,"y":169},"5":{"angle":1.5671036514648438,"type":"board","x":493,"y":365},"37":{"angle":-0.606799978946331,"type":"brick","x":109,"y":158},"6":{"angle":0,"type":"lefthook","x":206.127,"y":471.174},"38":{"angle":2.743817205872857,"type":"board","x":191,"y":61},"7":{"angle":-1.112764886038924,"type":"fan","x":44.025988,"y":471},"39":{"angle":2.550306792387999,"type":"board","x":157,"y":73.584},"8":{"angle":-1.6793614665427177,"type":"fan","x":451,"y":461},"40":{"angle":1.5670144637482604,"type":"board","x":113.5,"y":650},"9":{"angle":-1.6258508595177301,"type":"fan","x":377,"y":464},"41":{"angle":1.8723298955616219,"type":"board","x":133,"y":561},"10":{"angle":3.165392227355635,"type":"fan","x":472,"y":541},"42":{"angle":-1.2479437373779232,"type":"board","x":219,"y":642.558},"43":{"angle":0,"type":"brick","x":273,"y":561},"44":{"angle":1.546307885823785,"type":"brick","x":298,"y":587},"13":{"angle":-0.16397372989140901,"type":"board","x":419,"y":625},"45":{"angle":0,"type":"fan","x":277,"y":591},"14":{"angle":-0.43069302331784076,"type":"board","x":487,"y":605},"46":{"angle":0,"type":"cup","x":314,"y":716.5},"15":{"angle":-0.731074240908714,"type":"board","x":531,"y":576},"47":{"angle":0,"type":"cup","x":275,"y":716.5},"16":{"angle":-0.9676053159615547,"type":"board","x":556,"y":551},"17":{"angle":-1.1609164064402593,"type":"board","x":576,"y":525},"18":{"angle":-0.5673086697167556,"type":"fan","x":374,"y":669},"19":{"angle":-1.3396131070124795,"type":"board","x":596,"y":484},"20":{"angle":-0.9610631989325379,"type":"fan","x":474,"y":648},"21":{"angle":-1.4154592108045299,"type":"fan","x":552,"y":615},"22":{"angle":-1.198209085550116,"type":"fan","x":516,"y":634},"23":{"angle":-0.8064189172864527,"type":"fan","x":424,"y":660},"24":{"angle":-1.5687761275229821,"type":"board","x":609.5,"y":415},"25":{"angle":-1.821078702440529,"type":"board","x":604,"y":352},"26":{"angle":-2.0607441628553778,"type":"board","x":585,"y":287},"27":{"angle":-2.25941430913877,"type":"board","x":567,"y":247},"28":{"angle":0.5957503347599675,"type":"board","x":412,"y":101},"29":{"angle":0.26906625588808913,"type":"board","x":382,"y":87},"30":{"angle":9.319396148188e-2,"type":"board","x":327,"y":68},"31":{"angle":-5.2801617186078106e-2,"type":"board","x":273,"y":58}}},"snapshot":{"balls":[{"age":1535,"angle":-2.8834006786346436,"type":1,"va":0,"vx":0,"vy":0,"x":6.296727657318115,"y":-14.484637260437012},{"age":1071,"angle":-1.9894286394119263,"type":1,"va":0.6652618050575256,"vx":-0.1059933677315712,"vy":6.402842700481415e-10,"x":0.8429024815559387,"y":-3.0513055324554443},{"age":814,"angle":1.449931263923645,"type":1,"va":2.2765703201293945,"vx":-0.3613620102405548,"vy":0.22465726733207703,"x":0.44957202672958374,"y":-3.0496950149536133},{"age":691,"angle":-2.9969687461853027,"type":4,"va":-0.8276867866516113,"vx":0.11786659806966782,"vy":-0.4774450361728668,"x":3.5737147331237793,"y":-9.131004333496094},{"age":20,"angle":-1.9288136959075928,"type":1,"va":3.1928391456604004,"vx":-1.1089247465133667,"vy":0.11326166987419128,"x":2.5283344089984894e-2,"y":-2.9428467750549316},{"age":585,"angle":-3.011805295944214,"type":4,"va":-1.0284310579299927,"vx":0.16554152965545654,"vy":-0.5035004615783691,"x":4.541464328765869,"y":-9.201104164123535},{"age":625,"angle":-0.5422466397285461,"type":1,"va":-64.99127197265625,"vx":-6.2999043464660645,"vy":3.7084767818450928,"x":8.91415786743164,"y":-2.8893942832946777},{"age":515,"angle":-0.2051398754119873,"type":1,"va":-1.0649079084396362,"vx":0.17049282789230347,"vy":-0.528204619884491,"x":4.222965240478516,"y":-9.178492546081543},{"age":454,"angle":1.3665716648101807,"type":4,"va":17.50933837890625,"vx":-3.464783191680908,"vy":-1.2206870317459106,"x":3.9576759338378906,"y":-10.686805725097656},{"age":420,"angle":-0.21805709600448608,"type":1,"va":-7.735958099365234,"vx":0.33328431844711304,"vy":-7.117170333862305,"x":6.787258148193359,"y":-11.898313522338867},{"age":345,"angle":-2.8466784954071045,"type":1,"va":-1.0790235996246338,"vx":0.17100563645362854,"vy":-0.5210860967636108,"x":3.9038431644439697,"y":-9.15538501739502},{"age":281,"angle":2.4228696823120117,"type":4,"va":-4.868037700653076,"vx":0.6911892294883728,"vy":-0.5372520089149475,"x":6.145559787750244,"y":-9.313532829284668},{"age":241,"angle":0.29536017775535583,"type":1,"va":-13.103240966796875,"vx":-2.3992385864257812,"vy":-0.7748203873634338,"x":4.8153605461120605,"y":-9.228899002075195},{"age":125,"angle":-1.802733063697815,"type":4,"va":-6.067776679992676,"vx":4.30642032623291,"vy":4.8800950050354,"x":2.854022979736328,"y":-4.965450763702393},{"age":136,"angle":2.1977100372314453,"type":1,"va":24.33664321899414,"vx":-1.7037855386734009,"vy":-1.1704503297805786,"x":5.107302188873291,"y":-9.321768760681152},{"age":94,"angle":2.8317642211914062,"type":1,"va":53.21920394897461,"vx":-8.715243339538574,"vy":-2.4170379638671875,"x":7.987926483154297,"y":-4.09071159362793}],"widgets":{"6":{"angle":-0.11694779247045517,"key":"6","va":-0.5293464660644531,"vx":0,"vy":0,"x":4.105988502502441,"y":-9.542123794555664}}}}