{"puzzle":{"reqTiles":["Up","Left"],"inputs":[{"x":0.65,"y":0.0,"balls":[{"type":1,"rate":1.0}]},{"x":0.0,"y":0.2,"balls":[{"type":3,"rate":1.0}]}],"outputs":[{"x":0.8,"y":1.0,"balls":[{"type":3,"rate":1.0}]},{"x":0.0,"y":0.35,"balls":[{"type":1,"rate":1.0}]}],"spec":{}},"blueprint":{"puzzle":"b070f239-1564-5dab-9069-3a3ea2e03779","title":"Crossroads","submittedAt":"2024-04-06T22:12:08.896305319Z","widgets":{"32":{"angle":0,"type":"board","x":87.5,"y":343},"1":{"angle":1.52530551933318,"type":"board","x":568,"y":643},"2":{"angle":1.623079028894591,"type":"board","x":622,"y":648},"3":{"angle":1.5672479349031014,"type":"board","x":568,"y":468},"4":{"angle":1.5745680122740644,"type":"board","x":623,"y":474},"5":{"angle":0,"type":"board","x":98,"y":174},"6":{"angle":1.2039010075641218e-2,"type":"board","x":101,"y":119},"7":{"angle":-1.1550479437033594,"type":"board","x":475,"y":97},"8":{"angle":-1.1503216591591576,"type":"board","x":418,"y":87},"9":{"angle":-0.4272136867897734,"type":"board","x":350,"y":293},"10":{"angle":0.1717023654698063,"type":"board","x":270,"y":191},"11":{"angle":0.6958681599062871,"type":"board","x":496,"y":322},"12":{"angle":0.6825083976141559,"type":"board","x":388,"y":502},"13":{"angle":4.196213861098014,"type":"hammer","x":597,"y":321},"14":{"angle":0.20932628827753397,"type":"board","x":183,"y":312},"15":{"angle":0,"type":"anvil","x":48,"y":307},"16":{"angle":3.474866386726368,"type":"fan","x":318,"y":340},"17":{"angle":3.117861858240995,"type":"fan","x":269,"y":242},"18":{"angle":0.41214771941243683,"type":"fan","x":149,"y":82},"20":{"angle":0,"sticker":"figure2-happy","type":"sticker","x":420,"y":364},"21":{"angle":-0.7326179618602923,"type":"board","x":388,"y":504},"22":{"angle":0,"type":"board","x":388,"y":446},"23":{"angle":-0.6932997969645752,"type":"board","x":392,"y":608},"24":{"angle":0.7325696099629266,"type":"board","x":389,"y":611},"25":{"angle":0,"type":"board","x":392,"y":555},"26":{"angle":0.4101529804828672,"type":"board","x":407,"y":696.855835},"27":{"angle":-0.4133542591271247,"type":"board","x":377,"y":696.6107265},"28":{"angle":0,"type":"board","x":388,"y":661},"30":{"angle":0,"sticker":"determinism","type":"sticker","x":175,"y":687},"31":{"angle":0,"sticker":"squobject","type":"sticker","x":130,"y":615}}},"snapshot":{"balls":[{"age":1002,"angle":1.224606990814209,"type":1,"va":0.12232848256826401,"vx":-4.411568492650986e-2,"vy":-5.196630372665823e-4,"x":0.6129288673400879,"y":-5.4813032150268555},{"age":839,"angle":-1.4465391635894775,"type":1,"va":3.9765100479125977,"vx":-0.6840706467628479,"vy":5.697993328794837e-4,"x":1.0653612613677979,"y":-5.48140287399292},{"age":538,"angle":0.11137547343969345,"type":3,"va":-15.838479995727539,"vx":0.32741233706474304,"vy":-7.106208801269531,"x":11.762608528137207,"y":-10.69577407836914},{"age":441,"angle":1.455514907836914,"type":3,"va":-17.19001007080078,"vx":2.689972162246704,"vy":-0.5013404488563538,"x":5.931075096130371,"y":-3.568953037261963},{"age":374,"angle":-0.9150732159614563,"type":3,"va":-12.312602996826172,"vx":1.935083270072937,"vy":-0.36514824628829956,"x":4.902642726898193,"y":-3.390594244003296},{"age":399,"angle":0.7090932726860046,"type":1,"va":4.833783149719238,"vx":-0.5931009650230408,"vy":-9.898273646831512e-2,"x":0.3150462508201599,"y":-3.8253259658813477},{"age":338,"angle":-2.2911810874938965,"type":1,"va":5.511325836181641,"vx":0.9664806127548218,"vy":-2.4138567447662354,"x":0.5837000012397766,"y":-4.583103656768799},{"age":301,"angle":-2.7967326641082764,"type":3,"va":-4.355967044830322,"vx":0.6930997371673584,"vy":9.313225746154785e-10,"x":3.337916612625122,"y":-3.1414287090301514},{"age":304,"angle":2.962412118911743,"type":1,"va":34.284664154052734,"vx":-3.942887306213379,"vy":0.9718443751335144,"x":0.526665449142456,"y":-4.042134761810303},{"age":233,"angle":1.373136043548584,"type":3,"va":-3.1664741039276123,"vx":0.5042104125022888,"vy":0,"x":1.7982550859451294,"y":-3.141369342803955},{"age":242,"angle":-2.001697301864624,"type":1,"va":15.632472038269043,"vx":-1.2894620895385742,"vy":4.114636778831482e-2,"x":5.865616321563721,"y":-5.463784694671631},{"age":198,"angle":2.8529696464538574,"type":1,"va":15.527915000915527,"vx":-2.980738878250122,"vy":1.8338770866394043,"x":4.457383155822754,"y":-6.073805332183838},{"age":160,"angle":2.519275665283203,"type":3,"va":-3.6444625854492188,"vx":0.5801497101783752,"vy":0,"x":1.4727227687835693,"y":-3.1413910388946533},{"age":157,"angle":0.8228734135627747,"type":1,"va":25.210567474365234,"vx":-6.00514554977417,"vy":1.310163974761963,"x":4.012397766113281,"y":-5.925619602203369},{"age":115,"angle":-1.7052103281021118,"type":3,"va":-3.642277956008911,"vx":0.5798025727272034,"vy":0,"x":1.1536647081375122,"y":-3.141390800476074},{"age":125,"angle":0.423365980386734,"type":1,"va":21.790559768676758,"vx":-5.6052422523498535,"vy":-2.1571929454803467,"x":4.976031303405762,"y":-5.925086975097656},{"age":87,"angle":1.3368698358535767,"type":3,"va":-5.154976844787598,"vx":0.819782555103302,"vy":1.862645149230957e-9,"x":0.7712144255638123,"y":-3.1414787769317627},{"age":56,"angle":-0.8037291169166565,"type":1,"va":13.994905471801758,"vx":-2.5228066444396973,"vy":-5.7470927238464355,"x":8.837812423706055,"y":-2.6015987396240234},{"age":11,"angle":3.090541623532772e-2,"type":1,"va":2.650824785232544,"vx":-4.5241035521030426e-2,"vy":-0.9725132584571838,"x":9.62364387512207,"y":-3.132405877113342e-2}],"widgets":{}}}