{"puzzle":{"reqTiles":["Up"],"inputs":[{"x":0.35,"y":0.0,"balls":[{"type":2,"rate":0.5294392903645834}]},{"x":1.0,"y":0.65,"balls":[{"type":3,"rate":0.711669921875}]}],"outputs":[{"x":0.8,"y":1.0,"balls":[{"type":3,"rate":0.7252197265625}]},{"x":1.0,"y":0.8,"balls":[{"type":2,"rate":0.5294392903645834}]}],"spec":{}},"blueprint":{"puzzle":"a8381610-c22b-5ef3-8502-15db0e13b701","title":"Gravity Tower","submittedAt":"2024-05-10T15:45:32.842596613Z","widgets":{"32":{"angle":0,"type":"brick","x":649,"y":463},"1":{"angle":0,"type":"brick","x":706,"y":507},"33":{"angle":0,"type":"brick","x":335,"y":573},"65":{"angle":0,"sticker":"figure3-happy","type":"sticker","x":137,"y":443},"2":{"angle":0,"type":"brick","x":648,"y":508},"34":{"angle":0,"type":"brick","x":402,"y":573},"66":{"angle":-1.5728609914128167,"type":"brick","x":225,"y":328},"3":{"angle":0,"type":"brick","x":604,"y":463},"35":{"angle":0,"type":"brick","x":469,"y":573},"67":{"angle":-1.584527158815855,"type":"brick","x":225,"y":460},"4":{"angle":0,"type":"brick","x":706,"y":463},"36":{"angle":0,"type":"brick","x":34,"y":616},"68":{"angle":1.5603896544529365,"type":"brick","x":274,"y":459},"5":{"angle":1.5764886796373025,"type":"brick","x":583,"y":486},"37":{"angle":0,"type":"brick","x":90,"y":616},"69":{"angle":-1.572309675051044,"type":"brick","x":225,"y":394},"6":{"angle":0,"type":"brick","x":561,"y":617},"38":{"angle":0,"type":"brick","x":157,"y":616},"70":{"angle":1.5743501854087825,"type":"brick","x":274,"y":330},"7":{"angle":-7.986461812127492e-2,"type":"brick","x":647,"y":615},"39":{"angle":0,"type":"brick","x":224,"y":616},"8":{"angle":0,"type":"brick","x":705,"y":614},"40":{"angle":0,"type":"brick","x":291,"y":616},"41":{"angle":0,"type":"fan","x":171,"y":593},"73":{"height":10,"type":"attractor","width":150,"x":175,"y":271},"10":{"angle":1.5716156432419386,"type":"brick","x":623,"y":705.9889255},"42":{"angle":-0.18047264249232506,"type":"fan","x":366,"y":645},"74":{"height":10,"type":"attractor","width":150,"x":325,"y":272},"11":{"angle":0,"type":"brick","x":536,"y":573},"43":{"angle":0.17154901611507412,"type":"fan","x":368,"y":547},"75":{"height":10,"type":"attractor","width":150,"x":325,"y":364},"12":{"angle":0,"type":"brick","x":494,"y":616},"44":{"angle":0.1784484029413057,"type":"fan","x":410,"y":546},"13":{"angle":1.5628167682171485,"type":"brick","x":626,"y":552},"45":{"angle":0.18246245039273762,"type":"fan","x":448,"y":547},"77":{"height":109,"type":"repulsor","width":109,"x":332,"y":55},"14":{"angle":1.56811153080488,"type":"brick","x":583,"y":553},"46":{"angle":0,"type":"fan","x":192,"y":593},"78":{"height":94,"type":"repulsor","width":94,"x":178.5,"y":47},"15":{"angle":0,"type":"brick","x":426,"y":616},"47":{"angle":0,"type":"fan","x":214,"y":593},"79":{"angle":1.5723548655165045,"type":"brick","x":657,"y":547},"16":{"angle":0,"type":"brick","x":358,"y":616},"48":{"angle":1.5775828729697654,"type":"brick","x":274,"y":266},"17":{"angle":1.5676462353326066,"type":"brick","x":570,"y":666},"49":{"angle":-1.5725154939021473,"type":"brick","x":225,"y":261},"18":{"angle":1.5733435220347014,"type":"brick","x":625,"y":641},"50":{"angle":-1.576076963413015,"type":"brick","x":225,"y":196},"82":{"height":10,"type":"repulsor","width":150,"x":143,"y":172},"19":{"angle":1.562516833912263,"type":"brick","x":569,"y":705.8893895},"51":{"angle":1.5782935681439465,"type":"brick","x":275,"y":201},"83":{"height":10,"type":"repulsor","width":150,"x":361,"y":164},"20":{"angle":0.8341696797344186,"type":"board","x":175,"y":107},"52":{"angle":1.5667462514991577,"type":"brick","x":274,"y":393},"84":{"angle":0,"sticker":"figure2-happy","type":"sticker","x":622,"y":378},"53":{"angle":-1.58165296326264,"type":"brick","x":13.8683085,"y":433},"85":{"angle":0,"sticker":"figure1-happy","type":"sticker","x":470,"y":383},"54":{"angle":-1.5641433127790854,"type":"brick","x":33.725905,"y":433},"86":{"angle":0,"type":"brick","x":401,"y":464},"23":{"angle":-0.8179646718470222,"type":"board","x":328,"y":113.550213},"55":{"angle":0,"type":"brick","x":34,"y":505},"87":{"angle":0,"type":"brick","x":468,"y":464},"24":{"angle":1.5757871641839103,"type":"cushion","x":65,"y":424},"56":{"angle":0,"type":"brick","x":34,"y":479},"88":{"angle":0,"type":"brick","x":537,"y":464},"25":{"angle":-0.1576201804853325,"type":"fan","x":449,"y":644},"57":{"angle":0,"type":"brick","x":100,"y":480},"89":{"angle":0,"type":"brick","x":332,"y":464},"26":{"angle":-0.17335337789023547,"type":"fan","x":408,"y":645},"58":{"angle":0,"type":"brick","x":72,"y":505},"27":{"angle":-0.49391962240920956,"type":"fan","x":646,"y":646},"59":{"angle":0,"type":"brick","x":138,"y":505},"28":{"angle":0,"type":"brick","x":706,"y":566},"60":{"angle":0,"type":"brick","x":205,"y":505},"61":{"angle":-1.567887145792792,"type":"brick","x":273,"y":527},"62":{"angle":0,"type":"brick","x":294,"y":572},"63":{"angle":-1.574206779148659,"type":"brick","x":225,"y":552}}},"snapshot":{"balls":[{"age":8,"angle":2.1877498626708984,"type":3,"va":0.8884614109992981,"vx":-0.6198467016220093,"vy":-1.3924293518066406,"x":11.873690605163574,"y":-14.616209030151367},{"age":5,"angle":-2.7439260482788086,"type":2,"va":0.30204445123672485,"vx":1.6963117122650146,"vy":-0.9933797717094421,"x":14.607768058776855,"y":-11.835522651672363},{"age":326,"angle":-0.6283082962036133,"type":3,"va":-2.36893367767334,"vx":3.3372112084180117e-3,"vy":-1.243340253829956,"x":12.086983680725098,"y":-10.453498840332031},{"age":234,"angle":0.10103851556777954,"type":3,"va":3.1586992740631104,"vx":-0.11576567590236664,"vy":-1.2267564535140991,"x":12.1141939163208,"y":-10.136518478393555},{"age":246,"angle":-1.6336029767990112,"type":2,"va":-1.4434735774993896,"vx":3.1704893112182617,"vy":2.9268007278442383,"x":5.036136150360107,"y":-11.80682373046875},{"age":161,"angle":-0.898169994354248,"type":3,"va":5.357224464416504,"vx":-0.85178142786026,"vy":0,"x":13.04538631439209,"y":-9.73149299621582},{"age":78,"angle":2.489380359649658,"type":3,"va":3.367474317550659,"vx":-0.5360189080238342,"vy":0,"x":14.352873802185059,"y":-9.71137809753418},{"age":82,"angle":-1.0907337665557861,"type":2,"va":-2.100120782852173,"vx":-0.6708303689956665,"vy":-1.0823527574539185,"x":4.99315071105957,"y":-0.7853779196739197},{"age":31,"angle":2.74880313873291,"type":3,"va":11.711350440979004,"vx":-0.3028760552406311,"vy":-0.21962356567382812,"x":14.778721809387207,"y":-9.644142150878906}],"widgets":{}}}