{"puzzle":{"reqTiles":["Up"],"inputs":[{"x":0.5,"y":0.0,"balls":[{"type":1,"rate":1.0}]},{"x":1.0,"y":0.5,"balls":[{"type":3,"rate":1.0}]}],"outputs":[{"x":0.5,"y":1.0,"balls":[{"type":3,"rate":1.0}]},{"x":1.0,"y":0.65,"balls":[{"type":1,"rate":1.0}]}],"spec":{}},"blueprint":{"puzzle":"a43077a5-ed0a-5c0b-8b4f-e2c426da341c","title":"Too much KSP","submittedAt":"2024-04-06T18:28:57.522424009Z","widgets":{"64":{"angle":-1.506569521264313,"type":"anvil","x":91.933,"y":682.991},"1":{"angle":0.2555792880532573,"type":"board","x":650,"y":483},"65":{"angle":0.6411026932858755,"type":"anvil","x":204,"y":272},"3":{"angle":0.7826593624766929,"type":"sword","x":269,"y":653.853},"5":{"angle":1.5656446943822921,"type":"anvil","x":99,"y":477},"37":{"angle":-8.410849679573364e-3,"type":"anvil","x":98,"y":608},"38":{"angle":-1.560905144834859,"type":"anvil","x":97,"y":476},"7":{"angle":-3.262513483414325,"type":"fan","x":665.218,"y":308},"39":{"angle":1.812180455925495,"type":"anvil","x":85,"y":681.872},"8":{"angle":9.228918459376315e-2,"type":"cushion","x":692,"y":395},"11":{"angle":-3.3998870802757883,"type":"fan","x":707.7008655,"y":301},"43":{"angle":-4.989303246235887,"type":"anvil","x":104,"y":354},"12":{"angle":0,"type":"hook","x":429.459,"y":209.564},"44":{"angle":-3.131046820076779,"type":"anvil","x":96.027,"y":357},"45":{"angle":3.1387251063260506,"type":"anvil","x":86.145,"y":680},"14":{"angle":-3.215094060740163,"type":"fan","x":621.718,"y":312},"47":{"angle":-1.5595253521418375,"type":"board","x":131,"y":585},"16":{"angle":0.17577336789048478,"type":"board","x":487,"y":436},"48":{"angle":1.5831373147037504,"type":"board","x":63,"y":587},"17":{"angle":0.5282983425157944,"type":"board","x":275,"y":316},"49":{"angle":1.5798023120733216,"type":"brick","x":99,"y":471},"50":{"angle":1.7175179288512898,"type":"board","x":89,"y":252},"19":{"angle":0.1371229237525079,"type":"board","x":573,"y":374},"51":{"angle":1.4437028945253585,"type":"board","x":106,"y":252},"20":{"angle":2.097774673605914,"type":"sword","x":453,"y":658.258},"52":{"angle":0,"type":"brick","x":94,"y":444},"53":{"angle":1.5668449185035256,"type":"board","x":132,"y":458},"54":{"angle":1.5715201617764893,"type":"board","x":63,"y":457},"57":{"angle":-1.562547446999969,"type":"sword","x":98,"y":148},"58":{"angle":1.5880143309734585,"type":"brick","x":98,"y":193},"27":{"angle":-1.397739130576576,"type":"anvil","x":88,"y":354},"59":{"angle":3.105808928911254,"type":"anvil","x":97,"y":681},"28":{"angle":-1.5253778547939119,"type":"anvil","x":90,"y":635},"29":{"angle":7.799060451638935,"type":"anvil","x":102,"y":635},"61":{"angle":1.5866055165188429,"type":"brick","x":97,"y":620},"62":{"angle":1.5891795740376897,"type":"brick","x":96,"y":650},"63":{"angle":1.5137701530409324,"type":"anvil","x":99,"y":681.151}}},"snapshot":{"balls":[{"age":11,"angle":0.7667962312698364,"type":3,"va":-2.0696828365325928,"vx":0.3140782117843628,"vy":-0.8308533430099487,"x":7.343713283538818,"y":-14.649420738220215},{"age":924,"angle":2.1116833686828613,"type":3,"va":20.146358489990234,"vx":-2.4489004611968994,"vy":-5.22778844833374,"x":6.458950042724609,"y":-9.447115898132324},{"age":854,"angle":-0.2980443835258484,"type":3,"va":-9.092696189880371,"vx":9.904488921165466e-2,"vy":-0.5708451867103577,"x":7.532480239868164,"y":-14.343439102172852},{"age":782,"angle":-2.4180102348327637,"type":3,"va":16.136018753051758,"vx":-2.584993600845337,"vy":0.31228750944137573,"x":10.581889152526855,"y":-7.017471790313721},{"age":716,"angle":-0.24232295155525208,"type":3,"va":29.120994567871094,"vx":-2.81359601020813,"vy":-1.6429792642593384,"x":7.59207820892334,"y":-8.039183616638184},{"age":669,"angle":-2.6552164554595947,"type":3,"va":5.8814697265625,"vx":-0.9497594833374023,"vy":0.12146974354982376,"x":12.139373779296875,"y":-7.232081413269043},{"age":610,"angle":-0.31551334261894226,"type":3,"va":0.2658354640007019,"vx":-4.19359989464283e-2,"vy":5.786786321550608e-3,"x":12.973918914794922,"y":-7.347194194793701},{"age":526,"angle":2.9655849933624268,"type":3,"va":8.720258712768555,"vx":-1.4644289016723633,"vy":0.17659258842468262,"x":11.767936706542969,"y":-7.180981636047363},{"age":562,"angle":1.4675302505493164,"type":1,"va":-33.58650588989258,"vx":-0.7401177883148193,"vy":-0.8285788893699646,"x":7.719110488891602,"y":-7.654914855957031},{"age":502,"angle":2.3396189212799072,"type":3,"va":0.23119081556797028,"vx":-1.5619996003806591e-2,"vy":9.586118161678314e-3,"x":13.301054954528809,"y":-7.405000686645508},{"age":429,"angle":-2.853455066680908,"type":3,"va":0.22282183170318604,"vx":-3.7192344665527344e-2,"vy":1.5357625670731068e-3,"x":13.617045402526855,"y":-7.351363182067871},{"age":361,"angle":1.5303716659545898,"type":3,"va":0.2670448422431946,"vx":-3.7130553275346756e-2,"vy":3.4444245975464582e-3,"x":13.934317588806152,"y":-7.380115509033203},{"age":2,"angle":-2.06371808052063,"type":1,"va":2.4107158184051514,"vx":0.24159905314445496,"vy":0.597201943397522,"x":14.526905059814453,"y":-9.615277290344238},{"age":292,"angle":-0.7215933203697205,"type":3,"va":-0.4080178737640381,"vx":-6.769489496946335e-2,"vy":-1.4019450172781944e-2,"x":13.184591293334961,"y":-7.108520030975342},{"age":294,"angle":1.7489955425262451,"type":1,"va":-0.9996936917304993,"vx":0.15687480568885803,"vy":-2.7862047776579857e-2,"x":8.301664352416992,"y":-8.120546340942383},{"age":222,"angle":0.6621654629707336,"type":3,"va":-0.2000925987958908,"vx":-3.1238337978720665e-2,"vy":3.8056494668126106e-3,"x":13.800860404968262,"y":-7.091203212738037},{"age":218,"angle":-0.9903450608253479,"type":1,"va":-17.388587951660156,"vx":2.3866240978240967,"vy":-1.425653338432312,"x":6.4957804679870605,"y":-6.509617805480957},{"age":163,"angle":2.4561924934387207,"type":3,"va":2.338775634765625,"vx":-0.3545624315738678,"vy":0.14208756387233734,"x":14.358471870422363,"y":-7.479104995727539},{"age":127,"angle":-1.8614540100097656,"type":3,"va":0.6320655941963196,"vx":-0.1376039683818817,"vy":0.14573918282985687,"x":14.198197364807129,"y":-7.201709747314453},{"age":131,"angle":-2.2527472972869873,"type":1,"va":-11.260704040527344,"vx":-1.6950143575668335,"vy":-1.0124967098236084,"x":6.9708757400512695,"y":-3.805830478668213},{"age":79,"angle":0.2960248589515686,"type":1,"va":-16.798425674438477,"vx":2.635763168334961,"vy":-1.5307667255401611,"x":7.812508583068848,"y":-3.9654712677001953},{"age":30,"angle":1.9599230289459229,"type":3,"va":0.31506505608558655,"vx":-0.7439854145050049,"vy":4.275633953511715e-3,"x":14.784582138061523,"y":-7.426577091217041},{"age":34,"angle":-1.2452045679092407,"type":1,"va":-4.949167728424072,"vx":0.13530577719211578,"vy":-1.8692115545272827,"x":7.381544589996338,"y":-0.25303885340690613}],"widgets":{"12":{"angle":6.163864582777023e-2,"key":"12","va":0.8106645941734314,"vx":0,"vy":0,"x":8.595804214477539,"y":-4.254024505615234}}}}