{"puzzle":{"reqTiles":["Up"],"inputs":[{"x":0.35,"y":0.0,"balls":[{"type":4,"rate":0.75}]}],"outputs":[{"x":0.35,"y":1.0,"balls":[{"type":4,"rate":0.75}]}],"spec":{}},"blueprint":{"puzzle":"0664f27a-933a-5b0d-93fd-6a10945f1071","title":"late to work","submittedAt":"2024-04-12T21:09:03.808319415Z","widgets":{"0":{"angle":8.770065715461751e-2,"type":"board","x":341,"y":48},"32":{"angle":0,"type":"brick","x":634,"y":368},"96":{"angle":-0.371493254503561,"type":"brick","x":657,"y":273},"1":{"angle":0,"type":"cushion","x":228,"y":41},"33":{"angle":0,"type":"brick","x":633,"y":464},"97":{"angle":0,"catMass":2,"type":"catswat","x":100,"y":293},"2":{"angle":0,"type":"cushion","x":476,"y":108},"34":{"angle":0,"type":"brick","x":638,"y":561},"66":{"angle":-1.1666933383083242,"type":"rightbumper","x":133,"y":238},"98":{"angle":0,"catMass":2,"type":"catswat","x":331,"y":293},"3":{"angle":-5.511043617907535e-2,"type":"board","x":360,"y":112},"35":{"angle":-1.584020466161773,"type":"brick","x":585,"y":418},"67":{"angle":1.347703617364924,"type":"leftbumper","x":184,"y":242},"99":{"angle":0,"catMass":2,"type":"catswat","x":558,"y":292},"4":{"angle":0,"type":"cushion","x":231,"y":161},"36":{"angle":-1.5954380815039138,"type":"brick","x":690,"y":415},"68":{"angle":1.6076648586166296,"type":"brick","x":45,"y":220},"37":{"angle":-1.5668280936558634,"type":"brick","x":689,"y":510},"69":{"angle":0,"type":"board","x":140,"y":271},"101":{"angle":0,"catMass":2,"type":"catswat","x":630,"y":292},"6":{"angle":8.434060129231867e-2,"type":"board","x":349,"y":170},"70":{"angle":0,"type":"board","x":141,"y":262},"40":{"angle":0,"type":"board","x":102.5,"y":323},"9":{"angle":1.578549074206095,"type":"fan","x":382,"y":191},"41":{"angle":0,"type":"board","x":271,"y":322},"42":{"angle":0,"type":"board","x":525,"y":322},"11":{"angle":-0.474596858354128,"type":"cushion","x":474,"y":234},"43":{"angle":0,"type":"board","x":164,"y":593},"12":{"angle":-3.423861021744259,"type":"fan","x":474,"y":273},"44":{"angle":0,"type":"board","x":99,"y":593},"76":{"angle":0,"sticker":"figure1-happy","type":"sticker","x":306,"y":250},"13":{"angle":1.63438003665039,"type":"fan","x":383,"y":191},"45":{"angle":0,"type":"board","x":426,"y":598},"77":{"angle":0,"sticker":"figure1-sad","type":"sticker","x":508,"y":252},"14":{"angle":1.6231437713903774,"type":"fan","x":380,"y":190},"46":{"angle":0,"type":"board","x":591,"y":597},"15":{"angle":2.1786507959726364,"type":"fan","x":354,"y":634},"47":{"angle":0,"type":"board","x":640,"y":322},"79":{"angle":1.5475106442610849,"type":"board","x":607,"y":232},"16":{"angle":-3.985165878418821,"type":"fan","x":478,"y":250},"48":{"angle":-1.5718390498979948,"type":"board","x":722,"y":402},"80":{"angle":-1.593167054746611,"type":"board","x":693,"y":232},"17":{"angle":0.9338578801429132,"type":"fan","x":179,"y":629},"49":{"angle":0,"type":"board","x":645,"y":596},"81":{"angle":-1.5929583047121239,"type":"brick","x":627,"y":282},"18":{"angle":0.45933933151881823,"type":"fan","x":163,"y":661},"50":{"angle":-1.5874031414431344,"type":"board","x":720,"y":511},"19":{"angle":2.8534252983653787,"type":"fan","x":361,"y":667},"51":{"angle":1.5619195391728313,"type":"board","x":24.5,"y":402},"52":{"angle":1.5595773504708164,"type":"board","x":22.5,"y":514},"84":{"angle":-1.567996870343304,"type":"brick","x":674,"y":281},"53":{"angle":1.3660489360287762,"type":"fan","x":376,"y":192},"85":{"angle":-1.5935196876365374,"type":"brick","x":652,"y":281},"22":{"angle":0,"type":"brick","x":74,"y":357},"54":{"angle":1.541225792574324,"type":"fan","x":379,"y":193},"86":{"angle":-1.6176370397108657,"type":"brick","x":674,"y":218},"23":{"angle":1.575424898743601,"type":"brick","x":132,"y":415},"55":{"angle":2.1651902039908753,"type":"fan","x":476,"y":260},"87":{"angle":-1.575603982061588,"type":"brick","x":650,"y":217},"24":{"angle":1.5790461396306656,"type":"brick","x":135,"y":515},"88":{"angle":-1.616557714903863,"type":"brick","x":627,"y":218},"25":{"type":"roundbumper","x":261,"y":410},"89":{"angle":1.5277925527012572,"type":"brick","x":627,"y":179},"26":{"type":"roundbumper","x":262,"y":515},"58":{"angle":-0.7318010282430815,"sticker":"figure1-sad","type":"sticker","x":127,"y":235},"90":{"angle":-1.6090093796244862,"type":"brick","x":674,"y":178},"27":{"angle":0,"type":"brick","x":475,"y":367},"59":{"angle":0.3922608446947838,"type":"cushion","x":72,"y":236},"91":{"angle":-1.6036636933890263,"type":"brick","x":650,"y":178},"28":{"angle":1.5704663616002854,"type":"brick","x":421,"y":414},"60":{"angle":1.5745837716335565,"type":"brick","x":43,"y":284},"92":{"angle":0,"sticker":"figure1-sad","type":"sticker","x":640,"y":252},"29":{"angle":0,"type":"brick","x":472,"y":465},"61":{"angle":1.547477532554531,"type":"brick","x":239,"y":283},"93":{"angle":0,"type":"board","x":652.5,"y":140},"30":{"angle":0,"type":"brick","x":471,"y":556},"62":{"angle":0,"type":"board","x":141,"y":284},"31":{"angle":1.5846338906183932,"type":"brick","x":530,"y":507},"95":{"angle":-0.3388644466197923,"type":"brick","x":528,"y":279}}},"snapshot":{"balls":[{"age":1712,"angle":3.09816312789917,"type":4,"va":-4.710026264190674,"vx":0.5072888731956482,"vy":-1.0686472654342651,"x":8.892806053161621,"y":-3.3147475719451904},{"age":1616,"angle":0.5149033069610596,"type":4,"va":-2.6612040996551514,"vx":0.4119851887226105,"vy":-3.483040630817413e-2,"x":8.214993476867676,"y":-3.1645474433898926},{"age":1537,"angle":-2.555055618286133,"type":4,"va":-2.667653799057007,"vx":0.41309478878974915,"vy":-3.492303192615509e-2,"x":7.725943088531494,"y":-3.1232028007507324},{"age":1477,"angle":-1.5145263671875,"type":4,"va":-2.7011444568634033,"vx":0.41817542910575867,"vy":-3.5352662205696106e-2,"x":7.229347229003906,"y":-3.081221342086792},{"age":1411,"angle":2.123136281967163,"type":4,"va":-2.8500618934631348,"vx":0.44129329919815063,"vy":-3.730771690607071e-2,"x":6.721530914306641,"y":-3.0382955074310303},{"age":1303,"angle":0.47527366876602173,"type":4,"va":-3.872788429260254,"vx":0.5993321537971497,"vy":-5.066885054111481e-2,"x":6.006888389587402,"y":-2.9779245853424072},{"age":1250,"angle":-0.15061983466148376,"type":4,"va":-1.8432270288467407,"vx":0.2745964229106903,"vy":-8.159955590963364e-2,"x":5.1922173500061035,"y":-2.7811973094940186},{"age":1177,"angle":2.6914315223693848,"type":4,"va":1.7384614944458008,"vx":-0.2697775661945343,"vy":-1.4883202500641346e-2,"x":5.56487512588501,"y":-1.9910107851028442},{"age":1076,"angle":1.0844798758625984e-2,"type":4,"va":1.7379093170166016,"vx":-0.2698030173778534,"vy":-1.4883802272379398e-2,"x":5.899633884429932,"y":-1.9725433588027954},{"age":976,"angle":-1.6370816230773926,"type":4,"va":1.738892912864685,"vx":-0.26984038949012756,"vy":-1.4885896816849709e-2,"x":6.4358344078063965,"y":-1.9429631233215332},{"age":868,"angle":0.5480525493621826,"type":4,"va":1.7437846660614014,"vx":-0.27071061730384827,"vy":-1.4934672974050045e-2,"x":6.946430683135986,"y":-1.9147955179214478},{"age":756,"angle":-1.350029468536377,"type":4,"va":2.023486614227295,"vx":-0.31407633423805237,"vy":-1.7326543107628822e-2,"x":7.3063788414001465,"y":-1.8949456214904785},{"age":715,"angle":2.980350971221924,"type":4,"va":1.9520095586776733,"vx":-0.30290815234184265,"vy":-1.6710331663489342e-2,"x":7.6358466148376465,"y":-1.8767681121826172},{"age":642,"angle":0.9580801725387573,"type":4,"va":1.872697353363037,"vx":-0.29075416922569275,"vy":-1.6039760783314705e-2,"x":7.97819185256958,"y":-1.8578803539276123},{"age":602,"angle":-1.6885055303573608,"type":4,"va":1.8729034662246704,"vx":-0.290562242269516,"vy":-1.6029158607125282e-2,"x":8.297338485717773,"y":-1.8402740955352783},{"age":548,"angle":0.5429010391235352,"type":4,"va":2.356386423110962,"vx":-0.35258910059928894,"vy":-9.915574640035629e-2,"x":8.823002815246582,"y":-1.7491765022277832},{"age":471,"angle":2.6052498817443848,"type":4,"va":-3.05819034576416,"vx":0.4578248858451843,"vy":-0.12878017127513885,"x":8.629661560058594,"y":-0.7833150029182434},{"age":419,