{"puzzle":{"reqTiles":["Up"],"inputs":[{"x":0.35,"y":0.0,"balls":[{"type":3,"rate":1.0}]},{"x":1.0,"y":0.65,"balls":[{"type":4,"rate":1.0}]}],"outputs":[{"x":0.2,"y":1.0,"balls":[{"type":4,"rate":1.0}]},{"x":1.0,"y":0.2,"balls":[{"type":3,"rate":1.0}]}],"spec":{}},"blueprint":{"puzzle":"ee44e279-f2f9-5448-b53f-e79c607aa986","title":"good enough","submittedAt":"2024-04-07T03:21:46.63301304Z","widgets":{"0":{"angle":0,"type":"rightbumper","x":258,"y":134},"32":{"type":"roundbumper","x":711,"y":681},"1":{"angle":-0.4498572441829951,"type":"rightbumper","x":185,"y":337.165},"33":{"type":"roundbumper","x":574,"y":711},"2":{"angle":1.601478734124839,"type":"leftbumper","x":439,"y":260},"34":{"angle":2.5429824222161055,"type":"fan","x":699.455141,"y":283},"3":{"angle":0.27555782945891755,"type":"anvil","x":688.452159,"y":175},"35":{"angle":2.3869869987593395,"type":"fan","x":435,"y":318},"4":{"angle":-3.1469798711762667,"type":"cup","x":256,"y":205.177},"5":{"angle":-2.044501214836668,"type":"fan","x":627,"y":249},"7":{"angle":-0.20499086835332958,"type":"board","x":652.5,"y":417},"8":{"angle":-0.21606872130721935,"type":"board","x":490,"y":452},"9":{"angle":-0.2711016009589758,"type":"board","x":167,"y":531},"11":{"angle":-0.2405950805412859,"type":"board","x":331,"y":490},"12":{"angle":-0.7244479180465794,"type":"rightbumper","x":52.447515,"y":539},"13":{"angle":0,"type":"leftbumper","x":712,"y":374},"16":{"angle":-0.9005724543008282,"type":"board","x":61.4047345,"y":117},"17":{"angle":-0.49280285570428556,"type":"board","x":119,"y":49.3250775},"19":{"angle":0,"speed":25,"type":"spokedwheel","x":653.961092,"y":566},"20":{"angle":0,"speed":25,"type":"spokedwheel","x":493,"y":613},"21":{"angle":0,"speed":25,"type":"spokedwheel","x":334,"y":629.726118},"22":{"angle":0.8100416256451756,"type":"board","x":66.847294,"y":670.417138},"23":{"angle":0,"type":"brick","x":205,"y":726.5},"24":{"angle":0,"type":"brick","x":270,"y":726.5},"25":{"angle":0,"type":"brick","x":327,"y":726.5},"26":{"angle":0,"type":"brick","x":390,"y":726.5},"27":{"angle":0,"type":"brick","x":448,"y":726.5},"28":{"angle":0,"type":"brick","x":504,"y":726.5},"29":{"angle":0,"type":"brick","x":547,"y":726.5},"30":{"angle":0,"type":"anvil","x":601,"y":715},"31":{"angle":0,"type":"anvil","x":693.5,"y":715}}},"snapshot":{"balls":[{"age":1792,"angle":0.2485492080450058,"type":3,"va":44.82449722290039,"vx":5.670897960662842,"vy":-8.688322067260742,"x":7.792464256286621,"y":-3.9241421222686768},{"age":1688,"angle":-0.48044565320014954,"type":3,"va":57.78185272216797,"vx":7.294256210327148,"vy":-5.815915107727051,"x":12.61483383178711,"y":-1.7311384677886963},{"age":1651,"angle":2.5961365699768066,"type":3,"va":6.240387916564941,"vx":-1.3327287435531616,"vy":-0.32698315382003784,"x":7.531627655029297,"y":-9.228135108947754},{"age":1558,"angle":-2.061586380004883,"type":3,"va":5.849911212921143,"vx":-1.056985855102539,"vy":0.8377993106842041,"x":9.585018157958984,"y":-8.505992889404297},{"age":1418,"angle":2.6482973098754883,"type":3,"va":45.989959716796875,"vx":-4.348809719085693,"vy":6.4343342781066895,"x":0.8881573677062988,"y":-3.363698959350586},{"age":1352,"angle":-0.9617066383361816,"type":4,"va":0,"vx":0,"vy":0,"x":5.7792181968688965,"y":-14.101304054260254},{"age":1308,"angle":1.488058090209961,"type":4,"va":0,"vx":0,"vy":0,"x":9.04970932006836,"y":-14.101304054260254},{"age":1288,"angle":-2.1642837524414062,"type":3,"va":-49.635746002197266,"vx":-6.569053649902344,"vy":3.1467037200927734,"x":0.5465575456619263,"y":-3.966654062271118},{"age":1224,"angle":-1.4115592241287231,"type":3,"va":10.545130729675293,"vx":-1.6292232275009155,"vy":-0.40407615900039673,"x":6.464539051055908,"y":-9.489986419677734},{"age":1054,"angle":1.1062730550765991,"type":3,"va":92.1849594116211,"vx":14.73310661315918,"vy":10.731221199035645,"x":3.0904576778411865,"y":-1.6530263423919678},{"age":932,"angle":-2.620864152908325,"type":3,"va":-52.36280059814453,"vx":14.75735092163086,"vy":20.377178192138672,"x":2.8356058597564697,"y":-8.016081809997559},{"age":860,"angle":1.5791536569595337,"type":4,"va":0,"vx":0,"vy":0,"x":4.567004203796387,"y":-14.101304054260254},{"age":829,"angle":1.7115905284881592,"type":3,"va":14.814301490783691,"vx":-2.29484224319458,"vy":-0.5368673205375671,"x":9.881083488464355,"y":-8.67599868774414},{"age":747,"angle":0.5132344961166382,"type":3,"va":-3.5148403644561768,"vx":-1.6189031600952148,"vy":-0.4006003439426422,"x":6.153686046600342,"y":-9.565613746643066},{"age":699,"angle":2.8695640563964844,"type":3,"va":6.766221523284912,"vx":-1.6173243522644043,"vy":-0.5377843976020813,"x":5.656317710876465,"y":-9.40279769897461},{"age":579,"angle":1.500042200088501,"type":4,"va":-17.534521102905273,"vx":2.58526611328125,"vy":-1.0476330518722534,"x":2.802485227584839,"y":-14.099188804626465},{"age":19,"angle":0.22331760823726654,"type":4,"va":-0.9120733141899109,"vx":-3.454008838161826e-3,"vy":-0.8693463802337646,"x":2.959531307220459,"y":-14.767674446105957},{"age":444,"angle":1.6060638427734375,"type":3,"va":-33.559513092041016,"vx":-2.7627532482147217,"vy":7.634318828582764,"x":1.1803990602493286,"y":-3.5299389362335205},{"age":354,"angle":2.7523834705352783,"type":3,"va":11.087549209594727,"vx":-1.7024753093719482,"vy":-0.4177011251449585,"x":6.849670886993408,"y":-9.395339012145996},{"age":273,"angle":-2.847782611846924,"type":4,"va":4.0997443199157715,"vx":-3.126248359680176,"vy":-3.224534273147583,"x":4.459050178527832,"y":-12.029319763183594},{"age":294,"angle":-0.8338436484336853,"type":3,"va":-34.412437438964844,"vx":1.4364821910858154,"vy":-1.9376251697540283,"x":0.21441620588302612,"y":-4.685957908630371},{"age":225,"angle":-2.8090083599090576,"type":4,"va":13.315364837646484,"vx":-0.12208320200443268,"vy":-3.1306686401367188,"x":6.396684646606445,"y":-10.875194549560547},{"age":241,"angle":-1.8044719696044922,"type":3,"va":6.087917327880859,"vx":-1.9882450103759766,"vy":-0.48781171441078186,"x":7.190395832061768,"y":-9.311511993408203},{"age":182,"angle":-2.954388380050659,"type":4,"va":-41.91765213012695,"vx":-1.05838143825531,"vy":2.6427500247955322,"x":7.23543643951416,"y":-10.389707565307617},{"age":207,"angle":1.3842122554779053,"type":3,"va":7.577017307281494,"vx":-2.5641417503356934,"vy":1.0300145149230957,"x":7.640224456787109,"y":-8.908746719360352},{"age":167,"angle":-2.4294118881225586,"type":3,"va":-2.2060980796813965,"vx":-2.7217154502868652,"vy":-0.4923534393310547,"x":6.433235168457031,"y":-9.173048973083496},{"age":108,"angle":1.7268999814987183,"type":4,"va":-16.64969253540039,"vx":-5.401294708251953,"vy":4.01778507232666,"x":12.614286422729492,"y":-8.961954116821289},{"age":123,"angle":1.2587733268737793,"type":3,"va":21.553436279296875,"vx":8.822037696838379,"vy":18.193233489990234,"x":11.723334312438965,"y":-0.1799929141998291},{"age":63,"angle":-1.8903424739837646,"type":4,"va":3.310283660888672,"vx":-0.28157585859298706,"vy":-0.9438380002975464,"x":14.338455200195312,"y":-10.054150581359863},{"age":86,"angle":2.165088653564453,"type":3,"va":9.182877540588379,"vx":-7.706395626068115,"vy":-3.226882219314575,"x":13.274805068969727,"y":-0.6117244362831116},{"age":56,"angle":-0.2508927583694458,"type":3,"va":-0.5313677191734314,"vx":31.466754913330078,"vy":8.145877838134766,"x":8.853036880493164,"y":-0.9316624999046326}],"widgets":{"19":{"angle":-1.2463798522949219,"key":"19","va":6.490489959716797,"vx":0,"vy":0,"x":13.079221725463867,"y":-11.319999694824219},"20":{"angle":-2.877434015274048,"key":"20","va":6.493175029754639,"vx":0,"vy":0,"x":9.859999656677246,"y":-12.260000228881836},"21":{"angle":-2.94478178024292,"key":"21","va":6.508922100067139,"vx":0,"vy":0,"x":6.679999828338623,"y":-12.594522476196289}}}}