{"puzzle":{"reqTiles":["Up"],"inputs":[{"x":0.35,"y":0.0,"balls":[{"type":4,"rate":0.5}]}],"outputs":[{"x":0.5,"y":1.0,"balls":[{"type":4,"rate":0.5}]}],"spec":{}},"blueprint":{"puzzle":"d69f835f-afd6-5054-83ed-f108d31efac8","title":"circling the drain","submittedAt":"2024-04-11T21:55:13.615532312Z","widgets":{"0":{"angle":0,"type":"fan","x":175,"y":60},"1":{"angle":3.2324974174471857,"type":"fan","x":688.903,"y":492.211},"2":{"angle":-1.8270712367829598,"type":"fan","x":282,"y":707.762024},"3":{"angle":-1.5829117010997482,"type":"fan","x":145,"y":653},"4":{"angle":-1.1868308023396188,"type":"fan","x":52,"y":547},"5":{"angle":-0.6687675793313453,"type":"fan","x":41.6884835,"y":439},"6":{"angle":0,"type":"fan","x":62,"y":273},"7":{"angle":3.120973106692688,"type":"fan","x":634,"y":700.023},"8":{"height":10,"type":"attractor","width":150,"x":293,"y":403},"9":{"angle":1.7011309000427233,"type":"fan","x":674,"y":105}}},"snapshot":{"balls":[{"age":426,"angle":0.19138765335083008,"type":4,"va":13.65765380859375,"vx":-1.5660651922225952,"vy":-4.699066638946533,"x":8.265281677246094,"y":-12.301712036132812},{"age":265,"angle":1.006438970565796,"type":4,"va":10.386495590209961,"vx":6.9255828857421875,"vy":8.714740753173828,"x":3.5525598526000977,"y":-5.964327812194824},{"age":93,"angle":-2.830789804458618,"type":4,"va":9.018510818481445,"vx":2.768352746963501,"vy":-4.509526252746582,"x":11.360578536987305,"y":-4.110076427459717}],"widgets":{}}}