{"puzzle":{"reqTiles":["Up"],"inputs":[{"x":0.65,"y":0.0,"balls":[{"type":2,"rate":0.828125}]}],"outputs":[{"x":0.35,"y":1.0,"balls":[{"type":2,"rate":0.828125}]}],"spec":{}},"blueprint":{"puzzle":"6bc7fbfd-65fd-54fc-9a56-7a97d7410f37","title":"Butterflies In the Stomache","submittedAt":"2024-04-08T09:36:22.922450984Z","widgets":{"0":{"angle":0,"type":"leftbumper","x":499,"y":63},"32":{"angle":-0.7563613817469065,"type":"leftbumper","x":680,"y":410},"1":{"angle":0,"type":"rightbumper","x":192.997,"y":692.5},"33":{"angle":-0.548657173507158,"type":"leftbumper","x":691.3387014,"y":494},"2":{"angle":0,"type":"leftbumper","x":328,"y":692.5},"34":{"angle":-1.3905911932448898,"type":"prism","x":540,"y":496},"3":{"angle":1.054562016140716,"type":"leftbumper","x":393,"y":650},"35":{"type":"roundbumper","x":453,"y":319},"4":{"angle":-2.7887069555200386,"type":"leftbumper","x":201,"y":609},"36":{"angle":2.6882780755403966,"type":"prism","x":459,"y":329},"5":{"angle":-3.0929078994494077,"type":"leftbumper","x":408,"y":51.0294019},"37":{"angle":0,"sticker":"kingbun","type":"sticker","x":407,"y":717},"6":{"angle":0,"type":"leftbumper","x":455,"y":149},"38":{"angle":0,"sticker":"kingbun","type":"sticker","x":48,"y":227},"7":{"angle":3.1725540920921516,"type":"leftbumper","x":360,"y":140},"39":{"angle":0,"sticker":"figure2-happy","type":"sticker","x":655,"y":121},"8":{"angle":-0.4732975857175924,"type":"leftbumper","x":693.4287812,"y":583.5},"40":{"angle":0,"sticker":"figure1-sad","type":"sticker","x":79,"y":676.505},"9":{"angle":1.0615087530727634,"type":"leftbumper","x":483,"y":646},"10":{"angle":1.162542954590248,"type":"leftbumper","x":580,"y":645},"11":{"angle":0.6215386454714128,"type":"leftbumper","x":664,"y":622},"12":{"angle":-3.1593474759708937,"type":"leftbumper","x":252,"y":537},"13":{"angle":-4.040148720829037,"type":"leftbumper","x":252,"y":453},"14":{"angle":-2.032825873918583,"type":"leftbumper","x":477,"y":191},"15":{"type":"roundbumper","x":402,"y":520},"16":{"angle":0,"type":"prism","x":404,"y":510},"17":{"type":"roundbumper","x":551,"y":498},"18":{"angle":-1.0607343650796337,"type":"rightbumper","x":187,"y":407},"19":{"angle":-0.9739857320010468,"type":"rightbumper","x":98,"y":397},"20":{"angle":0.18140140666171065,"type":"rightbumper","x":43,"y":342},"21":{"angle":1.5683831433068558,"type":"rightbumper","x":73,"y":275},"22":{"angle":0.5419173926748099,"type":"rightbumper","x":117,"y":210},"23":{"angle":1.6502537350574051,"type":"rightbumper","x":163,"y":147},"24":{"angle":1.9865211794387343,"type":"rightbumper","x":250,"y":128},"25":{"angle":2.533534014116371,"type":"rightbumper","x":300,"y":156},"26":{"angle":1.6064666514404455,"type":"prism","x":234,"y":284},"27":{"type":"roundbumper","x":221,"y":283},"28":{"angle":-4.359951091128275,"type":"cushion","x":295,"y":613},"29":{"angle":-1.9459140022378456,"type":"leftbumper","x":569,"y":195},"30":{"angle":3.003228351658133,"type":"rightbumper","x":643,"y":237},"31":{"angle":-0.4542309856183666,"type":"leftbumper","x":668,"y":320}}},"snapshot":{"balls":[{"age":1640,"angle":2.9470555782318115,"type":2,"va":26.41490364074707,"vx":1.4589014053344727,"vy":-0.40702885389328003,"x":6.961504936218262,"y":-11.865384101867676},{"age":1296,"angle":1.1912319660186768,"type":2,"va":-13.79356861114502,"vx":36.13507843017578,"vy":-4.924652099609375,"x":5.498250961303711,"y":-14.117122650146484},{"age":1216,"angle":-2.2383711338043213,"type":2,"va":-44.60526657104492,"vx":-29.549074172973633,"vy":-2.734781265258789,"x":2.3783299922943115,"y":-6.2426018714904785},{"age":1159,"angle":3.0073864459991455,"type":2,"va":-37.45180892944336,"vx":0.45442795753479004,"vy":-2.4279839992523193,"x":12.223775863647461,"y":-12.14473819732666},{"age":1071,"angle":-0.2304445058107376,"type":2,"va":-6.630829811096191,"vx":-0.6357479095458984,"vy":-1.4624882936477661,"x":5.9904608726501465,"y":-13.12435531616211},{"age":962,"angle":2.166752815246582,"type":2,"va":-53.963462829589844,"vx":-8.911066055297852,"vy":-13.307185173034668,"x":9.131033897399902,"y":-8.715272903442383},{"age":867,"angle":1.5051265954971313,"type":2,"va":93.1374282836914,"vx":-14.929226875305176,"vy":0.4832279086112976,"x":6.475712299346924,"y":-12.615038871765137},{"age":666,"angle":-1.2831969261169434,"type":2,"va":42.2340202331543,"vx":-28.075098037719727,"vy":-28.13756561279297,"x":7.944513320922852,"y":-7.992048740386963},{"age":604,"angle":1.2978206872940063,"type":2,"va":-59.45667266845703,"vx":7.38824462890625,"vy":3.649231433868408,"x":11.48011302947998,"y":-6.921592712402344},{"age":547,"angle":-0.7789753675460815,"type":2,"va":-6.986728191375732,"vx":-0.8656400442123413,"vy":3.139558792114258,"x":5.317206859588623,"y":-13.183183670043945},{"age":6,"angle":1.923455834388733,"type":2,"va":0,"vx":0,"vy":-0.8175002336502075,"x":5.127262592315674,"y":-14.564092636108398},{"age":410,"angle":-1.8313243389129639,"type":2,"va":-23.026796340942383,"vx":-8.45811653137207,"vy":4.353458404541016,"x":4.684902191162109,"y":-6.880712509155273},{"age":287,"angle":-1.4703919887542725,"type":2,"va":-25.670114517211914,"vx":-6.14694245159626e-2,"vy":-1.2961597442626953,"x":5.291435241699219,"y":-12.619491577148438},{"age":185,"angle":0.8766253590583801,"type":2,"va":-60.76279830932617,"vx":28.210834503173828,"vy":-5.750491142272949,"x":11.367912292480469,"y":-11.212018013000488},{"age":76,"angle":2.802060127258301,"type":2,"va":-3.384305715560913,"vx":-0.8142185211181641,"vy":-10.65811538696289,"x":8.258397102355957,"y":-4.493924140930176}],"widgets":{}}}