{"puzzle":{"reqTiles":["Up","Left"],"inputs":[{"x":0.35,"y":0.0,"balls":[{"type":2,"rate":0.4439798990885417}]},{"x":0.0,"y":0.2,"balls":[{"type":3,"rate":0.7135009765625}]}],"outputs":[{"x":0.5,"y":1.0,"balls":[{"type":3,"rate":0.7135009765625}]},{"x":0.0,"y":0.8,"balls":[{"type":2,"rate":0.4439798990885417}]}],"spec":{}},"blueprint":{"puzzle":"ba703858-2340-5017-a836-a6ce3321ec42","title":"dependency","submittedAt":"2024-05-09T03:44:41.90198496Z","widgets":{"32":{"angle":2.265691279564959e-2,"type":"brick","x":331,"y":181},"2":{"angle":0,"type":"brick","x":369,"y":449},"3":{"angle":0,"type":"brick","x":311,"y":475},"4":{"angle":0,"type":"brick","x":378,"y":475},"36":{"angle":-0.24476775199388293,"type":"rightbumper","x":38.6761545,"y":286},"5":{"angle":0,"type":"board","x":173,"y":665},"6":{"angle":0,"type":"board","x":343,"y":664},"38":{"angle":3.134066656642378,"type":"fan","x":716.2184221,"y":688.324},"7":{"angle":0,"type":"board","x":258,"y":647},"39":{"angle":0,"type":"cushion","x":304,"y":417},"40":{"angle":0,"type":"anvil","x":467,"y":337},"10":{"angle":-1.556637530774002,"type":"brick","x":427,"y":622},"42":{"angle":-1.432410962455088,"type":"sword","x":373,"y":369},"11":{"angle":0,"type":"brick","x":184,"y":625},"12":{"angle":0,"type":"brick","x":221,"y":602},"44":{"angle":-1.5218234468922407,"type":"brick","x":131,"y":705.3798951},"13":{"angle":0,"type":"board","x":264,"y":581},"45":{"angle":-1.0419518591308374,"type":"prism","x":415.5,"y":526},"46":{"angle":-0.176563768995752,"type":"board","x":96.5,"y":597},"47":{"angle":2.7328020536857776,"type":"fan","x":703.530103,"y":618},"16":{"angle":0,"type":"board","x":397,"y":496},"48":{"angle":-1.0492732788878145,"type":"cushion","x":702.6660695,"y":558},"17":{"angle":0,"type":"brick","x":447,"y":474},"49":{"angle":0,"type":"board","x":482,"y":731},"18":{"angle":0,"type":"brick","x":435,"y":450},"50":{"angle":0,"type":"board","x":652.5,"y":731},"19":{"angle":0,"type":"brick","x":303,"y":449},"51":{"angle":-1.5502387949437424,"type":"brick","x":320,"y":705.7296653},"20":{"angle":-1.2235079335776224,"type":"board","x":242,"y":488},"21":{"angle":0,"type":"brick","x":415,"y":424},"53":{"angle":0,"type":"ballstand","x":451,"y":244},"22":{"angle":5.2564492022230454e-3,"type":"brick","x":451,"y":302},"54":{"angle":3.419326602129085,"type":"leftbumper","x":39.9504195,"y":389},"23":{"angle":0,"type":"brick","x":432,"y":399},"55":{"angle":0,"catMass":2,"type":"catswat","x":457.5,"y":178},"24":{"angle":0,"type":"brick","x":458,"y":374},"56":{"angle":0,"type":"cup","x":85,"y":633},"26":{"angle":0,"type":"brick","x":324,"y":386},"27":{"angle":0,"type":"brick","x":324,"y":360},"59":{"angle":0,"type":"anvil","x":448,"y":339},"28":{"angle":-1.5225964211981788,"type":"brick","x":305,"y":315},"60":{"angle":0,"sticker":"kingbun","type":"sticker","x":311,"y":149},"29":{"angle":-1.5567573304873705,"type":"brick","x":346,"y":316},"30":{"angle":0,"type":"brick","x":325,"y":272},"31":{"angle":-1.5259038591506722,"type":"brick","x":330,"y":227}}},"snapshot":{"balls":[{"age":473,"angle":0.849492073059082,"type":3,"va":18.10340118408203,"vx":-2.859588861465454,"vy":-3.4620705991983414e-2,"x":8.321611404418945,"y":-14.281980514526367},{"age":359,"angle":0.8511988520622253,"type":3,"va":14.909646034240723,"vx":-2.3770289421081543,"vy":-3.510510176420212e-2,"x":10.568315505981445,"y":-14.281861305236816},{"age":370,"angle":0.7820184230804443,"type":2,"va":-2.5050437450408936,"vx":1.3535038232803345,"vy":-0.9848015904426575,"x":0.276301771402359,"y":-10.974119186401367},{"age":273,"angle":2.26716685295105,"type":3,"va":-0.48740673065185547,"vx":-1.0582466125488281,"vy":-2.876183425541967e-4,"x":12.9611177444458,"y":-14.281153678894043},{"age":200,"angle":-3.0067055225372314,"type":3,"va":-2.473027467727661,"vx":2.5006229877471924,"vy":4.830244541168213,"x":9.806625366210938,"y":-8.474891662597656},{"age":195,"angle":0.4794009327888489,"type":2,"va":90.9632339477539,"vx":16.932899475097656,"vy":-13.450091361999512,"x":14.541791915893555,"y":-4.069602966308594},{"age":129,"angle":0.39557114243507385,"type":3,"va":40.82227325439453,"vx":23.997272491455078,"vy":-3.125911235809326,"x":11.862519264221191,"y":-0.20354211330413818},{"age":107,"angle":-2.122443199157715,"type":2,"va":32.4603271484375,"vx":-5.455000877380371,"vy":-8.497723579406738,"x":4.202271938323975,"y":-9.424992561340332}],"widgets":{"55":{"angle":0,"key":"55","va":0,"vx":0,"vy":0,"x":9.149999618530273,"y":-3.559999942779541}}}}