{"puzzle":{"reqTiles":["Up","Left"],"inputs":[{"x":0.35,"y":0.0,"balls":[{"type":3,"rate":1.0}]},{"x":0.0,"y":0.35,"balls":[{"type":2,"rate":0.828125}]}],"outputs":[{"x":0.8,"y":1.0,"balls":[{"type":2,"rate":0.828125}]},{"x":0.0,"y":0.5,"balls":[{"type":3,"rate":1.0}]}],"spec":{}},"blueprint":{"puzzle":"e08ac448-cd15-5fe9-8707-d5409605b421","title":"pin ball","submittedAt":"2024-04-08T21:56:27.091085289Z","widgets":{"32":{"angle":-1.3451855801067778,"type":"fan","x":41.806672,"y":454},"64":{"angle":3.057526878110211,"type":"cup","x":687,"y":333},"65":{"type":"roundbumper","x":516,"y":439},"66":{"angle":-8.398353762914763e-2,"type":"rightbumper","x":439,"y":536},"67":{"angle":0,"type":"leftbumper","x":712,"y":530},"68":{"type":"roundbumper","x":632,"y":440},"69":{"type":"roundbumper","x":587,"y":552},"41":{"angle":0,"type":"fan","x":23.5,"y":153},"42":{"angle":-1.3605369896701662,"type":"fan","x":53,"y":460},"43":{"angle":-0.4725060383020199,"type":"board","x":85,"y":355},"44":{"angle":-0.7355286019913754,"type":"board","x":293,"y":203},"45":{"angle":1.4356656516008819,"type":"board","x":359,"y":229},"46":{"angle":1.481749294318022,"type":"board","x":376,"y":388},"47":{"angle":1.0567945575280953,"type":"board","x":423,"y":532},"48":{"angle":0.9152297483127716,"type":"board","x":510,"y":659.072},"49":{"angle":-1.091363822643341,"type":"board","x":667,"y":652},"50":{"angle":-1.0621243726330765,"type":"board","x":689.525397,"y":606},"51":{"angle":3.1227785517173,"type":"cup","x":448,"y":188},"52":{"angle":3.1387067743914003,"type":"cup","x":538,"y":188},"53":{"angle":3.1342216503511273,"type":"cup","x":614,"y":191},"54":{"angle":3.128933590206751,"type":"cup","x":688,"y":188},"55":{"angle":-2.462034495451131,"type":"board","x":666.282084,"y":61.9899375},"56":{"angle":-1.078212504568869,"type":"fan","x":273,"y":270},"25":{"angle":-1.5658884703257732,"type":"fan","x":71.6149,"y":452},"57":{"angle":3.108014415797972,"type":"cup","x":497,"y":271},"26":{"angle":-1.5572307154704654,"type":"fan","x":71,"y":458},"58":{"angle":3.160448544662949,"type":"cup","x":577,"y":272},"27":{"angle":-0.6966235292511641,"type":"board","x":217,"y":271},"59":{"angle":3.191773562563496,"type":"cup","x":656,"y":267},"28":{"angle":-1.5395304554273603,"type":"fan","x":84,"y":458},"60":{"angle":3.154475072493155,"type":"cup","x":414,"y":269},"29":{"angle":-1.4750830239158692,"type":"fan","x":73,"y":458},"61":{"angle":3.106650703087645,"type":"cup","x":450,"y":339},"30":{"angle":-9.15152338806013e-3,"type":"fan","x":23.8421901,"y":156},"62":{"angle":3.0507889558448364,"type":"cup","x":539,"y":341},"63":{"angle":3.114388482192581,"type":"cup","x":620,"y":340}}},"snapshot":{"balls":[{"age":802,"angle":0.4608374834060669,"type":2,"va":1.445703387260437,"vx":-0.24194929003715515,"vy":-0.4817671775817871,"x":12.126750946044922,"y":-6.174800872802734},{"age":617,"angle":0.6610971093177795,"type":2,"va":29.282894134521484,"vx":5.2060160636901855,"vy":-14.760940551757812,"x":14.336496353149414,"y":-9.542715072631836},{"age":445,"angle":0.5361433625221252,"type":2,"va":-5.467432022094727,"vx":3.887298345565796,"vy":1.3289551734924316,"x":12.526602745056152,"y":-1.2784501314163208},{"age":379,"angle":-3.139500856399536,"type":2,"va":9.075342178344727,"vx":-2.5420360565185547,"vy":-0.7369747757911682,"x":10.524505615234375,"y":-4.70425271987915},{"age":286,"angle":-0.8879378437995911,"type":2,"va":-22.244457244873047,"vx":2.3762309551239014,"vy":-3.2321105003356934,"x":12.969099998474121,"y":-1.624242901802063},{"age":215,"angle":2.2879555225372314,"type":2,"va":33.69669723510742,"vx":2.0308876037597656,"vy":6.104101657867432,"x":0.4251861572265625,"y":-4.936502933502197},{"age":116,"angle":1.3850784301757812,"type":2,"va":-5.012960910797119,"vx":1.3443793058395386,"vy":4.552759170532227,"x":0.9090582728385925,"y":-5.638082504272461},{"age":6,"angle":-0.7267658710479736,"type":3,"va":0,"vx":0,"vy":-0.8175002336502075,"x":0.27700892090797424,"y":-7.4387006759643555},{"age":44,"angle":-0.839358925819397,"type":2,"va":4.147120952606201,"vx":-0.9143393635749817,"vy":-1.1873317956924438,"x":0.16567115485668182,"y":-5.18057918548584},{"age":83,"angle":-0.16375453770160675,"type":3,"va":-1.7152830958366394e-2,"vx":0.5837889909744263,"vy":-7.946162223815918,"x":5.561232089996338,"y":-3.527230739593506},{"age":40,"angle":1.4006868600845337,"type":3,"va":2.6154885292053223,"vx":3.8208910264074802e-3,"vy":-5.013066291809082,"x":5.178758144378662,"y":-1.3711483478546143}],"widgets":{}}}