{"puzzle":{"reqTiles":["Up"],"inputs":[{"x":0.5,"y":0.0,"balls":[{"type":4,"rate":0.83331298828125}]}],"outputs":[{"x":0.2,"y":1.0,"balls":[{"type":4,"rate":0.83331298828125}]}],"spec":{}},"blueprint":{"puzzle":"422e4552-0f07-5108-9b8c-e49ec0b28a2b","title":"HOw to navigate a British roundabout","submittedAt":"2024-06-05T06:41:13.13124713Z","widgets":{"32":{"angle":1.5482461494849795,"type":"brick","x":466.444061,"y":124.1886104},"64":{"angle":3.742274726197596,"type":"brick","x":35.6755383,"y":346.3132974},"96":{"angle":0,"sticker":"kingbun","type":"sticker","x":537.9348076,"y":260.7748403},"33":{"angle":1.1836311892592755,"type":"brick","x":447.4897715,"y":361.0425649},"65":{"angle":1.1077012295070172,"type":"brick","x":322.2975444,"y":36.4468856},"34":{"angle":0.8420335153518272,"type":"brick","x":374.9986111,"y":540.4015493},"35":{"angle":0.8504891792853021,"type":"brick","x":448.9480923,"y":502.2802363},"36":{"angle":0.7262431902304782,"type":"brick","x":496.023802,"y":546.860313},"68":{"angle":0,"type":"cushion","x":140.6572739,"y":251.8849248},"37":{"angle":0.8344873863811241,"type":"brick","x":477.9011895,"y":409.5803867},"69":{"angle":0.5211426422862298,"type":"cushion","x":85.664283,"y":235.6371079},"6":{"height":322,"type":"attractor","width":322,"x":160.996,"y":160.9960572},"38":{"angle":0.7112723111910785,"type":"brick","x":522.8956118,"y":453.9511958},"70":{"angle":0.9350339076037535,"type":"cushion","x":52.1123449,"y":202.5143896},"7":{"height":286,"type":"repulsor","width":286,"x":142.99787,"y":142.99787},"39":{"angle":0.7179177695429849,"type":"brick","x":420.2014224,"y":587.0648105},"71":{"angle":1.40767866688755,"type":"cushion","x":29.838552,"y":153.3520767},"40":{"angle":0.6938834563776023,"type":"brick","x":467.6951646,"y":627.4777607},"72":{"angle":2.0926282505490024,"type":"cushion","x":41.2952299,"y":93.148913},"41":{"angle":0.6110264632119273,"type":"brick","x":519.3540894,"y":667.6822349},"73":{"angle":2.7341469586257894,"type":"cushion","x":87.3311124,"y":57.1107117},"42":{"angle":0.5099554480138477,"type":"brick","x":593.5109121,"y":613.1039326},"74":{"angle":3.210117515414442,"type":"cushion","x":152.3216494,"y":46.2786922},"43":{"angle":0.6355640792902754,"type":"brick","x":575.2218091,"y":496.2356338},"75":{"angle":3.956204624638759,"type":"cushion","x":208.7727175,"y":71.0679883},"44":{"angle":0.5085385834700985,"type":"brick","x":629.5886885,"y":532.5266011},"76":{"angle":4.554639592412922,"type":"cushion","x":239.3929241,"y":131.272061},"45":{"angle":0.4758970720366885,"type":"brick","x":563.9732817,"y":694.8565493},"77":{"angle":5.1014172403476845,"type":"cushion","x":235.8522676,"y":183.5583052},"46":{"angle":-1.4211788439829998,"type":"brick","x":443.5322371,"y":308.1295039},"78":{"angle":-0.6273725286489312,"type":"cushion","x":200.0233418,"y":231.0538945},"15":{"angle":0.7123328366752782,"type":"brick","x":330.0053279,"y":497.6978857},"47":{"angle":-1.3270725197145155,"type":"brick","x":454.1559233,"y":247.0937097},"16":{"angle":0.8841002379063994,"type":"brick","x":407.0784124,"y":453.118687},"48":{"angle":-1.4541974995854934,"type":"brick","x":464.5698701,"y":189.1832136},"17":{"angle":-1.4437352229164755,"type":"brick","x":106.4940837,"y":480.8255649},"49":{"angle":0.43188787978926674,"type":"brick","x":684.5393442,"y":562.483},"18":{"angle":-0.3546736817262997,"type":"brick","x":235.6442144,"y":445.2010532},"50":{"angle":0,"type":"cushion","x":58.3765717,"y":468.1165161},"19":{"angle":1.8988957498394698,"type":"brick","x":196.8994053,"y":480.8238169},"51":{"angle":-0.5502466831028048,"type":"cushion","x":313.3418162,"y":413.7469766},"83":{"type":"roundbumper","x":171.6942596,"y":166.0593262},"20":{"angle":1.5961041696829872,"type":"brick","x":185.8590369,"y":537.4846338},"52":{"angle":0.9981884692838275,"type":"brick","x":368.5418701,"y":402.7054443},"84":{"type":"roundbumper","x":142.7399139,"y":181.6829834},"21":{"angle":1.548624518225086,"type":"brick","x":185.8587559,"y":598.5219312},"53":{"angle":0.6761771705751899,"type":"brick","x":284.5949077,"y":453.9508247},"85":{"type":"roundbumper","x":112.3274536,"y":169.809082},"22":{"angle":1.5465318287110468,"type":"brick","x":187.733396,"y":660.8080234},"54":{"angle":1.5013126555968421,"type":"brick","x":99.6205775,"y":479.1573711},"86":{"type":"roundbumper","x":106.7032166,"y":135.6453247},"23":{"angle":1.5668366399186078,"type":"brick","x":187.31777,"y":705.9477318},"55":{"angle":1.4313641690047934,"type":"brick","x":18.0903354,"y":488.7403584},"87":{"type":"roundbumper","x":136.4907837,"y":112.5223999},"24":{"angle":1.563420155272946,"type":"brick","x":28.588939,"y":657.6794946},"56":{"angle":0.42288542379156857,"type":"brick","x":703.4573009,"y":667.6976196},"88":{"type":"roundbumper","x":174.8187561,"y":128.7709961},"25":{"angle":1.5717282210415167,"type":"brick","x":30.0475822,"y":705.9883231},"57":{"angle":0.2761396418431413,"type":"brick","x":619.1738169,"y":717.7454764},"89":{"type":"roundbumper","x":140.8651733,"y":146.8942871},"26":{"angle":1.5345179450754691,"type":"brick","x":26.2984435,"y":613.1048545},"58":{"angle":1.3112966344039674,"type":"brick","x":458.7374961,"y":60.8595434},"90":{"angle":0,"type":"brick","x":530.3943481,"y":13.496},"27":{"angle":1.5442162608178576,"type":"brick","x":102.120457,"y":514.154},"59":{"angle":2.9300263919804403,"type":"brick","x":470.1945806,"y":20.3346615},"91":{"angle":0,"type":"brick","x":591.6358948,"y":13.496},"28":{"angle":1.228251954037809,"type":"brick","x":374.9711377,"y":398.5398857},"60":{"angle":2.0691233623907777,"type":"brick","x":335.4214883,"y":250.8428857},"92":{"angle":0,"type":"brick","x":650.7943115,"y":13.496},"29":{"angle":1.482136835950189,"type":"brick","x":23.1672474,"y":554.775748},"61":{"angle":1.471552800066495,"type":"brick","x":353.9598013,"y":135.6449546},"93":{"angle":0,"type":"brick","x":706.001,"y":13.496},"30":{"angle":1.5754530160509594,"type":"brick","x":103.9954875,"y":578.0325039},"62":{"angle":2.6865067769614344,"type":"brick","x":257.0992065,"y":334.1700078},"94":{"angle":0,"sticker":"kingbun","type":"sticker","x":523.3122427,"y":171.0591292},"31":{"angle":1.538716084645835,"type":"brick","x":104.2037253,"y":641.2268091},"63":{"angle":3.177596521631803,"type":"brick","x":145.8640015,"y":366.042},"95":{"angle":0,"sticker":"kingbun","type":"sticker","x":263.5564575,"y":549.151062}}},"snapshot":{"balls":[{"age":323,"angle":0.19242945313453674,"type":4,"va":4.593886807560921e-2,"vx":-4.040548577904701e-2,"vy":-4.6331071853637695,"x":2.953835964202881,"y":-13.83112907409668},{"age":228,"angle":-0.5778846144676208,"type":4,"va":-0.12058857083320618,"vx":-0.8531606197357178,"vy":-0.901380717754364,"x":3.3732502460479736,"y":-8.669453620910645},{"age":153,"angle":0.6202045679092407,"type":4,"va":0.37987178564071655,"vx":-3.032362461090088,"vy":-2.024372100830078,"x":5.62473201751709,"y":-7.458766937255859},{"age":103,"angle":-1.4611697755753994e-2,"type":4,"va":-3.885890245437622,"vx":-1.8701519966125488,"vy":-4.4410014152526855,"x":7.811847686767578,"y":-4.785940170288086}],"widgets":{}}}