{"puzzle":{"reqTiles":["Up"],"inputs":[{"x":0.65,"y":0.0,"balls":[{"type":1,"rate":0.541900634765625}]},{"x":1.0,"y":0.35,"balls":[{"type":2,"rate":0.39925130208333337}]}],"outputs":[{"x":0.2,"y":1.0,"balls":[{"type":2,"rate":0.4439798990885417}]},{"x":1.0,"y":0.8,"balls":[{"type":1,"rate":0.541900634765625}]}],"spec":{}},"blueprint":{"puzzle":"891af758-c349-5694-bfce-b0c488b91284","title":"live by the sword, sort by the sword","submittedAt":"2024-05-13T16:00:39.914086183Z","widgets":{"0":{"angle":-1.7690666661419636,"type":"fan","x":698.6057735,"y":349},"32":{"angle":0.7736466869773089,"type":"cushion","x":264,"y":650},"1":{"angle":-0.25679759701888055,"type":"board","x":486,"y":200},"33":{"angle":2.8247972976343103,"type":"sword","x":546,"y":543},"2":{"angle":-0.2900191228109066,"type":"cushion","x":695.1358075,"y":334},"34":{"angle":-1.5944171873492947,"type":"brick","x":187,"y":705.6906336},"3":{"angle":-0.27375101583001693,"type":"cushion","x":626,"y":352},"35":{"angle":0.8005960281618261,"type":"cushion","x":697.4560265,"y":519},"4":{"angle":1.4458380595666258,"type":"cushion","x":583,"y":319},"36":{"angle":-0.3371313419211754,"type":"cushion","x":694.8577835,"y":633},"5":{"angle":-0.2012297239292952,"type":"board","x":346,"y":233},"37":{"angle":-0.6978759815692922,"type":"fan","x":538,"y":696.1662505},"6":{"angle":1.5877367974621868,"type":"cushion","x":540,"y":80},"38":{"angle":-0.6956308183254423,"type":"fan","x":584,"y":695.759737},"7":{"angle":-0.297365145223924,"type":"cushion","x":573,"y":117},"39":{"angle":-0.31644069412220727,"type":"cushion","x":634,"y":654},"8":{"angle":2.896005638736822,"type":"cushion","x":572,"y":28.8830685},"40":{"angle":0,"type":"cushion","x":558,"y":667},"9":{"angle":-1.011519725755692,"type":"anvil","x":389,"y":565},"41":{"angle":-0.11809873780615858,"type":"cushion","x":643,"y":533},"10":{"angle":2.0803254551325656,"type":"fan","x":541,"y":92},"42":{"angle":2.916792470429537,"type":"cushion","x":489,"y":206},"43":{"angle":0.4827130952196187,"type":"cushion","x":348,"y":383},"12":{"angle":0.8175774508618713,"type":"fan","x":111,"y":214},"44":{"angle":-0.5298868170962973,"type":"cushion","x":491,"y":386},"13":{"angle":0,"type":"fan","x":68,"y":301},"45":{"angle":0,"type":"cushion","x":419,"y":402},"14":{"angle":-0.37144878472481396,"type":"fan","x":86,"y":374},"46":{"angle":-0.1030904670281268,"type":"cushion","x":550,"y":367},"15":{"angle":-0.8690171529817147,"type":"fan","x":134,"y":442},"47":{"height":110,"type":"attractor","width":110,"x":490.5,"y":491.5},"48":{"height":72,"type":"attractor","width":72,"x":489.5,"y":491.5},"17":{"angle":-0.7648304484103116,"type":"sword","x":217,"y":641},"49":{"height":57,"type":"attractor","width":57,"x":492.5,"y":487.5},"18":{"angle":1.9723684037790226,"type":"cushion","x":92,"y":618},"50":{"angle":0,"sticker":"figure1-happy","type":"sticker","x":414,"y":319},"19":{"angle":1.3178983583513983,"type":"cushion","x":89,"y":695.4250545},"51":{"angle":-0.46208499929174657,"type":"sword","x":504,"y":234},"20":{"angle":0.7991348002483272,"type":"brick","x":251,"y":652},"21":{"angle":0.581915494543942,"type":"brick","x":286,"y":675},"22":{"angle":0.9862114597341008,"type":"cushion","x":111,"y":386},"23":{"angle":0.8898052153981099,"type":"cushion","x":143,"y":438},"24":{"angle":-0.7937885080757193,"type":"cushion","x":205,"y":504},"25":{"angle":-0.6405606234726974,"type":"cushion","x":142,"y":553},"26":{"angle":-0.10129743344548608,"type":"fan","x":244,"y":683},"27":{"angle":0,"type":"brick","x":347,"y":695},"28":{"angle":-0.5493581330229741,"type":"brick","x":414,"y":682},"29":{"angle":-0.21097906492127014,"type":"brick","x":482,"y":668},"30":{"angle":-2.890581433029227e-2,"type":"fan","x":243,"y":682.8},"31":{"angle":0,"type":"fan","x":240,"y":681}}},"snapshot":{"balls":[{"age":1427,"angle":-2.5295753479003906,"type":2,"va":-6.217124755494297e-4,"vx":8.017652435228229e-4,"vy":-2.8739064000546932e-3,"x":9.085044860839844,"y":-7.640553951263428},{"age":1285,"angle":-1.4574317932128906,"type":2,"va":0.8712015748023987,"vx":6.2909393310546875,"vy":-3.703425407409668,"x":9.519935607910156,"y":-9.676302909851074},{"age":647,"angle":2.7499241828918457,"type":2,"va":-10.87293815612793,"vx":-1.6711806058883667,"vy":0.5997927784919739,"x":10.098319053649902,"y":-10.217144012451172},{"age":298,"angle":0.36732879281044006,"type":2,"va":40.79291534423828,"vx":0.5835880637168884,"vy":1.8308908939361572,"x":4.933324813842773,"y":-7.4296875},{"age":274,"angle":-3.0157406330108643,"type":1,"va":-55.55486297607422,"vx":3.941239356994629,"vy":0.3090040385723114,"x":10.836602210998535,"y":-11.260207176208496},{"age":105,"angle":2.171394109725952,"type":2,"va":1.2137813568115234,"vx":-3.087778329849243,"vy":2.367232084274292,"x":12.640157699584961,"y":-3.441711902618408},{"age":113,"angle":-2.6237757205963135,"type":1,"va":32.191802978515625,"vx":-4.9899001121521,"vy":-1.0832939147949219,"x":6.781088352203369,"y":-4.344267845153809},{"age":42,"angle":-0.11813624948263168,"type":1,"va":-0.9157506227493286,"vx":-9.552200138568878e-2,"vy":-2.7771899700164795,"x":9.592622756958008,"y":-0.5070416331291199}],"widgets":{}}}