{"puzzle":{"reqTiles":["Up"],"inputs":[{"x":0.2,"y":0.0,"balls":[{"type":4,"rate":0.8333740234375}]},{"x":1.0,"y":0.5,"balls":[{"type":2,"rate":0.45416259765625}]}],"outputs":[{"x":0.5,"y":1.0,"balls":[{"type":2,"rate":0.43179829915364587}]},{"x":1.0,"y":0.35,"balls":[{"type":4,"rate":0.8333740234375}]}],"spec":{}},"blueprint":{"puzzle":"4a72579e-10aa-57ab-b1ea-f9f70319bad1","title":"Observation deck","submittedAt":"2024-06-04T19:02:41.569280321Z","widgets":{"0":{"angle":-1.370977433210056,"type":"fan","x":176,"y":388},"32":{"angle":0.5615091278766031,"type":"brick","x":442,"y":706.469108},"64":{"angle":0,"type":"board","x":297,"y":600},"1":{"angle":-1.3502748888778588,"type":"fan","x":111,"y":387},"33":{"angle":-1.3211216971708883,"type":"brick","x":575,"y":657},"65":{"angle":2.3422098388719705,"type":"board","x":273,"y":530},"2":{"angle":-1.2791743087312955,"type":"fan","x":376,"y":394},"34":{"angle":-0.7211901437917321,"type":"brick","x":551,"y":700},"66":{"angle":1.574876790625565,"type":"board","x":212,"y":508},"3":{"angle":-1.2363736131042247,"type":"fan","x":308,"y":390},"35":{"angle":0,"type":"brick","x":498,"y":716},"67":{"angle":-0.8101886370392354,"type":"board","x":337,"y":468},"4":{"angle":-1.3234073439883192,"type":"fan","x":245,"y":393},"36":{"angle":-0.6286249244042845,"type":"brick","x":443,"y":547},"68":{"angle":0.7781790959900204,"type":"board","x":250,"y":466},"5":{"angle":-1.262611627149504,"type":"fan","x":501,"y":398},"37":{"angle":0,"type":"brick","x":546,"y":531},"69":{"angle":0.7175850256355798,"type":"board","x":334,"y":548},"6":{"angle":-1.231586657065995,"type":"fan","x":442,"y":398},"38":{"angle":0,"type":"brick","x":497,"y":531},"70":{"angle":0,"type":"board","x":301,"y":512},"7":{"angle":-1.2547619308191802,"type":"fan","x":562,"y":400},"39":{"angle":-1.6084379458899025,"type":"brick","x":395,"y":617},"71":{"angle":0,"type":"board","x":545,"y":471},"8":{"angle":-1.1781051943957674,"type":"fan","x":620,"y":398},"40":{"angle":2.001499230070368,"type":"brick","x":403,"y":592},"72":{"angle":0,"type":"board","x":384,"y":474},"9":{"angle":0,"type":"board","x":182,"y":415},"41":{"angle":-1.555946410905798,"type":"board","x":391,"y":507},"73":{"angle":-0.7041670295249576,"type":"board","x":193,"y":465},"10":{"angle":0,"type":"board","x":430,"y":416},"42":{"angle":2.018308911580462,"type":"board","x":456,"y":490},"74":{"angle":1.559733924156846,"type":"board","x":213,"y":652.4057795},"11":{"angle":0,"type":"board","x":273,"y":417},"43":{"angle":0.7404985475181827,"type":"board","x":512,"y":476},"75":{"angle":1.5587793705738864,"type":"board","x":127.5,"y":591},"12":{"angle":0,"type":"board","x":551,"y":416},"44":{"angle":-1.1540444118258804,"type":"board","x":352,"y":656.3460755},"76":{"angle":1.562930315938993,"type":"board","x":127,"y":652.4319185},"45":{"angle":0,"type":"brick","x":439,"y":725.5},"77":{"angle":0,"type":"board","x":207,"y":686},"14":{"angle":-0.9373539805591156,"type":"board","x":680.9528065,"y":361},"78":{"angle":0,"type":"board","x":652.5,"y":157},"15":{"angle":0,"speed":25,"type":"spokedwheel","x":658.593673,"y":571},"47":{"angle":0,"type":"board","x":570,"y":386},"79":{"angle":0,"type":"board","x":427,"y":157},"16":{"angle":-1.584217564811481,"type":"brick","x":726.044901,"y":437},"48":{"angle":0,"type":"board","x":497,"y":385},"80":{"angle":0,"type":"board","x":338,"y":146},"17":{"angle":0.4206274999457279,"type":"brick","x":627,"y":655},"49":{"angle":0,"type":"board","x":327,"y":385},"81":{"angle":0,"type":"board","x":258,"y":156},"18":{"angle":-1.2431756446148754,"type":"brick","x":573,"y":537},"50":{"angle":0,"type":"board","x":166,"y":384},"82":{"angle":0,"sticker":"figure1-happy","type":"sticker","x":538,"y":295},"19":{"angle":-0.5858966245630506,"type":"brick","x":609,"y":492},"51":{"angle":0,"type":"board","x":167,"y":399},"83":{"angle":0,"sticker":"figure1-sad","type":"sticker","x":479,"y":86},"20":{"angle":1.5264019726197702,"type":"brick","x":631,"y":444},"52":{"angle":0,"type":"board","x":237,"y":401},"84":{"angle":0,"sticker":"figure2-happy","type":"sticker","x":254,"y":289},"21":{"angle":0,"type":"brick","x":673,"y":661},"53":{"angle":0,"type":"board","x":406,"y":401},"85":{"angle":0,"sticker":"figure2-sad","type":"sticker","x":286,"y":69.5},"22":{"angle":-0.7088704262603205,"type":"brick","x":705.4024785,"y":653},"54":{"angle":0,"type":"board","x":563,"y":400},"86":{"angle":0.16223357353877396,"sticker":"figure3-happy","type":"sticker","x":60.4521,"y":303},"23":{"angle":0.8739835943831421,"type":"brick","x":599,"y":640},"55":{"angle":0,"type":"board","x":305,"y":369},"87":{"angle":0,"sticker":"figure3-sad","type":"sticker","x":202,"y":79},"24":{"angle":-1.5996005705444196,"type":"brick","x":702,"y":453},"56":{"angle":0,"type":"board","x":442,"y":369},"25":{"angle":-1.6185386826063137,"type":"brick","x":724.8927605,"y":463},"57":{"angle":0,"type":"board","x":584,"y":371},"26":{"angle":0.3401814341821671,"type":"board","x":654.511353,"y":186},"58":{"angle":0,"type":"board","x":161,"y":369},"27":{"angle":0,"type":"board","x":652.5,"y":664},"59":{"angle":0.8390372792316525,"type":"board","x":179,"y":567},"60":{"angle":0.9071777345776715,"type":"board","x":265,"y":665.526561},"61":{"angle":1.2170064407755958,"type":"board","x":101,"y":444},"62":{"angle":0,"type":"board","x":208,"y":513},"31":{"angle":0,"speed":25,"type":"spokedwheel","x":489.999994,"y":625.999998},"63":{"angle":1.556486302655823,"type":"board","x":290.5,"y":606}}},"snapshot":{"balls":[{"age":1444,"angle":-1.323583722114563,"type":2,"va":-14.107621192932129,"vx":1.096072793006897,"vy":-5.414973258972168,"x":9.19357967376709,"y":-13.618331909179688},{"age":1367,"angle":-0.5166417956352234,"type":2,"va":6.389825820922852,"vx":-4.987839698791504,"vy":3.171009063720703,"x":10.065422058105469,"y":-11.020708084106445},{"age":1138,"angle":-2.6653976440429688,"type":2,"va":17.18309211730957,"vx":3.191877841949463,"vy":3.9628833532333374e-2,"x":8.00704288482666,"y":-14.091113090515137},{"age":869,"angle":1.8604660034179688,"type":2,"va":-7.445655822753906,"vx":-3.6025867462158203,"vy":0.49193328619003296,"x":9.440993309020996,"y":-11.56284236907959},{"age":10,"angle":-0.9553425312042236,"type":4,"va":1.1748325824737549,"vx":0.626724123954773,"vy":-1.0732561349868774,"x":14.62983226776123,"y":-5.161391735076904},{"age":619,"angle":1.4025958776474,"type":2,"va":11.240507125854492,"vx":-7.376185417175293,"vy":4.0680742263793945,"x":13.63224983215332,"y":-10.25500774383545},{"age":608,"angle":-2.933434247970581,"type":4,"va":2.440094232559204,"vx":0.4356722831726074,"vy":-0.46672093868255615,"x":14.394423484802246,"y":-4.889939785003662},{"age":553,"angle":1.0661014318466187,"type":4,"va":11.151021003723145,"vx":1.6406105756759644,"vy":-0.677148163318634,"x":14.061749458312988,"y":-4.42706298828125},{"age":448,"angle":-0.7702019214630127,"type":2,"va":-0.4845821261405945,"vx":-1.9842230081558228,"vy":1.669194221496582,"x":10.761914253234863,"y":-13.376078605651855},{"age":472,"angle":0.41004255414009094,"type":4,"va":8.273673057556152,"vx":1.311293601989746,"vy":-0.31918865442276,"x":12.309248924255371,"y":-3.921921730041504},{"age":408,"angle":0.21080155670642853,"type":4,"va":12.596104621887207,"vx":1.9351383447647095,"vy":0.7709260582923889,"x":10.954452514648438,"y":-3.525042772293091},{"age":315,"angle":-1.738960862159729,"type":2,"va":-6.447197914123535,"vx":-2.9331228733062744,"vy":6.746339797973633,"x":10.768514633178711,"y":-11.171443939208984},{"age":346,"angle":-0.5561878085136414,"type":4,"va":12.494532585144043,"vx":1.7287013530731201,"vy":-0.7094118595123291,"x":8.904007911682129,"y":-3.638948440551758},{"age":255,"angle":-2.346992015838623,"type":2,"va":-37.680965423583984,"vx":-5.480986595153809,"vy":0.7234483361244202,"x":13.81496524810791,"y":-9.976863861083984},{"age":247,"angle":-1.9913228750228882,"type":4,"va":7.965363025665283,"vx":1.2586350440979004,"vy":-0.13339130580425262,"x":6.038491249084473,