{"puzzle":{"reqTiles":["Up"],"inputs":[{"x":0.65,"y":0.0,"balls":[{"type":3,"rate":0.564453125}]},{"x":1.0,"y":0.2,"balls":[{"type":4,"rate":0.828125}]}],"outputs":[{"x":0.2,"y":1.0,"balls":[{"type":4,"rate":0.828125}]},{"x":1.0,"y":0.5,"balls":[{"type":3,"rate":0.564453125}]}],"spec":{}},"blueprint":{"puzzle":"df4ea231-e0cf-528c-9248-d1b4df5b5854","title":"brick bounce fan fun","submittedAt":"2024-04-25T05:14:24.589539692Z","widgets":{"0":{"angle":4.209666140654567,"type":"fan","x":695.8171345,"y":236},"32":{"angle":-1.5275271026349255,"type":"fan","x":38.481415,"y":684},"1":{"angle":-0.6422641803022414,"type":"brick","x":529,"y":236.03849},"2":{"angle":0.9590684817408879,"type":"brick","x":474,"y":35.5871595},"3":{"angle":-0.6211926375707111,"type":"brick","x":524,"y":79},"4":{"angle":4.097561013844982,"type":"brick","x":473,"y":117},"5":{"angle":-0.6463996180179656,"type":"brick","x":526,"y":157},"6":{"angle":-2.2164865187141762,"type":"brick","x":476,"y":275},"7":{"angle":0.9408938320264727,"type":"brick","x":474,"y":196},"8":{"angle":0.15039411185488138,"type":"brick","x":653,"y":378},"9":{"angle":1.0756841418799916,"type":"fan","x":586,"y":38.4953785},"10":{"angle":1.5409200914138856,"type":"fan","x":571,"y":120},"11":{"angle":1.562595544872204,"type":"fan","x":571,"y":119},"13":{"angle":0.25735943259247923,"type":"brick","x":529,"y":307},"14":{"angle":3.574010268230558,"type":"brick","x":500,"y":298},"46":{"angle":1.5609706164501669,"type":"fan","x":37.729102,"y":257.132653},"16":{"angle":3.141592653589793,"type":"fan","x":643.5,"y":409},"48":{"angle":3.1435824174279805,"type":"fan","x":642,"y":409},"17":{"angle":3.141592653589793,"type":"fan","x":644.5,"y":409},"49":{"angle":3.1575402655800344,"type":"fan","x":641,"y":406},"18":{"angle":3.141592653589793,"type":"fan","x":643.5,"y":410},"50":{"angle":3.1239577966419705,"type":"fan","x":644,"y":408},"19":{"angle":-3.141592653589793,"type":"fan","x":644.5,"y":408},"51":{"angle":3.1502474080946676,"type":"fan","x":533,"y":595},"20":{"angle":1.5649503085679715,"type":"fan","x":571,"y":118.5},"52":{"angle":3.1334240587094313,"type":"fan","x":495,"y":625},"21":{"angle":3.141592653589793,"type":"fan","x":557.5,"y":568},"53":{"angle":3.1350569995637003,"type":"fan","x":455,"y":655},"22":{"angle":1.5663365611402513,"type":"fan","x":571,"y":119},"55":{"angle":3.1496459602687157,"type":"fan","x":586.801222,"y":486.311954},"24":{"angle":0,"type":"fan","x":57.5,"y":702.5},"56":{"angle":-3.141592653589793,"type":"fan","x":348.5,"y":702.5},"25":{"angle":3.141592653589793,"type":"fan","x":345.5,"y":680.5},"57":{"angle":3.141592653589793,"type":"fan","x":408.5,"y":691},"26":{"angle":-3.141592653589793,"type":"fan","x":574.5,"y":534},"28":{"angle":3.141592653589793,"type":"fan","x":345.5,"y":665},"30":{"angle":3.141592653589793,"type":"fan","x":346.5,"y":675.5},"31":{"angle":0.15582863884282896,"type":"brick","x":703,"y":385}}},"snapshot":{"balls":[{"age":683,"angle":2.2421891689300537,"type":3,"va":11.49829387664795,"vx":-1.8395198583602905,"vy":-1.862645149230957e-9,"x":4.633514404296875,"y":-14.621760368347168},{"age":12,"angle":2.543959140777588,"type":3,"va":1.297113060951233,"vx":1.034922480583191,"vy":0.4100005030632019,"x":14.595295906066895,"y":-7.388318061828613},{"age":476,"angle":0.4376872181892395,"type":3,"va":-2.6998143196105957,"vx":0.42480212450027466,"vy":-6.673732399940491e-2,"x":14.283842086791992,"y":-7.301252365112305},{"age":377,"angle":0.7618018984794617,"type":3,"va":-14.082489013671875,"vx":2.2627575397491455,"vy":-1.0526463985443115,"x":10.223470687866211,"y":-5.575634956359863},{"age":312,"angle":-1.8504273891448975,"type":4,"va":36.92277908325195,"vx":0.4890304505825043,"vy":2.097336530685425,"x":0.9419832229614258,"y":-9.59644603729248},{"age":293,"angle":-0.5574716329574585,"type":3,"va":-2.439244508743286,"vx":-0.5870099663734436,"vy":1.0497016906738281,"x":10.308473587036133,"y":-4.320249557495117},{"age":247,"angle":0.44182804226875305,"type":4,"va":-1.8765172958374023,"vx":1.6162887811660767,"vy":-0.11033245921134949,"x":2.920102596282959,"y":-14.40998363494873},{"age":212,"angle":-1.2490942478179932,"type":3,"va":7.572617530822754,"vx":-0.9626011848449707,"vy":-0.7263200879096985,"x":10.056328773498535,"y":-2.9530627727508545},{"age":121,"angle":-5.275190994143486e-2,"type":4,"va":4.850060939788818,"vx":1.3871610164642334e-2,"vy":-4.3376970291137695,"x":12.593165397644043,"y":-2.4664931297302246},{"age":124,"angle":-2.048755645751953,"type":3,"va":2.3797800540924072,"vx":0.6276443004608154,"vy":0.5400351285934448,"x":9.579490661621094,"y":-1.7051308155059814},{"age":32,"angle":1.5646992921829224,"type":4,"va":0.720618724822998,"vx":-0.6506764888763428,"vy":-5.766777694225311e-2,"x":14.756235122680664,"y":-2.9501726627349854}],"widgets":{}}}