{"puzzle":{"reqTiles":["Up"],"inputs":[{"x":0.2,"y":0.0,"balls":[{"type":2,"rate":0.5559895833333334}]},{"x":1.0,"y":0.5,"balls":[{"type":1,"rate":0.84375}]}],"outputs":[{"x":0.5,"y":1.0,"balls":[{"type":1,"rate":0.84375}]},{"x":1.0,"y":0.65,"balls":[{"type":2,"rate":0.5559895833333334}]}],"spec":{}},"blueprint":{"puzzle":"4e5f3826-4045-5512-a67c-419ce0977377","title":"Don't forget your party helmet","submittedAt":"2024-04-09T21:53:07.404924903Z","widgets":{"64":{"angle":0,"sticker":"knievel","type":"sticker","x":162,"y":669.5},"33":{"angle":0,"speed":-69,"type":"spokedwheel","x":624,"y":330},"35":{"angle":0,"type":"fan","x":36.5,"y":702.5},"67":{"angle":1.564535736991437,"type":"cushion","x":80,"y":698.8787373},"36":{"angle":-3.129398136141541,"type":"fan","x":698.044,"y":702.2162089},"68":{"angle":-1.5846843227258638,"type":"cushion","x":656,"y":698.7331297},"37":{"angle":0,"type":"fan","x":36.5,"y":702.5},"69":{"angle":1.5636903449570527,"type":"brick","x":13.7412682,"y":588},"38":{"angle":-3.1163899256746976,"type":"fan","x":698.562,"y":701.9197203},"70":{"angle":-0.7641399177094761,"type":"brick","x":706.111882,"y":634},"72":{"angle":4.595526600429117e-2,"type":"prism","x":166.5,"y":539},"41":{"angle":-1.5422961001221311,"type":"brick","x":725.5366,"y":591},"73":{"angle":-2.064784337505488,"type":"prism","x":249,"y":561},"42":{"angle":0.8042876040809682,"type":"brick","x":33.3077995,"y":632},"74":{"angle":0,"type":"prism","x":356,"y":543},"75":{"angle":-2.0790368173814833,"type":"prism","x":441,"y":563},"76":{"angle":4.459716914392517,"type":"prism","x":64.6824,"y":543},"77":{"angle":0,"type":"prism","x":551,"y":545},"78":{"angle":4.267883139699398,"type":"prism","x":638,"y":569},"47":{"angle":0,"sticker":"figure1-happy","type":"sticker","x":296,"y":673},"79":{"height":25,"type":"repulsor","width":25,"x":260.5,"y":508.5},"48":{"angle":0,"sticker":"figure2-happy","type":"sticker","x":456,"y":667.5},"80":{"height":25,"type":"repulsor","width":25,"x":88.5,"y":495.5},"49":{"angle":0,"sticker":"figure2-sad","type":"sticker","x":688,"y":132},"81":{"height":25,"type":"repulsor","width":25,"x":167.5,"y":502.5},"50":{"angle":1.293796335201003,"type":"ballstand","x":615,"y":154},"82":{"height":25,"type":"repulsor","width":25,"x":356.5,"y":507.5},"51":{"angle":1.5585558835398179,"type":"brick","x":556,"y":35.1627},"83":{"height":25,"type":"repulsor","width":25,"x":453.5,"y":511.5},"20":{"angle":1.3089028601043389,"type":"board","x":141,"y":136},"52":{"angle":1.5805204935371509,"type":"brick","x":556,"y":99},"21":{"angle":0.7661697642977414,"type":"board","x":239,"y":336},"53":{"angle":1.5453780735358214,"type":"brick","x":557,"y":162},"85":{"height":25,"type":"repulsor","width":25,"x":550.5,"y":515.5},"22":{"angle":0.3702017130111489,"type":"board","x":435,"y":456},"54":{"angle":0,"type":"brick","x":577,"y":207},"86":{"height":25,"type":"repulsor","width":25,"x":652.5,"y":516.5},"55":{"angle":0,"type":"brick","x":643,"y":207},"56":{"angle":0,"type":"brick","x":706,"y":207},"26":{"angle":1.293492067468434,"type":"board","x":193,"y":125},"27":{"angle":0.7605715549451973,"type":"board","x":296,"y":287},"59":{"type":"roundbumper","x":645,"y":139},"91":{"angle":0,"type":"cup","x":357,"y":511},"28":{"angle":0.43364937998924574,"type":"board","x":478,"y":383},"60":{"angle":0,"type":"rightbumper","x":596,"y":150},"92":{"angle":-3.1656345475795655,"type":"anvil","x":352,"y":478},"29":{"angle":0,"type":"board","x":652.5,"y":421},"61":{"angle":-3.163722203788221,"type":"cup","x":452,"y":585},"93":{"angle":0,"catMass":2,"type":"catswat","x":34.5,"y":391},"30":{"angle":0.14481249823893838,"type":"board","x":651.117,"y":502},"62":{"angle":-3.15420459746985,"type":"cup","x":291,"y":593},"94":{"angle":0,"type":"brick","x":34,"y":425},"63":{"angle":0.926738630466833,"sticker":"figure3-happy","type":"sticker","x":74.3054935,"y":577}}},"snapshot":{"balls":[{"age":1691,"angle":1.6592634916305542,"type":1,"va":0,"vx":0,"vy":0,"x":7.2225751876831055,"y":-8.905167579650879},{"age":1073,"angle":1.3651596307754517,"type":1,"va":4.056598663330078,"vx":-0.2596951425075531,"vy":-0.11878415942192078,"x":6.4141693115234375,"y":-14.531562805175781},{"age":610,"angle":2.9606130123138428,"type":1,"va":-1.2870041131973267,"vx":0.22479568421840668,"vy":0,"x":5.962535858154297,"y":-14.621150970458984},{"age":536,"angle":2.3303534984588623,"type":1,"va":-3.3622488975524902,"vx":1.3494610786437988,"vy":-0.3582979440689087,"x":5.754748821258545,"y":-4.964785575866699},{"age":505,"angle":-2.7410173416137695,"type":1,"va":7.985693454742432,"vx":1.2799663543701172,"vy":-1.3569231033325195,"x":10.147259712219238,"y":-11.550281524658203},{"age":422,"angle":2.109626293182373,"type":1,"va":-29.03329849243164,"vx":3.354856491088867,"vy":-3.257685422897339,"x":7.3528242111206055,"y":-6.637235164642334},{"age":362,"angle":-1.8279763460159302,"type":1,"va":1.8410873413085938,"vx":0.7949346899986267,"vy":-5.560027599334717,"x":0.33655521273612976,"y":-3.038851499557495},{"age":302,"angle":-1.2387492656707764,"type":1,"va":-4.047418594360352,"vx":3.261376142501831,"vy":-3.4303290843963623,"x":7.581915378570557,"y":-6.860123634338379},{"age":268,"angle":-3.1152162551879883,"type":2,"va":0.708612322807312,"vx":-0.11163096129894257,"vy":1.627955585718155e-2,"x":14.090719223022461,"y":-9.853527069091797},{"age":232,"angle":-1.670127034187317,"type":1,"va":78.1858901977539,"vx":-5.61323881149292,"vy":5.728763103485107,"x":5.212124347686768,"y":-4.021988868713379},{"age":205,"angle":-0.9250987768173218,"type":2,"va":7.058550834655762,"vx":-0.7973867058753967,"vy":-1.3481634855270386,"x":13.298111915588379,"y":-9.706319808959961},{"age":154,"angle":1.9693236351013184,"type":1,"va":16.03203582763672,"vx":-23.205730438232422,"vy":-0.220497727394104,"x":11.484477996826172,"y":-8.07892894744873},{"age":65,"angle":-2.0800561904907227,"type":1,"va":5.088253021240234,"vx":-0.4100837707519531,"vy":-1.3261957168579102,"x":14.314741134643555,"y":-7.909343719482422},{"age":73,"angle":-5.448411405086517e-2,"type":2,"va":-10.358911514282227,"vx":2.529156446456909,"vy":-5.853634834289551,"x":3.240506887435913,"y":-2.8910727500915527},{"age":21,"angle":-2.9849226474761963,"type":1,"va":1.9237149953842163,"vx":-0.8896546363830566,"vy":-1.3892735354602337e-2,"x":14.783493041992188,"y":-7.427633762359619}],"widgets":{"33":{"angle":-2.1986520290374756,"key":"33","va":-16.091236114501953,"vx":0,"vy":0,"x":12.479999542236328,"y":-6.599999904632568},"93":{"angle":0,"key":"93","va":0,"vx":0,"vy":0,"x":0.6899999976158142,"y":-7.820000171661377}}}}