{"puzzle":{"reqTiles":["Up"],"inputs":[{"x":0.35,"y":0.0,"balls":[{"type":1,"rate":0.5}]},{"x":1.0,"y":0.35,"balls":[{"type":3,"rate":1.0}]}],"outputs":[{"x":0.2,"y":1.0,"balls":[{"type":3,"rate":1.0}]},{"x":1.0,"y":0.2,"balls":[{"type":1,"rate":0.5}]}],"spec":{}},"blueprint":{"puzzle":"fb88e6dd-ac9c-50bb-b8b6-29ce101c0d9c","title":"Flooper","submittedAt":"2024-04-07T06:45:52.048589631Z","widgets":{"0":{"angle":0.1471403068454249,"type":"board","x":218,"y":81},"64":{"angle":0,"type":"brick","x":227,"y":726.5},"33":{"angle":-0.24168085668531275,"type":"board","x":652.8889975,"y":516},"65":{"angle":-0.5376746011554353,"type":"brick","x":99,"y":639},"2":{"angle":0,"type":"lefthook","x":200.506,"y":126.663},"4":{"angle":-1.0667317996424523,"type":"brick","x":348,"y":88},"36":{"angle":1.017218007632636,"type":"board","x":72.1072165,"y":655},"6":{"angle":-0.4742404328221375,"type":"brick","x":380,"y":73},"7":{"angle":0.1148765958702127,"type":"brick","x":270,"y":106},"39":{"angle":8.692336468130209e-2,"type":"board","x":491,"y":156},"8":{"angle":0.5705211368604424,"type":"sword","x":248,"y":88},"40":{"angle":2.4337276054400874e-2,"type":"board","x":645,"y":166},"41":{"angle":-0.8720849773378707,"type":"board","x":100.5,"y":316},"44":{"angle":1.724572506825801,"type":"board","x":475,"y":463},"45":{"angle":1.7555900236796258,"type":"board","x":572,"y":263},"46":{"angle":1.0548532040939491,"type":"board","x":655,"y":314},"47":{"angle":0.1911843861344675,"type":"brick","x":386,"y":387},"48":{"angle":-1.602167129037914,"type":"fan","x":148,"y":597},"17":{"angle":-0.7510208148239145,"type":"brick","x":117,"y":186},"49":{"angle":-0.9169974058381124,"type":"fan","x":44.0595535,"y":456},"50":{"angle":-1.1754053486173401,"type":"fan","x":81,"y":604},"51":{"angle":-0.5511947630748346,"type":"fan","x":60,"y":319},"52":{"angle":-0.32938341281666395,"type":"fan","x":53,"y":322},"53":{"angle":-1.5426201797293442,"type":"rightbumper","x":688.452361,"y":306},"22":{"angle":0,"type":"lefthook","x":530.871,"y":364.643},"54":{"angle":-2.2138111247605075,"type":"fan","x":255,"y":594},"23":{"angle":0.6412003593684454,"type":"board","x":307,"y":343},"55":{"angle":0,"type":"brick","x":673,"y":345},"24":{"angle":2.1328541220159214,"type":"board","x":366,"y":219},"56":{"angle":0.9957238380829103,"type":"board","x":123,"y":479},"57":{"angle":-1.1780705723875826,"type":"rightbumper","x":462,"y":695.953038},"26":{"angle":1.4230736565378277,"type":"board","x":465,"y":259},"58":{"angle":2.2831347260112334,"type":"rightbumper","x":422,"y":566},"28":{"angle":-1.1624965159615683,"type":"board","x":488,"y":466},"29":{"angle":-0.3729876317482118,"type":"board","x":401,"y":524},"30":{"angle":0,"type":"board","x":258,"y":547},"62":{"angle":-0.25157184026080504,"type":"board","x":427,"y":709.5021895},"63":{"angle":1.3441159103740676,"type":"brick","x":408,"y":679}}},"snapshot":{"balls":[{"age":1588,"angle":0.798954963684082,"type":3,"va":0.5975997447967529,"vx":-9.522604942321777e-2,"vy":0,"x":13.255450248718262,"y":-14.621305465698242},{"age":1441,"angle":-0.29930275678634644,"type":3,"va":0,"vx":0,"vy":0,"x":5.443545818328857,"y":-14.621301651000977},{"age":1235,"angle":5.857941508293152e-2,"type":3,"va":0.6340532302856445,"vx":-0.10080593079328537,"vy":1.2514647096395493e-9,"x":12.855716705322266,"y":-14.621304512023926},{"age":1140,"angle":-2.8330347537994385,"type":1,"va":-0.418992817401886,"vx":7.390089333057404e-2,"vy":-1.4303387142717838e-2,"x":8.304738998413086,"y":-7.421866416931152},{"age":1035,"angle":2.840067148208618,"type":1,"va":3.0543291568756104,"vx":0.1312507838010788,"vy":6.030292436480522e-2,"x":14.435711860656738,"y":-2.980414628982544},{"age":975,"angle":-3.0618810653686523,"type":1,"va":25.079992294311523,"vx":3.4549167156219482,"vy":-3.8355093002319336,"x":9.893940925598145,"y":-2.3582093715667725},{"age":890,"angle":3.1367781162261963,"type":1,"va":34.03607177734375,"vx":2.079400062561035,"vy":6.735710144042969,"x":7.295320510864258,"y":-3.5689923763275146},{"age":852,"angle":-1.188536524772644,"type":3,"va":0,"vx":0,"vy":0,"x":6.119718551635742,"y":-14.621302604675293},{"age":816,"angle":1.7492120265960693,"type":1,"va":20.491119384765625,"vx":-5.069668769836426,"vy":1.2189582586288452,"x":4.786433696746826,"y":-10.53635311126709},{"age":762,"angle":2.965100049972534,"type":3,"va":0,"vx":0,"vy":0,"x":5.788268089294434,"y":-14.621302604675293},{"age":700,"angle":-0.6157678365707397,"type":1,"va":-2.5163888931274414e-2,"vx":2.540585584938526e-3,"vy":-4.917341284453869e-4,"x":7.99245548248291,"y":-7.356056213378906},{"age":569,"angle":-2.7114176750183105,"type":1,"va":-9.928972460329533e-3,"vx":2.5404635816812515e-3,"vy":-4.917003097943962e-4,"x":7.679337024688721,"y":-7.295462131500244},{"age":484,"angle":2.1071791648864746,"type":3,"va":-1.8863587379455566,"vx":1.885475993156433,"vy":1.384965181350708,"x":3.986220359802246,"y":-14.076831817626953},{"age":401,"angle":0.17761847376823425,"type":3,"va":19.40578269958496,"vx":-2.991346836090088,"vy":-2.433781385421753,"x":10.749300956726074,"y":-10.691088676452637},{"age":394,"angle":1.9223432540893555,"type":1,"va":-20.861682891845703,"vx":2.6612706184387207,"vy":-2.051793336868286,"x":7.123839378356934,"y":-7.172816276550293},{"age":320,"angle":-1.794201321899891e-2,"type":3,"va":17.537073135375977,"vx":-4.813579559326172,"vy":26.554611206054688,"x":9.050381660461426,"y":-12.23807144165039},{"age":245,"angle":-2.9179494380950928,"type":3,"va":18.495527267456055,"vx":-2.8254172801971436,"vy":-3.477555990219116,"x":10.472942352294922,"y":-11.009055137634277},{"age":289,"angle":-6.055619940161705e-2,"type":1,"va":-4.963659286499023,"vx":0.7444448471069336,"vy":0.20791402459144592,"x":6.458398818969727,"y":-2.5036303997039795},{"age":203,"angle":-0.5146716833114624,"type":3,"va":12.267535209655762,"vx":-1.8921220302581787,"vy":-0.4993404746055603,"x":12.385376930236816,"y":-10.137351989746094},{"age":167,"angle":2.2780725955963135,"type":1,"va":8.66206169128418,"vx":-6.516014784574509e-2,"vy":-0.5609340667724609,"x":6.226286888122559,"y":-2.2850611209869385},{"age":122,"angle":-0.20207583904266357,"type":3,"va":2.6678154468536377,"vx":-7.443778216838837e-2,"vy":-3.9494130611419678,"x":11.84427261352539,"y":-5.557106971740723},{"age":60,"angle":-2.1899781227111816,"type":3,"va":-100.36934661865234,"vx":-16.176294326782227,"vy":-4.748740196228027,"x":12.44847583770752,"y":-3.685100555419922}],"widgets":{"2":{"angle":-8.45198929309845e-2,"key":"2","va":0.24764476716518402,"vx":0,"vy":0,"x":3.999532699584961,"y":-2.6190757751464844},"22":{"angle":-0.1561090499162674,"key":"22","va":0.10054922103881836,"vx":0,"vy":0,"x":10.592636108398438,"y":-7.45045280456543}}}}