{"puzzle":{"reqTiles":["Up"],"inputs":[{"x":0.35,"y":0.0,"balls":[{"type":2,"rate":0.5381266276041667}]}],"outputs":[{"x":0.8,"y":1.0,"balls":[{"type":2,"rate":0.5381266276041667}]}],"spec":{}},"blueprint":{"puzzle":"3b630ff4-d1d3-524c-bcab-d29d6aadf372","title":"Things to bounce off (variing Quality)","submittedAt":"2024-04-25T17:10:11.003199988Z","widgets":{"0":{"angle":0.16553540444009493,"type":"anvil","x":441,"y":181},"32":{"height":46,"type":"repulsor","width":46,"x":717,"y":717},"1":{"angle":1.8803882182711589,"type":"fan","x":307,"y":142},"2":{"angle":3.1045831889569953,"type":"ballstand","x":569,"y":356},"3":{"angle":0,"type":"cushion","x":237,"y":52},"4":{"angle":-1.2815785306962837,"type":"hammer","x":127,"y":603},"6":{"angle":-0.40262276465229513,"type":"cushion","x":694.6377805,"y":256},"7":{"angle":6.879114366861852e-2,"type":"cushion","x":657,"y":281},"8":{"angle":0,"type":"brick","x":448,"y":358},"9":{"angle":4.501833105672638,"type":"cup","x":347,"y":377},"10":{"angle":0,"type":"sword","x":570,"y":212},"11":{"angle":1.4768773744919481,"type":"cushion","x":716.7409155,"y":192},"12":{"angle":0.9494073739184288,"type":"leftbumper","x":235,"y":405},"13":{"angle":-0.26629220616750077,"type":"cushion","x":59,"y":47},"14":{"angle":1.8545954483090605,"type":"cushion","x":30.2001855,"y":85},"15":{"angle":0.734289341200838,"type":"cushion","x":144,"y":61},"16":{"angle":0.29689814603553955,"type":"cushion","x":44.9110015,"y":233},"18":{"angle":0,"type":"cushion","x":102,"y":44},"19":{"angle":0.33088288413110345,"type":"cushion","x":45.111147,"y":403},"20":{"angle":1.7405133191126447,"type":"cushion","x":127,"y":268},"21":{"angle":-0.811225033812585,"type":"cushion","x":93,"y":333},"22":{"angle":1.5659449913437595,"type":"cushion","x":19.6986705,"y":342},"24":{"angle":0,"type":"board","x":459,"y":239},"25":{"angle":0,"type":"board","x":343,"y":239},"26":{"angle":1.044525594936799,"type":"board","x":219,"y":160},"27":{"angle":0,"type":"board","x":309,"y":458},"28":{"angle":0,"type":"board","x":481,"y":457},"29":{"angle":-0.7934608353934777,"type":"board","x":628,"y":392},"30":{"angle":0.559631334254454,"type":"board","x":470,"y":685.921466},"31":{"angle":0,"type":"lefthook","x":382.349,"y":608.403}}},"snapshot":{"balls":[{"age":1274,"angle":2.262744903564453,"type":2,"va":0.9437905550003052,"vx":-0.1503888964653015,"vy":-6.984919309616089e-10,"x":9.297308921813965,"y":-14.621308326721191},{"age":1161,"angle":-2.8227481842041016,"type":2,"va":0,"vx":0,"vy":0,"x":11.055481910705566,"y":-8.801302909851074},{"age":1084,"angle":1.9269288778305054,"type":2,"va":-0.6047394275665283,"vx":9.636374562978745e-2,"vy":-9.604264050722122e-10,"x":12.949747085571289,"y":-14.621304512023926},{"age":926,"angle":-2.3672308921813965,"type":2,"va":-2.010037899017334,"vx":-0.5045725107192993,"vy":2.4620494842529297,"x":9.195162773132324,"y":-10.767680168151855},{"age":767,"angle":2.1895768642425537,"type":2,"va":3.9344842433929443,"vx":-0.6218022704124451,"vy":1.7217806577682495,"x":5.539519309997559,"y":-8.770635604858398},{"age":666,"angle":2.5148346424102783,"type":2,"va":17.272563934326172,"vx":-2.3555357456207275,"vy":-2.051003932952881,"x":1.510257363319397,"y":-6.215468406677246},{"age":573,"angle":0.5961894989013672,"type":2,"va":17.536542892456055,"vx":-2.2920799255371094,"vy":1.3162282705307007,"x":1.2837401628494263,"y":-4.219878196716309},{"age":495,"angle":0.29799625277519226,"type":2,"va":-31.786354064941406,"vx":-4.606050491333008,"vy":7.703985273838043e-2,"x":2.036302328109741,"y":-1.6885864734649658},{"age":431,"angle":-0.6973230838775635,"type":2,"va":19.062530517578125,"vx":-2.737095832824707,"vy":1.947077989578247,"x":6.338846683502197,"y":-6.508604526519775},{"age":282,"angle":-1.5141950845718384,"type":2,"va":17.483863830566406,"vx":-2.1518123149871826,"vy":-1.7694779634475708,"x":13.042218208312988,"y":-5.0550217628479},{"age":177,"angle":-2.541794776916504,"type":2,"va":-17.96617889404297,"vx":3.2375659942626953,"vy":-3.6945340633392334,"x":10.273577690124512,"y":-3.2065236568450928},{"age":38,"angle":-0.19606411457061768,"type":2,"va":-4.790530681610107,"vx":0.7306161522865295,"vy":-0.21711036562919617,"x":5.262827396392822,"y":-0.5866461396217346}],"widgets":{"31":{"angle":3.655221313238144e-2,"key":"31","va":-1.4818686246871948,"vx":0,"vy":0,"x":7.649172306060791,"y":-12.13085651397705}}}}