{"puzzle":{"reqTiles":["Up","Left"],"inputs":[{"x":0.35,"y":0.0,"balls":[{"type":1,"rate":0.72265625}]},{"x":0.0,"y":0.5,"balls":[{"type":2,"rate":0.5294392903645834}]}],"outputs":[{"x":0.65,"y":1.0,"balls":[{"type":2,"rate":0.5294392903645834}]},{"x":0.0,"y":0.35,"balls":[{"type":1,"rate":0.72265625}]}],"spec":{}},"blueprint":{"puzzle":"1be6cfe7-8870-5beb-b11c-d29d1f26b9a4","title":"Quicky","submittedAt":"2024-05-09T21:40:34.553336837Z","widgets":{"32":{"angle":0,"type":"board","x":369,"y":467},"64":{"angle":0,"type":"cup","x":401,"y":436},"1":{"angle":-0.7647884360291755,"type":"board","x":226,"y":115},"33":{"angle":0,"type":"brick","x":100,"y":726.5},"65":{"angle":0,"type":"prism","x":455,"y":205},"2":{"angle":0.6385244203708006,"type":"board","x":82,"y":452},"34":{"angle":0,"type":"brick","x":66,"y":702},"66":{"angle":-1.5628599854874294,"type":"sword","x":275,"y":278},"3":{"angle":-0.6107341720091624,"type":"board","x":95,"y":225},"35":{"angle":0,"type":"brick","x":428,"y":726.5},"67":{"angle":-1.5958939101097513,"type":"sword","x":492,"y":354},"4":{"angle":-3.582857081658892,"type":"fan","x":320,"y":43.9444245},"36":{"angle":0,"type":"brick","x":362,"y":726.5},"68":{"angle":-1.5630041905860812,"type":"sword","x":664,"y":281},"5":{"angle":0.6257426471763858,"type":"board","x":215,"y":554},"37":{"angle":0,"type":"brick","x":296,"y":726.5},"69":{"height":10,"type":"repulsor","width":150,"x":454,"y":151},"6":{"angle":0.5449132874164165,"type":"board","x":331,"y":634},"38":{"angle":0,"type":"brick","x":231,"y":726.5},"70":{"angle":-1.603491438693633,"type":"board","x":67,"y":579},"7":{"angle":1.5430256902014763,"type":"board","x":497,"y":632},"39":{"angle":0,"type":"brick","x":165,"y":726.5},"71":{"angle":-1.5928946025168422,"type":"board","x":105,"y":555},"8":{"angle":1.2480589279509922,"type":"fan","x":48,"y":300},"40":{"angle":0,"type":"brick","x":34,"y":726.5},"72":{"angle":-1.5807959934815616,"type":"board","x":65,"y":522},"9":{"angle":0,"sticker":"figure1-happy","type":"sticker","x":315,"y":389},"41":{"angle":0,"type":"brick","x":161,"y":627},"73":{"angle":0,"type":"board","x":157,"y":584},"42":{"angle":0,"type":"brick","x":323,"y":653},"74":{"height":10,"type":"attractor","width":150,"x":456,"y":152},"11":{"angle":-0.7360405303694386,"type":"board","x":166,"y":84},"43":{"angle":0,"type":"brick","x":261,"y":652},"12":{"angle":-0.7305391241471395,"type":"board","x":71.1767515,"y":167},"44":{"angle":0,"type":"brick","x":195,"y":652},"13":{"angle":0.5675853222681951,"type":"board","x":412,"y":633},"45":{"angle":0,"type":"brick","x":129,"y":652},"14":{"angle":0.6669862642387328,"type":"board","x":136,"y":437},"46":{"angle":0,"type":"brick","x":360,"y":678},"15":{"angle":0.6037499015681869,"type":"board","x":269,"y":536},"47":{"angle":0,"type":"brick","x":294,"y":678},"16":{"angle":0.5426491984771928,"type":"board","x":387,"y":668},"48":{"angle":0,"type":"brick","x":228,"y":677},"17":{"angle":0,"type":"cup","x":354,"y":321},"49":{"angle":0,"type":"brick","x":161,"y":678},"18":{"angle":0,"type":"board","x":274,"y":465},"50":{"angle":0,"type":"brick","x":94,"y":678},"19":{"angle":0,"type":"board","x":443,"y":467},"51":{"angle":0,"type":"brick","x":398,"y":702},"20":{"angle":0,"type":"board","x":605,"y":469},"52":{"angle":0,"type":"brick","x":331,"y":702},"21":{"angle":0,"sticker":"figure2-happy","type":"sticker","x":623,"y":388},"53":{"angle":0,"type":"brick","x":264,"y":702},"54":{"angle":0,"type":"brick","x":199,"y":702},"55":{"angle":0,"type":"brick","x":132,"y":702},"24":{"angle":0,"type":"cup","x":567,"y":323},"57":{"angle":0,"type":"brick","x":245,"y":602},"26":{"angle":-0.7603616596638499,"type":"board","x":551,"y":524},"58":{"angle":0,"type":"brick","x":195,"y":602},"27":{"angle":0.8148293332913343,"type":"board","x":444,"y":525},"59":{"angle":0,"type":"brick","x":277,"y":627},"28":{"angle":1.5744012628860073,"type":"board","x":497,"y":545},"60":{"angle":0,"type":"brick","x":227,"y":627},"29":{"angle":0,"type":"board","x":652.5,"y":469},"61":{"angle":0,"type":"cushion","x":244,"y":439},"30":{"angle":1.585083763487524,"type":"board","x":192,"y":232},"62":{"angle":0,"type":"cushion","x":457,"y":439},"31":{"angle":1.5649096446527961,"type":"board","x":192,"y":388},"63":{"angle":0,"sticker":"figure3-happy","type":"sticker","x":469,"y":411}}},"snapshot":{"balls":[{"age":102,"angle":1.3324564695358276,"type":2,"va":-33.05557632446289,"vx":6.721012115478516,"vy":-5.117541313171387,"x":3.310847043991089,"y":-9.85942268371582},{"age":20,"angle":-0.6520915627479553,"type":1,"va":-3.2291903495788574,"vx":-3.4314878284931183e-3,"vy":-1.9314355850219727,"x":5.180482864379883,"y":-0.26619720458984375}],"widgets":{}}}