{"puzzle":{"reqTiles":["Up"],"inputs":[{"x":0.8,"y":0.0,"balls":[{"type":1,"rate":1.0}]},{"x":1.0,"y":0.8,"balls":[{"type":2,"rate":1.0}]}],"outputs":[{"x":0.35,"y":1.0,"balls":[{"type":2,"rate":1.0}]},{"x":1.0,"y":0.35,"balls":[{"type":1,"rate":1.0}]}],"spec":{}},"blueprint":{"puzzle":"6e7c6a10-c2d1-5575-a631-52f3d4344a81","title":"the creation of adam","submittedAt":"2024-04-07T20:41:35.400507012Z","widgets":{"0":{"angle":0.5079518778733076,"type":"board","x":637,"y":241},"32":{"angle":1.6161161747020996,"type":"brick","x":35,"y":222},"1":{"angle":0,"speed":25,"type":"spokedwheel","x":640.165296,"y":100.445172},"33":{"angle":0.44759574165169635,"type":"brick","x":55,"y":211},"2":{"angle":1.3602233761749292,"type":"board","x":544,"y":121},"34":{"angle":-0.1932329979000054,"sticker":"figure3-happy","type":"sticker","x":109,"y":169},"35":{"angle":-1.7369155423067257,"sticker":"figure2-happy","type":"sticker","x":204,"y":111},"4":{"angle":0,"speed":25,"type":"spokedwheel","x":630.089109,"y":599.678},"36":{"angle":0,"type":"cushion","x":236,"y":80},"5":{"angle":0,"speed":25,"type":"spokedwheel","x":466,"y":593.994},"37":{"angle":0,"type":"cushion","x":260,"y":122},"6":{"angle":1.3716836589839854,"type":"board","x":192,"y":652.448625},"38":{"angle":0,"type":"cushion","x":232,"y":107},"7":{"angle":0.3388025290659544,"type":"board","x":103,"y":547},"39":{"angle":0,"type":"cushion","x":280,"y":140},"8":{"angle":-0.43905444900922563,"type":"brick","x":344,"y":713.327565},"40":{"angle":0,"type":"cushion","x":277,"y":99},"9":{"angle":1.9776009789403979,"type":"brick","x":386,"y":674},"41":{"angle":1.548868283903406,"type":"board","x":333,"y":120.6763},"10":{"angle":0.8435688275703159,"type":"prism","x":397,"y":595},"42":{"angle":1.5741342506162932,"type":"board","x":333,"y":192},"11":{"angle":-1.5787510977101045,"type":"fan","x":702.314266,"y":716.202453},"43":{"angle":0,"type":"board","x":258,"y":276},"12":{"angle":-1.5534204333599801,"type":"fan","x":640,"y":714.430634},"44":{"angle":0,"type":"board","x":87.5,"y":276},"13":{"angle":-1.571460753444686,"type":"fan","x":579,"y":716.4750878},"45":{"angle":0,"type":"board","x":87.5,"y":44},"14":{"angle":-1.5724052178655008,"type":"fan","x":525,"y":714.3013695},"46":{"angle":0,"type":"board","x":243,"y":44},"47":{"angle":0.7559366233966778,"type":"brick","x":34,"y":516},"20":{"angle":-1.5438152332322952,"type":"fan","x":455,"y":715.4968827},"21":{"angle":0.4551298749983574,"type":"anvil","x":52.755961,"y":216},"22":{"angle":0,"type":"anvil","x":124,"y":235},"23":{"angle":0.31951452455434853,"type":"anvil","x":191,"y":247},"24":{"angle":1.5521239764481944,"type":"brick","x":14.1324752,"y":208},"25":{"angle":0,"type":"brick","x":34,"y":254},"26":{"angle":0,"type":"brick","x":101,"y":254},"27":{"angle":0,"type":"brick","x":166,"y":255},"28":{"angle":0,"type":"brick","x":210,"y":253},"29":{"angle":0.27045938426055316,"type":"brick","x":195,"y":245},"30":{"angle":0,"type":"brick","x":134,"y":234},"31":{"angle":0,"type":"brick","x":79,"y":234}}},"snapshot":{"balls":[{"age":1318,"angle":-2.4819765090942383,"type":2,"va":-0.5328315496444702,"vx":7.450580596923828e-9,"vy":-6.717061996459961e-2,"x":0.17490927875041962,"y":-9.641732215881348},{"age":1098,"angle":2.0226736068725586,"type":2,"va":35.133663177490234,"vx":-8.548328399658203,"vy":2.710392951965332,"x":5.233518600463867,"y":-12.775071144104004},{"age":588,"angle":1.851897120475769,"type":2,"va":-28.63266944885254,"vx":3.1198744773864746,"vy":0.3181549310684204,"x":5.241383075714111,"y":-12.02586555480957},{"age":2,"angle":-1.305397629737854,"type":2,"va":6.409093737602234e-2,"vx":-0.6868239641189575,"vy":-0.553321123123169,"x":5.288374900817871,"y":-14.538113594055176},{"age":486,"angle":0.27798324823379517,"type":2,"va":-19.286640167236328,"vx":3.106472969055176,"vy":-3.4148426055908203,"x":4.452571868896484,"y":-11.677813529968262},{"age":443,"angle":-2.904057502746582,"type":2,"va":-11.980866432189941,"vx":-2.1157498359680176,"vy":-4.201320171356201,"x":4.870082378387451,"y":-12.58650016784668},{"age":367,"angle":-1.3464939594268799,"type":2,"va":-10.577513694763184,"vx":1.988266110420227,"vy":0.8810423016548157,"x":2.3823399543762207,"y":-10.68569278717041},{"age":283,"angle":1.2824407815933228,"type":2,"va":7.024232387542725,"vx":-7.283242225646973,"vy":1.912797451019287,"x":10.279149055480957,"y":-9.535325050354004},{"age":184,"angle":1.9630690813064575,"type":2,"va":12.824838638305664,"vx":-0.6300525069236755,"vy":-1.1968965530395508,"x":13.70855712890625,"y":-8.973834991455078},{"age":138,"angle":-4.7438688576221466e-2,"type":2,"va":-2.6513831615448,"vx":1.7849786281585693,"vy":3.6187872886657715,"x":14.149816513061523,"y":-10.419801712036133},{"age":91,"angle":1.8918918371200562,"type":2,"va":-15.07139778137207,"vx":-2.602098226547241,"vy":0.28886091709136963,"x":13.74242115020752,"y":-10.908123016357422},{"age":72,"angle":0.33541449904441833,"type":1,"va":-33.47483825683594,"vx":1.0323941707611084,"vy":-4.870961666107178,"x":11.245658874511719,"y":-2.5483102798461914}],"widgets":{"1":{"angle":2.9220762252807617,"key":"1","va":6.319404602050781,"vx":0,"vy":0,"x":12.803305625915527,"y":-2.0089035034179688},"4":{"angle":1.3338032960891724,"key":"4","va":6.204805374145508,"vx":0,"vy":0,"x":12.601781845092773,"y":-11.993559837341309},"5":{"angle":-3.057284116744995,"key":"5","va":6.637081146240234,"vx":0,"vy":0,"x":9.319999694824219,"y":-11.87987995147705}}}}