{"puzzle":{"reqTiles":["Up"],"inputs":[{"x":0.2,"y":0.0,"balls":[{"type":2,"rate":0.5294392903645834}]},{"x":1.0,"y":0.2,"balls":[{"type":1,"rate":0.4930521647135417}]}],"outputs":[{"x":0.65,"y":1.0,"balls":[{"type":1,"rate":0.542449951171875}]},{"x":1.0,"y":0.35,"balls":[{"type":2,"rate":0.5294392903645834}]}],"spec":{}},"blueprint":{"puzzle":"0924ddaf-f48d-53f3-a46f-4f226ce49365","title":"sword sorter","submittedAt":"2024-05-01T21:25:55.500598001Z","widgets":{"0":{"angle":-8.664666611027631e-2,"type":"board","x":498,"y":187},"32":{"angle":0,"type":"board","x":237,"y":731},"1":{"angle":1.1067214720354352e-7,"type":"board","x":652.499999,"y":180},"33":{"angle":0,"type":"board","x":384,"y":731},"2":{"angle":0,"type":"board","x":352,"y":91},"3":{"angle":0.41032804199037076,"type":"board","x":190,"y":55},"35":{"angle":1.8641154080281468,"type":"fan","x":697.3070465,"y":39},"4":{"angle":0.19720220765247004,"type":"board","x":516,"y":111},"5":{"angle":0,"type":"board","x":576,"y":128},"37":{"angle":0.6732218359589635,"type":"hammer","x":480,"y":680.9506995},"7":{"angle":0.6013190433204242,"type":"board","x":662.756796,"y":80},"8":{"angle":-0.2036545741488674,"type":"board","x":340,"y":212},"9":{"angle":-0.41402359682070766,"type":"board","x":184,"y":263},"41":{"angle":3.948113256821917,"type":"sword","x":404,"y":371},"10":{"angle":0.5158362821457015,"type":"board","x":80.5539755,"y":689.010646},"42":{"angle":-0.8462803890800821,"type":"sword","x":389,"y":371},"43":{"angle":0,"sticker":"figure2-sad","type":"sticker","x":471,"y":394},"44":{"angle":0,"sticker":"knievel","type":"sticker","x":323,"y":402},"45":{"angle":0,"sticker":"cat","type":"sticker","x":18,"y":723.5},"46":{"angle":0,"sticker":"squobject","type":"sticker","x":567,"y":509},"15":{"angle":0.14815137391537236,"type":"board","x":186,"y":603},"47":{"angle":0,"sticker":"squobject","type":"sticker","x":573,"y":458},"16":{"angle":-1.7882479705863863,"type":"sword","x":80,"y":561},"48":{"angle":0,"sticker":"squobject","type":"sticker","x":582,"y":408},"17":{"angle":0,"type":"board","x":511,"y":641},"49":{"angle":0,"sticker":"determinism","type":"sticker","x":71.5,"y":141},"18":{"angle":0.15951792249588786,"type":"board","x":345,"y":628},"50":{"angle":0,"type":"brick","x":70,"y":203},"19":{"angle":2.03823414513979,"type":"board","x":674,"y":309},"20":{"angle":1.5800553214570194,"type":"board","x":634,"y":469},"21":{"angle":6.851693566672364e-2,"type":"board","x":652.0891053,"y":647},"22":{"angle":-0.7674164197425345,"type":"fan","x":612,"y":456},"23":{"angle":-1.2988636945190668,"type":"fan","x":650,"y":684},"24":{"angle":-1.4093910628929944,"type":"fan","x":688,"y":677},"25":{"angle":-0.8284432558286028,"type":"fan","x":610,"y":476},"26":{"angle":-0.6569530740843941,"type":"fan","x":608,"y":497},"27":{"angle":-0.6575957017564666,"type":"fan","x":607,"y":527},"28":{"angle":-0.670418747516676,"type":"fan","x":621,"y":411},"29":{"angle":-0.8069658136206337,"type":"fan","x":617,"y":440}}},"snapshot":{"balls":[{"age":827,"angle":-2.624422550201416,"type":2,"va":-8.459328651428223,"vx":0.13602767884731293,"vy":0.13747814297676086,"x":14.259634971618652,"y":-5.573439121246338},{"age":697,"angle":-2.5342483520507812,"type":2,"va":-25.409330368041992,"vx":4.5230231285095215,"vy":-3.1374611854553223,"x":10.060728073120117,"y":-12.19077205657959},{"age":624,"angle":-0.6190215349197388,"type":2,"va":-16.457786560058594,"vx":2.593655824661255,"vy":1.0971641540527344,"x":3.8750834465026855,"y":-9.822714805603027},{"age":361,"angle":1.364109992980957,"type":1,"va":-23.94821548461914,"vx":4.209903717041016,"vy":-2.459073543548584,"x":2.516376495361328,"y":-13.52619743347168},{"age":455,"angle":-2.8313076496124268,"type":2,"va":37.95846939086914,"vx":-5.602086067199707,"vy":-2.16377329826355,"x":2.1040873527526855,"y":-5.58092737197876},{"age":372,"angle":2.472444772720337,"type":2,"va":20.957929611206055,"vx":-3.3342530727386475,"vy":-0.3264409303665161,"x":9.133505821228027,"y":-3.471287488937378},{"age":281,"angle":-0.3593256175518036,"type":1,"va":24.659061431884766,"vx":-3.829904794692993,"vy":-0.8563451170921326,"x":6.7445478439331055,"y":-3.9068639278411865},{"age":218,"angle":1.895180344581604,"type":2,"va":-26.964679718017578,"vx":4.264763355255127,"vy":-0.9746530652046204,"x":11.338627815246582,"y":-2.0768883228302},{"age":137,"angle":-1.2870378494262695,"type":1,"va":15.500775337219238,"vx":-2.512809991836548,"vy":-0.17843149602413177,"x":12.941652297973633,"y":-3.261333703994751},{"age":57,"angle":-2.3621838092803955,"type":2,"va":-6.903515338897705,"vx":1.2126306295394897,"vy":-0.596760630607605,"x":3.4577319622039795,"y":-0.5624786615371704}],"widgets":{}}}