{"puzzle":{"reqTiles":["Up"],"inputs":[{"x":0.2,"y":0.0,"balls":[{"type":2,"rate":0.5294392903645834}]},{"x":1.0,"y":0.5,"balls":[{"type":4,"rate":0.8359375}]}],"outputs":[{"x":0.5,"y":1.0,"balls":[{"type":4,"rate":0.8359375}]},{"x":1.0,"y":0.35,"balls":[{"type":2,"rate":0.5294392903645834}]}],"spec":{}},"blueprint":{"puzzle":"8f02dad6-f7ab-5e23-bb0d-f3d6b18654d6","title":"Form Follows Function","submittedAt":"2024-04-30T11:09:49.700983796Z","widgets":{"32":{"angle":-0.8942819175254625,"type":"board","x":362,"y":492},"33":{"angle":-1.048823909693621,"type":"board","x":346,"y":527},"65":{"angle":4.720468155055274,"type":"fan","x":702.3113789,"y":587.678},"34":{"angle":-1.2336872388162017,"type":"board","x":340,"y":568},"66":{"angle":-1.727768020774593,"type":"fan","x":699.2873545,"y":512},"35":{"angle":-1.3970516395831973,"type":"board","x":337,"y":611.262},"67":{"angle":-1.515118602899215,"type":"fan","x":699.051,"y":640},"36":{"angle":-1.545209838496405,"type":"board","x":342,"y":652.2983592},"68":{"angle":4.825547737424978,"type":"fan","x":692,"y":697},"37":{"angle":-1.6203369324734105,"type":"fan","x":701.3822855,"y":544},"38":{"angle":-2.06926201670718,"type":"fan","x":695.8282795,"y":484},"39":{"angle":-2.462210674690717,"type":"fan","x":687.293,"y":458},"8":{"angle":1.6161325977653762,"type":"board","x":130,"y":87.8179363},"40":{"angle":-2.9219103755014246,"type":"fan","x":667,"y":435},"9":{"angle":1.5337196884893292,"type":"board","x":136,"y":101},"10":{"angle":1.4515417701742375,"type":"board","x":143,"y":121},"42":{"angle":3.8686489897685854e-2,"type":"board","x":543,"y":270},"11":{"angle":1.3154338209022514,"type":"board","x":157,"y":142},"43":{"angle":3.627832043247894e-2,"type":"board","x":625.5,"y":273},"12":{"angle":1.2273545832076798,"type":"board","x":170,"y":162},"13":{"angle":1.130860054257748,"type":"board","x":185,"y":180},"14":{"angle":1.008099468472928,"type":"board","x":204,"y":194},"15":{"angle":0.8946892652026209,"type":"board","x":225,"y":209},"17":{"angle":0.7761079929304643,"type":"board","x":250,"y":223},"18":{"angle":0.6591558699321373,"type":"board","x":279,"y":236},"19":{"angle":0.5424677925834915,"type":"board","x":310,"y":247},"20":{"angle":0.44330652658338354,"type":"board","x":343,"y":257},"21":{"angle":0.32884912991849047,"type":"board","x":382,"y":264},"22":{"angle":0.2143759751981466,"type":"board","x":423,"y":267},"23":{"angle":8.491116594760444e-2,"type":"board","x":478.109,"y":268},"24":{"angle":0.13978586843745613,"type":"board","x":652.099496,"y":322},"25":{"angle":0,"type":"board","x":624.5,"y":330},"26":{"angle":-0.12098313834669114,"type":"board","x":579,"y":337},"27":{"angle":-0.2654950470245186,"type":"board","x":529,"y":352},"28":{"angle":-0.39398732936605474,"type":"board","x":489,"y":371},"29":{"angle":-0.5296609738221042,"type":"board","x":451,"y":395},"30":{"angle":-0.6481939693483768,"type":"board","x":415,"y":424},"31":{"angle":-0.7881056537474095,"type":"board","x":386,"y":457}}},"snapshot":{"balls":[{"age":227,"angle":0.9324089884757996,"type":4,"va":-17.930198669433594,"vx":0.8493399024009705,"vy":1.9169493913650513,"x":7.620439052581787,"y":-14.27010726928711},{"age":157,"angle":-0.9768275022506714,"type":4,"va":-55.35889434814453,"vx":-6.685440540313721,"vy":-5.6829071044921875,"x":9.119107246398926,"y":-8.294554710388184},{"age":197,"angle":-1.7951797246932983,"type":2,"va":-13.728022575378418,"vx":1.1629992723464966,"vy":-1.0348129272460938,"x":14.404619216918945,"y":-5.2430853843688965},{"age":129,"angle":0.13560305535793304,"type":2,"va":-42.90190887451172,"vx":6.817552089691162,"vy":-0.3054845631122589,"x":9.977493286132812,"y":-5.027505874633789},{"age":78,"angle":0.703689455986023,"type":4,"va":-10.439666748046875,"vx":-1.7885292768478394,"vy":0.9805564284324646,"x":14.18907642364502,"y":-6.958451271057129}],"widgets":{}}}