{"puzzle":{"reqTiles":["Up"],"inputs":[{"x":0.2,"y":0.0,"balls":[{"type":3,"rate":1.0}]}],"outputs":[{"x":0.35,"y":1.0,"balls":[{"type":3,"rate":1.0}]}],"spec":{}},"blueprint":{"puzzle":"8ff0f163-ba57-5a56-aa90-02b7fbb385fe","title":"The Squirrel from Ipanema","submittedAt":"2024-04-06T23:32:07.986419044Z","widgets":{"0":{"angle":1.5632127535275242,"type":"brick","x":200,"y":705.8986081},"32":{"angle":0,"sticker":"squobject","type":"sticker","x":236,"y":478},"1":{"angle":-1.562292802340037,"type":"brick","x":318,"y":705.8864268},"33":{"angle":0.483984721661189,"sticker":"squobject","type":"sticker","x":38.000007,"y":261},"2":{"angle":0,"type":"prism","x":310,"y":546},"34":{"angle":-1.1743618891564271,"sticker":"squobject","type":"sticker","x":481,"y":703.016626},"3":{"angle":-1.0496253107205262,"type":"prism","x":249,"y":524},"35":{"angle":2.4792604682964936,"sticker":"squobject","type":"sticker","x":393,"y":318},"4":{"angle":-2.102707248366606,"type":"prism","x":200,"y":567},"36":{"angle":-1.5417347436860829,"sticker":"squobject","type":"sticker","x":712.6685097,"y":297},"5":{"angle":1.047486842344406,"type":"prism","x":322,"y":610},"6":{"angle":-3.1281632314637604,"type":"prism","x":210,"y":630},"38":{"angle":-0.5933326842417949,"type":"board","x":388,"y":282},"7":{"angle":2.101655501986996,"type":"prism","x":272,"y":651},"39":{"angle":-0.5957261617604034,"type":"board","x":529,"y":187},"8":{"angle":0.10821649180444384,"type":"leftbumper","x":341,"y":631},"40":{"angle":-0.5870312585398011,"type":"board","x":662.1634345,"y":99},"9":{"angle":-0.9719209358995078,"type":"leftbumper","x":340,"y":539},"10":{"angle":-5.6049125749564374e-2,"type":"rightbumper","x":177,"y":630},"42":{"angle":0,"sticker":"figure2-happy","type":"sticker","x":544,"y":583.5},"11":{"angle":0.9873144881096819,"type":"rightbumper","x":181,"y":541},"12":{"angle":3.163234984583693,"sticker":"squobject","type":"sticker","x":210,"y":27.1213735},"44":{"height":10,"type":"repulsor","width":150,"x":543,"y":541},"13":{"angle":9.42477796076938,"sticker":"squobject","type":"sticker","x":300,"y":698.5},"45":{"height":10,"type":"repulsor","width":150,"x":524,"y":538},"46":{"angle":-1.041511712980483,"type":"prism","x":517,"y":675.561796},"47":{"angle":3.1716545954266957,"sticker":"squobject","type":"sticker","x":576,"y":701},"48":{"angle":-0.8804688985357288,"type":"sword","x":540,"y":471},"18":{"angle":-1.5634727343630694,"sticker":"determinism","type":"sticker","x":686.4777915,"y":275},"25":{"angle":0,"type":"hook","x":237.77,"y":187.004},"26":{"angle":-1.5688340459292165,"type":"board","x":319,"y":409},"28":{"angle":0.5696004532598844,"type":"board","x":78.5389015,"y":325},"29":{"height":10,"type":"attractor","width":150,"x":261,"y":589},"30":{"angle":1.2328148763589022,"type":"cushion","x":158,"y":408},"31":{"angle":1.1645872399704473,"type":"cushion","x":185,"y":475}}},"snapshot":{"balls":[{"age":532,"angle":-2.150869607925415,"type":3,"va":-3.918384552001953,"vx":1.780031442642212,"vy":-1.3015140295028687,"x":5.133723258972168,"y":-14.181833267211914},{"age":344,"angle":1.3694711923599243,"type":3,"va":-46.453468322753906,"vx":-5.582274913787842,"vy":-9.385279655456543,"x":4.889749050140381,"y":-13.428016662597656},{"age":20,"angle":1.451947569847107,"type":3,"va":-5.801966667175293,"vx":0.1982235312461853,"vy":-1.2874252796173096,"x":5.191640377044678,"y":-14.781221389770508},{"age":261,"angle":-1.6117478609085083,"type":3,"va":-1.9642616510391235,"vx":0.810000479221344,"vy":-0.35804006457328796,"x":4.898974895477295,"y":-14.401076316833496},{"age":194,"angle":2.1453962326049805,"type":3,"va":6.144464015960693,"vx":13.000073432922363,"vy":26.87946128845215,"x":4.717894554138184,"y":-11.248464584350586},{"age":107,"angle":-1.1739739179611206,"type":3,"va":10.33200454711914,"vx":-0.6268079876899719,"vy":-7.809183120727539,"x":2.724337577819824,"y":-6.611379623413086},{"age":57,"angle":1.2509928941726685,"type":3,"va":3.4354500770568848,"vx":2.1337203681468964e-2,"vy":-5.9920477867126465,"x":2.9683799743652344,"y":-1.915948748588562}],"widgets":{"25":{"angle":0.31632184982299805,"key":"25","va":-4.177955627441406,"vx":0,"vy":0,"x":4.830936908721924,"y":-4.053378582000732}}}}