{"puzzle":{"reqTiles":["Up","Left"],"inputs":[{"x":0.5,"y":0.0,"balls":[{"type":1,"rate":0.72265625}]},{"x":0.0,"y":0.65,"balls":[{"type":4,"rate":0.83203125}]}],"outputs":[{"x":0.65,"y":1.0,"balls":[{"type":4,"rate":0.83203125}]},{"x":0.0,"y":0.8,"balls":[{"type":1,"rate":0.70068359375}]}],"spec":{}},"blueprint":{"puzzle":"1272a30d-5abd-5734-a9ea-ab51a50efdc4","title":"we loop because we can","submittedAt":"2024-04-25T15:05:36.05736739Z","widgets":{"0":{"angle":-0.34758726822158453,"type":"fan","x":34.8682545,"y":536},"32":{"angle":0,"type":"leftbumper","x":407,"y":633.5},"1":{"angle":0,"type":"brick","x":34,"y":508},"33":{"angle":2.7899117484050135,"type":"fan","x":277,"y":539},"2":{"angle":-1.578248848940097,"type":"fan","x":99,"y":526},"34":{"angle":-2.3280972951578747,"type":"fan","x":86,"y":697.161602},"3":{"angle":0,"type":"brick","x":100,"y":509},"35":{"angle":-2.850671063627903,"type":"fan","x":407,"y":697.3351275},"4":{"angle":1.5760030634379874,"type":"board","x":75,"y":370},"36":{"angle":0.12816808025542284,"type":"brick","x":454,"y":438},"5":{"angle":1.5798179948577524,"type":"board","x":127,"y":413},"37":{"angle":-0.19310833266276273,"type":"fan","x":451,"y":478},"6":{"angle":0,"type":"brick","x":34,"y":457},"38":{"angle":-1.7858440850399337,"type":"fan","x":697.2126975,"y":492},"7":{"angle":1.5786660489019753,"type":"board","x":76,"y":202},"39":{"angle":-1.2066732616621818,"type":"fan","x":571,"y":319},"8":{"angle":1.5780268017470547,"type":"board","x":129,"y":246},"40":{"angle":-0.33268867318506656,"type":"brick","x":629,"y":463},"9":{"angle":0,"type":"fan","x":38,"y":96},"41":{"angle":-1.579297870900268,"type":"fan","x":642,"y":531},"10":{"angle":-0.763307055319891,"type":"fan","x":42.9043315,"y":392},"42":{"angle":-1.571215438254011,"type":"board","x":519,"y":199},"11":{"angle":-2.1363149656783866,"type":"fan","x":164,"y":310},"43":{"angle":-1.5715264791425925,"type":"board","x":612,"y":565},"12":{"angle":-0.2643284461374368,"type":"board","x":206,"y":146},"44":{"angle":-1.5857707575600242,"type":"board","x":660,"y":418},"13":{"angle":1.5720218097209933,"type":"board","x":78,"y":87.5109418},"45":{"angle":1.7559020933551641,"type":"board","x":604,"y":331},"14":{"angle":-1.5790203766883335,"type":"board","x":427,"y":652.4289594},"46":{"angle":1.2002896163691965,"type":"board","x":549,"y":338},"47":{"angle":-1.5559906494873639,"type":"board","x":620,"y":172},"48":{"angle":-1.5578674589666313,"type":"board","x":662.5,"y":87.6090065},"17":{"angle":-1.5521146617591637,"type":"board","x":422,"y":202},"49":{"angle":-1.5641949137738083,"type":"board","x":660,"y":250},"18":{"angle":1.590931005863511,"type":"board","x":290,"y":204},"50":{"angle":0,"type":"brick","x":597,"y":90},"19":{"angle":1.5743234345231674,"type":"board","x":423,"y":87.5312189},"51":{"angle":-0.4868702371612934,"type":"brick","x":544,"y":105},"52":{"angle":-3.1424034277015838,"type":"fan","x":716.469596,"y":37.5190532},"21":{"angle":-1.5633991638051936,"type":"board","x":427,"y":506},"53":{"angle":-1.7938807244161046,"type":"fan","x":698.2301335,"y":369},"22":{"angle":0,"type":"fan","x":213,"y":314},"54":{"angle":0,"type":"fan","x":552,"y":196},"23":{"angle":-1.5771125264135395e-2,"type":"board","x":238,"y":578},"55":{"angle":-1.8488912354379876,"type":"fan","x":697.489436,"y":150},"24":{"angle":-1.631229380308696,"type":"board","x":293,"y":370},"56":{"angle":1.014030033565145,"type":"brick","x":439,"y":306},"25":{"angle":0.13018923406751542,"type":"board","x":87.9278855,"y":571},"57":{"angle":1.5145032293756668,"type":"fan","x":459,"y":35.5727},"58":{"angle":-0.5650528274369918,"type":"board","x":495,"y":54.45379},"59":{"angle":0,"type":"board","x":588,"y":9},"28":{"angle":0.46234607473803974,"type":"board","x":82.327641,"y":654.089},"60":{"angle":-0.6840958187336788,"type":"board","x":583,"y":677.7274435},"29":{"angle":1.4594606007382678,"type":"board","x":306,"y":500},"61":{"angle":-1.5729706565728399,"type":"board","x":483,"y":517},"30":{"angle":0,"type":"board","x":191,"y":673},"62":{"angle":-1.1233717362935296,"type":"board","x":448.5,"y":657.219345},"31":{"angle":0,"type":"board","x":348,"y":673},"63":{"angle":-3.7924183548624257,"type":"fan","x":660,"y":588}}},"snapshot":{"balls":[{"age":1060,"angle":2.8900532722473145,"type":4,"va":18.33652687072754,"vx":8.399411290884018e-2,"vy":1.1336946487426758,"x":9.449383735656738,"y":-7.332862854003906},{"age":1063,"angle":-0.5338839888572693,"type":1,"va":-3.8936980068683624e-2,"vx":-1.013926975429058e-2,"vy":4.1315085254609585e-3,"x":3.1206822395324707,"y":-13.121315002441406},{"age":945,"angle":0.9062741994857788,"type":1,"va":-2.694813720881939e-2,"vx":-2.911889925599098e-3,"vy":1.7734793946146965e-3,"x":2.8017830848693848,"y":-13.121342658996582},{"age":847,"angle":-1.3655551671981812,"type":4,"va":-38.42048263549805,"vx":2.6243791580200195,"vy":10.611875534057617,"x":12.893453598022461,"y":-5.387124538421631},{"age":662,"angle":-2.3365426063537598,"type":4,"va":-0.1720055490732193,"vx":2.6746997609734535e-2,"vy":-1.978615764528513e-4,"x":8.52349853515625,"y":-8.211129188537598},{"age":576,"angle":1.8254131078720093,"type":1,"va":-1.849047653377056e-2,"vx":8.416683413088322e-4,"vy":3.9662132621742785e-4,"x":2.4830424785614014,"y":-13.120074272155762},{"age":517,"angle":-0.6807817220687866,"type":4,"va":-36.524505615234375,"vx":2.715970039367676,"vy":-3.964838981628418,"x":11.349264144897461,"y":-8.686579704284668},{"age":401,"angle":1.8436945676803589,"type":4,"va":-25.691057205200195,"vx":4.959609031677246,"vy":9.397176742553711,"x":12.536922454833984,"y":-7.980898857116699},{"age":307,"angle":2.771652936935425,"type":4,"va":-1.1273205280303955,"vx":4.90112829208374,"vy":-5.618010997772217,"x":7.5029449462890625,"y":-6.5324273109436035},{"age":235,"angle":1.270759105682373,"type":4,"va":10.45964527130127,"vx":-0.3714844584465027,"vy":2.910756826400757,"x":2.0554544925689697,"y":-2.954397678375244},{"age":143,"angle":1.3392311334609985,"type":4,"va":11.183015823364258,"vx":2.3924357891082764,"vy":7.047875881195068,"x":2.063650369644165,"y":-8.23919677734375},{"age":177,"angle":-2.990180730819702,"type":1,"va":15.454789161682129,"vx":-0.916416585445404,"vy":3.4460175037384033,"x":0.5013068914413452,"y":-11.779579162597656},{"age":95,"angle":2.9980149269104004,"type":4,"va":-2.3157756328582764,"vx":0.35994836688041687,"vy":-1.5772398942459631e-9,"x":0.6143208742141724,"y":-9.731338500976562},{"age":44,"angle":-0.6560777425765991,"type":4,"va":1.100032925605774,"vx":0.992450475692749,"vy":-0.314314603805542,"x":0.18852607905864716,"y":-9.619274139404297},{"age":98,"angle":-0.8222160339355469,"type":1,"va":-6.7654337882995605,"vx":1.3971461057662964,"vy":-11.74258041381836,"x":7.6855788230896,"y":-7.846086025238037},{"age":30,"angle":-1.9589222967624664e-2,"type":1,"va":-1.0853078365325928,"vx":-3.7755388766527176e-2,"vy":-1.133962631225586,"x":7.383436679840088,"y":-0.15009580552577972}],"widgets":{}}}