{"puzzle":{"reqTiles":["Up"],"inputs":[{"x":0.8,"y":0.0,"balls":[{"type":4,"rate":1.0}]}],"outputs":[{"x":0.35,"y":1.0,"balls":[{"type":4,"rate":1.0}]}],"spec":{}},"blueprint":{"puzzle":"1d357bf2-4f17-5307-af40-089de4970ad0","title":"The long way around","submittedAt":"2024-04-06T19:24:15.458075466Z","widgets":{"0":{"angle":0.6402018377239832,"type":"board","x":597,"y":67},"32":{"angle":-1.7152406632994737,"type":"fan","x":413,"y":612},"64":{"angle":-1.0486827387273308,"type":"brick","x":313,"y":703.7972965},"65":{"angle":0,"sticker":"squobject","type":"sticker","x":420,"y":712},"66":{"angle":0,"sticker":"figure2-happy","type":"sticker","x":358,"y":134},"3":{"angle":1.5497460142630024,"type":"board","x":560,"y":383},"35":{"angle":-0.4581924091865046,"type":"board","x":362,"y":322},"67":{"angle":0,"sticker":"figure3-happy","type":"sticker","x":165,"y":109},"36":{"height":10,"type":"attractor","width":150,"x":354,"y":265},"68":{"angle":0,"type":"board","x":341,"y":215},"5":{"angle":1.5302295688363976,"type":"board","x":556,"y":217},"37":{"angle":2.677217357190388,"type":"fan","x":454,"y":298},"6":{"angle":1.5819404025684771,"type":"leftbumper","x":599,"y":485.472},"7":{"angle":-1.546970101481114,"type":"rightbumper","x":691.846418,"y":486.876},"40":{"type":"roundbumper","x":247,"y":430},"41":{"angle":-0.39294115082935227,"type":"cushion","x":307,"y":418},"42":{"angle":0.41217697013100935,"type":"cushion","x":187,"y":415},"14":{"height":10,"type":"attractor","width":150,"x":498,"y":114},"46":{"angle":0.37097983140141705,"type":"board","x":139.5,"y":136},"15":{"angle":1.5862575786805173,"type":"fan","x":472,"y":32},"47":{"angle":0,"speed":25,"type":"spokedwheel","x":93.106503,"y":480},"16":{"angle":1.5841124323993927,"type":"fan","x":500,"y":34},"48":{"angle":1.553234595677134,"type":"prism","x":43.8626825,"y":300},"49":{"angle":-1.6021103168665485,"type":"prism","x":104.5,"y":301},"18":{"angle":1.0660588571444474,"type":"board","x":450,"y":142},"50":{"angle":1.2689896627524186,"type":"board","x":269,"y":285},"19":{"angle":1.5743934335824408,"type":"fan","x":483,"y":34},"51":{"angle":1.437030891456714,"type":"board","x":158,"y":341},"20":{"angle":0.963796007408461,"type":"sword","x":483,"y":478},"21":{"angle":0.18352152552449763,"type":"sword","x":547,"y":553},"22":{"angle":1.4027270602051354,"type":"sword","x":464,"y":367},"23":{"angle":0.24743552649535647,"type":"brick","x":594,"y":582},"55":{"height":10,"type":"repulsor","width":150,"x":75,"y":77},"24":{"angle":-0.40386807527396523,"type":"brick","x":703.430165,"y":584},"56":{"height":10,"type":"repulsor","width":150,"x":257,"y":164},"25":{"angle":0,"type":"board","x":652.5,"y":661},"26":{"angle":3.145064861858034,"type":"fan","x":716.3699425,"y":634},"27":{"angle":0.5120284117653954,"type":"anvil","x":519,"y":655},"28":{"angle":-1.7952757027677702,"type":"fan","x":455,"y":647},"60":{"angle":1.6138726315348804,"type":"leftbumper","x":48.6616812,"y":620},"61":{"angle":1.7032782651722027,"type":"leftbumper","x":135,"y":679},"62":{"angle":0.5717692494376846,"type":"brick","x":184,"y":710.2491285},"31":{"angle":1.3029466847920828,"type":"board","x":363,"y":486},"63":{"angle":-1.1058546914649001,"type":"hammer","x":340,"y":624}}},"snapshot":{"balls":[{"age":1757,"angle":-0.9765510559082031,"type":4,"va":54.367958068847656,"vx":2.8636667728424072,"vy":-7.836782455444336,"x":4.901274681091309,"y":-5.294317722320557},{"age":1,"angle":0.9438723921775818,"type":4,"va":0,"vx":0,"vy":0,"x":5.276205539703369,"y":-14.530316352844238},{"age":1536,"angle":-0.6136754751205444,"type":4,"va":-9.26647663116455,"vx":0.10008785873651505,"vy":-3.863858938217163,"x":0.48742496967315674,"y":-8.394296646118164},{"age":1325,"angle":5.141943693161011e-2,"type":4,"va":26.139488220214844,"vx":6.23699426651001,"vy":30.264766693115234,"x":5.040741920471191,"y":-7.901688575744629},{"age":1244,"angle":2.7700555324554443,"type":4,"va":-5.525768280029297,"vx":-2.834258556365967,"vy":-5.696642875671387,"x":10.6746187210083,"y":-2.371121644973755},{"age":1084,"angle":0.2211914211511612,"type":4,"va":30.790510177612305,"vx":-2.6547253131866455,"vy":-4.096640586853027,"x":1.087247371673584,"y":-5.809916019439697},{"age":1009,"angle":-2.0450425148010254,"type":4,"va":3.113302707672119,"vx":2.477687358856201,"vy":-9.520238876342773,"x":10.854201316833496,"y":-6.039417266845703},{"age":951,"angle":0.8922193050384521,"type":4,"va":21.695106506347656,"vx":-4.088599681854248,"vy":-0.5660558342933655,"x":6.296755790710449,"y":-7.758533000946045},{"age":867,"angle":0.20330573618412018,"type":4,"va":-6.474222660064697,"vx":0.9869390726089478,"vy":-0.18318094313144684,"x":11.918647766113281,"y":-10.978785514831543},{"age":795,"angle":-3.0272133350372314,"type":4,"va":53.683349609375,"vx":-2.6474225521087646,"vy":-3.304866313934326,"x":4.8354291915893555,"y":-7.564618110656738},{"age":752,"angle":0.8317278623580933,"type":4,"va":-4.284430980682373,"vx":0.9777891039848328,"vy":-3.242185354232788,"x":3.3659403324127197,"y":-5.769857406616211},{"age":703,"angle":-2.898481845855713,"type":4,"va":-11.518813133239746,"vx":-2.4163880348205566,"vy":-1.445241093635559,"x":10.70054817199707,"y":-4.6074419021606445},{"age":654,"angle":0.1928981989622116,"type":4,"va":-17.785310745239258,"vx":-7.0431976318359375,"vy":-3.400554895401001,"x":5.525275707244873,"y":-7.807387351989746},{"age":602,"angle":-2.165705919265747,"type":4,"va":27.821971893310547,"vx":0.6532565951347351,"vy":-2.8286213874816895,"x":11.925533294677734,"y":-7.320733070373535},{"age":568,"angle":-0.5683946013450623,"type":4,"va":2.4584922790527344,"vx":-1.4743813276290894,"vy":-5.382323741912842,"x":7.4777512550354,"y":-7.2343668937683105},{"age":521,"angle":-3.196863457560539e-2,"type":4,"va":-14.149529457092285,"vx":-14.385013580322266,"vy":26.124507904052734,"x":13.583163261413574,"y":-8.97161865234375},{"age":454,"angle":-0.8307267427444458,"type":4,"va":-1.9701433181762695,"vx":-0.3976360559463501,"vy":-1.976291537284851,"x":10.874139785766602,"y":-10.623847961425781},{"age":377,"angle":-2.389112710952759,"type":4,"va":4.613223075866699,"vx":-4.225262641906738,"vy":-2.489290952682495,"x":11.847878456115723,"y":-3.0003292560577393},{"age":294,"angle":-1.0582406520843506,"type":4,"va":47.87983322143555,"vx":-4.837569236755371,"vy":5.461044788360596,"x":11.446653366088867,"y":-2.0462005138397217},{"age":234,"angle":0.30425986647605896,"type":4,"va":-0.743871808052063,"vx":-0.10604621469974518,"vy":-4.071333408355713,"x":14.539846420288086,"y":-8.066486358642578},{"age":174,"angle":1.748719334602356,"type":4,"va":-14.969857215881348,"vx":0.5624616742134094,"vy":-3.8510019779205322,"x":14.229265213012695,"y":-3.9014158248901367},{"age":135,"angle":2.7714803218841553,"type":4,"va":-11.643911361694336,"vx":1.4500312805175781,"vy":-1.0977060794830322,"x":12.928518295288086,"y":-1.654451608657837},{"age":84,"angle":1.7531120777130127,"type":4,"va":-9.098784446716309,"vx":1.0997743606567383,"vy":-0.8548741936683655,"x":12.524885177612305,"y":-1.3537423610687256},{"age":45,"angle":0.4282383620738983,"type":4,"va":-6.25222635269165,"vx":1.275305986404419,"vy":0.32917600870132446,"x":11.866390228271484,"y":-0.7984703183174133}],"widgets":{"47":{"angle":0.6118993163108826,"key":"47","va":6.572762489318848,"vx":0,"vy":0,"x":1.862130045890808,"y":-9.600000381469727}}}}