{"puzzle":{"reqTiles":["Up"],"inputs":[{"x":0.5,"y":0.0,"balls":[{"type":2,"rate":0.4860026041666667}]},{"x":1.0,"y":0.35,"balls":[{"type":3,"rate":0.703125}]}],"outputs":[{"x":0.35,"y":1.0,"balls":[{"type":3,"rate":0.75}]},{"x":1.0,"y":0.8,"balls":[{"type":2,"rate":0.4860026041666667}]}],"spec":{}},"blueprint":{"puzzle":"3a6d016d-108b-5d6a-8bb8-e158124e122e","title":"there's an eclipse but you still have to work","submittedAt":"2024-04-18T12:57:09.928302488Z","widgets":{"32":{"angle":-2.091132516907742,"type":"prism","x":457,"y":250},"96":{"angle":2.4861444900098246,"type":"anvil","x":214,"y":182},"1":{"angle":-0.22315495036011676,"type":"board","x":652.5,"y":316},"33":{"angle":-2.2730619361832605e-3,"type":"prism","x":273,"y":236},"97":{"angle":1.3111925521682586,"type":"anvil","x":219,"y":252},"2":{"angle":-0.10600003037957179,"type":"board","x":481,"y":358},"34":{"angle":1.0158163294952516,"type":"prism","x":286,"y":127},"66":{"angle":1.4790227475216249,"type":"prism","x":323,"y":104},"35":{"angle":-3.1654824731454023,"type":"prism","x":469,"y":144},"67":{"angle":2.6739764311144296,"type":"prism","x":426,"y":115},"68":{"angle":-0.5297337468361885,"type":"prism","x":305,"y":267},"69":{"angle":-2.6112003333610327,"type":"prism","x":462,"y":201},"70":{"angle":-1.6237628375899178,"type":"prism","x":408,"y":279},"7":{"angle":0.7460590827345392,"type":"board","x":145.958,"y":674.000045},"71":{"angle":2.1535336972553876,"type":"anvil","x":305,"y":239},"72":{"angle":3.234434679468702,"type":"anvil","x":260,"y":259},"9":{"angle":0.19659543943528116,"type":"board","x":87.5,"y":469},"10":{"angle":-0.34338582718221977,"type":"fan","x":161,"y":537},"42":{"angle":1.1028877809576838,"type":"anvil","x":312,"y":185},"11":{"angle":0.13835216778088744,"type":"board","x":413,"y":589.11},"43":{"angle":0,"type":"anvil","x":262,"y":157},"12":{"angle":1.7874742615265569,"type":"board","x":311,"y":652.6111385},"44":{"angle":2.1537522772275146,"type":"anvil","x":307,"y":238},"76":{"height":101,"type":"repulsor","width":101,"x":368,"y":188},"13":{"angle":-0.6693133353074384,"type":"fan","x":195,"y":599},"45":{"angle":3.143453577762072,"type":"anvil","x":251,"y":264},"77":{"angle":0,"type":"prism","x":418,"y":148},"14":{"angle":0.11607321483480704,"type":"board","x":645.208,"y":605},"46":{"angle":4.2951683873212305,"type":"anvil","x":200.5,"y":239},"78":{"angle":1.0216699470943245,"type":"prism","x":429,"y":211},"15":{"angle":3.605655728694729e-2,"type":"board","x":485,"y":591},"47":{"angle":-0.9073022907805657,"type":"anvil","x":205,"y":183},"79":{"angle":2.0734078394256463,"type":"prism","x":378,"y":255},"16":{"angle":-3.82203247699464e-2,"type":"board","x":308,"y":376},"48":{"angle":5.889053865407568,"type":"anvil","x":238,"y":173},"17":{"angle":-0.10036685923645408,"type":"board","x":133,"y":390},"81":{"angle":-1.048187009063468,"type":"prism","x":354,"y":126},"50":{"angle":2.501448574322379,"type":"anvil","x":288,"y":238},"82":{"angle":-2.125809340881253,"type":"prism","x":303,"y":169},"51":{"angle":0,"type":"anvil","x":237,"y":248},"84":{"angle":3.121532607181331,"type":"prism","x":316,"y":235},"53":{"angle":-0.15233213680205873,"type":"anvil","x":212,"y":225},"85":{"angle":1.014583663991983,"type":"anvil","x":312,"y":187},"86":{"angle":2.208662316861548,"type":"anvil","x":307,"y":233},"55":{"angle":0,"type":"anvil","x":258,"y":165},"87":{"angle":0,"type":"anvil","x":265,"y":157},"56":{"angle":-1.935313055960679,"type":"anvil","x":307,"y":210},"88":{"angle":2.1327572774092065,"type":"anvil","x":287,"y":231},"57":{"angle":0,"type":"anvil","x":251,"y":249},"89":{"angle":0.24297658421792256,"type":"anvil","x":263,"y":205},"58":{"angle":0,"type":"anvil","x":231,"y":247},"90":{"angle":2.899921411752293,"type":"anvil","x":285,"y":173},"59":{"angle":2.4553937301954685,"type":"anvil","x":202,"y":207},"91":{"angle":0.21245603055723294,"type":"anvil","x":297,"y":224},"60":{"angle":5.185596673687998,"type":"anvil","x":285,"y":247},"92":{"angle":2.969371948968567,"type":"anvil","x":294,"y":193},"29":{"angle":2.091812819700457,"type":"prism","x":383,"y":82},"93":{"angle":0.15708568971916864,"type":"anvil","x":273,"y":176},"62":{"angle":-1.90047220851205,"type":"anvil","x":309,"y":195},"94":{"angle":-0.3279314650126257,"type":"anvil","x":256,"y":227},"31":{"angle":-1.0742450796277057,"type":"prism","x":360,"y":299},"63":{"angle":0,"type":"anvil","x":232,"y":259},"95":{"angle":-9.4707696041172e-2,"type":"anvil","x":224,"y":199}}},"snapshot":{"balls":[{"age":875,"angle":-2.63775634765625,"type":2,"va":-2.8394556045532227,"vx":0.44929978251457214,"vy":-5.238640308380127e-2,"x":13.265718460083008,"y":-11.801215171813965},{"age":792,"angle":0.34518930315971375,"type":2,"va":-2.842132806777954,"vx":0.44949761033058167,"vy":-5.2409470081329346e-2,"x":11.965462684631348,"y":-11.649608612060547},{"age":697,"angle":-1.9286350011825562,"type":2,"va":0,"vx":0,"vy":0,"x":5.53195333480835,"y":-2.4811034202575684},{"age":7,"angle":-2.5173463821411133,"type":3,"va":-3.392848014831543,"vx":-0.4899330139160156,"vy":-0.5530220866203308,"x":5.167544364929199,"y":-14.616787910461426},{"age":528,"angle":-0.32582202553749084,"type":2,"va":-9.962285995483398,"vx":1.6511517763137817,"vy":-1.5025179386138916,"x":0.8632969260215759,"y":-8.699601173400879},{"age":437,"angle":0.1360950767993927,"type":3,"va":-14.128684997558594,"vx":2.197173833847046,"vy":-0.4703052043914795,"x":2.4918768405914307,"y":-9.182954788208008},{"age":392,"angle":0.12211219221353531,"type":3,"va":-3.1448633670806885,"vx":0.21596989035606384,"vy":-3.696800768375397e-2,"x":0.5314110517501831,"y":-8.755670547485352},{"age":355,"angle":1.0111534595489502,"type":2,"va":23.965534210205078,"vx":-3.790022373199463,"vy":-0.4404348134994507,"x":2.7464537620544434,"y":-7.451562881469727},{"age":293,"angle":-0.6889274716377258,"type":3,"va":24.021032333374023,"vx":-3.7891907691955566,"vy":-0.44698894023895264,"x":3.0640406608581543,"y":-7.420133113861084},{"age":237,"angle":-2.8641209602355957,"type":3,"va":23.843074798583984,"vx":-3.726151704788208,"vy":0.5386684536933899,"x":7.71489143371582,"y":-7.008816719055176},{"age":177,"angle":-1.2936158180236816,"type":3,"va":19.606523513793945,"vx":-3.036508560180664,"vy":-1.5707812309265137,"x":10.997276306152344,"y":-6.480672359466553},{"age":186,"angle":-0.7132976651191711,"type":2,"va":-6.0104498863220215,"vx":1.1883896589279175,"vy":1.638259768486023,"x":6.565673351287842,"y":-5.522626876831055},{"age":73,"angle":-3.037104845046997,"type":3,"va":3.52061128616333,"vx":-0.3856208920478821,"vy":-0.9396336674690247,"x":14.347068786621094,"y":-5.582888603210449},{"age":81,"angle":-3.017627477645874,"type":2,"va":-2.745678663253784,"vx":4.571990013122559,"vy":-6.192139148712158,"x":8.95610523223877,"y":-2.8557186126708984},{"age":18,"angle":6.308022886514664e-2,"type":2,"va":-5.6256513595581055,"vx":0.11123916506767273,"vy":-1.392507791519165,"x":7.41062593460083,"y":-5.159473419189453e-2}],"widgets":{}}}