{"puzzle":{"reqTiles":["Up"],"inputs":[{"x":0.2,"y":0.0,"balls":[{"type":1,"rate":1.0}]},{"x":1.0,"y":0.2,"balls":[{"type":3,"rate":1.0}]}],"outputs":[{"x":0.5,"y":1.0,"balls":[{"type":3,"rate":1.0}]},{"x":1.0,"y":0.35,"balls":[{"type":1,"rate":1.0}]}],"spec":{}},"blueprint":{"puzzle":"92561813-5193-526d-89cc-55965d7fd1fd","title":"slurp","submittedAt":"2024-04-08T08:08:14.010752813Z","widgets":{"0":{"angle":0.8418285771465365,"type":"board","x":158,"y":82},"32":{"angle":1.23987685831321,"type":"cushion","x":402,"y":640},"1":{"angle":0.46119656294873923,"type":"board","x":278,"y":172},"33":{"angle":-0.23456396762822077,"type":"board","x":290,"y":298},"2":{"angle":0.696102530020756,"type":"board","x":406,"y":258},"34":{"angle":-0.35884119074146426,"type":"board","x":130,"y":342},"3":{"angle":-0.6630593425899645,"type":"board","x":665.5003335,"y":222},"35":{"angle":0.9134627706528738,"type":"board","x":60.587816,"y":640},"36":{"angle":1.567711585344948,"type":"board","x":9.2698811,"y":498},"5":{"angle":-0.6629438426755689,"type":"board","x":606,"y":270},"37":{"angle":0.12967912383251023,"type":"board","x":248,"y":719.760423},"6":{"angle":1.4469541172897062,"type":"cushion","x":470,"y":344},"38":{"angle":1.6770688276343813,"type":"cushion","x":414,"y":697.162918},"7":{"angle":1.5749272325911505,"type":"cushion","x":540,"y":350},"39":{"type":"roundbumper","x":188,"y":514},"8":{"angle":0.737948603367824,"type":"board","x":518,"y":432},"40":{"type":"roundbumper","x":188,"y":466},"9":{"angle":-1.5349328046706154,"type":"fan","x":616,"y":520},"41":{"type":"roundbumper","x":222,"y":442},"10":{"angle":9.890837937192246e-2,"type":"cushion","x":614,"y":502},"42":{"type":"roundbumper","x":266,"y":442},"11":{"angle":-1.2017938804388673,"type":"fan","x":580,"y":516},"43":{"type":"roundbumper","x":196,"y":548},"12":{"angle":-4.947032884349949e-2,"type":"fan","x":614,"y":290},"44":{"type":"roundbumper","x":242,"y":562},"13":{"angle":-1.1484466913850353,"type":"cushion","x":666.904,"y":428},"45":{"type":"roundbumper","x":284,"y":558},"14":{"angle":-1.1417267253216181,"type":"board","x":695.4136355,"y":358},"46":{"type":"roundbumper","x":302,"y":508},"15":{"angle":0,"type":"brick","x":706,"y":224},"16":{"angle":-1.079391737927338,"type":"cushion","x":614,"y":338},"48":{"type":"roundbumper","x":302,"y":462},"49":{"height":10,"type":"attractor","width":150,"x":248,"y":506},"19":{"angle":-0.19631966272869267,"type":"board","x":652.4252385,"y":590},"51":{"type":"roundbumper","x":430,"y":616},"52":{"angle":0,"sticker":"figure2-happy","type":"sticker","x":242,"y":640},"21":{"angle":1.5261631318122246,"type":"cushion","x":718.6900676,"y":534},"53":{"angle":-1.3768790099344042,"type":"fan","x":690.421,"y":468},"22":{"angle":0.3980957207322309,"type":"cushion","x":694.646711,"y":474},"23":{"angle":0.6564531362045699,"type":"leftbumper","x":552,"y":636},"25":{"angle":0.910956565649222,"type":"cushion","x":484,"y":628},"26":{"angle":-1.6123473759646396,"type":"leftbumper","x":406,"y":294},"29":{"angle":-3.13435407348854,"type":"leftbumper","x":28.3430988,"y":408},"30":{"angle":1.6601549250083443,"type":"leftbumper","x":124,"y":689.377}}},"snapshot":{"balls":[{"age":781,"angle":2.148038864135742,"type":3,"va":-3.2482340335845947,"vx":-1.4526162147521973,"vy":-2.3468995094299316,"x":7.076544761657715,"y":-14.251913070678711},{"age":603,"angle":2.9036858081817627,"type":3,"va":1.0540369749069214,"vx":-0.1676035076379776,"vy":-2.897862195968628,"x":7.722384929656982,"y":-14.307537078857422},{"age":4,"angle":0.8287003636360168,"type":3,"va":6.524968892335892e-2,"vx":-0.69574373960495,"vy":-0.879241943359375,"x":7.487030982971191,"y":-14.560402870178223},{"age":444,"angle":2.0661697387695312,"type":3,"va":16.39727020263672,"vx":-2.5457844734191895,"vy":-0.5390112996101379,"x":11.29062271118164,"y":-11.804879188537598},{"age":404,"angle":2.1478352546691895,"type":3,"va":16.31696128845215,"vx":-2.533555030822754,"vy":-0.5365732908248901,"x":11.61347770690918,"y":-11.740666389465332},{"age":354,"angle":-0.8339945673942566,"type":3,"va":9.234121322631836,"vx":-1.4350464344024658,"vy":-0.28539973497390747,"x":13.129891395568848,"y":-11.438859939575195},{"age":4,"angle":-0.8949980139732361,"type":1,"va":3.5007686614990234,"vx":0.951158881187439,"vy":-0.6700433492660522,"x":14.56266975402832,"y":-5.101694583892822},{"age":318,"angle":-2.9024760723114014,"type":1,"va":0.9439440965652466,"vx":0.5983213782310486,"vy":-1.2881158590316772,"x":14.266298294067383,"y":-4.9895710945129395},{"age":282,"angle":-0.54910808801651,"type":3,"va":1.9696711301803589,"vx":-0.4946446716785431,"vy":0.3863762617111206,"x":13.832785606384277,"y":-11.233663558959961},{"age":264,"angle":-0.5558502078056335,"type":1,"va":-44.0751838684082,"vx":4.07459831237793,"vy":8.363933563232422,"x":13.348487854003906,"y":-6.0279951095581055},{"age":215,"angle":-1.2158278226852417,"type":3,"va":-27.559642791748047,"vx":3.648984432220459,"vy":-3.3014719486236572,"x":11.45425796508789,"y":-9.17863941192627},{"age":231,"angle":-2.0302364826202393,"type":1,"va":-40.09086227416992,"vx":6.951878070831299,"vy":7.670782566070557,"x":14.054107666015625,"y":-4.97598123550415},{"age":198,"angle":0.4295414090156555,"type":1,"va":-9.98242473602295,"vx":1.745266079902649,"vy":-0.9818752408027649,"x":10.29239559173584,"y":-8.041138648986816},{"age":144,"angle":-1.1735409498214722,"type":3,"va":20.530790328979492,"vx":0.8602283596992493,"vy":-1.5139262676239014,"x":9.843318939208984,"y":-6.305404186248779},{"age":115,"angle":1.5983693599700928,"type":3,"va":24.78374671936035,"vx":-3.105194568634033,"vy":-2.490633487701416,"x":12.879632949829102,"y":-4.347662925720215},{"age":111,"angle":1.1126065254211426,"type":1,"va":-38.44206237792969,"vx":5.914669036865234,"vy":-3.001124620437622,"x":8.017967224121094,"y":-4.138751983642578},{"age":46,"angle":-2.4205713272094727,"type":3,"va":5.913303852081299,"vx":-1.155755639076233,"vy":-0.8969172239303589,"x":14.356619834899902,"y":-3.1917707920074463},{"age":54,"angle":-1.2824406623840332,"type":1,"va":-14.11050796508789,"vx":1.8758636713027954,"vy":-1.5749379396438599,"x":3.1113173961639404,"y":-1.0432507991790771},{"age":16,"angle":0.4013429880142212,"type":1,"va":2.659971237182617,"vx":-8.684257976710796e-3,"vy":-1.1492817401885986,"x":2.9585320949554443,"y":-0.1287926733493805}],"widgets":{}}}