{"puzzle":{"reqTiles":["Up","Left"],"inputs":[{"x":0.8,"y":0.0,"balls":[{"type":3,"rate":0.703125}]},{"x":0.0,"y":0.35,"balls":[{"type":2,"rate":0.5555013020833334}]}],"outputs":[{"x":0.65,"y":1.0,"balls":[{"type":2,"rate":0.5555013020833334}]},{"x":0.0,"y":0.5,"balls":[{"type":3,"rate":0.703125}]}],"spec":{}},"blueprint":{"puzzle":"b6aff24a-f3c2-577a-a26f-81acbe0a8d76","title":"Flippin' Magnets. How do they work?","submittedAt":"2024-04-18T21:22:07.22156944Z","widgets":{"0":{"angle":-0.2162325901131855,"type":"board","x":652.6066535,"y":27.5636295},"1":{"angle":2.9569963947579563,"type":"board","x":183,"y":140},"33":{"angle":3.8365575247151464,"type":"cup","x":264,"y":428},"2":{"angle":-0.22523209745987893,"type":"board","x":320,"y":106},"3":{"angle":-0.22819246746755534,"type":"board","x":485,"y":65},"35":{"angle":0.7187710514462141,"type":"cup","x":266,"y":426},"4":{"angle":0.21298907132676262,"type":"board","x":87.5,"y":299},"36":{"angle":-2.3800931034149055,"type":"cup","x":292,"y":451},"5":{"angle":0.12050066735071059,"type":"board","x":252,"y":327},"37":{"angle":3.2113818020799787,"type":"cup","x":222,"y":405},"6":{"angle":-1.4183438693076735,"type":"fan","x":347,"y":369},"7":{"angle":1.5631309717047428,"type":"cushion","x":48,"y":138},"39":{"angle":-7.682964375319769e-2,"type":"board","x":94.5105,"y":398},"8":{"angle":0.29977730983589645,"type":"board","x":524,"y":260},"40":{"angle":3.5679970707506086,"type":"fan","x":431,"y":474},"9":{"angle":-1.450659197261709,"type":"fan","x":352,"y":369},"41":{"angle":3.5311236909586388,"type":"fan","x":437,"y":480},"10":{"angle":0,"type":"brick","x":34,"y":105},"42":{"angle":3.4684742649663134,"type":"fan","x":437,"y":475},"11":{"angle":1.5787370142183474,"type":"brick","x":113,"y":186},"43":{"angle":3.5248695238094503,"type":"fan","x":434,"y":474},"12":{"angle":0.21280744717474034,"type":"board","x":200,"y":244},"44":{"angle":3.7454233672399257,"type":"fan","x":375,"y":499},"13":{"angle":0,"type":"anvil","x":284,"y":234},"45":{"angle":-2.4886438789779235,"type":"fan","x":374,"y":500},"46":{"angle":-2.5448918415154846,"type":"fan","x":373,"y":503},"47":{"angle":2.362436007093212,"catMass":2,"type":"catswat","x":335,"y":400},"49":{"height":10,"type":"repulsor","width":150,"x":652,"y":665},"50":{"height":10,"type":"repulsor","width":150,"x":347,"y":665},"19":{"angle":1.5603800368639265,"type":"cup","x":471,"y":370},"51":{"angle":0,"type":"leftbumper","x":712,"y":692.5},"20":{"angle":1.8974278132733926,"type":"cup","x":466,"y":406},"52":{"height":10,"type":"repulsor","width":150,"x":480,"y":399},"21":{"angle":0.9308671860372175,"type":"cup","x":448,"y":302},"53":{"angle":-0.3551912214547364,"type":"brick","x":164,"y":406},"22":{"angle":1.2379969615883826,"type":"cup","x":464,"y":334},"54":{"height":10,"type":"repulsor","width":150,"x":253,"y":461},"23":{"angle":3.2479315795824992,"type":"cup","x":354,"y":482},"55":{"height":10,"type":"repulsor","width":150,"x":349,"y":588},"24":{"angle":2.8622135283055847,"type":"cup","x":390,"y":478},"25":{"angle":2.212042245852794,"type":"cup","x":449,"y":438},"57":{"angle":2.730096111319795,"type":"fan","x":138,"y":326},"26":{"angle":2.548308815664859,"type":"cup","x":423,"y":463},"58":{"angle":0.13978586843745613,"type":"brick","x":35.5493325,"y":402},"27":{"angle":3.5814422427567023,"type":"cup","x":322,"y":471},"28":{"angle":3.263274778536195,"type":"prism","x":94.017,"y":514},"29":{"angle":3.12044662350369,"type":"cup","x":205,"y":403},"30":{"angle":3.568815225345585,"type":"cup","x":241,"y":410}}},"snapshot":{"balls":[{"age":1569,"angle":-0.7678623795509338,"type":3,"va":0,"vx":0,"vy":0,"x":0.17980432510375977,"y":-14.621301651000977},{"age":1241,"angle":-0.2926342487335205,"type":2,"va":-1.4091506004333496,"vx":-0.12608903646469116,"vy":-1.277557611465454,"x":14.510519027709961,"y":-11.03659725189209},{"age":1100,"angle":2.9749677181243896,"type":2,"va":3.8567516803741455,"vx":9.908966720104218e-2,"vy":-1.1496520042419434,"x":14.621111869812012,"y":-11.335565567016602},{"age":1018,"angle":-2.088564872741699,"type":3,"va":-16.773054122924805,"vx":-6.442063808441162,"vy":3.7643892765045166,"x":7.441226959228516,"y":-8.222908020019531},{"age":797,"angle":1.5058040618896484,"type":2,"va":4.529455184936523,"vx":0.26307207345962524,"vy":-0.5777274370193481,"x":14.620796203613281,"y":-11.682307243347168},{"age":780,"angle":0.5168973207473755,"type":3,"va":-2.0361454486846924,"vx":2.392992377281189e-2,"vy":0.4211626946926117,"x":0.486918181180954,"y":-7.569106101989746},{"age":604,"angle":-2.9098570346832275,"type":2,"va":1.9657148122787476,"vx":-0.6085475087165833,"vy":-0.6442444324493408,"x":9.763524055480957,"y":-14.501018524169922},{"age":619,"angle":-2.2360763549804688,"type":3,"va":-8.495279312133789,"vx":-1.2764803171157837,"vy":0.4016336500644684,"x":5.290340900421143,"y":-7.125669479370117},{"age":562,"angle":2.6954193115234375,"type":2,"va":-3.4277522563934326,"vx":0.25125789642333984,"vy":-0.2888767719268799,"x":14.284917831420898,"y":-11.256373405456543},{"age":575,"angle":-1.0523970127105713,"type":3,"va":-22.13820457458496,"vx":0.8062024116516113,"vy":0.1532314419746399,"x":7.193914890289307,"y":-8.43297290802002},{"age":477,"angle":-1.1385412216186523,"type":3,"va":-21.211105346679688,"vx":2.957481861114502,"vy":-2.0410537719726562,"x":8.18934440612793,"y":-6.884113788604736},{"age":436,"angle":3.11202073097229,"type":2,"va":4.260095119476318,"vx":-2.4016358852386475,"vy":-6.879006385803223,"x":13.359711647033691,"y":-7.428042888641357},{"age":370,"angle":-0.24489495158195496,"type":2,"va":20.94388771057129,"vx":3.8996798992156982,"vy":-8.904105186462402,"x":11.828071594238281,"y":-5.176663875579834},{"age":403,"angle":2.7782137393951416,"type":3,"va":-11.907212257385254,"vx":1.835510492324829,"vy":-0.4084097445011139,"x":2.7536041736602783,"y":-5.851014614105225},{"age":301,"angle":-1.0256867408752441,"type":3,"va":7.407979488372803,"vx":6.53693825006485e-3,"vy":-0.852728009223938,"x":1.4879204034805298,"y":-2.9064228534698486},{"age":231,"angle":-8.313553780317307e-2,"type":2,"va":-20.235849380493164,"vx":5.213449954986572,"vy":9.759243965148926,"x":8.198251724243164,"y":-3.5129024982452393},{"age":217,"angle":2.6601223945617676,"type":3,"va":24.762134552001953,"vx":-3.8282439708709717,"vy":-0.942527174949646,"x":6.61293363571167,"y":-1.7249994277954102},{"age":113,"angle":-0.930062472820282,"type":2,"va":-10.344317436218262,"vx":1.5998151302337646,"vy":-0.3459908366203308,"x":1.2638963460922241,"y":-5.528772354125977},{"age":130,"angle":-1.2663613557815552,"type":3,"va":17.61246109008789,"vx":-2.7135658264160156,"vy":-0.6628899574279785,"x":9.190964698791504,"y":-1.0711376667022705},{"age":75,"angle":0.9247277975082397,"type":3,"va":4.546088695526123,"vx":-0.7065948247909546,"vy":-0.15521380305290222,"x":11.708067893981934,"y":-0.49987196922302246},{"age":16,"angle":0.13181576132774353,"type":3,"va":1.258522868156433,"vx":-1.628078706562519e-2,"vy":-0.9595963954925537,"x":11.840339660644531,"y":-3.28151136636734e-2}],"widgets":{"47":{"angle":-2.362436056137085,"key":"47","va":0,"vx":0,"vy":0,"x":6.699999809265137,"y":-8}}}}