{"puzzle":{"reqTiles":["Up","Left"],"inputs":[{"x":0.5,"y":0.0,"balls":[{"type":4,"rate":0.5}]},{"x":0.0,"y":0.5,"balls":[{"type":1,"rate":0.5}]}],"outputs":[{"x":0.8,"y":1.0,"balls":[{"type":1,"rate":0.5}]},{"x":0.0,"y":0.2,"balls":[{"type":4,"rate":0.5}]}],"spec":{}},"blueprint":{"puzzle":"b8644091-445d-510c-8022-0fc1f64f7fbd","title":"Squirrels are boring, trampolines are better","submittedAt":"2024-04-10T06:05:35.746992244Z","widgets":{"0":{"angle":0.11942892601833857,"type":"board","x":92,"y":416},"1":{"angle":0,"type":"board","x":87.5,"y":305},"2":{"angle":0,"type":"board","x":223,"y":322},"3":{"angle":-0.444419209901099,"type":"board","x":354,"y":218},"4":{"angle":-1.5670335934911703,"type":"board","x":352,"y":94},"5":{"angle":-1.5681261061719156,"type":"board","x":390,"y":95},"7":{"type":"roundbumper","x":275,"y":291},"8":{"angle":0,"type":"brick","x":34,"y":97},"9":{"angle":0,"type":"brick","x":34,"y":191},"10":{"angle":0,"sticker":"squobject","type":"sticker","x":47,"y":61},"11":{"angle":-3.121130855391578,"type":"fan","x":267,"y":160},"12":{"angle":-3.145220938414068,"type":"fan","x":268,"y":161},"13":{"angle":-3.106263560769871,"type":"fan","x":287,"y":177},"15":{"angle":1.5412656968296372,"type":"board","x":432.5,"y":87.7275867},"16":{"angle":0.9540346580130374,"type":"board","x":382,"y":561},"17":{"angle":0.37579973117385507,"type":"board","x":252,"y":455},"18":{"angle":1.068923978913878,"type":"leftbumper","x":470,"y":629},"20":{"angle":1.1555971785159205,"type":"board","x":533,"y":642},"21":{"angle":0.8065885215124625,"type":"board","x":116,"y":247},"22":{"angle":0,"type":"board","x":87.5,"y":600},"23":{"angle":0,"type":"board","x":244,"y":603},"24":{"angle":1.5711399924728284,"type":"board","x":321,"y":652.496907},"25":{"angle":1.565260078632877,"type":"board","x":322,"y":583},"26":{"angle":1.5874841911926232,"type":"board","x":167.453,"y":652.3619786},"27":{"angle":1.5885837770177433,"type":"board","x":170,"y":526},"28":{"angle":1.5755687709737167,"type":"board","x":9.4174886,"y":652.4580106},"29":{"angle":1.5617186106534384,"type":"board","x":9.7939201,"y":506},"30":{"angle":2.0445770876438143,"type":"rightbumper","x":529,"y":58.6489},"31":{"angle":-1.2336336345726098,"type":"board","x":655,"y":643}}},"snapshot":{"balls":[{"age":383,"angle":2.552579641342163,"type":1,"va":-27.364601135253906,"vx":1.6232417821884155,"vy":-11.992420196533203,"x":10.356613159179688,"y":-1.4905924797058105},{"age":294,"angle":-2.6420536041259766,"type":1,"va":-27.357620239257812,"vx":4.035865306854248,"vy":-4.273751258850098,"x":7.930727481842041,"y":-10.249500274658203},{"age":241,"angle":-1.3316152095794678,"type":4,"va":12.48169231414795,"vx":-0.9778304696083069,"vy":0.13098058104515076,"x":0.5822910666465759,"y":-2.9692718982696533},{"age":169,"angle":-2.9853038787841797,"type":1,"va":-7.8439226150512695,"vx":1.235690712928772,"vy":-0.14828205108642578,"x":1.5722182989120483,"y":-7.94705057144165},{"age":120,"angle":-2.8470733165740967,"type":4,"va":7.866428852081299,"vx":-1.1004372835159302,"vy":-0.524020791053772,"x":6.874138355255127,"y":-4.083114147186279},{"age":36,"angle":-2.434722900390625,"type":1,"va":-0.6667551398277283,"vx":0.8239532709121704,"vy":0.13256636261940002,"x":8.545593917369843e-2,"y":-7.426643371582031},{"age":30,"angle":-0.7482858896255493,"type":4,"va":-2.7201037406921387,"vx":6.513675302267075e-2,"vy":-2.387629985809326,"x":7.4119768142700195,"y":-0.48866137862205505}],"widgets":{}}}