{"puzzle":{"reqTiles":["Up"],"inputs":[{"x":0.5,"y":0.0,"balls":[{"type":3,"rate":0.75}]},{"x":1.0,"y":0.65,"balls":[{"type":1,"rate":0.7578125}]}],"outputs":[{"x":0.8,"y":1.0,"balls":[{"type":1,"rate":0.734375}]},{"x":1.0,"y":0.5,"balls":[{"type":3,"rate":0.703125}]}],"spec":{}},"blueprint":{"puzzle":"a262d9f2-d775-571a-a84e-6f65505e4f2c","title":"4-panel comic: sea-saw bun","submittedAt":"2024-04-11T21:13:49.631441421Z","widgets":{"0":{"angle":1.5677133892866628,"type":"brick","x":369.6048,"y":188},"32":{"angle":-0.7935543876972919,"type":"board","x":498,"y":671.3136935},"1":{"angle":1.5805999342741923,"type":"brick","x":369.8327,"y":252},"33":{"angle":0.5176614480911461,"type":"board","x":482,"y":195},"2":{"angle":1.5877099970117023,"type":"brick","x":369.0731,"y":316},"34":{"angle":0.5220196684031224,"type":"board","x":624,"y":277},"3":{"angle":1.5797422503381204,"type":"brick","x":366.8036,"y":705.8805917},"35":{"angle":1.5748613450545283,"type":"hammer","x":167,"y":291},"4":{"angle":1.5732789556584037,"type":"brick","x":369.173,"y":575},"36":{"angle":1.5638495920049782,"type":"hammer","x":164,"y":670.8592491},"5":{"angle":1.5724065537423322,"type":"brick","x":369.886,"y":444},"37":{"angle":1.5645943695362108,"type":"hammer","x":553,"y":670.8741716},"6":{"angle":1.580260150033511,"type":"brick","x":367.821,"y":640},"38":{"angle":1.566940529028416,"type":"hammer","x":554,"y":289},"7":{"angle":1.5785513491861158,"type":"brick","x":369.763,"y":510},"39":{"height":63,"type":"attractor","width":63,"x":595.5,"y":708.5},"8":{"angle":0,"type":"brick","x":669,"y":370},"40":{"height":64,"type":"attractor","width":64,"x":116,"y":329},"9":{"angle":0,"type":"brick","x":332,"y":370},"41":{"height":55,"type":"attractor","width":55,"x":216.5,"y":330.5},"10":{"angle":0,"type":"brick","x":34,"y":370},"42":{"height":61,"type":"attractor","width":61,"x":114,"y":709.5},"11":{"angle":0,"type":"brick","x":93,"y":370},"43":{"height":60,"type":"attractor","width":60,"x":213.5,"y":710},"12":{"angle":0,"type":"brick","x":154,"y":370},"44":{"height":61,"type":"attractor","width":61,"x":505.5,"y":326.5},"13":{"angle":0,"type":"brick","x":214,"y":370},"45":{"height":59,"type":"attractor","width":59,"x":505.5,"y":710.5},"14":{"angle":0,"type":"brick","x":271,"y":370},"46":{"height":62,"type":"attractor","width":62,"x":599,"y":328},"15":{"angle":0,"type":"brick","x":646,"y":370},"47":{"angle":-0.5178265724872387,"sticker":"figure1-sad","type":"sticker","x":61,"y":625},"16":{"angle":0,"type":"brick","x":584,"y":370},"48":{"angle":0.487686012686838,"sticker":"figure1-sad","type":"sticker","x":473,"y":158},"17":{"angle":0,"type":"brick","x":519,"y":370},"49":{"angle":0,"sticker":"figure1-sad","type":"sticker","x":50,"y":296},"18":{"angle":0,"type":"brick","x":455,"y":370},"50":{"angle":0,"sticker":"figure1-happy","type":"sticker","x":422,"y":673},"19":{"angle":0,"type":"brick","x":394,"y":370},"51":{"angle":-2.4437892891504323,"sticker":"kingbun","type":"sticker","x":164,"y":458},"20":{"angle":1.57190466006743,"type":"brick","x":369,"y":381},"52":{"angle":0,"sticker":"kingbun","type":"sticker","x":325,"y":339},"21":{"angle":1.573580066429836,"type":"brick","x":370,"y":65},"53":{"angle":0.5067555841983802,"sticker":"kingbun","type":"sticker","x":685,"y":281},"22":{"angle":1.5669949139790662,"type":"brick","x":370,"y":125},"54":{"angle":0,"sticker":"kingbun","type":"sticker","x":417,"y":600},"23":{"height":10,"type":"repulsor","width":150,"x":309,"y":431},"24":{"height":10,"type":"repulsor","width":150,"x":665,"y":433},"25":{"height":10,"type":"repulsor","width":150,"x":665,"y":75},"26":{"height":10,"type":"repulsor","width":150,"x":307,"y":75},"27":{"angle":0.793059278615016,"type":"board","x":221,"y":290},"28":{"angle":0.7848921615059266,"type":"board","x":110,"y":176},"29":{"angle":-0.40304602238827547,"type":"board","x":90.5,"y":644},"30":{"angle":-0.40526078341311206,"type":"board","x":237,"y":581},"31":{"angle":-0.795136097169544,"type":"board","x":613,"y":556}}},"snapshot":{"balls":[{"age":270,"angle":-0.3316538333892822,"type":1,"va":-5.307257652282715,"vx":-0.8283869028091431,"vy":-0.5972498655319214,"x":12.243478775024414,"y":-14.307965278625488},{"age":211,"angle":0.4907413125038147,"type":1,"va":1.957284927368164,"vx":-0.8417690992355347,"vy":0.665143609046936,"x":12.597410202026367,"y":-14.465731620788574},{"age":160,"angle":-1.854227900505066,"type":3,"va":-27.56876564025879,"vx":3.661653995513916,"vy":-3.632578134536743,"x":13.08561897277832,"y":-4.7131781578063965},{"age":113,"angle":-0.24989919364452362,"type":1,"va":11.295973777770996,"vx":1.595757246017456,"vy":-7.314654350280762,"x":14.5996675491333,"y":-11.486949920654297},{"age":65,"angle":2.5281612873077393,"type":1,"va":2.3967807292938232,"vx":0.276938259601593,"vy":-1.5326969623565674,"x":14.466415405273438,"y":-9.80327033996582},{"age":74,"angle":-1.8688222169876099,"type":3,"va":-4.313735485076904,"vx":1.723111867904663,"vy":-1.6318026781082153,"x":7.993728160858154,"y":-0.6434302926063538},{"age":22,"angle":-2.9361658096313477,"type":1,"va":2.0365443229675293,"vx":-7.623434066772461e-3,"vy":-0.6013579368591309,"x":14.766989707946777,"y":-9.651058197021484}],"widgets":{}}}