{"puzzle":{"reqTiles":["Up"],"inputs":[{"x":0.8,"y":0.0,"balls":[{"type":4,"rate":1.0}]}],"outputs":[{"x":0.65,"y":1.0,"balls":[{"type":4,"rate":1.0}]}],"spec":{}},"blueprint":{"puzzle":"7f70114b-342d-5f18-8136-3ab7a798637a","title":"treadmill of life","submittedAt":"2024-04-08T13:28:15.812335499Z","widgets":{"32":{"angle":-0.7938636276792632,"type":"board","x":389,"y":446},"33":{"angle":-0.7651521433949853,"type":"board","x":486,"y":351},"65":{"angle":1.9165080435600017,"type":"brick","x":453,"y":673},"2":{"angle":0,"speed":25,"type":"spokedwheel","x":575.999,"y":140},"34":{"angle":-0.7988338415126488,"type":"board","x":545,"y":296},"66":{"angle":1.4960508478211483,"type":"brick","x":446,"y":705.0868033},"3":{"angle":0,"speed":25,"type":"spokedwheel","x":462,"y":248},"35":{"angle":0,"speed":25,"type":"spokedwheel","x":625.91,"y":350},"67":{"angle":-0.8884864600109993,"type":"brick","x":570,"y":650},"4":{"angle":0,"speed":25,"type":"spokedwheel","x":341,"y":369},"36":{"angle":0,"speed":25,"type":"spokedwheel","x":514,"y":461},"68":{"angle":-1.01699943021992,"type":"brick","x":537,"y":701.5},"5":{"angle":0,"speed":25,"type":"spokedwheel","x":231,"y":477},"37":{"angle":0,"speed":25,"type":"spokedwheel","x":402,"y":577},"69":{"angle":0.4866423605094445,"type":"brick","x":610,"y":651},"6":{"angle":0,"speed":25,"type":"spokedwheel","x":120,"y":591},"38":{"angle":0.6140353354254853,"type":"brick","x":676,"y":269},"70":{"angle":0,"type":"brick","x":668,"y":666},"39":{"angle":1.4402952748391407,"type":"brick","x":657,"y":215},"71":{"angle":-0.684938311255144,"type":"brick","x":705.1279905,"y":659},"40":{"angle":-2.098181044482418,"type":"brick","x":639,"y":48},"72":{"angle":-0.7630651525313367,"sticker":"determinism","type":"sticker","x":405,"y":89.7206},"9":{"angle":-0.8197281049210936,"type":"board","x":503,"y":74},"41":{"angle":-1.8063286834846548,"type":"brick","x":663,"y":95},"10":{"angle":-0.8156519446387549,"type":"board","x":385,"y":200},"42":{"angle":-1.518118525685258,"type":"brick","x":673,"y":131},"74":{"angle":2.331870694364999,"sticker":"squobject","type":"sticker","x":404,"y":141.5},"11":{"angle":-0.781712427222576,"type":"board","x":266,"y":320},"43":{"angle":-1.0812696204961603,"type":"brick","x":666,"y":170},"75":{"angle":2.315668477304957,"sticker":"squobject","type":"sticker","x":465,"y":82.5},"12":{"angle":-0.7721544592769993,"type":"board","x":143,"y":440},"44":{"angle":0.8849051325997085,"type":"brick","x":695.019,"y":280},"76":{"angle":-0.7680966961457648,"type":"brick","x":426,"y":65},"13":{"angle":-0.7797109379883764,"type":"board","x":106.5504,"y":473},"45":{"angle":-0.7711793445581535,"type":"board","x":602,"y":500},"77":{"angle":-0.748341570295274,"type":"brick","x":383,"y":108},"14":{"angle":1.9534335678145969,"type":"brick","x":35.2182,"y":562},"46":{"angle":-0.7809049334233219,"type":"board","x":530,"y":570},"78":{"angle":-1.302778025076197,"type":"brick","x":333,"y":703.6387845},"15":{"angle":1.5888666488211214,"type":"brick","x":25.1122,"y":610},"47":{"angle":1.3453026160803667,"type":"brick","x":302,"y":600},"16":{"angle":1.0752606440983712,"type":"brick","x":42.0432,"y":646},"48":{"angle":1.9952378933422374,"type":"brick","x":306,"y":545},"17":{"angle":0.42585446989392345,"type":"brick","x":61,"y":665},"49":{"angle":0.18735297347992438,"type":"brick","x":360,"y":663},"18":{"angle":0.8121404654582871,"type":"board","x":327,"y":638},"50":{"angle":-0.16437304645385295,"type":"brick","x":422,"y":666.596},"52":{"angle":0.11892026544592628,"sticker":"figure3-happy","type":"sticker","x":298,"y":173},"53":{"angle":1.5515841789154607,"type":"brick","x":106,"y":705.7469415},"54":{"angle":8.36167836345393e-4,"type":"brick","x":122,"y":680.364},"55":{"angle":-0.978029080346667,"type":"brick","x":30.191245,"y":704.258585},"56":{"angle":0.9816295307992183,"type":"brick","x":186,"y":704.230746},"57":{"angle":-0.8184053120776035,"sticker":"squobject","type":"sticker","x":211,"y":326},"58":{"angle":-0.7699565176365252,"sticker":"cat","type":"sticker","x":77,"y":470},"59":{"angle":-0.7594595125244403,"type":"brick","x":468,"y":638},"60":{"angle":1.5813174390278577,"type":"brick","x":718,"y":344},"29":{"angle":-0.1647102546334155,"type":"brick","x":153,"y":676.108},"61":{"angle":1.31931833589237,"type":"brick","x":718.464205,"y":415},"30":{"angle":-0.83215157966572,"type":"brick","x":191,"y":649},"62":{"angle":0,"speed":25,"type":"spokedwheel","x":661,"y":570},"31":{"angle":-0.7925964117688966,"type":"board","x":268,"y":564}}},"snapshot":{"balls":[{"age":1205,"angle":-2.6555285453796387,"type":4,"va":-16.01089859008789,"vx":-2.955273151397705,"vy":-6.419987678527832,"x":10.376521110534668,"y":-13.581794738769531},{"age":1108,"angle":-1.4092079401016235,"type":4,"va":-17.89099884033203,"vx":0.29259800910949707,"vy":2.2678563594818115,"x":12.904711723327637,"y":-8.594721794128418},{"age":1034,"angle":0.593632698059082,"type":4,"va":-27.311887741088867,"vx":3.501276731491089,"vy":0.8230839371681213,"x":8.307337760925293,"y":-12.869912147521973},{"age":957,"angle":-2.3140162229537964e-3,"type":4,"va":-7.012444019317627,"vx":-0.48560264706611633,"vy":-2.987583875656128,"x":14.097555160522461,"y":-10.04253101348877},{"age":813,"angle":-0.38716065883636475,"type":4,"va":-34.36298370361328,"vx":-4.580959796905518,"vy":-6.319836616516113,"x":10.442587852478027,"y":-12.266892433166504},{"age":767,"angle":-0.7934578061103821,"type":4,"va":15.815600395202637,"vx":-1.7726722955703735,"vy":-1.7487794160842896,"x":11.787712097167969,"y":-9.773244857788086},{"age":688,"angle":-2.20939302444458,"type":4,"va":4.337292194366455,"vx":-7.238699913024902,"vy":-5.003697872161865,"x":7.2179341316223145,"y":-10.588750839233398},{"age":634,"angle":2.689338445663452,"type":4,"va":-3.9232940673828125,"vx":-3.481621026992798,"vy":-2.1003963947296143,"x":1.6790896654129028,"y":-11.16524600982666},{"age":583,"angle":0.636706531047821,"type":4,"va":1.7113274335861206,"vx":-2.321805238723755,"vy":-1.0369923114776611,"x":11.722355842590332,"y":-4.529346466064453},{"age":497,"angle":-0.4713170826435089,"type":4,"va":-31.006877899169922,"vx":-7.426724910736084,"vy":4.308742046356201,"x":11.997761726379395,"y":-5.112887859344482},{"age":414,"angle":2.0501837730407715,"type":4,"va":5.194823265075684,"vx":-1.3253122568130493,"vy":5.676204711198807e-2,"x":8.918956756591797,"y":-7.2770795822143555},{"age":346,"angle":-2.370123863220215,"type":4,"va":-41.59098434448242,"vx":0.3571752905845642,"vy":-1.5078624486923218,"x":8.827327728271484,"y":-7.003293514251709},{"age":289,"angle":2.966717481613159,"type":4,"va":-8.88260555267334,"vx":5.43160343170166,"vy":6.349000453948975,"x":8.139798164367676,"y":-8.034428596496582},{"age":246,"angle":-1.7280677556991577,"type":4,"va":5.84141206741333,"vx":-3.977907419204712,"vy":-7.681358337402344,"x":7.321041584014893,"y":-5.448147296905518},{"age":190,"angle":0.753974199295044,"type":4,"va":38.90895462036133,"vx":1.5709631443023682,"vy":-8.160417556762695,"x":0.9460923671722412,"y":-12.185254096984863},{"age":139,"angle":-1.5334093570709229,"type":4,"va":-10.138628005981445,"vx":-2.876833438873291,"vy":-9.070817947387695,"x":7.672832012176514,"y":-5.097978115081787},{"age":81,"angle":0.2307579219341278,"type":4,"va":-28.101037979125977,"vx":-1.7641557455062866,"vy":-3.3211634159088135,"x":10.436539649963379,"y":-1.6204088926315308},{"age":37,"angle":-1.6084721088409424,"type":4,"va":-1.8112980127334595,"vx":3.923185542225838e-2,"vy":-2.104635000228882,"x":11.857556343078613,"y":-0.3967076539993286}],"widgets":{"2":{"angle":1.030094861984253,"key":"2","va":6.20934534072876,"vx":0,"vy":0,"x":11.519980430603027,"y":-2.799999952316284},"3":{"angle":-0.2798738181591034,"key":"3","va":6.034985065460205,"vx":0,"vy":0,"x":9.239999771118164,"y":-4.960000038146973},"35":{"angle":2.1116089820861816,"key":"35","va":6.459883213043213,"vx":0,"vy":0,"x":12.518199920654297,"y":-7},"36":{"angle":-2.35138201713562,"key":"36","va":6.173528671264648,"vx":0,