{"puzzle":{"reqTiles":["Up"],"inputs":[{"x":0.2,"y":0.0,"balls":[{"type":3,"rate":0.875}]},{"x":1.0,"y":0.65,"balls":[{"type":2,"rate":0.26906331380208337}]}],"outputs":[{"x":0.5,"y":1.0,"balls":[{"type":2,"rate":0.3585205078125}]},{"x":1.0,"y":0.5,"balls":[{"type":3,"rate":0.875}]}],"spec":{}},"blueprint":{"puzzle":"d653997d-ade0-5e2c-9bf8-b33bcaa6e398","title":"Shaman dance","submittedAt":"2024-05-08T20:57:35.885872944Z","widgets":{"0":{"angle":1.4523811351896385,"type":"board","x":134,"y":87.9504885},"32":{"angle":3.717546600435542,"type":"cup","x":562,"y":183},"64":{"angle":1.5671763662477656,"type":"cushion","x":112,"y":564},"1":{"angle":1.214705748069572,"type":"board","x":146,"y":85.1483795},"33":{"angle":0.6010086755349646,"type":"cup","x":590,"y":200},"65":{"angle":-1.0496233570502993,"type":"cushion","x":131,"y":493},"2":{"angle":0.9520431337577737,"type":"board","x":153,"y":78},"34":{"angle":-2.5634433755492365,"type":"cup","x":617,"y":221},"66":{"angle":4.573882933600883,"type":"fan","x":699.6146335,"y":711.5476595},"3":{"angle":0.9284788244913597,"type":"board","x":249,"y":211},"4":{"angle":0.8177595176631081,"type":"board","x":296,"y":269},"36":{"angle":-5.683509401117342,"type":"cup","x":644,"y":239},"68":{"height":65,"type":"repulsor","width":65,"x":415.5,"y":322.5},"37":{"angle":-2.5556239177425533,"type":"cup","x":671,"y":255},"69":{"height":47,"type":"repulsor","width":47,"x":488,"y":329},"6":{"angle":0.5458769633336226,"type":"board","x":299,"y":268},"38":{"angle":0.5978282947960484,"type":"cup","x":696,"y":273},"70":{"angle":4.678945767321738,"type":"anvil","x":671,"y":692.6900685},"7":{"angle":0.324028061441068,"type":"board","x":300,"y":271},"71":{"angle":0,"type":"anvil","x":693.5,"y":671},"8":{"angle":5.436182454889851e-2,"type":"board","x":300,"y":275},"40":{"angle":-0.5982101862269595,"type":"sword","x":189,"y":380},"72":{"angle":1.584261706921119,"type":"anvil","x":714.3761525,"y":693.1676065},"9":{"angle":-0.2052734592622124,"type":"board","x":300,"y":282},"41":{"angle":-0.3392109451333075,"type":"sword","x":163,"y":336},"73":{"angle":3.130147208656033,"type":"anvil","x":693.2168925,"y":714.4694232},"10":{"angle":-0.4630724981770242,"type":"board","x":308,"y":291},"42":{"angle":0,"type":"sword","x":147,"y":285},"74":{"height":34,"type":"repulsor","width":34,"x":422,"y":450},"11":{"angle":-0.7612974460712102,"type":"board","x":319,"y":298},"43":{"angle":0.24184814165476332,"type":"sword","x":150,"y":241},"75":{"height":29,"type":"repulsor","width":29,"x":454,"y":449},"12":{"angle":0.5954594064575159,"type":"board","x":617.145,"y":341},"76":{"angle":3.612571281128807,"type":"prism","x":297,"y":414.543},"45":{"angle":-1.8737843131790939,"type":"sword","x":424,"y":302},"77":{"angle":-4.0774785846362915,"type":"prism","x":443,"y":544.357},"14":{"height":104,"type":"repulsor","width":104,"x":326,"y":222},"46":{"angle":-1.5460034212566187,"type":"sword","x":448,"y":287},"78":{"angle":-4.754523998671399,"type":"prism","x":544,"y":509},"15":{"angle":0.47114186036904393,"type":"board","x":638.754,"y":356},"47":{"angle":-1.168784452010436,"type":"sword","x":476,"y":300},"79":{"angle":0.8696272440673601,"type":"prism","x":606,"y":419},"16":{"angle":0.3650234505020508,"type":"board","x":655.0521985,"y":368},"48":{"angle":-0.7834030682847575,"type":"sword","x":493,"y":318},"80":{"angle":2.851552232161403,"type":"prism","x":337,"y":501},"17":{"angle":-0.6563798847913005,"type":"fan","x":194,"y":198},"49":{"angle":0,"sticker":"figure2-happy","type":"sticker","x":453,"y":394},"50":{"angle":0,"type":"board","x":480,"y":472},"51":{"angle":-0.25968113144005034,"type":"board","x":317,"y":494},"20":{"angle":-0.6056058518812185,"type":"brick","x":704.361652,"y":530},"52":{"angle":7.032276128939231e-3,"type":"board","x":166,"y":514},"53":{"angle":-0.1011171606766467,"type":"board","x":646,"y":464},"54":{"angle":0,"type":"board","x":87.5,"y":514},"25":{"angle":-0.5301536649583533,"type":"cup","x":354,"y":161},"57":{"angle":-0.6054285972813065,"type":"brick","x":430,"y":709.549607},"26":{"angle":-0.31493911254493334,"type":"cup","x":384,"y":146},"58":{"angle":-0.5835706396553264,"type":"brick","x":457,"y":691},"27":{"angle":-0.12205569122961452,"type":"cup","x":418,"y":137},"59":{"angle":0,"type":"cushion","x":310,"y":720.5},"28":{"angle":0,"type":"cup","x":449,"y":134},"60":{"angle":0.2144955215837622,"type":"cushion","x":242,"y":712.219807},"29":{"angle":0.27819659278542996,"type":"cup","x":483,"y":137},"61":{"angle":0.6102236874424306,"type":"cushion","x":178,"y":682},"30":{"angle":0.5560976599494603,"type":"cup","x":513,"y":149},"62":{"angle":-0.4975017053234805,"type":"cushion","x":182,"y":443.5},"31":{"angle":0.6335587696047178,"type":"cup","x":538,"y":166},"63":{"angle":0.9947967619828803,"type":"cushion","x":131,"y":631}}},"snapshot":{"balls":[{"age":1586,"angle":-1.9308617115020752,"type":2,"va":0,"vx":0,"vy":0,"x":5.568886756896973,"y":-13.979406356811523},{"age":685,"angle":0.35698190331459045,"type":2,"va":0,"vx":0,"vy":0,"x":5.875998497009277,"y":-13.894235610961914},{"age":12,"angle":-0.9511469602584839,"type":3,"va":-2.676219940185547,"vx":0.9870991706848145,"vy":0.25973963737487793,"x":14.646722793579102,"y":-7.420225143432617},{"age":157,"angle":0.9644469022750854,"type":3,"va":-29.551685333251953,"vx":4.560906410217285,"vy":-0.8461765050888062,"x":9.307305335998535,"y":-3.973870277404785},{"age":80,"angle":1.8681899309158325,"type":2,"va":13.141563415527344,"vx":-1.9657930135726929,"vy":-1.313528299331665,"x":13.672645568847656,"y":-10.365679740905762},{"age":79,"angle":2.00163197517395,"type":3,"va":-25.621572494506836,"vx":3.4486606121063232,"vy":-5.116007328033447,"x":4.545795917510986,"y":-3.074368953704834}],"widgets":{}}}