{"puzzle":{"reqTiles":["Up"],"inputs":[{"x":0.8,"y":0.0,"balls":[{"type":2,"rate":0.39925130208333337}]},{"x":1.0,"y":0.2,"balls":[{"type":4,"rate":0.833251953125}]}],"outputs":[{"x":0.65,"y":1.0,"balls":[{"type":4,"rate":0.833251953125}]},{"x":1.0,"y":0.65,"balls":[{"type":2,"rate":0.4439798990885417}]}],"spec":{}},"blueprint":{"puzzle":"474f1758-0ac5-598a-a495-5b45b6f0d1b2","title":"All around and back again","submittedAt":"2024-05-20T15:43:27.228778086Z","widgets":{"0":{"angle":0,"type":"board","x":484,"y":400},"32":{"angle":0,"type":"brick","x":201,"y":89},"64":{"angle":0,"type":"board","x":652.5,"y":443},"1":{"angle":1.565073294512849,"type":"board","x":574,"y":324},"33":{"angle":0,"type":"brick","x":200,"y":241},"65":{"angle":-1.179907424741937,"type":"fan","x":542,"y":703.9847065},"2":{"angle":1.5634285038065954,"type":"board","x":542,"y":87.5638645},"34":{"angle":3.147824291097238,"type":"fan","x":245.5,"y":358},"66":{"angle":0.4363700526954505,"type":"fan","x":554,"y":418},"3":{"angle":1.5731632545996863,"type":"board","x":526,"y":257},"35":{"angle":-1.5668769739635047,"type":"board","x":9.3428403,"y":451},"67":{"angle":0,"type":"brick","x":541,"y":449},"4":{"angle":-0.129936769554367,"type":"board","x":652.071486,"y":230},"36":{"angle":0,"type":"brick","x":77,"y":429},"68":{"angle":0,"type":"brick","x":706,"y":511},"5":{"type":"roundbumper","x":711,"y":218},"37":{"angle":0,"type":"brick","x":34,"y":353},"69":{"angle":-1.582510122882856,"type":"sword","x":36,"y":234},"6":{"type":"roundbumper","x":563,"y":42},"38":{"angle":1.5732319952234337,"type":"fan","x":37.5571257,"y":320},"70":{"angle":0,"sticker":"figure1-happy","type":"sticker","x":330,"y":374},"7":{"angle":3.133736269930582,"type":"fan","x":609,"y":371},"39":{"angle":0,"type":"board","x":255,"y":448},"8":{"angle":1.568745281357424,"type":"board","x":401,"y":322},"40":{"angle":0,"type":"board","x":365,"y":525},"72":{"angle":-0.2482169937758356,"type":"fan","x":211,"y":662},"9":{"angle":1.5715596854252494,"type":"board","x":464.5,"y":256},"41":{"angle":1.5515335605632194,"type":"board","x":669,"y":585},"73":{"angle":0,"sticker":"figure2-happy","type":"sticker","x":682,"y":364},"10":{"angle":1.565932432137899,"type":"board","x":227,"y":164},"42":{"angle":0,"type":"board","x":423,"y":448},"74":{"angle":0,"sticker":"cat","type":"sticker","x":496,"y":300},"11":{"angle":0,"type":"board","x":320.5,"y":240},"43":{"angle":0,"type":"board","x":198,"y":525},"75":{"angle":0,"type":"fan","x":84,"y":478},"12":{"angle":0,"type":"board","x":371.5,"y":178},"44":{"angle":0,"type":"fan","x":80,"y":489},"76":{"angle":0,"sticker":"determinism","type":"sticker","x":324,"y":687},"13":{"angle":0,"type":"brick","x":496,"y":328},"45":{"angle":1.5615514027508586,"type":"board","x":509,"y":615},"14":{"angle":-1.562292737930333,"type":"fan","x":438,"y":419},"46":{"angle":0,"type":"board","x":321,"y":621},"15":{"angle":3.150864000966728,"type":"fan","x":497,"y":228},"47":{"angle":0,"type":"board","x":155,"y":621},"16":{"angle":-1.5505288320826747,"type":"fan","x":438,"y":419},"48":{"angle":0,"type":"board","x":591.5,"y":663},"17":{"angle":0,"type":"brick","x":495,"y":183},"49":{"angle":0.9078783980954078,"type":"board","x":60.9429625,"y":608},"50":{"angle":1.5689864160182636,"type":"brick","x":416,"y":647},"19":{"angle":-1.575710462210125,"type":"fan","x":262,"y":262},"51":{"angle":1.5694700676255613,"type":"brick","x":416,"y":701.982},"20":{"angle":-1.5521130226789175,"type":"fan","x":261,"y":261},"52":{"angle":1.5494803241258128,"type":"brick","x":107,"y":705.7199736},"21":{"angle":0,"type":"fan","x":196,"y":140},"53":{"angle":0,"type":"brick","x":80,"y":518},"22":{"angle":0,"type":"board","x":312,"y":85},"54":{"angle":1.5894965044314848,"type":"brick","x":59,"y":471},"23":{"angle":-1.5706559562174913,"type":"fan","x":495,"y":202},"55":{"angle":0,"type":"fan","x":23.5,"y":620},"24":{"angle":-1.5714183277809695,"type":"fan","x":496,"y":202},"56":{"angle":1.5498970522386046,"type":"brick","x":515,"y":705.7252917},"25":{"angle":3.1497108386272954,"type":"fan","x":557,"y":37.6895378},"57":{"angle":0.5248024291294525,"type":"fan","x":207,"y":409},"26":{"angle":1.5624088254449684,"type":"board","x":174.5,"y":168},"58":{"angle":0,"type":"brick","x":483,"y":530},"59":{"angle":-1.5739906037923899,"type":"fan","x":628,"y":680.38},"28":{"angle":1.5693485783986396,"type":"board","x":175,"y":341},"60":{"angle":1.5639908529665187,"type":"board","x":580,"y":489},"29":{"angle":1.579389240793233,"type":"board","x":109,"y":258},"30":{"angle":1.5572351742287172,"type":"board","x":110,"y":87.6139963},"31":{"angle":0,"type":"brick","x":82,"y":353}}},"snapshot":{"balls":[{"age":1723,"angle":2.8887767791748047,"type":2,"va":-6.457577228546143,"vx":2.691180467605591,"vy":-4.8472466468811035,"x":12.589651107788086,"y":-9.97917366027832},{"age":1641,"angle":0.7176894545555115,"type":4,"va":-3.1292531490325928,"vx":0.22657084465026855,"vy":-0.27946916222572327,"x":14.700599670410156,"y":-3.9703493118286133},{"age":1027,"angle":-0.3407347500324249,"type":4,"va":5.201034069061279,"vx":8.555933833122253e-3,"vy":-0.8616850972175598,"x":8.751091003417969,"y":-14.4254150390625},{"age":1014,"angle":1.0429860353469849,"type":2,"va":-0.9086076617240906,"vx":-2.806445360183716,"vy":-2.617546558380127,"x":10.486933708190918,"y":-10.368111610412598},{"age":888,"angle":3.0312812328338623,"type":2,"va":24.746604919433594,"vx":-1.510399341583252,"vy":3.4050068855285645,"x":7.236858367919922,"y":-2.321331739425659},{"age":766,"angle":0.33006390929222107,"type":4,"va":-0.6190043687820435,"vx":-1.517031341791153e-2,"vy":-0.2073715329170227,"x":4.333789348602295,"y":-0.9702356457710266},{"age":757,"angle":-0.985754668712616,"type":2,"va":18.88715171813965,"vx":4.471507549285889,"vy":-4.200230121612549,"x":8.395235061645508,"y":-2.921191453933716},{"age":716,"angle":2.4751675128936768,"type":4,"va":-50.78387451171875,"vx":11.658268928527832,"vy":-0.3180619478225708,"x":6.605321407318115,"y":-12.023688316345215},{"age":624,"angle":2.414577007293701,"type":4,"va":-58.65630340576172,"vx":9.889415740966797,"vy":0.941494882106781,"x":4.0506415367126465,"y":-11.928550720214844},{"age":567,"angle":-1.7115896567702293e-2,"type":2,"va":-17.91743278503418,"vx":2.884145498275757,"vy":-6.157500296831131e-2,"x":8.156278610229492,"y":-10.161635398864746},{"age":556,"angle":2.4620018005371094,"type":4,"va":24.429025650024414,"vx":-2.8543500900268555,"vy":2.0651159286499023,"x":4.9383111000061035,"y":-0.7246041893959045},{"age":500,"angle":-1.128488302230835,"type":4,"va":-17.05177879333496,"vx":-12.331513404846191,"vy":-1.9463720321655273,"x":6.868873596191406,"y":-1.0803124904632568},{"age":451,"angle":-1.2390068769454956,"type":2,"va":14.627596855163574,"vx":-8.454780578613281,"vy":-0.2455390840768814,"x":5.012176036834717,"y":-1.2362066507339478},{"age":437,"angle":-1.566787600517273,"type":4,"va":5.443498134613037,"vx":-2.079960584640503,"vy":18.73769187927246,"x":9.912101745605469,"y":-0.17999035120010376},{"age":393,"angle":2.0059878826141357,"type":4,"va":12.004844665527344,"vx":-6.107726573944092,"vy":2.3687942028045654,"x":5.410616874694824,"y":-1.29094398021698},{"age":296,"angle":-0.636094868183136,"type":4,"va":-2.9702582359313965,"vx":0.3433000445365906,"vy":-2.641230344772339,"x":10.914433479309082,"y":-5.309675693511963},{"age":260,"angle":2.4540927410125732,"type":2,"va":-0.2897128760814667,"vx":-1.515794277191162,"vy":-3.505431652069092,"x":10.871522903442383,"y":-4.936685562133789},{"age":223,"angle":0.5398520231246948,"type":4,"va":-18.07717514038086,"vx":1.7337263822555542,"vy":-0.48913654685020447,"x":12.757912635803223,"y":-4.267889022827148},{"age":131,"angle":-2.4393579959869385,"type":4,"va":-23.49321174621582,"vx":-1.1291851997375488,"vy":-2.7959165573120117,"x":11.117528915405273,"y":-3.815859794616699},{"age":79,"angle":2.8939149379730225,"type":4,"va":3.195551633834839,"vx":-0.29467105865478516,"vy":-0.9044102430343628,"x":14.348692893981934,