{"puzzle":{"reqTiles":["Up"],"inputs":[{"x":0.35,"y":0.0,"balls":[{"type":3,"rate":1.0}]}],"outputs":[{"x":0.65,"y":1.0,"balls":[{"type":3,"rate":1.0}]}],"spec":{}},"blueprint":{"puzzle":"0475ce5b-18f1-5d8b-adfa-f34613c5190f","title":"The tower","submittedAt":"2024-04-06T22:03:48.389140538Z","widgets":{"33":{"angle":3.169595688157656,"type":"anvil","x":138,"y":713.7078372},"34":{"angle":-3.1265349760314765,"type":"anvil","x":387,"y":714.3026652},"3":{"angle":0,"type":"board","x":264,"y":165},"4":{"angle":0,"type":"hammer","x":302,"y":177},"5":{"angle":-3.126599799593861,"type":"hammer","x":227,"y":177},"7":{"angle":1.5522356580057823,"type":"board","x":171,"y":282},"8":{"angle":-1.58769143661241,"type":"board","x":360,"y":279},"9":{"angle":0,"type":"board","x":269,"y":358},"10":{"angle":-0.7801110358594802,"type":"board","x":286,"y":242},"11":{"angle":-0.7808799332688412,"type":"board","x":227,"y":304},"12":{"angle":1.5729125780891493,"type":"board","x":361,"y":448},"13":{"angle":0,"type":"board","x":274,"y":530},"14":{"angle":1.520532306062252,"type":"board","x":178,"y":452},"15":{"angle":1.3399379197563743,"type":"board","x":375,"y":608},"16":{"angle":-1.3270761884389364,"type":"board","x":164,"y":609},"17":{"angle":3.132324220521143,"type":"hammer","x":200,"y":718.8613571},"18":{"angle":0,"type":"hammer","x":338,"y":719.5},"19":{"angle":-0.5978080422677866,"type":"board","x":207,"y":655},"20":{"angle":-0.6924869835923573,"type":"board","x":303,"y":581},"21":{"angle":0.7372203034442346,"type":"board","x":303,"y":482},"22":{"angle":0.7170977879253461,"type":"board","x":232,"y":415},"23":{"angle":0,"type":"board","x":321,"y":695},"24":{"angle":0,"type":"board","x":219,"y":697},"26":{"height":10,"type":"repulsor","width":150,"x":169,"y":176},"27":{"height":10,"type":"repulsor","width":150,"x":360,"y":531},"28":{"height":10,"type":"repulsor","width":150,"x":182,"y":531},"30":{"angle":-0.6209402588028217,"sticker":"figure3-happy","type":"sticker","x":279,"y":329},"31":{"angle":0,"sticker":"squobject","type":"sticker","x":284,"y":662}}},"snapshot":{"balls":[{"age":1250,"angle":2.1242780685424805,"type":3,"va":1.2037482261657715,"vx":-0.19180971384048462,"vy":0,"x":14.424091339111328,"y":-14.621313095092773},{"age":404,"angle":0.26221469044685364,"type":3,"va":1.2051845788955688,"vx":-0.19180971384048462,"vy":0,"x":14.10456371307373,"y":-14.621313095092773},{"age":8,"angle":-0.8993387222290039,"type":3,"va":4.356797218322754,"vx":-0.3813058137893677,"vy":-0.9467276334762573,"x":9.604265213012695,"y":-14.619367599487305},{"age":248,"angle":0.4411689043045044,"type":3,"va":-8.804134368896484,"vx":2.1706762313842773,"vy":-14.162518501281738,"x":9.655673027038574,"y":-13.365741729736328},{"age":184,"angle":-0.2348538041114807,"type":3,"va":-9.38061237335205,"vx":1.4857337474822998,"vy":-4.250997066497803,"x":8.078438758850098,"y":-3.901602268218994},{"age":127,"angle":2.3991518020629883,"type":3,"va":-8.498663902282715,"vx":1.3475079536437988,"vy":3.725290298461914e-9,"x":6.611586093902588,"y":-2.9616506099700928},{"age":69,"angle":-2.574380397796631,"type":3,"va":-4.0115966796875,"vx":0.3357338309288025,"vy":-6.7136969566345215,"x":5.131243705749512,"y":-2.6168832778930664},{"age":17,"angle":0.1417892873287201,"type":3,"va":0.7732241153717041,"vx":-3.545903414487839e-2,"vy":-0.9221861362457275,"x":5.179259777069092,"y":-1.6220159828662872e-2}],"widgets":{}}}