{"puzzle":{"reqTiles":["Up"],"inputs":[{"x":0.35,"y":0.0,"balls":[{"type":3,"rate":0.875}]}],"outputs":[{"x":0.35,"y":1.0,"balls":[{"type":3,"rate":0.875}]}],"spec":{}},"blueprint":{"puzzle":"0713ec91-4523-5a76-9ffa-a4dbc57ba754","title":"choose your own adventure","submittedAt":"2024-04-18T04:56:00.171318401Z","widgets":{"0":{"angle":0,"speed":4,"type":"spokedwheel","x":189,"y":375},"1":{"angle":0,"speed":-5,"type":"spokedwheel","x":109.908488,"y":511},"34":{"angle":0.5089342205484971,"type":"rightbumper","x":224,"y":551},"3":{"angle":0,"speed":-4,"type":"spokedwheel","x":111.587,"y":237},"35":{"angle":1.434091416384256,"type":"rightbumper","x":260,"y":480},"4":{"angle":-1.5896831651018202,"type":"sword","x":260,"y":113},"36":{"angle":0.5930006558511773,"type":"rightbumper","x":305,"y":406},"68":{"angle":7.252771932668563e-2,"type":"brick","x":590,"y":478},"5":{"angle":1.1503752296690837,"type":"board","x":45,"y":576},"37":{"angle":0.16477002086769274,"type":"rightbumper","x":293,"y":307},"6":{"angle":-0.8994210031833865,"type":"brick","x":250,"y":141},"38":{"angle":1.1227534748584014,"type":"rightbumper","x":299,"y":222},"70":{"type":"roundbumper","x":54,"y":375},"7":{"angle":-0.26285312144473355,"type":"board","x":372,"y":708.5733855},"39":{"angle":0.9426457570353071,"type":"rightbumper","x":386,"y":178},"8":{"angle":0.5026660950306894,"type":"board","x":148.317,"y":689.958941},"40":{"type":"roundbumper","x":346,"y":270},"72":{"angle":-0.19809914803411238,"type":"board","x":533,"y":670},"41":{"angle":-1.1065136387352765,"type":"board","x":446,"y":232.714},"73":{"angle":-0.6878005683857397,"type":"board","x":666.680099,"y":606},"42":{"type":"roundbumper","x":285,"y":527},"74":{"type":"roundbumper","x":263,"y":676},"43":{"angle":0.2792242879333412,"type":"board","x":477,"y":100},"75":{"height":45,"type":"repulsor","width":45,"x":642,"y":412},"12":{"angle":0.385870987810126,"type":"board","x":340,"y":98},"76":{"height":41,"type":"repulsor","width":41,"x":703,"y":471},"77":{"height":41,"type":"repulsor","width":41,"x":665.5,"y":530.5},"46":{"height":160,"type":"repulsor","width":160,"x":80,"y":80},"78":{"height":45,"type":"repulsor","width":45,"x":595.5,"y":558.5},"47":{"angle":-6.034001671241803e-2,"type":"board","x":652.1165194,"y":353},"79":{"height":44,"type":"repulsor","width":44,"x":529,"y":534},"48":{"angle":0,"type":"board","x":509,"y":310},"49":{"angle":-4.536477476209252e-2,"type":"board","x":652.1818947,"y":254},"81":{"angle":0,"sticker":"squobject","type":"sticker","x":688,"y":663},"50":{"angle":0,"type":"board","x":559,"y":206},"82":{"angle":0,"sticker":"kingbun","type":"sticker","x":503,"y":720},"83":{"angle":0,"sticker":"cat","type":"sticker","x":411,"y":723.5},"20":{"angle":0,"type":"leftbumper","x":365,"y":460},"52":{"angle":-3.52849029388814,"catMass":2,"type":"catswat","x":699.371811,"y":223},"84":{"angle":0,"sticker":"squobject","type":"sticker","x":547,"y":713.5},"21":{"angle":0,"type":"leftbumper","x":379,"y":362},"53":{"angle":0,"catMass":2,"type":"catswat","x":469,"y":717},"85":{"angle":0,"sticker":"squobject","type":"sticker","x":601,"y":713.5},"54":{"angle":0,"catMass":2,"type":"catswat","x":469,"y":282},"86":{"angle":0,"sticker":"squobject","type":"sticker","x":656,"y":713.5},"55":{"angle":0,"catMass":2,"type":"catswat","x":497,"y":181},"87":{"angle":0,"sticker":"squobject","type":"sticker","x":711,"y":713.5},"56":{"height":121,"type":"repulsor","width":121,"x":494.5,"y":434.5},"88":{"angle":7.680191498850715e-2,"sticker":"figure3-happy","type":"sticker","x":162,"y":650},"89":{"angle":0,"type":"cup","x":331,"y":650},"58":{"angle":-1.350495911478286,"type":"board","x":463,"y":566},"90":{"angle":-1.3276757334228368,"type":"brick","x":718.7120995,"y":172},"59":{"angle":0,"type":"prism","x":434,"y":368},"28":{"angle":0,"type":"leftbumper","x":346,"y":549},"60":{"angle":0,"type":"prism","x":419,"y":532},"29":{"angle":0,"type":"leftbumper","x":420,"y":279},"61":{"angle":0,"type":"prism","x":438,"y":450}}},"snapshot":{"balls":[{"age":1785,"angle":1.9162238836288452,"type":3,"va":0,"vx":0,"vy":0,"x":14.62110424041748,"y":-2.6370866298675537},{"age":1625,"angle":2.9571175575256348,"type":3,"va":26.447933197021484,"vx":-4.1117939949035645,"vy":-0.8881567716598511,"x":11.298030853271484,"y":-12.927736282348633},{"age":1209,"angle":2.550370693206787,"type":3,"va":4.180787563323975,"vx":-0.6648540496826172,"vy":-3.0178891494870186e-2,"x":13.04524040222168,"y":-4.740995407104492},{"age":1140,"angle":1.7141245603561401,"type":3,"va":-4.416305065155029,"vx":0.6066421866416931,"vy":-0.34889912605285645,"x":14.494348526000977,"y":-6.62736177444458},{"age":1055,"angle":-2.2865021228790283,"type":3,"va":0,"vx":0,"vy":0,"x":9.118779182434082,"y":-5.039092063903809},{"age":990,"angle":-1.8107117414474487,"type":3,"va":0.3679123520851135,"vx":-5.863083899021149e-2,"vy":0,"x":11.897951126098633,"y":-3.781296968460083},{"age":891,"angle":2.3710594177246094,"type":3,"va":-10.3969087600708,"vx":1.5243059396743774,"vy":-0.6192303895950317,"x":5.977749347686768,"y":-1.2608076333999634},{"age":855,"angle":1.0996620655059814,"type":3,"va":6.268417835235596,"vx":-0.9942243099212646,"vy":-6.0063302516937256e-2,"x":13.93533706665039,"y":-6.666985988616943},{"age":762,"angle":1.0724533796310425,"type":3,"va":7.557826519012451,"vx":-0.6049966216087341,"vy":-1.7377300262451172,"x":5.234724521636963,"y":-14.506529808044434},{"age":580,"angle":-3.0300278663635254,"type":3,"va":7.293764114379883,"vx":-1.1579816341400146,"vy":3.725290298461914e-9,"x":10.216741561889648,"y":-5.861595153808594},{"age":518,"angle":-0.5158809423446655,"type":3,"va":0,"vx":0,"vy":0,"x":12.330435752868652,"y":-3.7813034057617188},{"age":433,"angle":-2.6621460914611816,"type":3,"va":-17.00883674621582,"vx":2.367518186569214,"vy":-1.3343313932418823,"x":4.039516448974609,"y":-14.00325870513916},{"age":391,"angle":0.675778329372406,"type":3,"va":-15.579221725463867,"vx":2.254441976547241,"vy":-0.886398196220398,"x":2.907762050628662,"y":-13.381516456604004},{"age":312,"angle":1.6694488525390625,"type":3,"va":-6.751729488372803,"vx":1.6839500665664673,"vy":-1.6328492164611816,"x":3.257612466812134,"y":-13.435785293579102},{"age":249,"angle":2.790144443511963,"type":3,"va":11.728486061096191,"vx":2.9817276000976562,"vy":8.490102767944336,"x":6.402887344360352,"y":-8.266117095947266},{"age":198,"angle":-0.4523451030254364,"type":3,"va":-11.93087100982666,"vx":1.87018883228302,"vy":0.43820279836654663,"x":10.960448265075684,"y":-3.742382526397705},{"age":129,"angle":-1.6986894607543945,"type":3,"va":-19.908727645874023,"vx":0.1712743639945984,"vy":-3.7078917026519775,"x":3.5659968852996826,"y":-6.527960777282715},{"age":94,"angle":0.5229792594909668,"type":3,"va":-3.992417335510254,"vx":0.5909473299980164,"vy":-0.24006502330303192,"x":5.532149791717529,"y":-1.0786855220794678},{"age":56,"angle":-0.936357855796814,"type":3,"va":-6.017920017242432,"vx":1.3962982892990112,"vy":-0.5016298890113831,"x":5.439385414123535,"y":-0.6781718730926514}],"widgets":{"0":{"angle":0.6308646202087402,"key":"0","va":1.4843271970748901,"vx":0,"vy":0,"x":3.7799999713897705,"y":-7.5},"1":{"angle":0.48665958642959595,"key":"1","va":-1.7217916250228882,"vx":0,"vy":0,"x":2.198169708251953,"y":-10.220000267028809},"3":{"angle":-1.260061502456665,"key":"3","va":-2.132138967514038,"vx":0,"vy":0,"x":2.2317399978637695,"y":-4.739999771118164},"52":{"angle":-2.754694938659668,"key":"52","va":0,"vx":0,"vy":0,"x":13.987436294555664,"y":-4.460000038146973},"53":{"angle":0,"key":"53","va":0,"vx":0,"vy":0,"x":9.380000114440918,"y":-14.34000015258789},"54":{"angle":0,"key":"54","va":0,"vx":0,"vy":0,"x":9.380000114440918,"y":-5.639999866485596},"55":{"angle":0,"key":"55","va":0,"vx":0,"vy":0,"x":9.9399995803833,"y":-3.619999885559082}}}}