{"puzzle":{"reqTiles":["Up","Left"],"inputs":[{"x":0.65,"y":0.0,"balls":[{"type":3,"rate":0.64447021484375}]},{"x":0.0,"y":0.35,"balls":[{"type":4,"rate":0.833251953125}]}],"outputs":[{"x":0.35,"y":1.0,"balls":[{"type":4,"rate":0.833251953125}]},{"x":0.0,"y":0.2,"balls":[{"type":3,"rate":0.6435546875}]}],"spec":{}},"blueprint":{"puzzle":"5b86d863-3c62-5ed7-91f8-576b89c044a7","title":"straight forward","submittedAt":"2024-05-20T08:12:02.247782398Z","widgets":{"0":{"angle":-0.18006533320754417,"type":"anvil","x":50.225538,"y":180},"32":{"angle":1.0806310328722193,"type":"anvil","x":44.25312,"y":396},"64":{"angle":-1.564315736123132,"type":"brick","x":700,"y":309},"1":{"angle":-0.17965060251895906,"type":"anvil","x":138,"y":162},"33":{"angle":1.0833808327682655,"type":"anvil","x":80,"y":465},"2":{"angle":-0.1694702432354826,"type":"anvil","x":225,"y":146},"34":{"angle":1.0953,"type":"anvil","x":119,"y":541},"66":{"angle":-1.5894819710792578,"type":"board","x":659,"y":266},"3":{"angle":-0.17894832355665885,"type":"anvil","x":313,"y":130},"35":{"angle":1.109785048154074,"type":"anvil","x":156,"y":614},"67":{"angle":-1.572952846105524,"type":"board","x":601,"y":267},"4":{"angle":-3.314414305187756,"type":"anvil","x":50.106386,"y":104},"36":{"angle":1.1095317919065313,"type":"anvil","x":192,"y":687.23269},"68":{"angle":0,"type":"cushion","x":699,"y":260},"5":{"angle":-6.462542662860034,"type":"anvil","x":395,"y":115},"37":{"angle":1.5648440161403054,"type":"fan","x":90,"y":276},"6":{"angle":-0.17049045707015056,"type":"anvil","x":481,"y":100},"38":{"angle":1.5509659412122725,"type":"fan","x":127,"y":354},"70":{"angle":1.577268515368588,"type":"brick","x":315,"y":454},"7":{"angle":-3.326157204436207,"type":"anvil","x":136,"y":88},"39":{"angle":1.5578747061208043,"type":"fan","x":169,"y":429},"71":{"angle":0,"type":"anvil","x":322,"y":407},"8":{"angle":-3.3232858463197426,"type":"anvil","x":225,"y":72},"40":{"angle":1.5604857433263513,"type":"fan","x":209,"y":505},"72":{"type":"roundbumper","x":390,"y":437},"9":{"angle":-3.3034593238028984,"type":"anvil","x":312,"y":57},"41":{"angle":1.5585463101104062,"type":"fan","x":37.7850578,"y":197},"10":{"angle":-3.329652053663624,"type":"anvil","x":402,"y":40.5955},"42":{"angle":1.5678519705192075,"type":"fan","x":247,"y":582},"74":{"angle":0,"type":"rightbumper","x":467,"y":454},"43":{"angle":0.5701270575448593,"type":"fan","x":116,"y":591},"75":{"type":"roundbumper","x":465,"y":409},"44":{"angle":0.5901988962398553,"type":"fan","x":78.2331,"y":516},"76":{"type":"roundbumper","x":350,"y":251},"13":{"angle":3.0114803823049043,"type":"fan","x":524,"y":79},"45":{"angle":0.6387134841576088,"type":"fan","x":41.223393,"y":444},"14":{"angle":-3.3104162044694503,"type":"fan","x":525,"y":81},"78":{"angle":-1.5449940844392576,"type":"brick","x":358,"y":592},"15":{"angle":-3.282256245536534,"type":"fan","x":527,"y":80},"47":{"angle":-3.3022792236925267,"type":"fan","x":525,"y":78},"79":{"angle":0,"type":"rightbumper","x":328,"y":580},"16":{"angle":-3.6236795174906833,"type":"fan","x":97,"y":75},"48":{"angle":-2.9305596798347686,"type":"fan","x":116,"y":187},"80":{"angle":0,"type":"leftbumper","x":384,"y":579},"17":{"angle":-3.798536475580849,"type":"fan","x":178,"y":60},"49":{"angle":-3.0843890908728424,"type":"fan","x":189,"y":170},"81":{"angle":-1.7486849442134937,"type":"sword","x":471,"y":594},"18":{"angle":2.5188546043020614,"type":"fan","x":266,"y":44.1672835},"50":{"angle":1.5456995338517314,"type":"rightbumper","x":207,"y":256},"82":{"angle":-1.4015870253065534,"type":"sword","x":447,"y":594},"19":{"angle":3.1037923673600636,"type":"fan","x":450,"y":122.752},"51":{"angle":-1.5604843260458645,"type":"rightbumper","x":207,"y":316},"83":{"angle":0,"type":"rightbumper","x":536,"y":618},"20":{"angle":-3.1984360334158146,"type":"fan","x":365,"y":140},"52":{"angle":0.5542908575811158,"type":"brick","x":206,"y":283},"84":{"type":"roundbumper","x":532,"y":569},"21":{"angle":-3.1622064255933924,"type":"fan","x":280,"y":160},"53":{"angle":-1.5435303583393019,"type":"brick","x":278,"y":311},"22":{"angle":4.199156885415537,"type":"anvil","x":44.610364,"y":243},"54":{"angle":0,"type":"cushion","x":282,"y":266},"23":{"angle":1.088459034361977,"type":"board","x":48.5601795,"y":371},"56":{"angle":0,"type":"rightbumper","x":354,"y":301},"57":{"angle":-1.4114948328723973,"type":"sword","x":401,"y":278},"26":{"angle":-2.061057615605812,"type":"anvil","x":86,"y":320},"58":{"angle":-1.7564072018683907,"type":"sword","x":426,"y":277},"27":{"angle":-2.053970119439703,"type":"anvil","x":126,"y":396},"59":{"angle":-1.5932546624738042,"type":"hammer","x":458,"y":282},"91":{"angle":-1.5651754935653086,"type":"brick","x":599,"y":609},"28":{"angle":-2.0528569240593724,"type":"anvil","x":167,"y":473},"60":{"angle":1.5138398200457803,"type":"rightbumper","x":521,"y":268},"92":{"angle":-1.591552591613828,"type":"rightbumper","x":632,"y":635},"29":{"angle":-2.051744705632122,"type":"anvil","x":206,"y":548},"61":{"angle":-1.5560250689119643,"type":"fan","x":556,"y":317},"93":{"angle":-1.607334850322642,"type":"leftbumper","x":631,"y":580},"30":{"angle":-2.0716353745721965,"type":"anvil","x":244,"y":621},"62":{"angle":1.5611241129680833,"type":"leftbumper","x":522,"y":326},"31":{"angle":-2.0185994109496,"type":"anvil","x":277,"y":687.3187555},"63":{"angle":0,"type":"brick","x":630,"y":289}}},"snapshot":{"balls":[{"age":20,"angle":-0.36638522148132324,"type":3,"va":1.9535446166992188,"vx":-0.9443909525871277,"vy":2.3843083530664444e-2,"x":5.001150071620941e-3,"y":-2.988163471221924},{"age":125,"angle":1.2935426235198975,"type":3,"va":45.65655517578125,"vx":-7.584186553955078,"vy":-1.960505485534668,"x":3.099003553390503,"y":-2.5076382160186768},{"age":87,"angle":2.630596876144409,"type":4,"va":-12.767425537109375,"vx":1.3378872871398926,"vy":-5.141154766082764,"x":0.5696520805358887,"y":-5.784427165985107},{"age":41,"angle":-2.3697714805603027,"type":4,"va":8.426876366138458e-2,"vx":0.8073974251747131,"vy":-1.4930492639541626,"x":0.13520091772079468,"y":-5.1561174392700195},{"age":67,"angle":-1.6305408477783203,"type":3,"va":-2.2100987434387207,"vx":-2.2600221633911133,"vy":-2.4035205841064453,"x":9.006986618041992,"y":-1.3901259899139404}],"widgets":{}}}