{"puzzle":{"reqTiles":["Up"],"inputs":[{"x":0.35,"y":0.0,"balls":[{"type":2,"rate":0.75}]}],"outputs":[{"x":0.5,"y":1.0,"balls":[{"type":2,"rate":0.75}]}],"spec":{}},"blueprint":{"puzzle":"5ed9e2a1-a571-5f40-9296-a31177fbe682","title":"Laundry","submittedAt":"2024-04-07T20:45:46.11779995Z","widgets":{"0":{"angle":0,"type":"fan","x":176,"y":268},"32":{"angle":0,"type":"brick","x":382,"y":466},"64":{"angle":-0.862857336487177,"type":"board","x":458,"y":667.673479},"1":{"angle":-0.7794752996775428,"type":"fan","x":177,"y":384},"33":{"angle":2.4963090225459688,"type":"brick","x":429,"y":440},"65":{"angle":0.630585869295254,"type":"cushion","x":484,"y":587},"2":{"angle":3.199740470150693,"type":"fan","x":479,"y":404},"34":{"angle":-1.117013766082171,"type":"brick","x":478,"y":376},"66":{"angle":-0.8916440401673841,"type":"cushion","x":261,"y":573},"3":{"angle":3.7746533064802184,"type":"fan","x":383,"y":478},"35":{"angle":1.6013990147236148,"type":"brick","x":487,"y":292},"67":{"angle":0,"type":"anvil","x":480,"y":66},"4":{"angle":0.7236285364955602,"type":"fan","x":262,"y":188},"36":{"angle":0.8509941960136784,"type":"brick","x":461,"y":218},"5":{"angle":4.703529787756662,"type":"fan","x":253,"y":471},"37":{"angle":-1.6326474144909888,"type":"brick","x":372,"y":74},"6":{"angle":1.6052256069971338,"type":"fan","x":385,"y":180},"38":{"angle":-0.9958851502685794,"type":"brick","x":214,"y":229},"7":{"angle":2.3319512366792043,"type":"fan","x":491,"y":258},"39":{"angle":-1.3937744455609924,"type":"brick","x":189,"y":300},"8":{"angle":0.894483476554597,"type":"brick","x":226,"y":399},"40":{"angle":1.2773352772463504,"type":"brick","x":193,"y":377},"9":{"angle":0.21258396244237832,"type":"brick","x":278,"y":422},"41":{"angle":0.32991416879866853,"type":"brick","x":249,"y":440},"10":{"angle":-8.31819028548881e-2,"type":"brick","x":379,"y":440},"42":{"angle":-0.8151703138255256,"type":"brick","x":458,"y":413},"11":{"angle":-0.6151577134989569,"type":"brick","x":412,"y":420},"43":{"angle":0,"type":"board","x":443,"y":102},"12":{"angle":-1.1211488800298284,"type":"brick","x":453,"y":363},"44":{"angle":-1.5639838144197655,"type":"board","x":133,"y":426},"13":{"angle":1.5253580471108155,"type":"brick","x":461,"y":295},"45":{"angle":0,"type":"board","x":217,"y":517},"14":{"angle":0.8705856768972319,"type":"brick","x":439,"y":233},"46":{"angle":0,"type":"board","x":465,"y":516},"15":{"angle":0,"type":"brick","x":381,"y":202},"47":{"angle":1.5611812384951953,"type":"board","x":543,"y":423},"16":{"angle":0,"type":"brick","x":379,"y":177},"48":{"angle":1.5326622121244557,"type":"board","x":539,"y":253},"17":{"angle":0,"type":"brick","x":290,"y":175},"49":{"angle":-1.5978820613640845,"type":"board","x":534,"y":102},"18":{"angle":0,"type":"brick","x":338,"y":331},"50":{"angle":0,"type":"board","x":232,"y":100},"19":{"angle":0,"type":"brick","x":335,"y":304},"51":{"angle":-1.5398451441209118,"type":"board","x":133,"y":269},"20":{"angle":0,"type":"brick","x":290,"y":201},"52":{"angle":1.5767015235618451,"type":"board","x":138,"y":179},"21":{"angle":-0.6697356637118573,"type":"brick","x":260,"y":216},"53":{"angle":1.5307507146338335,"type":"board","x":538,"y":184},"22":{"angle":-1.2159778394645218,"type":"brick","x":220,"y":272},"54":{"angle":0,"type":"fan","x":161,"y":131},"23":{"angle":-1.5363069285707451,"type":"brick","x":211,"y":338},"55":{"angle":3.1756434832718754,"type":"fan","x":509,"y":136},"24":{"angle":-1.4458860081347358,"type":"brick","x":482,"y":334},"56":{"angle":0,"type":"brick","x":448,"y":178},"25":{"angle":1.2229638297291139,"type":"brick","x":480,"y":258},"57":{"angle":0,"type":"brick","x":223,"y":176},"26":{"angle":0.4578009836594723,"type":"brick","x":420,"y":189},"58":{"angle":0.1359960790678821,"type":"board","x":228,"y":42},"27":{"angle":-0.6654390263282522,"type":"brick","x":243,"y":200},"59":{"angle":-0.1359960790678821,"type":"board","x":446,"y":39},"28":{"angle":-1.267026087543003,"type":"brick","x":196,"y":265},"60":{"angle":-1.5424421416268312,"type":"board","x":141,"y":111},"29":{"angle":1.6009012700568908,"type":"brick","x":186,"y":338},"61":{"angle":1.6389829720621356,"type":"brick","x":300,"y":78},"30":{"angle":0.81113128064909,"type":"brick","x":212,"y":415},"62":{"angle":0.9254586727753487,"type":"board","x":291,"y":660},"31":{"angle":0.22959508637998868,"type":"brick","x":274,"y":447},"63":{"angle":-1.4425391509691528,"type":"brick","x":292,"y":482}}},"snapshot":{"balls":[{"age":1454,"angle":0.7577205896377563,"type":2,"va":57.148414611816406,"vx":-18.49447250366211,"vy":-5.2229461669921875,"x":5.710379600524902,"y":-7.774649143218994},{"age":1029,"angle":-0.8086938261985779,"type":2,"va":10.29971981048584,"vx":2.441124677658081,"vy":1.3272238969802856,"x":6.5418701171875,"y":-8.887608528137207},{"age":967,"angle":-0.991046130657196,"type":2,"va":18.50577735900879,"vx":9.950179100036621,"vy":-2.7264163494110107,"x":7.680721759796143,"y":-7.180542469024658},{"age":857,"angle":2.9268057346343994,"type":2,"va":115.2767562866211,"vx":-11.185062408447266,"vy":-15.578906059265137,"x":8.288490295410156,"y":-7.789846420288086},{"age":701,"angle":-0.6310672163963318,"type":2,"va":-18.804431915283203,"vx":-2.987253189086914,"vy":-0.6069405674934387,"x":6.137401580810547,"y":-12.362427711486816},{"age":593,"angle":0.862979531288147,"type":2,"va":10.229879379272461,"vx":-5.652617931365967,"vy":2.8006272315979004,"x":8.508538246154785,"y":-13.50609016418457},{"age":533,"angle":0.4667634069919586,"type":2,"va":-17.652978897094727,"vx":0.5960911512374878,"vy":3.447437286376953,"x":5.188724517822266,"y":-5.640882968902588},{"age":456,"angle":2.1086065769195557,"type":2,"va":74.25566101074219,"vx":11.415461540222168,"vy":10.689752578735352,"x":5.981532573699951,"y":-4.4499993324279785},{"age":364,"angle":2.9118902683258057,"type":2,"va":-0.47155076265335083,"vx":1.0013560056686401,"vy":-0.4279044270515442,"x":7.009688377380371,"y":-3.0344901084899902},{"age":285,"angle":-3.1201741695404053,"type":2,"va":-3.7823598384857178,"vx":9.411372244358063e-3,"vy":0.3831862211227417,"x":6.684628009796143,"y":-2.9793076515197754},{"age":202,"angle":3.0128867626190186,"type":2,"va":-5.532043933868408,"vx":0.5365478992462158,"vy":1.0644553899765015,"x":7.103132724761963,"y":-2.5393030643463135},{"age":105,"angle":-2.405412197113037,"type":2,"va":-5.83290958404541,"vx":0.958914041519165,"vy":-0.16366137564182281,"x":5.816397666931152,"y":-0.6638411283493042}],"widgets":{}}}