{"puzzle":{"reqTiles":["Up"],"inputs":[{"x":0.35,"y":0.0,"balls":[{"type":3,"rate":1.0}]}],"outputs":[{"x":0.5,"y":1.0,"balls":[{"type":3,"rate":1.0}]}],"spec":{}},"blueprint":{"puzzle":"0d60e21a-a4ae-544d-882e-9d0777ad9528","title":"swat team","submittedAt":"2024-04-07T21:22:28.044840956Z","widgets":{"0":{"angle":0,"catMass":2,"type":"catswat","x":227,"y":87},"1":{"angle":3.14448400372647,"catMass":2,"type":"catswat","x":284,"y":88},"2":{"angle":0,"catMass":2,"type":"catswat","x":231,"y":37},"3":{"angle":3.1393076772559505,"catMass":2,"type":"catswat","x":287,"y":39},"4":{"angle":0,"catMass":2,"type":"catswat","x":227,"y":138},"5":{"angle":0,"catMass":2,"type":"catswat","x":229,"y":188},"6":{"angle":0,"catMass":2,"type":"catswat","x":227,"y":241},"7":{"angle":0,"catMass":2,"type":"catswat","x":227,"y":290},"8":{"angle":0,"catMass":2,"type":"catswat","x":227,"y":341},"9":{"angle":0,"catMass":2,"type":"catswat","x":227,"y":393},"10":{"angle":3.1424036796509207,"catMass":2,"type":"catswat","x":284,"y":137},"11":{"angle":3.0859666852259187,"catMass":2,"type":"catswat","x":283,"y":190},"12":{"angle":3.124440368006871,"catMass":2,"type":"catswat","x":284,"y":239},"13":{"angle":3.0858764275805712,"catMass":2,"type":"catswat","x":285,"y":290},"14":{"angle":3.1328074020839893,"catMass":2,"type":"catswat","x":282,"y":340},"15":{"angle":3.15107607358096,"catMass":2,"type":"catswat","x":285,"y":391},"16":{"angle":0,"catMass":2,"type":"catswat","x":223,"y":446},"17":{"angle":0,"catMass":2,"type":"catswat","x":223,"y":499},"18":{"angle":3.152515628905449,"catMass":2,"type":"catswat","x":282,"y":440},"19":{"angle":3.111119393888454,"catMass":2,"type":"catswat","x":283,"y":496},"20":{"angle":0,"catMass":2,"type":"catswat","x":223,"y":551},"21":{"angle":0.902114769675084,"type":"board","x":342,"y":647},"22":{"angle":0.915405979994509,"type":"board","x":278,"y":652},"23":{"angle":3.1412505804584137,"catMass":2,"type":"catswat","x":285,"y":547}}},"snapshot":{"balls":[{"age":1446,"angle":-2.123035430908203,"type":3,"va":-0.3041418790817261,"vx":0.8928914070129395,"vy":-2.3340044021606445,"x":4.991138935089111,"y":-10.186062812805176},{"age":1147,"angle":2.75663161277771,"type":3,"va":-0.4583563804626465,"vx":-8.944072760641575e-3,"vy":-0.7077512145042419,"x":5.47672176361084,"y":-7.675698757171631},{"age":546,"angle":1.4427050352096558,"type":3,"va":78.48601531982422,"vx":-0.6256394982337952,"vy":-7.258637428283691,"x":5.166598796844482,"y":-9.72713565826416},{"age":767,"angle":0.35112595558166504,"type":3,"va":-28.591760635375977,"vx":-0.2343367636203766,"vy":-0.204481303691864,"x":5.4716925621032715,"y":-1.714581847190857},{"age":673,"angle":1.0185050964355469,"type":3,"va":-35.41404724121094,"vx":14.743915557861328,"vy":2.7560672760009766,"x":5.4167160987854,"y":-8.342297554016113},{"age":608,"angle":-2.172199249267578,"type":3,"va":12.287631034851074,"vx":10.672618865966797,"vy":-11.452786445617676,"x":6.818775177001953,"y":-13.744318962097168},{"age":482,"angle":2.767538547515869,"type":3,"va":12.50313949584961,"vx":0.4669700562953949,"vy":-1.5268161296844482,"x":4.839821815490723,"y":-4.938604354858398},{"age":488,"angle":1.819480061531067,"type":3,"va":-35.330387115478516,"vx":-1.153253436088562,"vy":3.4913997650146484,"x":5.4068922996521,"y":-7.978114604949951},{"age":426,"angle":-0.7354725003242493,"type":3,"va":-123.92965698242188,"vx":2.1915245056152344,"vy":-3.411151885986328,"x":4.929082870483398,"y":-5.462033748626709},{"age":373,"angle":1.7336264848709106,"type":3,"va":35.62431335449219,"vx":1.6724799871444702,"vy":-4.54941463470459,"x":5.438533306121826,"y":-4.522128582000732},{"age":326,"angle":-8.639112114906311e-2,"type":3,"va":-8.760374069213867,"vx":6.540775299072266e-2,"vy":-11.166177749633789,"x":4.81447696685791,"y":-8.11069107055664},{"age":213,"angle":-0.552334725856781,"type":3,"va":11.76827621459961,"vx":12.998050689697266,"vy":-0.3006212115287781,"x":4.935133934020996,"y":-3.113966464996338},{"age":149,"angle":-2.0765600204467773,"type":3,"va":-67.13005828857422,"vx":0.30075281858444214,"vy":-4.374021530151367,"x":5.16449499130249,"y":-4.254861831665039},{"age":137,"angle":2.475346326828003,"type":3,"va":54.15322494506836,"vx":6.253087520599365,"vy":7.85261344909668,"x":4.805675506591797,"y":-4.266781330108643},{"age":58,"angle":-2.069340705871582,"type":3,"va":-22.16090965270996,"vx":2.0405330657958984,"vy":-3.1367721557617188,"x":5.257941722869873,"y":-1.5173979997634888}],"widgets":{"0":{"angle":0,"key":"0","va":0,"vx":0,"vy":0,"x":4.539999961853027,"y":-1.7400000095367432},"1":{"angle":3.1387014389038086,"key":"1","va":0,"vx":0,"vy":0,"x":5.679999828338623,"y":-1.7599999904632568},"10":{"angle":3.140781879425049,"key":"10","va":0,"vx":0,"vy":0,"x":5.679999828338623,"y":-2.740000009536743},"11":{"angle":-3.0859665870666504,"key":"11","va":0,"vx":0,"vy":0,"x":5.659999847412109,"y":-3.799999952316284},"12":{"angle":-3.1244404315948486,"key":"12","va":0,"vx":0,"vy":0,"x":5.679999828338623,"y":-4.78000020980835},"13":{"angle":-3.08587646484375,"key":"13","va":0,"vx":0,"vy":0,"x":5.699999809265137,"y":-5.800000190734863},"14":{"angle":-3.132807493209839,"key":"14","va":0,"vx":0,"vy":0,"x":5.639999866485596,"y":-6.800000190734863},"15":{"angle":3.1321094036102295,"key":"15","va":0,"vx":0,"vy":0,"x":5.699999809265137,"y":-7.820000171661377},"16":{"angle":0,"key":"16","va":0,"vx":0,"vy":0,"x":4.460000038146973,"y":-8.920000076293945},"17":{"angle":0,"key":"17","va":0,"vx":0,"vy":0,"x":4.460000038146973,"y":-9.979999542236328},"18":{"angle":3.1306698322296143,"key":"18","va":0,"vx":0,"vy":0,"x":5.639999866485596,"y":-8.800000190734863},"19":{"angle":-3.111119508743286,"key":"19","va":0,"vx":0,"vy":0,"x":5.659999847412109,"y":-9.920000076293945},"2":{"angle":0,"key":"2","va":0,"vx":0,"vy":0,"x":4.619999885559082,"y":-0.7400000095367432},"20":{"angle":0,"key":"20","va":0,"vx":0,"vy":0,"x":4.460000038146973,"y":-11.020000457763672},"23":{"angle":-3.1412506103515625,"key":"23","va":0,"vx":0,"vy":0,"x":5.699999809265137,"y":-10.9399995803833},"3":{"angle":-3.139307737350464,"key":"3","va":0,"vx":0,"vy":0,"x":5.739999771118164,"y":-0.7799999713897705},"4":{"angle":0,"key":"4","va":0,"vx":0,"vy":0,"x":4.539999961853027,"y":-2.759999990463257},"5":{"angle":0,"key":"5","va":0,"vx":0,"vy":0,"x":4.579999923706055,"y":-3.759999990463257},"6":{"angle":0,"key":"6","va":0,"vx":0,"vy":0,"x":4.539999961853027,"y":-4.820000171661377},"7":{"angle":0,"key":"7","va":0,"vx":0,"vy":0,"x":4.539999961853027,"y":-5.800000190734863},"8":{"angle":0,"key":"8","va":0,"vx":0,"vy":0,"x":4.539999961853027,"y":-6.820000171661377},"9":{"angle":0,"key":"9","va":0,"vx":0,"vy":0,"x":4.539999961853027,"y":-7.860000133514404}}}}