{"puzzle":{"reqTiles":["Up"],"inputs":[{"x":0.35,"y":0.0,"balls":[{"type":1,"rate":0.717041015625}]},{"x":1.0,"y":0.8,"balls":[{"type":3,"rate":0.564453125}]}],"outputs":[{"x":0.35,"y":1.0,"balls":[{"type":3,"rate":0.59375}]},{"x":1.0,"y":0.65,"balls":[{"type":1,"rate":0.7232666015625}]}],"spec":{}},"blueprint":{"puzzle":"ff78a9b7-8e4c-58da-b2cf-0fca6cb05d71","title":"hydraulic shock absorber for errant red particles","submittedAt":"2024-04-27T06:42:48.531970473Z","widgets":{"0":{"angle":0,"type":"board","x":295,"y":56},"32":{"angle":0,"type":"anvil","x":537,"y":715},"64":{"angle":0,"type":"brick","x":613,"y":346},"96":{"angle":-1.0318378065037002,"type":"cushion","x":360,"y":356},"1":{"angle":3.1184845868098896,"type":"fan","x":405,"y":38.0329832},"33":{"angle":0,"type":"board","x":477,"y":553},"65":{"angle":0,"type":"brick","x":680,"y":347},"97":{"angle":0,"type":"brick","x":320,"y":397},"2":{"angle":0.5609222655989198,"type":"brick","x":55.9716,"y":248},"34":{"angle":-0.16996840991325016,"type":"board","x":311,"y":567},"66":{"angle":0,"type":"brick","x":580,"y":324},"98":{"angle":-1.1017548078630484,"type":"cushion","x":524,"y":45.386706},"3":{"angle":-1.0627476321912404,"type":"board","x":57.4898,"y":163},"35":{"angle":-0.436018738630985,"type":"board","x":154,"y":613},"67":{"angle":0,"type":"brick","x":646,"y":322},"99":{"angle":0.4338436242226261,"type":"board","x":262,"y":312},"4":{"angle":0.39875624681428057,"type":"board","x":212,"y":290},"36":{"angle":-0.5441774187378129,"type":"board","x":79.5203225,"y":657},"68":{"angle":0,"type":"brick","x":706,"y":320},"100":{"angle":1.5253730473733191,"type":"cushion","x":89,"y":298},"37":{"angle":-7.879547422144001e-2,"type":"board","x":331,"y":651},"69":{"angle":0,"type":"brick","x":582,"y":300},"38":{"angle":-0.44781700127169566,"type":"board","x":173,"y":694},"70":{"angle":0,"type":"brick","x":706,"y":295},"7":{"angle":-1.1264542219958753,"type":"cushion","x":376,"y":243},"39":{"angle":-0.15256398044399505,"type":"board","x":409,"y":711.182},"71":{"angle":0,"type":"brick","x":614,"y":298},"8":{"angle":-1.0950201533871784,"type":"cushion","x":341,"y":310},"40":{"angle":-2.175504033851669,"type":"fan","x":591,"y":699.3477645},"72":{"angle":0,"type":"brick","x":682,"y":297},"9":{"angle":-1.1268984360063334,"type":"cushion","x":410,"y":180},"41":{"angle":-1.5105645035759512,"type":"fan","x":693.153,"y":671.5},"73":{"angle":0,"type":"brick","x":636,"y":274},"10":{"angle":2.013333560112053,"type":"leftbumper","x":97,"y":578},"42":{"angle":0,"type":"brick","x":624,"y":396},"74":{"angle":0,"type":"brick","x":702,"y":274},"43":{"angle":0,"type":"brick","x":686,"y":395},"75":{"angle":0,"type":"brick","x":633,"y":250},"44":{"angle":0,"type":"brick","x":706,"y":396},"76":{"angle":0,"type":"brick","x":704,"y":250},"13":{"angle":0,"type":"cushion","x":230,"y":63},"45":{"angle":-1.0983753400038574,"type":"cushion","x":443,"y":114},"77":{"angle":0,"type":"brick","x":669,"y":250},"14":{"angle":0,"type":"brick","x":443,"y":397},"46":{"angle":-1.1089053403507785,"type":"cushion","x":473,"y":55},"78":{"angle":0,"type":"brick","x":632,"y":223},"47":{"angle":-1.1194984752126649,"type":"board","x":528,"y":82.664881},"79":{"angle":0,"type":"brick","x":702,"y":224},"16":{"angle":-0.5667258433974599,"type":"fan","x":625,"y":547},"48":{"angle":-1.1039439956208914,"type":"board","x":455,"y":230},"80":{"angle":0,"type":"brick","x":634,"y":200},"17":{"angle":0,"type":"brick","x":503,"y":397},"49":{"angle":-1.089313172874184,"type":"board","x":415,"y":307},"81":{"angle":0,"type":"leftbumper","x":621,"y":153},"18":{"angle":0,"type":"brick","x":558,"y":396},"50":{"angle":-1.112895097272289,"type":"ballstand","x":497,"y":270},"82":{"angle":0,"type":"brick","x":700,"y":200},"19":{"angle":-1.4818111938517808,"type":"cushion","x":156,"y":305},"51":{"angle":-1.0936717961140712,"type":"ballstand","x":461,"y":334},"83":{"angle":0,"type":"brick","x":681,"y":187},"20":{"angle":-1.4957875593594114,"type":"cushion","x":151,"y":367},"52":{"angle":-1.1283091857990952,"type":"ballstand","x":536,"y":197},"21":{"angle":1.5949851564537327,"type":"cushion","x":93,"y":363},"53":{"angle":-1.1608109552882573,"type":"ballstand","x":573,"y":119},"85":{"angle":0,"type":"brick","x":706,"y":175},"22":{"angle":3.1372190254652126,"type":"fan","x":452,"y":37.6024131},"54":{"angle":-1.1144908931228132,"type":"ballstand","x":608,"y":50},"86":{"angle":-1.562198815216123,"type":"brick","x":661,"y":141},"23":{"angle":0.9903237014080094,"type":"cushion","x":636,"y":538},"55":{"angle":0,"type":"leftbumper","x":522,"y":337},"87":{"angle":0,"type":"brick","x":706,"y":148},"24":{"angle":-0.4469529198252912,"type":"cushion","x":594,"y":534},"56":{"angle":0,"type":"leftbumper","x":574,"y":245},"88":{"angle":0,"type":"brick","x":706,"y":122},"25":{"angle":0,"type":"brick","x":382,"y":397},"89":{"angle":0,"type":"brick","x":680,"y":149},"58":{"angle":0,"type":"leftbumper","x":667,"y":61},"90":{"angle":-1.555582703520546,"type":"brick","x":709,"y":78},"27":{"angle":0,"type":"brick","x":255,"y":398},"59":{"angle":0,"type":"brick","x":583,"y":371},"91":{"angle":-1.5508523438136206,"type":"brick","x":725.8246313,"y":80},"28":{"angle":0,"type":"brick","x":192,"y":399},"60":{"angle":0,"type":"brick","x":583,"y":348},"92":{"angle":-1.058149545958996,"type":"cushion","x":390,"y":296},"29":{"angle":-0.1590382327427721,"type":"hammer","x":668.6242155,"y":645},"61":{"angle":0,"type":"brick","x":650,"y":370},"93":{"angle":-1.0636375221071608,"type":"cushion","x":429,"y":230},"30":{"angle":3.906302487881735,"type":"fan","x":618,"y":694.671},"62":{"angle":0,"type":"brick","x":706,"y":371},"94":{"angle":-1.1330899651690436,"type":"cushion","x":463,"y":158},"31":{"angle":0,"type":"board","x":415,"y":642},"63":{"angle":0,"type":"brick","x":706,"y":346},"95":{"angle":-1.0803308705035992,"type":"cushion","x":499,"y":92}}},"snapshot":{"balls":[{"age":9,"angle":-1.8023717403411865,"type":1,"va":1.5654363632202148,"vx":0.9973524212837219,"vy":-0.22391462326049805,"x":14.632002830505371,"y":-9.565451622009277},{"age":8,"angle":0.6530812978744507,"type":3,"va":-2.108337640762329,"vx":0.48617538809776306,"vy":-1.2270710468292236,"x":5.146824836730957,"y":-14.610689163208008},{"age":378,"angle":0.3712158501148224,"type":1,"va":32.17416000366211,"vx":-1.8370548486709595,"vy":1.0185065269470215,"x":4.023710250854492,"y":-10.23898696899414},{"age":290,"angle":-0.12101021409034729,"type":3,"va":23.601993560791016,"vx":-3.6997506618499756,"vy":-0.6342822909355164,"x":6.705266952514648,"y":-14.108931541442871},{"age":294,"angle":1.4361388683319092,"type":1,"va":-9.02048397064209,"vx":-1.1889073848724365,"vy":-2.486541509628296,"x":14.501220703125,"y":-8.49756908416748},{"age":194,"angle":0.7439536452293396,"type":3,"va":12.45936393737793,"vx":-2.750006914138794,"vy":-1.5390537977218628,"x":11.548905372619629,"y":-13.039262771606445},{"age":205,"angle":-2.624262809753418,"type":1,"va":-8.45865249633789,"vx":0.48520100116729736,"vy":-4.736308574676514,"x":2.4535083770751953,"y":-6.687425136566162},{"age":126,"angle":0.2737974226474762,"type":3,"va":6.986509323120117,"vx":-1.0929877758026123,"vy":-0.1277599334716797,"x":13.452340126037598,"y":-12.625364303588867},{"age":87,"angle":-2.0157670974731445,"type":1,"va":19.708356857299805,"vx":-4.2930498123168945,"vy":-3.658087968826294,"x":2.906003952026367,"y":-1.4205597639083862},{"age":14,"angle":9.766857326030731e-2,"type":1,"va":1.742555856704712,"vx":-0.21361836791038513,"vy":-0.8216481804847717,"x":5.188390254974365,"y":-1.701653003692627e-3}],"widgets":{}}}