{"puzzle":{"reqTiles":["Up"],"inputs":[{"x":0.2,"y":0.0,"balls":[{"type":1,"rate":0.70068359375}]}],"outputs":[{"x":0.65,"y":1.0,"balls":[{"type":1,"rate":0.70068359375}]}],"spec":{}},"blueprint":{"puzzle":"abc98136-933f-5d8a-8c3d-2bf92003580d","title":"the long way round","submittedAt":"2024-04-15T00:46:10.770907343Z","widgets":{"0":{"angle":-0.18535119327129038,"type":"fan","x":275.992,"y":405.615},"32":{"angle":-0.2569333526811953,"type":"fan","x":277,"y":407},"1":{"angle":-0.13927467073480762,"type":"board","x":139,"y":47},"33":{"angle":-0.9024349701023061,"type":"fan","x":249,"y":641},"2":{"angle":1.555689005146003,"type":"board","x":10.3208278,"y":87.6259871},"34":{"angle":-0.8437824726414664,"type":"fan","x":199,"y":632},"3":{"angle":-0.27397643085338946,"type":"board","x":653.3284295,"y":392},"35":{"angle":-0.17862191092397942,"type":"fan","x":274,"y":407.748},"4":{"angle":-0.271945588925867,"type":"board","x":86.701829,"y":141},"36":{"angle":-1.362800971793106,"type":"fan","x":286,"y":685.954},"5":{"angle":-0.2801060934516613,"type":"board","x":644,"y":100},"37":{"angle":-1.7220956622893144,"type":"fan","x":380,"y":621},"6":{"angle":-0.1452358107360078,"type":"board","x":517,"y":65},"38":{"angle":-1.6250675280959583,"type":"fan","x":335,"y":654.5},"7":{"angle":-0.14957116535481133,"type":"board","x":407,"y":80},"39":{"angle":-1.2456606470651752,"type":"board","x":98.251,"y":445},"8":{"angle":-0.15457067704412308,"type":"board","x":240,"y":105},"40":{"angle":-0.482633501769791,"type":"board","x":94.473,"y":155},"9":{"angle":-0.3312887471290733,"type":"board","x":532,"y":432.087},"41":{"angle":-0.30802985810143285,"type":"board","x":450,"y":392},"10":{"angle":-1.4851674747046462,"type":"board","x":366,"y":496},"42":{"angle":1.0135234258413937,"type":"board","x":221,"y":562},"11":{"angle":1.2929437495353204,"type":"board","x":430,"y":653.3872685},"43":{"angle":1.53451805817936,"type":"board","x":12.167738,"y":618},"12":{"angle":2.678156867907862,"type":"board","x":321,"y":604.272},"44":{"angle":1.5629556131980507,"type":"board","x":9.6857796,"y":499},"13":{"angle":-1.241168440136618,"type":"board","x":153,"y":568},"45":{"angle":-1.64649224089826,"type":"board","x":15.591289,"y":255},"14":{"angle":0,"type":"board","x":87.5,"y":731},"46":{"angle":-0.28084311040246057,"type":"board","x":112,"y":308},"15":{"angle":-1.2760090820753072,"type":"board","x":123,"y":651.386},"47":{"angle":2.6743338108540864,"type":"leftbumper","x":50.003,"y":228},"16":{"angle":-1.9770278255594378,"type":"board","x":263,"y":418},"48":{"angle":-3.142773843261665,"type":"rightbumper","x":711.9439253,"y":219},"17":{"angle":-0.2950019160008389,"type":"board","x":653.663147,"y":276},"49":{"angle":-0.25491355559176604,"type":"fan","x":272,"y":408},"18":{"angle":-0.1779063272274606,"type":"board","x":202,"y":351},"50":{"angle":-0.2289558324571403,"type":"fan","x":276,"y":407},"19":{"angle":-0.14275666172302387,"type":"board","x":321,"y":330},"51":{"angle":-3.2340744234563283,"type":"rightbumper","x":707.7330333,"y":690.1171559},"20":{"angle":-0.12062414521638676,"type":"board","x":488,"y":308},"52":{"angle":-2.6604887366476815,"type":"rightbumper","x":693.197415,"y":684.9347385},"21":{"angle":-1.3779964178016935,"type":"board","x":308.312,"y":413},"53":{"angle":0.2250800445004617,"type":"rightbumper","x":388,"y":522},"22":{"angle":-0.19511845100651942,"type":"board","x":238,"y":190},"54":{"angle":0,"type":"rightbumper","x":28,"y":142},"23":{"angle":-0.16852777550386686,"type":"board","x":468,"y":241},"55":{"angle":-3.211159152739546,"type":"rightbumper","x":708.7659975,"y":317.901},"24":{"angle":0,"type":"board","x":130,"y":280},"56":{"angle":-1.1380610458196316,"type":"board","x":672,"y":608},"25":{"angle":-0.1493137722246621,"type":"board","x":300,"y":267},"57":{"angle":-1.4015807235779594,"type":"board","x":716.3927595,"y":456},"26":{"angle":0.36368794093530205,"type":"board","x":655.0217805,"y":156},"58":{"angle":-0.3191563943348513,"type":"board","x":591,"y":704},"27":{"angle":-0.18220359357150245,"type":"board","x":317,"y":174},"59":{"angle":-0.32178277400548533,"type":"board","x":484,"y":540},"28":{"angle":-0.9719136541507781,"type":"board","x":56.759194,"y":351},"60":{"angle":-1.5806538708582014,"type":"board","x":730.1379185,"y":87.5844291},"29":{"angle":-0.21557537492285972,"type":"board","x":482,"y":141},"61":{"angle":-0.29000043014487303,"type":"board","x":653.580073,"y":564},"30":{"angle":-0.19979033630082252,"type":"fan","x":275,"y":409},"62":{"angle":-1.0754422628377625,"type":"board","x":540,"y":658.739413},"31":{"angle":1.5602846601529716,"type":"leftbumper","x":47.7917123,"y":711.502239},"63":{"angle":0.7260950788789027,"type":"board","x":638,"y":644}}},"snapshot":{"balls":[{"age":819,"angle":1.6042033433914185,"type":1,"va":7.471691131591797,"vx":-1.1394567489624023,"vy":-2.631781578063965,"x":11.011852264404297,"y":-11.813393592834473},{"age":739,"angle":-0.9218195080757141,"type":1,"va":9.349231719970703,"vx":-1.4051357507705688,"vy":-0.46842890977859497,"x":10.364551544189453,"y":-10.215145111083984},{"age":673,"angle":-2.3451244924217463e-3,"type":1,"va":-17.131723403930664,"vx":1.4087893962860107,"vy":0.24194557964801788,"x":9.621492385864258,"y":-10.29318904876709},{"age":615,"angle":-1.8235379457473755,"type":1,"va":-8.079190254211426,"vx":3.7292799949645996,"vy":-3.1048967838287354,"x":8.47159194946289,"y":-9.095129013061523},{"age":527,"angle":-2.284348487854004,"type":1,"va":37.279815673828125,"vx":4.876220226287842,"vy":-4.028214931488037,"x":5.9903483390808105,"y":-11.122949600219727},{"age":483,"angle":-2.048389434814453,"type":1,"va":24.113941192626953,"vx":14.161605834960938,"vy":18.352401733398438,"x":2.5600297451019287,"y":-11.220965385437012},{"age":374,"angle":1.7586753368377686,"type":1,"va":63.0369873046875,"vx":-10.413851737976074,"vy":-0.8306090831756592,"x":11.686309814453125,"y":-5.4380412101745605},{"age":312,"angle":1.6357483863830566,"type":1,"va":51.583465576171875,"vx":-7.962386608123779,"vy":-1.839507818222046,"x":8.844273567199707,"y":-2.6504387855529785},{"age":266,"angle":2.217792272567749,"type":1,"va":55.40987014770508,"vx":-8.595227241516113,"vy":-2.6140949726104736,"x":2.201268434524536,"y":-4.007140159606934},{"age":139,"angle":-2.455899238586426,"type":1,"va":11.011940956115723,"vx":-1.7240526676177979,"vy":-0.24168209731578827,"x":1.3025851249694824,"y":-0.8055447340011597},{"age":22,"angle":-0.11692307889461517,"type":1,"va":-3.559416905045509e-2,"vx":0.1931781768798828,"vy":-0.884540319442749,"x":2.9357151985168457,"y":-9.934691339731216e-2}],"widgets":{}}}