{"puzzle":{"reqTiles":["Up"],"inputs":[{"x":0.2,"y":0.0,"balls":[{"type":4,"rate":1.0}]}],"outputs":[{"x":0.2,"y":1.0,"balls":[{"type":4,"rate":1.0}]}],"spec":{}},"blueprint":{"puzzle":"8304a621-2d1b-524d-ad6a-24082f6c4fe5","title":"EVENTUALLY CONSISTENT","submittedAt":"2024-04-06T20:33:18.063168661Z","widgets":{"32":{"angle":1.0123887916760024,"type":"fan","x":44.254896,"y":478},"33":{"angle":0,"type":"brick","x":340,"y":20},"34":{"angle":0,"type":"brick","x":400,"y":19},"35":{"angle":0,"type":"brick","x":464,"y":21},"37":{"type":"roundbumper","x":233,"y":711},"38":{"type":"roundbumper","x":302,"y":711},"39":{"type":"roundbumper","x":708,"y":711},"40":{"type":"roundbumper","x":654,"y":711},"41":{"type":"roundbumper","x":599,"y":711},"42":{"type":"roundbumper","x":545,"y":711},"43":{"type":"roundbumper","x":490,"y":711},"44":{"angle":0,"type":"rightbumper","x":71,"y":692.5},"45":{"angle":0,"type":"rightbumper","x":28,"y":608},"46":{"height":10,"type":"repulsor","width":150,"x":665,"y":595},"47":{"angle":0,"type":"leftbumper","x":712,"y":474},"16":{"angle":1.526004240523998,"type":"leftbumper","x":363,"y":412},"48":{"angle":0,"sticker":"determinism","type":"sticker","x":159,"y":591},"17":{"angle":1.6267903984501964,"type":"leftbumper","x":121,"y":283},"49":{"angle":0.433686440225207,"sticker":"knievel","type":"sticker","x":390,"y":337},"50":{"angle":7.081167614940193e-2,"sticker":"figure3-happy","type":"sticker","x":138,"y":240},"51":{"angle":3.14463195064534,"sticker":"squobject","type":"sticker","x":470,"y":61},"22":{"angle":3.617903531287514,"type":"fan","x":572,"y":586},"25":{"height":42,"type":"attractor","width":42,"x":146,"y":712},"26":{"angle":2.5925039634702025,"type":"fan","x":553,"y":402},"27":{"angle":-2.159695200037889,"type":"fan","x":425,"y":699.6292795},"29":{"angle":-1.803949152979677,"type":"rightbumper","x":585,"y":274},"30":{"angle":2.47260198213762,"type":"leftbumper","x":65.4238,"y":219},"31":{"angle":0,"type":"brick","x":277,"y":20}}},"snapshot":{"balls":[{"age":720,"angle":1.1925334930419922,"type":4,"va":5.350081443786621,"vx":1.3824948072433472,"vy":-2.6651628017425537,"x":2.6572329998016357,"y":-14.006802558898926},{"age":385,"angle":1.7859728336334229,"type":4,"va":-13.623997688293457,"vx":-3.351219370961189e-2,"vy":-4.822922706604004,"x":13.171635627746582,"y":-8.726052284240723},{"age":352,"angle":0.28152889013290405,"type":4,"va":-19.39949607849121,"vx":-20.96295928955078,"vy":15.716458320617676,"x":12.2623872756958,"y":-8.70976448059082},{"age":291,"angle":-1.703805685043335,"type":4,"va":-4.094393253326416,"vx":-1.5688215494155884,"vy":0.8850716948509216,"x":3.1183438301086426,"y":-14.458951950073242},{"age":253,"angle":-1.2174173593521118,"type":4,"va":45.563720703125,"vx":-4.052189826965332,"vy":-4.616061687469482,"x":3.902920722961426,"y":-13.250268936157227},{"age":171,"angle":1.461195707321167,"type":4,"va":44.2933235168457,"vx":1.3526254892349243,"vy":-5.954207420349121,"x":8.61627197265625,"y":-6.130445957183838},{"age":122,"angle":-2.3053300380706787,"type":4,"va":-1.4262100458145142,"vx":11.515970230102539,"vy":15.85362434387207,"x":5.815671443939209,"y":-1.4691510200500488},{"age":47,"angle":-2.0092220306396484,"type":4,"va":-3.488084316253662,"vx":2.4627145379781723e-2,"vy":-3.4803884029388428,"x":2.9709219932556152,"y":-1.383667230606079}],"widgets":{}}}