{"puzzle":{"reqTiles":["Up"],"inputs":[{"x":0.65,"y":0.0,"balls":[{"type":2,"rate":0.46434529622395837}]}],"outputs":[{"x":0.65,"y":1.0,"balls":[{"type":2,"rate":0.46434529622395837}]}],"spec":{}},"blueprint":{"puzzle":"43fa91f5-7610-5c00-bca7-af84c9ae45d6","title":"stray ball circulator","submittedAt":"2024-05-27T12:43:47.961387816Z","widgets":{"0":{"angle":0.4170764990057983,"type":"prism","x":436,"y":680.6341835},"32":{"angle":-1.2510959551093506,"type":"cushion","x":708.602503,"y":610},"1":{"angle":0.7620490111206051,"type":"prism","x":408,"y":674.7177635},"33":{"angle":-0.17819242414320127,"type":"brick","x":704.1454675,"y":570},"2":{"angle":0.9859162852613467,"type":"prism","x":380,"y":668},"34":{"angle":0.12352153161570992,"type":"board","x":373.5,"y":720.287871},"3":{"angle":1.0939682872229153,"type":"prism","x":354,"y":654},"35":{"angle":0.1414979268147676,"type":"board","x":210,"y":699},"4":{"angle":1.1958831064961046,"type":"prism","x":326,"y":640},"36":{"angle":0.18411786626747034,"type":"board","x":87.668786,"y":678},"5":{"angle":1.5084916804663318,"type":"prism","x":314,"y":620},"37":{"angle":1.334108595077626,"type":"board","x":39.2664,"y":230},"6":{"angle":1.7475591770874996,"type":"prism","x":302,"y":595},"38":{"angle":-0.8131508810918079,"type":"board","x":236,"y":382},"7":{"angle":1.7847999996893573,"type":"prism","x":294,"y":569},"39":{"angle":0.7848502182468096,"type":"board","x":90.2662,"y":511},"8":{"angle":2.0574863098124005,"type":"prism","x":285,"y":542},"40":{"angle":3.721013239054966,"type":"prism","x":552,"y":388},"9":{"angle":2.264291348156792,"type":"prism","x":280,"y":511},"41":{"angle":4.030486556057277,"type":"prism","x":562,"y":392},"10":{"angle":2.4611410574374397,"type":"prism","x":281,"y":485},"42":{"angle":4.368786349084495,"type":"prism","x":581,"y":406},"11":{"angle":2.6532102916832794,"type":"prism","x":292,"y":462},"43":{"angle":-1.591278452821701,"type":"prism","x":592,"y":423},"12":{"angle":2.960646134324811,"type":"prism","x":309,"y":443},"44":{"angle":-1.1736034430666313,"type":"prism","x":593,"y":444},"13":{"angle":5.7343342352988075e-2,"type":"board","x":592,"y":726.0000048},"45":{"angle":-0.9777586515896345,"type":"prism","x":596,"y":460},"14":{"angle":0,"type":"board","x":652.5,"y":731},"46":{"angle":-0.746813160642067,"type":"prism","x":595,"y":481},"15":{"angle":-0.47643668751709195,"type":"leftbumper","x":693.3338735,"y":684.9486005},"47":{"angle":-0.5590760085301639,"type":"prism","x":588,"y":500},"16":{"angle":3.239523109987747,"type":"prism","x":334,"y":420},"48":{"angle":-0.45298679393858043,"type":"prism","x":579,"y":519},"17":{"angle":-3.1570207190296724,"type":"prism","x":556,"y":270},"18":{"angle":3.0723236394135367,"type":"prism","x":574,"y":266},"19":{"angle":-3.4271978581147358,"type":"prism","x":587,"y":251},"20":{"angle":2.7012316611820184,"type":"prism","x":601,"y":238},"21":{"angle":-3.867997161919603,"type":"prism","x":613,"y":209},"22":{"angle":2.2439763332306986,"type":"prism","x":614,"y":190},"23":{"angle":-4.391504972702654,"type":"prism","x":608,"y":163},"24":{"angle":1.4846867775128367,"type":"prism","x":594,"y":140},"25":{"angle":1.034569425782984,"type":"prism","x":572,"y":111},"26":{"angle":0.6149964690093958,"type":"prism","x":385,"y":104},"27":{"angle":0.2486036990937605,"type":"prism","x":358,"y":107},"28":{"angle":0,"type":"prism","x":327,"y":118},"29":{"angle":-0.12959344183315422,"type":"prism","x":302,"y":133},"30":{"angle":-0.25978157456802886,"type":"prism","x":276,"y":155}}},"snapshot":{"balls":[{"age":697,"angle":-1.2395309209823608,"type":2,"va":-11.466415405273438,"vx":1.1258705854415894,"vy":-0.551400363445282,"x":6.627781867980957,"y":-13.841419219970703},{"age":554,"angle":2.989553928375244,"type":2,"va":-10.351499557495117,"vx":1.0827291011810303,"vy":-3.6885201930999756,"x":5.668790817260742,"y":-12.390914916992188},{"age":485,"angle":2.434457778930664,"type":2,"va":48.815040588378906,"vx":0.3984750211238861,"vy":11.753744125366211,"x":6.490008354187012,"y":-8.389911651611328},{"age":237,"angle":-1.7986950874328613,"type":2,"va":27.852825164794922,"vx":17.57761001586914,"vy":1.9077894687652588,"x":8.734752655029297,"y":-7.42978572845459},{"age":123,"angle":2.816042900085449,"type":2,"va":1.1278103590011597,"vx":-2.3786373436450958e-2,"vy":-16.81609535217285,"x":9.573253631591797,"y":-14.413702011108398}],"widgets":{}}}