{"puzzle":{"reqTiles":["Up","Left"],"inputs":[{"x":0.65,"y":0.0,"balls":[{"type":3,"rate":1.0}]},{"x":0.0,"y":0.35,"balls":[{"type":4,"rate":1.0}]}],"outputs":[{"x":0.65,"y":1.0,"balls":[{"type":4,"rate":1.0}]},{"x":0.0,"y":0.65,"balls":[{"type":3,"rate":1.0}]}],"spec":{}},"blueprint":{"puzzle":"efe1aa68-5fb1-5295-b6ab-d24af866d34a","title":"Black Magic","submittedAt":"2024-04-08T17:35:15.886635653Z","widgets":{"32":{"angle":0,"type":"brick","x":706,"y":108},"64":{"angle":0,"type":"anvil","x":595,"y":715},"33":{"angle":0,"sticker":"kingbun","type":"sticker","x":706,"y":78},"65":{"angle":0,"type":"anvil","x":576,"y":715},"2":{"angle":-0.3217505543966424,"type":"board","x":85.8558145,"y":472},"34":{"angle":-0.1253201869839621,"type":"anvil","x":60,"y":512},"66":{"angle":0,"type":"anvil","x":613,"y":715},"3":{"angle":-0.5185751207798363,"type":"board","x":233,"y":408},"35":{"angle":-0.19412607126618805,"type":"anvil","x":133,"y":496},"67":{"angle":0,"type":"anvil","x":645,"y":715},"4":{"angle":-0.5141028607820562,"type":"board","x":366,"y":332},"36":{"angle":-0.32709809700579334,"type":"anvil","x":207,"y":469},"68":{"angle":-0.7202768051367482,"type":"anvil","x":630,"y":659},"5":{"angle":-0.5681047324744279,"type":"board","x":466,"y":273},"37":{"angle":-0.4142870420274606,"type":"anvil","x":272,"y":435},"69":{"angle":-0.45164794013710974,"type":"anvil","x":562,"y":697.2118965},"6":{"angle":-1.1596706332198663,"type":"fan","x":43.766787,"y":521},"38":{"angle":-0.5030184804028857,"type":"anvil","x":336,"y":396},"70":{"angle":3.4920515011413586,"type":"anvil","x":566,"y":695},"7":{"angle":-1.2460063327671957,"type":"fan","x":97,"y":517},"39":{"angle":-0.4613170635989367,"type":"anvil","x":398,"y":358},"71":{"angle":0,"type":"anvil","x":617,"y":690},"8":{"angle":-1.22052029755786,"type":"fan","x":160,"y":500},"40":{"angle":-0.4928363969936014,"type":"anvil","x":464,"y":315},"72":{"angle":0,"type":"anvil","x":662,"y":715},"9":{"angle":-1.2535981778253382,"type":"fan","x":213,"y":478},"41":{"angle":7.770406781272932,"type":"anvil","x":56,"y":532},"73":{"angle":0,"type":"anvil","x":678,"y":715},"10":{"angle":-1.2272976277455165,"type":"fan","x":266,"y":451},"42":{"angle":7.74839022559609,"type":"anvil","x":72,"y":521},"74":{"angle":1.601124877793225,"type":"anvil","x":682,"y":692.763295},"11":{"angle":-1.2432127790719338,"type":"fan","x":320,"y":419},"43":{"angle":0,"type":"anvil","x":112,"y":513},"75":{"angle":0,"type":"anvil","x":652,"y":688},"12":{"angle":-1.358938077862077,"type":"fan","x":379,"y":386},"44":{"angle":0,"type":"anvil","x":170,"y":491},"76":{"angle":0,"type":"anvil","x":674,"y":680},"13":{"angle":-1.3867333102391628,"type":"fan","x":436,"y":351},"45":{"angle":0,"type":"anvil","x":157,"y":513},"77":{"angle":0,"type":"anvil","x":657,"y":667},"14":{"angle":-1.345336608582411,"type":"fan","x":493,"y":313},"46":{"angle":0,"type":"anvil","x":189,"y":492},"78":{"angle":-0.6423794412774124,"type":"anvil","x":662,"y":659},"47":{"angle":0,"type":"anvil","x":217,"y":479},"79":{"angle":0,"type":"anvil","x":689,"y":655},"48":{"angle":0,"type":"anvil","x":257,"y":455},"17":{"angle":0,"sticker":"figure1-happy","type":"sticker","x":293,"y":673},"49":{"angle":0,"type":"anvil","x":281,"y":446},"50":{"angle":0,"type":"anvil","x":311,"y":432},"51":{"angle":0,"type":"anvil","x":330,"y":420},"20":{"angle":-1.703628578029512,"type":"fan","x":631,"y":711.7404365},"52":{"angle":0,"type":"anvil","x":362,"y":402},"21":{"angle":-1.8631092096245094,"type":"fan","x":697.318802,"y":640},"53":{"angle":0,"type":"anvil","x":385,"y":391},"22":{"angle":-1.636461420376721,"type":"fan","x":558,"y":714.0899788},"54":{"angle":0,"type":"anvil","x":401,"y":383},"55":{"angle":0,"type":"anvil","x":423,"y":363},"24":{"height":25,"type":"attractor","width":25,"x":251.5,"y":601.5},"56":{"angle":0,"type":"anvil","x":445,"y":353},"25":{"height":25,"type":"attractor","width":25,"x":334.5,"y":600.5},"57":{"angle":0,"type":"anvil","x":463,"y":344},"58":{"angle":0,"type":"anvil","x":491,"y":325},"59":{"angle":0,"type":"anvil","x":518,"y":289},"60":{"angle":0,"type":"anvil","x":500,"y":308},"61":{"angle":0,"type":"anvil","x":693.5,"y":634},"30":{"angle":0,"type":"cushion","x":41,"y":720.5},"62":{"angle":0,"type":"anvil","x":559,"y":715},"31":{"angle":0,"catMass":2,"type":"catswat","x":51,"y":683},"63":{"angle":0,"type":"anvil","x":630,"y":712}}},"snapshot":{"balls":[{"age":1,"angle":-3.0428521633148193,"type":4,"va":0,"vx":0,"vy":0,"x":9.647344589233398,"y":-14.535880088806152},{"age":865,"angle":-3.0098283290863037,"type":4,"va":-0.15695984661579132,"vx":-0.3247743546962738,"vy":4.581993818283081e-2,"x":10.049405097961426,"y":-10.088337898254395},{"age":799,"angle":-2.251934766769409,"type":4,"va":-4.335432529449463,"vx":0.8945915699005127,"vy":-0.14875715970993042,"x":11.433966636657715,"y":-9.617886543273926},{"age":771,"angle":-0.31470054388046265,"type":4,"va":19.960386276245117,"vx":-0.40373164415359497,"vy":0.5621618628501892,"x":10.64815902709961,"y":-10.01242446899414},{"age":730,"angle":2.4012978076934814,"type":4,"va":6.352371692657471,"vx":1.0023456811904907,"vy":-0.6029818654060364,"x":11.681407928466797,"y":-2.118877649307251},{"age":680,"angle":-2.2167396545410156,"type":4,"va":25.858184814453125,"vx":-2.176090955734253,"vy":-0.6118682026863098,"x":11.046967506408691,"y":-9.393397331237793},{"age":610,"angle":-0.4362906217575073,"type":4,"va":-12.653047561645508,"vx":5.365917831659317e-2,"vy":-4.633874893188477,"x":12.144838333129883,"y":-7.463340759277344},{"age":541,"angle":-2.257087230682373,"type":4,"va":-28.350629806518555,"vx":-1.1126805543899536,"vy":-2.8179211616516113,"x":9.133368492126465,"y":-3.4028773307800293},{"age":463,"angle":1.9721009731292725,"type":4,"va":-6.761693477630615,"vx":1.277267575263977,"vy":-0.7259870171546936,"x":12.032198905944824,"y":-1.46852445602417},{"age":424,"angle":2.7094533443450928,"type":4,"va":-17.305999755859375,"vx":-1.9581913948059082,"vy":0.542287290096283,"x":8.744897842407227,"y":-2.6457483768463135},{"age":351,"angle":3.0432560443878174,"type":4,"va":-2.761918306350708,"vx":0.7980100512504578,"vy":0.14074304699897766,"x":9.177641868591309,"y":-2.2665793895721436},{"age":298,"angle":9.174681454896927e-2,"type":4,"va":-4.5904011726379395,"vx":2.6017870903015137,"vy":3.2162983417510986,"x":7.773604869842529,"y":-3.5896646976470947},{"age":259,"angle":-0.505403995513916,"type":4,"va":-4.540630340576172,"vx":2.5885612964630127,"vy":2.4519448280334473,"x":6.717846393585205,"y":-4.70114803314209},{"age":213,"angle":2.2603073120117188,"type":4,"va":-4.755680561065674,"vx":1.0149166584014893,"vy":-2.3749163150787354,"x":5.360300540924072,"y":-4.563321113586426},{"age":236,"angle":2.7830793857574463,"type":3,"va":4.470849990844727,"vx":-0.6568317413330078,"vy":-0.18327943980693817,"x":0.2874508798122406,"y":-9.559614181518555},{"age":154,"angle":-3.0626814365386963,"type":4,"va":-4.760010719299316,"vx":5.4239501953125,"vy":7.809697151184082,"x":1.5427478551864624,"y":-7.918411731719971},{"age":190,"angle":1.2712388038635254,"type":3,"va":36.178401947021484,"vx":-5.398793697357178,"vy":-1.8154867887496948,"x":1.8305704593658447,"y":-9.047065734863281},{"age":111,"angle":-0.4959507882595062,"type":3,"va":27.272130966186523,"vx":-3.839616060256958,"vy":-1.7067840099334717,"x":7.440850734710693,"y":-6.176265716552734},{"age":72,"angle":0.9086260199546814,"type":4,"va":-4.7823381423950195,"vx":0.28418534994125366,"vy":-1.4771174192428589,"x":0.49228212237358093,"y":-5.7616448402404785},{"age":41,"angle":-2.266261577606201,"type":4,"va":-3.5470283031463623,"vx":1.3236067295074463,"vy":-6.0598257929086685e-2,"x":0.14970839023590088,"y":-5.175675392150879},{"age":63,"angle":-2.622138500213623,"type":3,"va":-3.3309686183929443,"vx":0.27255329489707947,"vy":-8.074607849121094,"x":9.65953254699707,"y":-3.7044339179992676}],"widgets":{"31":{"angle":0,"key":"31","va":0,"vx":0,"vy":0,"x":1.0199999809265137,"y":-13.65999984741211}}}}