{"puzzle":{"reqTiles":["Up","Left"],"inputs":[{"x":0.65,"y":0.0,"balls":[{"type":1,"rate":0.73046875}]},{"x":0.0,"y":0.65,"balls":[{"type":4,"rate":0.875}]}],"outputs":[{"x":0.5,"y":1.0,"balls":[{"type":4,"rate":0.875}]},{"x":0.0,"y":0.5,"balls":[{"type":1,"rate":0.73046875}]}],"spec":{}},"blueprint":{"puzzle":"1eca591b-27fe-54c9-9ce7-bca61d722cbc","title":"hostile takeover","submittedAt":"2024-04-12T17:18:58.025999176Z","widgets":{"0":{"angle":-0.3011946731262451,"type":"board","x":486,"y":149},"64":{"angle":0,"type":"brick","x":548,"y":506},"96":{"angle":-0.5517482107802549,"catMass":2,"type":"catswat","x":225,"y":679},"33":{"angle":0.48426943499254915,"sticker":"cat","type":"sticker","x":67,"y":411},"65":{"angle":0,"type":"brick","x":624,"y":506},"34":{"angle":0,"type":"ballstand","x":153,"y":692.5},"66":{"angle":0,"type":"brick","x":586,"y":479},"98":{"angle":0.37783488265677273,"type":"sword","x":109,"y":463},"35":{"angle":-0.27100876586404016,"type":"ballstand","x":110,"y":685.5},"67":{"angle":0,"type":"anvil","x":591,"y":442},"99":{"angle":0.5379481897003224,"type":"brick","x":36.1149705,"y":428},"36":{"angle":0.8982080550410435,"type":"ballstand","x":54,"y":693.1982185},"68":{"angle":0,"type":"anvil","x":591,"y":393},"100":{"angle":-0.7735652606231845,"type":"ballstand","x":181,"y":487},"5":{"angle":0,"type":"hook","x":280.933,"y":236.269},"37":{"angle":2.6196738123948307,"type":"ballstand","x":42.7518955,"y":630},"69":{"angle":0,"type":"anvil","x":592,"y":344},"101":{"angle":0.3228301897073636,"type":"cushion","x":301,"y":708.5000185},"38":{"angle":-0.7050155603237515,"type":"ballstand","x":67,"y":600},"70":{"angle":0,"type":"ballstand","x":593,"y":274},"71":{"height":44,"type":"repulsor","width":44,"x":592,"y":205},"8":{"angle":-0.3214111627399827,"type":"ballstand","x":533,"y":78},"72":{"angle":-3.69374780133029,"type":"sword","x":72.9204,"y":125},"73":{"angle":1.5635230328331002,"type":"board","x":9.6361789,"y":191},"10":{"angle":2.303045556677781,"catMass":2,"type":"catswat","x":433,"y":293},"74":{"angle":1.971477268047931,"type":"hammer","x":608,"y":71.5308465},"75":{"angle":0,"type":"board","x":652.5,"y":9},"76":{"angle":-2.5655846861789926,"type":"sword","x":670.2543185,"y":75},"13":{"height":10,"type":"repulsor","width":150,"x":131,"y":437},"45":{"height":65,"type":"repulsor","width":65,"x":152,"y":638},"77":{"angle":1.5517469283280236,"type":"board","x":729.3349028,"y":87.6555972},"14":{"angle":3.143194412827296,"type":"hammer","x":69.0327642,"y":85},"78":{"angle":2.182805992241618,"type":"hammer","x":440,"y":214},"15":{"angle":6.771486520582464,"type":"hammer","x":190,"y":114},"79":{"angle":3.4871711185616423,"type":"sword","x":276,"y":564},"16":{"angle":0,"catMass":2,"type":"catswat","x":65,"y":62},"80":{"angle":-0.9980172812158519,"type":"ballstand","x":250,"y":542},"17":{"angle":0.47290660366292864,"sticker":"cat","type":"sticker","x":253,"y":108},"49":{"angle":0,"type":"brick","x":528,"y":725},"18":{"angle":0,"sticker":"cat","type":"sticker","x":378,"y":223},"50":{"angle":0,"type":"brick","x":595,"y":726.5},"51":{"angle":0,"type":"brick","x":663,"y":726.5},"83":{"angle":0.21935017451911648,"type":"cup","x":214,"y":474},"20":{"angle":0.5828929770288522,"type":"board","x":78.005444,"y":571},"52":{"angle":1.5635081505109842,"type":"board","x":503,"y":628},"84":{"angle":-0.1016626475773091,"type":"cup","x":280,"y":522},"53":{"angle":0,"sticker":"figure2-sad","type":"sticker","x":544,"y":643},"85":{"angle":-0.14157418692026377,"type":"cup","x":279,"y":496},"22":{"angle":1.595381536164757,"type":"hammer","x":406,"y":670.5168947},"54":{"angle":0,"sticker":"figure1-sad","type":"sticker","x":638,"y":651},"86":{"angle":-0.11531194073114998,"type":"cup","x":277,"y":471},"23":{"angle":0,"type":"board","x":407,"y":598},"55":{"angle":1.5611812384951953,"type":"board","x":536,"y":628},"87":{"angle":-4.5353097416358984e-2,"type":"cup","x":244,"y":430},"56":{"angle":1.588605835328563,"type":"board","x":572,"y":629},"88":{"angle":0,"type":"cup","x":242,"y":407},"25":{"angle":1.5849521775546689,"type":"sword","x":406,"y":513},"57":{"angle":1.5907249158842398,"type":"board","x":608,"y":630},"89":{"angle":0,"sticker":"cat","type":"sticker","x":239,"y":388},"26":{"angle":0,"type":"brick","x":439,"y":578},"90":{"angle":-8.124257417565002e-4,"catMass":2,"type":"catswat","x":198,"y":651},"27":{"angle":0,"type":"brick","x":375,"y":578},"59":{"angle":1.5813066042476784,"type":"board","x":688,"y":629},"28":{"angle":0,"type":"brick","x":406,"y":554},"60":{"angle":1.5800553214570194,"type":"board","x":648,"y":632},"61":{"angle":0,"type":"brick","x":521,"y":530},"93":{"angle":1.5529983460903525,"type":"brick","x":190,"y":704.765},"30":{"angle":3.143247748395913,"catMass":2,"type":"catswat","x":374,"y":629},"62":{"angle":0,"type":"brick","x":593,"y":531},"94":{"angle":-0.5116250947076771,"type":"brick","x":239,"y":711.582445},"31":{"angle":0,"catMass":2,"type":"catswat","x":416,"y":422},"63":{"angle":0,"type":"brick","x":667,"y":533}}},"snapshot":{"balls":[{"age":801,"angle":-1.845910906791687,"type":4,"va":-7.008839130401611,"vx":0.8894575834274292,"vy":-0.6238850951194763,"x":6.689578056335449,"y":-13.926997184753418},{"age":648,"angle":1.6114919185638428,"type":4,"va":-5.263864040374756,"vx":1.3576411008834839,"vy":-0.5123364329338074,"x":7.209766387939453,"y":-14.270764350891113},{"age":672,"angle":2.9348888397216797,"type":4,"va":-27.180742263793945,"vx":-0.27942463755607605,"vy":-4.994692325592041,"x":4.8116984367370605,"y":-12.868072509765625},{"age":613,"angle":3.139829158782959,"type":4,"va":22.961746215820312,"vx":2.716931886970997e-2,"vy":-2.0037100315093994,"x":4.825765609741211,"y":-12.247190475463867},{"age":541,"angle":-1.878434658050537,"type":4,"va":4.787526607513428,"vx":0.785316526889801,"vy":-0.14377768337726593,"x":3.3973593711853027,"y":-11.63206672668457},{"age":447,"angle":-2.5062055587768555,"type":4,"va":2.573962926864624,"vx":0.44645965099334717,"vy":9.897847473621368e-2,"x":2.8616280555725098,"y":-11.541512489318848},{"age":398,"angle":1.2490588426589966,"type":4,"va":-5.066102981567383,"vx":0.7325396537780762,"vy":-0.3825746178627014,"x":2.564866542816162,"y":-11.676779747009277},{"age":305,"angle":3.129345178604126,"type":4,"va":-6.255703926086426,"vx":0.8388370275497437,"vy":-0.6744261980056763,"x":2.2986154556274414,"y":-11.499479293823242},{"age":203,"angle":1.0173287391662598,"type":4,"va":-7.240794658660889,"vx":0.6117565035820007,"vy":-1.137287974357605,"x":1.3108181953430176,"y":-10.851037979125977},{"age":237,"angle":0.12328861653804779,"type":1,"va":19.357913970947266,"vx":-3.0541117191314697,"vy":-3.2857682704925537,"x":2.2331604957580566,"y":-5.04787015914917},{"age":159,"angle":-1.2697415351867676,"type":4,"va":1.5897853374481201,"vx":-0.4536106586456299,"vy":-5.1394760608673096e-2,"x":0.5211803913116455,"y":-10.329668998718262},{"age":128,"angle":-0.160698801279068,"type":1,"va":17.422550201416016,"vx":-2.6328890323638916,"vy":-2.649073362350464,"x":7.429170608520508,"y":-3.512192964553833},{"age":45,"angle":-1.882987141609192,"type":4,"va":-1.6122403144836426,"vx":0.7959433794021606,"vy":-0.39253100752830505,"x":0.18340790271759033,"y":-9.61240291595459},{"age":68,"angle":-2.6799745559692383,"type":1,"va":10.997660636901855,"vx":-1.7827351093292236,"vy":-5.826246738433838e-2,"x":9.328063011169434,"y":-2.6045241355895996}],"widgets":{"10":{"angle":-2.3030455112457275,"key":"10","va":0,"vx":0,"vy":0,"x":8.65999984741211,"y":-5.860000133514404},"16":{"angle":0,"key":"16","va":0,"vx":0,"vy":0,"x":1.2999999523162842,"y":-1.2400000095367432},"30":{"angle":3.13993763923645,"key":"30","va":0,"vx":0,"vy":0,"x":7.480000019073486,"y":-12.579999923706055},"31":{"angle":0,"key":"31","va":0,"vx":0,"vy":0,"x":8.319999694824219,"y":-8.4399995803833},"5":{"angle":3.058263100683689e-2,"key":"5","va":-0.580488920211792,"vx":0,"vy":0,"x":5.621578693389893,"y":-4.756519794464111},"90":{"angle":8.124257437884808e-4,"key":"90","va":0,