{"puzzle":{"reqTiles":["Up","Left"],"inputs":[{"x":0.8,"y":0.0,"balls":[{"type":4,"rate":0.83349609375}]},{"x":0.0,"y":0.35,"balls":[{"type":2,"rate":0.5294392903645834}]}],"outputs":[{"x":0.5,"y":1.0,"balls":[{"type":2,"rate":0.5294392903645834}]},{"x":0.0,"y":0.5,"balls":[{"type":4,"rate":0.83349609375}]}],"spec":{}},"blueprint":{"puzzle":"c4dc7f01-51b9-5ce7-b984-73fbd1c35ca8","title":"100% fan-free all-wheel greenwashed machine","submittedAt":"2024-05-09T05:23:48.863896001Z","widgets":{"0":{"angle":0.2311069498298559,"type":"board","x":87.2351325,"y":330},"32":{"angle":0,"type":"brick","x":265,"y":530},"64":{"angle":0,"type":"brick","x":514,"y":444},"1":{"angle":1.4020077035590231e-2,"type":"board","x":253,"y":352},"33":{"angle":0,"type":"brick","x":267,"y":555},"65":{"angle":0,"type":"brick","x":514,"y":473},"2":{"angle":0.2146277862665524,"type":"board","x":377,"y":193},"34":{"angle":0,"type":"brick","x":234,"y":577},"66":{"angle":0,"speed":25,"type":"spokedwheel","x":659.7324702,"y":331},"3":{"angle":-0.24070083606307122,"type":"board","x":652.8770905,"y":93},"35":{"angle":0,"type":"brick","x":292,"y":581},"67":{"angle":0,"type":"brick","x":560,"y":269},"4":{"angle":-0.24314291355886497,"type":"board","x":514,"y":128},"36":{"angle":0,"type":"brick","x":319,"y":444},"68":{"angle":0,"type":"brick","x":561,"y":236},"5":{"angle":0,"speed":25,"type":"spokedwheel","x":125,"y":248},"37":{"angle":0,"type":"brick","x":317,"y":471},"69":{"angle":0,"type":"brick","x":563,"y":203},"38":{"angle":0,"type":"brick","x":318,"y":499},"70":{"angle":0,"type":"brick","x":563,"y":173},"7":{"angle":-0.1771922292466237,"type":"board","x":462,"y":411},"39":{"angle":0,"type":"brick","x":319,"y":526},"71":{"angle":0,"type":"brick","x":566,"y":142},"8":{"angle":-0.162811743237919,"type":"board","x":360,"y":427},"40":{"angle":0,"type":"brick","x":319,"y":552},"72":{"angle":0,"type":"brick","x":634,"y":174},"9":{"angle":0,"speed":25,"type":"spokedwheel","x":280,"y":264},"41":{"angle":0,"type":"brick","x":320,"y":580},"73":{"angle":0,"type":"brick","x":633,"y":143},"10":{"angle":0,"type":"board","x":372,"y":353},"42":{"angle":0,"type":"brick","x":380,"y":448},"74":{"angle":0,"type":"brick","x":632,"y":112},"43":{"angle":0,"type":"brick","x":380,"y":476},"12":{"angle":0,"speed":25,"type":"spokedwheel","x":186.0000038,"y":447.9999962},"44":{"angle":0,"type":"brick","x":382,"y":502},"76":{"angle":0.9179919948139503,"type":"board","x":592.5,"y":464},"13":{"angle":1.5232039872637682,"type":"board","x":291,"y":516},"45":{"angle":0,"type":"brick","x":381,"y":530},"77":{"angle":0.3940094535699852,"type":"fan","x":569,"y":501},"14":{"angle":0.857001049859386,"type":"board","x":98.5483,"y":496},"46":{"angle":0,"type":"brick","x":382,"y":557},"78":{"angle":0,"type":"brick","x":215,"y":552},"15":{"angle":-0.35312171308395407,"type":"board","x":227,"y":529},"47":{"angle":0,"type":"brick","x":386,"y":584},"79":{"angle":0,"type":"brick","x":545,"y":444},"48":{"angle":0,"type":"brick","x":380,"y":432},"80":{"angle":0,"type":"brick","x":582,"y":556},"49":{"angle":0,"type":"brick","x":513,"y":415},"81":{"angle":0,"type":"brick","x":579,"y":529},"50":{"angle":0,"type":"brick","x":452,"y":582},"82":{"angle":0,"type":"brick","x":574,"y":501},"19":{"angle":0,"type":"brick","x":35,"y":434},"51":{"angle":0,"type":"brick","x":447,"y":556},"83":{"angle":0,"type":"brick","x":561,"y":474},"20":{"angle":-3.076645072040373,"type":"fan","x":327,"y":467},"52":{"angle":0,"type":"brick","x":448,"y":531},"84":{"angle":0,"type":"brick","x":582,"y":586},"21":{"angle":-2.1525263672073045,"type":"fan","x":241,"y":567},"53":{"angle":0,"type":"brick","x":450,"y":503},"22":{"angle":-2.0636377522434275,"type":"fan","x":91,"y":566},"54":{"angle":0,"type":"brick","x":448,"y":476},"86":{"angle":0,"type":"rightbumper","x":28,"y":692.5},"23":{"angle":0,"type":"brick","x":34,"y":457},"55":{"angle":0,"type":"brick","x":447,"y":450},"24":{"angle":0,"type":"brick","x":34,"y":483},"56":{"angle":0,"type":"brick","x":447,"y":423},"88":{"angle":0,"type":"brick","x":77,"y":582},"25":{"angle":0,"type":"brick","x":34,"y":510},"57":{"angle":0,"type":"brick","x":701,"y":172},"89":{"angle":0,"speed":25,"type":"spokedwheel","x":170,"y":661.8634957},"26":{"angle":0,"type":"brick","x":34,"y":536},"58":{"angle":0,"type":"brick","x":702,"y":142},"90":{"angle":-0.6193327414213541,"type":"board","x":663.527297,"y":635},"27":{"angle":0,"type":"brick","x":34,"y":562},"59":{"angle":0,"type":"brick","x":701,"y":112},"91":{"angle":-0.36409838820872387,"type":"board","x":542,"y":700.4306325},"28":{"angle":0,"type":"brick","x":97,"y":563},"60":{"angle":0,"type":"brick","x":519,"y":584},"92":{"angle":0,"sticker":"kingbun","type":"sticker","x":724,"y":720},"29":{"angle":0,"type":"brick","x":98,"y":538},"61":{"angle":0,"type":"brick","x":515,"y":557},"30":{"angle":0,"type":"brick","x":82,"y":513},"62":{"angle":0,"type":"brick","x":514,"y":530},"31":{"angle":0,"type":"brick","x":58,"y":486},"63":{"angle":0,"type":"brick","x":514,"y":502}}},"snapshot":{"balls":[{"age":1115,"angle":-1.16230046749115,"type":4,"va":-3.298198699951172,"vx":-0.3872643709182739,"vy":1.4034597873687744,"x":0.4213370084762573,"y":-7.4523115158081055},{"age":937,"angle":0.4177115559577942,"type":2,"va":-1.3015797138214111,"vx":0.20739853382110596,"vy":-5.820766091346741e-10,"x":8.665301322937012,"y":-14.621313095092773},{"age":944,"angle":-0.1309143602848053,"type":4,"va":4.905685901641846,"vx":-0.7514129877090454,"vy":-0.123432956635952,"x":6.240116119384766,"y":-8.354593276977539},{"age":814,"angle":-2.529866933822632,"type":4,"va":15.492690086364746,"vx":-10.060429573059082,"vy":0.3833848834037781,"x":2.876481771469116,"y":-7.508340358734131},{"age":740,"angle":1.99875009059906,"type":4,"va":3.451632499694824,"vx":-0.536116898059845,"vy":2.2531998489228044e-9,"x":6.935885429382324,"y":-8.211383819580078},{"age":637,"angle":-2.7816309928894043,"type":4,"va":4.56065559387207,"vx":-0.6986117959022522,"vy":-0.11475812643766403,"x":8.248927116394043,"y":-8.024593353271484},{"age":555,"angle":-1.8325101137161255,"type":2,"va":-1.4975287914276123,"vx":0.23838864266872406,"vy":-3.4924596548080444e-10,"x":9.016317367553711,"y":-14.621317863464355},{"age":576,"angle":1.6132304668426514,"type":4,"va":4.249817848205566,"vx":-0.5091124773025513,"vy":4.112038388848305e-2,"x":8.919270515441895,"y":-7.916598320007324},{"age":471,"angle":0.4660770893096924,"type":4,"va":-6.443049907684326,"vx":8.820552378892899e-2,"vy":-4.48049259185791,"x":9.794856071472168,"y":-7.784552097320557},{"age":420,"angle":2.2140820026397705,"type":4,"va":-6.507895469665527,"vx":0.9855719208717346,"vy":-0.21484220027923584,"x":8.61843204498291,"y":-3.7486846446990967},{"age":369,"angle":2.303511619567871,"type":2,"va":37.89593505859375,"vx":-5.8243889808654785,"vy":-0.7128052711486816,"x":11.54317569732666,"y":-13.314802169799805},{"age":364,"angle":2.132347345352173,"type":4,"va":-6.1340250968933105,"vx":0.929298996925354,"vy":-0.2025717794895172,"x":8.992850303649902,"y":-3.8302879333496094},{"age":321,"angle":-2.2261464595794678,"type":4,"va":0.8354849815368652,"vx":-1.3155534863471985e-2,"vy":2.2630851715803146e-2,"x":7.908840656280518,"y":-3.5778393745422363},{"age":234,"angle":2.684624433517456,"type":2,"va":-8.018756866455078,"vx":-4.699874401092529,"vy":-4.624725818634033,"x":14.017565727233887,"y":-9.286880493164062},{"age":262,"angle":2.2057573795318604,"type":4,"va":7.465519428253174,"vx":-1.0248841047286987,"vy":-0.796184778213501,"x":8.415313720703125,"y":-2.6924936771392822},{"age":210,"angle":-1.2131401300430298,"type":4,"va":7.369709491729736,"vx":-1.1080671548843384,"vy":-0.27485451102256775,"x":9.64388656616211,"y":-2.3691136837005615},{"age":162,"angle":0.29589107632637024,"type":4,"va":7.067750930786133,"vx":-1.0630674362182617,"vy":-0.2636949419975281,"x":10.399529457092285,"y":-2.1816630363464355},{"age":115,"angle":0.32672181725502014,"type":2,"va":-52.3564567565918,"vx":2.2227935791015625,