{"puzzle":{"reqTiles":["Up"],"inputs":[{"x":0.35,"y":0.0,"balls":[{"type":4,"rate":0.84375}]}],"outputs":[{"x":0.35,"y":1.0,"balls":[{"type":4,"rate":0.84375}]}],"spec":{}},"blueprint":{"puzzle":"ea06a02a-a69b-5d6a-928d-b30cad2ddd54","title":"oversimplified","submittedAt":"2024-04-23T01:17:59.090898763Z","widgets":{"0":{"angle":-0.7788641145250116,"type":"board","x":228,"y":114},"32":{"angle":0,"type":"board","x":414,"y":128},"64":{"angle":1.018174424877159,"type":"brick","x":283,"y":265},"33":{"angle":0,"type":"board","x":580,"y":130},"65":{"angle":0.4082738051744169,"type":"board","x":147,"y":697},"2":{"type":"roundbumper","x":137,"y":172},"34":{"angle":-1.4674248064612012,"type":"brick","x":164,"y":207},"66":{"angle":1.5668926847254652,"type":"brick","x":318,"y":705.947573},"3":{"angle":0,"type":"board","x":374,"y":55},"67":{"angle":-1.2861347895224506,"type":"brick","x":717.4949585,"y":561},"4":{"angle":1.1183673052777103,"type":"board","x":656.893,"y":125},"5":{"angle":0,"type":"board","x":538,"y":55},"37":{"height":96,"type":"repulsor","width":96,"x":356,"y":236.5},"6":{"angle":-0.797690459693133,"type":"fan","x":285,"y":99},"38":{"angle":0,"type":"board","x":464,"y":627},"7":{"type":"roundbumper","x":711,"y":29},"39":{"angle":1.1204222744782653,"type":"brick","x":434,"y":598},"8":{"angle":1.584767873833418,"type":"board","x":138,"y":87.6171649},"40":{"angle":1.2436969228573198,"type":"brick","x":540,"y":662},"41":{"angle":0,"type":"fan","x":493,"y":702.5},"42":{"angle":0,"type":"ballstand","x":718,"y":692.5},"11":{"angle":-0.21224731259212815,"type":"fan","x":351,"y":90},"13":{"angle":-0.8905790654701893,"type":"cushion","x":673,"y":214},"45":{"angle":0,"type":"prism","x":238,"y":257},"46":{"angle":1.0458289134718766,"type":"prism","x":251,"y":319},"47":{"angle":3.153364599679737,"type":"prism","x":142,"y":340},"48":{"angle":-1.0395247868884532,"type":"prism","x":176,"y":233},"17":{"angle":-1.5779413378465843,"catMass":2,"type":"catswat","x":716.7540972,"y":488},"49":{"angle":2.0801441936927962,"type":"prism","x":205,"y":362},"18":{"angle":-0.8056094095600828,"type":"fan","x":43.3247795,"y":186},"50":{"angle":-2.071983881739738,"type":"prism","x":128,"y":275},"51":{"angle":2.8191360983018776,"catMass":2,"type":"catswat","x":303,"y":627},"20":{"angle":1.8755350394231967,"type":"cushion","x":564,"y":470},"52":{"angle":7.773385872641786e-2,"catMass":2,"type":"catswat","x":105,"y":635},"21":{"angle":-1.261601000534886,"type":"cushion","x":591,"y":402},"53":{"angle":2.7462796343848757,"catMass":2,"type":"catswat","x":287,"y":577},"22":{"angle":-1.2925575422758047,"type":"cushion","x":618,"y":332},"54":{"angle":0.18551648786326103,"catMass":2,"type":"catswat","x":113,"y":580},"23":{"angle":-1.362636556602071,"type":"cushion","x":639,"y":274},"55":{"angle":2.7637626401228697,"catMass":2,"type":"catswat","x":277,"y":514},"24":{"angle":0,"speed":25,"type":"spokedwheel","x":631.616676,"y":631.319206},"56":{"angle":0.25822538296898073,"catMass":2,"type":"catswat","x":123,"y":521},"25":{"angle":-0.21734962968487087,"type":"fan","x":439,"y":337},"57":{"angle":2.8834549994206533,"catMass":2,"type":"catswat","x":263,"y":458},"26":{"angle":-0.19999295660618024,"type":"fan","x":446,"y":260},"58":{"angle":0.3122445543252966,"catMass":2,"type":"catswat","x":128,"y":464},"27":{"angle":-0.1449328356489289,"type":"fan","x":424,"y":407},"59":{"angle":2.694503223065714,"catMass":2,"type":"catswat","x":257,"y":403},"28":{"angle":-0.22208190190548038,"type":"fan","x":397,"y":467},"60":{"angle":0.26158230324163284,"catMass":2,"type":"catswat","x":133,"y":411},"29":{"angle":-1.5478508965400344,"type":"fan","x":490,"y":645},"61":{"angle":1.4610910004462252,"type":"brick","x":416,"y":539},"30":{"type":"roundbumper","x":672,"y":228},"62":{"angle":1.0142065218670653,"type":"board","x":92.5,"y":316},"31":{"angle":-1.0568841959577473,"type":"brick","x":691,"y":232},"63":{"angle":-0.975347598551427,"type":"brick","x":283,"y":331}}},"snapshot":{"balls":[{"age":1781,"angle":2.5082249641418457,"type":4,"va":-44.75798416137695,"vx":-2.355062961578369,"vy":-5.26804256439209,"x":4.417165756225586,"y":-5.475452423095703},{"age":1647,"angle":2.538296937942505,"type":4,"va":-17.574260711669922,"vx":0.4576667845249176,"vy":-3.916447877883911,"x":13.751846313476562,"y":-2.6465816497802734},{"age":1386,"angle":0.8011027574539185,"type":4,"va":-2.3248934745788574,"vx":0.6662631630897522,"vy":-3.4459216594696045,"x":3.970332145690918,"y":-9.068912506103516},{"age":1400,"angle":-1.692883014678955,"type":4,"va":2.723493814468384,"vx":-0.7961286902427673,"vy":0.3440817892551422,"x":12.40556812286377,"y":-0.6681254506111145},{"age":1327,"angle":-1.9299746751785278,"type":4,"va":-12.839213371276855,"vx":1.5734998509287834e-2,"vy":-4.59964656829834,"x":4.357141971588135,"y":-11.313668251037598},{"age":1131,"angle":0.3713075518608093,"type":4,"va":12.027904510498047,"vx":-1.3340078592300415,"vy":-1.3562415838241577,"x":4.187318801879883,"y":-2.1725738048553467},{"age":993,"angle":2.1994857788085938,"type":4,"va":-47.476890563964844,"vx":-1.3404550552368164,"vy":10.866536140441895,"x":3.0481414794921875,"y":-7.892047882080078},{"age":992,"angle":1.2178038358688354,"type":4,"va":1.5378367900848389,"vx":-1.727660559117794e-2,"vy":-4.226966857910156,"x":14.579895973205566,"y":-6.930061340332031},{"age":946,"angle":2.3927173614501953,"type":4,"va":1.4264663457870483,"vx":0.238384410738945,"vy":-1.813070297241211,"x":14.578084945678711,"y":-4.2737250328063965},{"age":801,"angle":1.3198257684707642,"type":4,"va":-11.036564826965332,"vx":0.5837761163711548,"vy":-1.3400579690933228,"x":3.8001656532287598,"y":-0.4273580014705658},{"age":787,"angle":0.49052372574806213,"type":4,"va":12.46302318572998,"vx":-1.39065682888031,"vy":-1.3963533639907837,"x":3.9404137134552,"y":-2.4159178733825684},{"age":727,"angle":-1.9323142766952515,"type":4,"va":-37.939212799072266,"vx":8.841845512390137,"vy":1.557918667793274,"x":14.117372512817383,"y":-14.042852401733398},{"age":674,"angle":-1.2853469848632812,"type":4,"va":-5.756982326507568,"vx":-0.41996797919273376,"vy":-4.175014019012451,"x":13.442005157470703,"y":-11.360845565795898},{"age":591,"angle":2.9673268795013428,"type":4,"va":13.43443775177002,"vx":-2.873450994491577,"vy":3.801724910736084,"x":12.645279884338379,"y":-7.48192834854126},{"age":543,"angle":-2.7623162269592285,"type":4,"va":16.22726821899414,"vx":-8.527254104614258,"vy":1.9430806636810303,"x":11.328639030456543,"y":-10.672767639160156},{"age":475,"angle":-0.8871409296989441,"type":4,"va":2.677577018737793,"vx":6.340692192316055e-2,"vy":-8.795502036809921e-2,"x":14.397177696228027,"y":-9.10985279083252},{"age":387,"angle":2.622199058532715,"type":4,"va":8.167801856994629,"vx":0.8038405179977417,"vy":-1.551638126373291,"x":4.155429840087891,"y":-0.6183154582977295},{"age":290,"angle":1.0117872953414917,"type":4,"va":-19.560443878173828,"vx":1.1792924404144287,"vy":-1.415248990058899,"x":12.99990463256836,"y":-0.6948070526123047},{"age":227,"angle":-1.9541406631469727,"type":4,"va":-3.4381682872772217,"vx":1.3208681344985962,"vy":-3.207120418548584,"x":13.783854484558105,"y":-1.716544270515442},{"age":139,"angle":-2.0982089042663574,"type":4,"va":10.536115646362305,"vx":-1.175193190574646,"vy":-1.1599328517913818,"x":4.483737468719482,"y":-1.8797171115875244},{"age":101,"angle":0.4525482952594757,"type":4,"va":46.355201721191406,"vx":7.9879865646362305,"vy":-0.7905329465866089,"x":8.725940704345703,"y":-0.23758769035339355}],"widgets":{"17":{"angle":1.5779411792755127,"key":"17","va":0,"vx":0,"vy":0,"x":14.335082054138184,"y":-9.760000228881836},"24":{"angle":0.6254317760467529,"key":"24","va":6.43185567855835,"vx":0,"vy":0,"x":12.632333755493164,"y":-12.626383781433105},"51":{"angle":-2.819136142730713,"key":"51","va":0,"vx":0,"vy":0,"x":6.059999942779541,"y":-12.539999961853027},"52":{"angle":-7.773385941982269e-2,"key":"52","va":0,"vx":0,"vy":0,"x":2.0999999046325684,"y":-12.699999809265137},