{"puzzle":{"reqTiles":["Up"],"inputs":[{"x":0.8,"y":0.0,"balls":[{"type":3,"rate":0.5791015625}]}],"outputs":[{"x":0.2,"y":1.0,"balls":[{"type":3,"rate":0.5791015625}]}],"spec":{}},"blueprint":{"puzzle":"b061e5fd-82f9-5a6e-872c-6472eb662abf","title":"Hey, guys, I have a cool idea for a machine!","submittedAt":"2024-05-01T20:57:09.432625795Z","widgets":{"0":{"angle":0,"sticker":"figure2-happy","type":"sticker","x":638,"y":667.5},"32":{"angle":2.644373872661415,"type":"cup","x":534,"y":327},"64":{"angle":-1.9991338170213258e-2,"type":"board","x":441,"y":266},"1":{"angle":-0.4432680701083786,"type":"cup","x":442,"y":376},"33":{"angle":-0.4945540528671391,"type":"cup","x":502,"y":344},"2":{"angle":-2.5912702540806394,"type":"cup","x":156,"y":359},"34":{"angle":2.6681007821544362,"type":"cup","x":472,"y":362},"66":{"angle":-0.11238153794028102,"type":"cup","x":168,"y":304},"3":{"angle":-2.2893448305772504,"type":"cup","x":130,"y":336},"35":{"angle":2.671228735010825,"type":"cup","x":511,"y":436},"67":{"angle":0.4248670279914988,"type":"cup","x":222,"y":341},"4":{"angle":-1.9674970872274928,"type":"cup","x":111,"y":306},"36":{"angle":-0.4570321066255725,"type":"cup","x":531,"y":475},"68":{"angle":-2.77717425519966,"type":"cup","x":240,"y":302},"5":{"angle":-1.6245594157167444,"type":"cup","x":102,"y":273},"37":{"angle":2.631728422135242,"type":"cup","x":564,"y":536},"6":{"angle":1.517390437344519,"type":"cup","x":100,"y":238},"38":{"angle":-0.5177714524915088,"type":"cup","x":585,"y":574},"70":{"angle":0.9364736824237376,"type":"board","x":59.1046445,"y":664.1874155},"7":{"angle":-1.599054283365953,"type":"cup","x":97,"y":204},"39":{"angle":2.177922247132357,"type":"brick","x":596,"y":35.6257655},"8":{"angle":-1.3113865959578332,"type":"cup","x":101,"y":169},"72":{"angle":0,"sticker":"figure1-sad","type":"sticker","x":367,"y":676.5},"9":{"angle":1.86781148684828,"type":"cup","x":111,"y":137},"73":{"angle":0,"sticker":"figure3-sad","type":"sticker","x":281,"y":671.5},"10":{"angle":-1.2823095419223145,"type":"cup","x":120,"y":102},"74":{"angle":0,"sticker":"knievel","type":"sticker","x":457,"y":669.5},"11":{"angle":-0.9608414918690922,"type":"cup","x":135,"y":70},"43":{"angle":3.436930524772257,"type":"cup","x":207,"y":384},"75":{"angle":-2.456375901989648,"type":"brick","x":560,"y":63},"12":{"angle":-0.6401570253178909,"type":"cup","x":159,"y":44},"44":{"angle":-6.38387152407565,"type":"cup","x":342,"y":405},"13":{"angle":-0.29827360317363494,"type":"cup","x":189,"y":28.6336275},"45":{"angle":0.25158059668837873,"type":"cup","x":240,"y":394},"14":{"angle":0,"type":"cup","x":223,"y":23.5},"46":{"angle":3.386193573705302,"type":"cup","x":273,"y":404},"78":{"angle":0.5934211362657927,"type":"cup","x":544,"y":60},"15":{"angle":0,"type":"cup","x":293,"y":23.5},"47":{"angle":3.0810280700052597,"type":"cup","x":307,"y":408},"79":{"angle":0.8437680065627523,"type":"cup","x":568,"y":81},"16":{"angle":-3.1413830748602827,"type":"cup","x":258,"y":23.5044012},"48":{"angle":3.0074602316899797,"type":"cup","x":376,"y":402},"80":{"angle":-0.8180395307884742,"type":"brick","x":203,"y":705.9572465},"17":{"angle":-3.1244497033079237,"type":"cup","x":328,"y":23.8565296},"49":{"angle":2.685192944385878,"type":"cup","x":410,"y":391},"81":{"angle":-0.27351544194156174,"type":"brick","x":574,"y":37},"18":{"angle":0,"type":"cup","x":362,"y":23.5},"50":{"angle":1.5738642553672355,"type":"board","x":177,"y":192},"19":{"angle":3.161179242706662,"type":"cup","x":397,"y":23.9067993},"20":{"angle":4.8769727173717574e-2,"type":"cup","x":431,"y":24.4958169},"21":{"angle":3.2624169088687314,"type":"cup","x":465,"y":25.859815},"53":{"angle":1.9577112719723278e-2,"type":"board","x":398,"y":107},"22":{"angle":0.1005198119178694,"type":"cup","x":497,"y":28},"54":{"angle":-2.079908044942238e-2,"type":"board","x":301,"y":269},"55":{"angle":4.165612336123778e-2,"type":"board","x":258,"y":101},"24":{"angle":1.1668437756842411,"type":"cup","x":586,"y":109},"25":{"angle":1.4823365462108657,"type":"cup","x":594,"y":142},"57":{"angle":-3.1501479659397162,"type":"leftbumper","x":213,"y":160},"26":{"angle":-1.6508847547982501,"type":"cup","x":596,"y":175},"58":{"type":"roundbumper","x":344,"y":190},"27":{"angle":1.5110867007553757,"type":"cup","x":598,"y":210},"28":{"angle":1.7770578211605184,"type":"cup","x":595,"y":245},"61":{"angle":-3.1279244734221154,"type":"fan","x":501,"y":236},"30":{"angle":2.0669457996778924,"type":"cup","x":583,"y":277},"62":{"angle":0,"type":"leftbumper","x":482,"y":212},"31":{"angle":2.3797125796017893,"type":"cup","x":562,"y":305},"63":{"angle":1.5625750506306437,"type":"board","x":517,"y":187}}},"snapshot":{"balls":[{"age":14,"angle":-2.88671875,"type":3,"va":-0.27454301714897156,"vx":-3.92649881541729e-2,"vy":-0.8465477824211121,"x":2.9585824012756348,"y":-14.696523666381836},{"age":634,"angle":-2.5124545097351074,"type":3,"va":-0.2036842703819275,"vx":3.0003253370523453e-2,"vy":7.083879900164902e-4,"x":5.180176258087158,"y":-5.058699607849121},{"age":539,"angle":0.11147413402795792,"type":3,"va":-5.255174160003662,"vx":0.8179928660392761,"vy":-1.0647512674331665,"x":3.040055990219116,"y":-14.388662338256836},{"age":450,"angle":-0.24887318909168243,"type":3,"va":4.592095375061035,"vx":-0.7467019557952881,"vy":-1.497764140367508e-2,"x":6.985958576202393,"y":-5.021255016326904},{"age":347,"angle":-1.3621833324432373,"type":3,"va":4.60715389251709,"vx":-0.7525704503059387,"vy":-1.4379276894032955e-2,"x":7.305849075317383,"y":-5.011646747589111},{"age":230,"angle":2.2441115379333496,"type":3,"va":-95.3075942993164,"vx":14.950143814086914,"vy":4.5906829833984375,"x":7.680509567260742,"y":-4.403501510620117},{"age":135,"angle":3.09394907951355,"type":3,"va":12.979422569274902,"vx":-1.5446465015411377,"vy":-1.6757094860076904,"x":10.422688484191895,"y":-0.873859703540802},{"age":19,"angle":2.0929150581359863,"type":3,"va":1.1093530654907227,"vx":-0.6180313229560852,"vy":-0.173387348651886,"x":11.636448860168457,"y":-0.36908698081970215}],"widgets":{}}}