{"puzzle":{"reqTiles":["Up","Left"],"inputs":[{"x":0.2,"y":0.0,"balls":[{"type":2,"rate":0.5294392903645834}]},{"x":0.0,"y":0.5,"balls":[{"type":4,"rate":0.83349609375}]}],"outputs":[{"x":0.8,"y":1.0,"balls":[{"type":4,"rate":0.83349609375}]},{"x":0.0,"y":0.65,"balls":[{"type":2,"rate":0.5294392903645834}]}],"spec":{}},"blueprint":{"puzzle":"71bd2347-0cba-59c6-9551-2c87ba440911","title":"a particularly obtuse needle to thread","submittedAt":"2024-05-09T02:23:30.030465931Z","widgets":{"64":{"angle":0,"type":"fan","x":143,"y":480},"65":{"angle":1.5791430455614077,"type":"fan","x":242,"y":368},"66":{"angle":-1.7255081414027034,"type":"board","x":150,"y":256},"67":{"angle":1.4440036694959053,"type":"board","x":192,"y":254},"68":{"angle":-0.23062118383608876,"type":"cushion","x":224,"y":561},"69":{"angle":-2.6125801074702792,"type":"fan","x":189,"y":600},"101":{"angle":-0.8409992400191273,"type":"brick","x":298,"y":233},"70":{"angle":-2.56387371609047,"type":"fan","x":184,"y":600},"102":{"angle":0.7866995615469939,"type":"brick","x":607,"y":230},"71":{"angle":0.2302838951763914,"type":"board","x":487,"y":711.265357},"72":{"angle":-1.5446335186548297,"type":"board","x":626,"y":652.2944868},"73":{"angle":0.5700476352683101,"type":"brick","x":86.613,"y":573},"74":{"angle":0,"type":"brick","x":34,"y":445},"75":{"angle":-1.1784638814857527,"type":"cushion","x":249,"y":534},"76":{"angle":0.333925164118011,"type":"brick","x":93,"y":454},"77":{"angle":-2.652660567412192,"type":"fan","x":190,"y":601},"78":{"angle":0,"sticker":"knievel","type":"sticker","x":51,"y":669.5},"79":{"angle":-0.3426096720485766,"sticker":"determinism","type":"sticker","x":610,"y":519},"81":{"angle":-1.1244488038364797,"sticker":"figure3-happy","type":"sticker","x":168,"y":657.549},"82":{"angle":0.6292375115535582,"type":"brick","x":35.433312,"y":537},"83":{"angle":0,"sticker":"cat","type":"sticker","x":238,"y":332},"86":{"angle":0,"type":"cup","x":383,"y":716.5},"87":{"angle":0,"speed":25,"type":"spokedwheel","x":377,"y":125},"88":{"angle":0,"speed":25,"type":"spokedwheel","x":526,"y":125},"89":{"angle":-2.3253740569084207,"type":"brick","x":313,"y":248},"58":{"angle":-2.7656672773244853,"type":"board","x":84.693897,"y":422},"90":{"angle":0.456619743558497,"type":"brick","x":361,"y":281},"59":{"angle":-1.6358271429029345,"type":"board","x":133,"y":87.89989},"91":{"angle":0.10341532180884312,"type":"brick","x":419,"y":299},"60":{"angle":1.5041612484636235,"type":"board","x":175,"y":87.9612845},"92":{"angle":-0.20331422531748447,"type":"brick","x":482,"y":296},"93":{"angle":-0.5010742295843963,"type":"brick","x":539,"y":278},"94":{"angle":-0.7333779415664579,"type":"brick","x":587,"y":247},"63":{"angle":0.349286659960548,"type":"board","x":85.2965445,"y":379}}},"snapshot":{"balls":[{"age":17,"angle":-0.7406643033027649,"type":4,"va":1.1164512634277344,"vx":-0.3498987555503845,"vy":-0.7459720969200134,"x":11.807828903198242,"y":-14.74217414855957},{"age":203,"angle":-1.832877516746521,"type":4,"va":-16.617900848388672,"vx":10.79409122467041,"vy":-9.163104057312012,"x":7.390890121459961,"y":-11.2713623046875},{"age":235,"angle":2.0714898109436035,"type":2,"va":-8.651289939880371,"vx":-0.2224363386631012,"vy":-0.16995960474014282,"x":0.6722431182861328,"y":-10.149381637573242},{"age":158,"angle":-2.9353113174438477,"type":4,"va":-11.136265754699707,"vx":1.5980794429779053,"vy":-0.6307551264762878,"x":2.9098875522613525,"y":-8.55626392364502},{"age":108,"angle":-0.22145508229732513,"type":4,"va":-10.182656288146973,"vx":1.462823748588562,"vy":-0.5773711204528809,"x":1.6795711517333984,"y":-8.07064437866211},{"age":121,"angle":7.979515194892883e-2,"type":2,"va":-27.711706161499023,"vx":1.5399291515350342,"vy":0.16440266370773315,"x":4.286642074584961,"y":-10.726967811584473},{"age":60,"angle":-1.0205988883972168,"type":4,"va":-1.321999430656433,"vx":0.639585018157959,"vy":-0.673240602016449,"x":0.35680705308914185,"y":-7.492356300354004},{"age":63,"angle":-2.184370756149292,"type":2,"va":-1.6000778675079346,"vx":0.4865277409553528,"vy":-6.64165735244751,"x":3.073241710662842,"y":-2.4398884773254395}],"widgets":{"87":{"angle":1.2159631252288818,"key":"87","va":6.662801265716553,"vx":0,"vy":0,"x":7.539999961853027,"y":-2.5},"88":{"angle":1.2159631252288818,"key":"88","va":6.662801265716553,"vx":0,"vy":0,"x":10.520000457763672,"y":-2.5}}}}