{"puzzle":{"reqTiles":["Up","Left"],"inputs":[{"x":0.2,"y":0.0,"balls":[{"type":4,"rate":0.8359375}]},{"x":0.0,"y":0.65,"balls":[{"type":2,"rate":0.5294392903645834}]}],"outputs":[{"x":0.5,"y":1.0,"balls":[{"type":2,"rate":0.5294392903645834}]},{"x":0.0,"y":0.8,"balls":[{"type":4,"rate":0.8359375}]}],"spec":{}},"blueprint":{"puzzle":"c47ab29f-356a-5146-983f-0b16aa86b974","title":"Auto-sorting pillows","submittedAt":"2024-04-28T16:54:56.299575057Z","widgets":{"32":{"angle":0,"type":"cushion","x":199,"y":651},"64":{"angle":0,"sticker":"figure1-happy","type":"sticker","x":283,"y":630},"1":{"angle":-1.6625790725393468,"type":"fan","x":39.4960305,"y":708},"33":{"angle":0,"type":"cushion","x":195,"y":669},"65":{"angle":0,"sticker":"figure2-happy","type":"sticker","x":539,"y":631},"2":{"angle":-1.7981971909111645,"type":"fan","x":71,"y":708.650759},"34":{"angle":0,"type":"cushion","x":197,"y":692},"66":{"angle":0,"sticker":"squobject","type":"sticker","x":346,"y":436},"3":{"angle":-2.2389529513183386,"type":"fan","x":133,"y":698.3205725},"35":{"angle":0,"type":"cushion","x":199,"y":720.5},"67":{"angle":0,"sticker":"determinism","type":"sticker","x":96,"y":451},"4":{"angle":-1.6578984106299959,"type":"fan","x":83,"y":527},"68":{"angle":0,"sticker":"kingbun","type":"sticker","x":632,"y":650},"5":{"angle":1.6228474268450972,"type":"fan","x":95,"y":519},"69":{"angle":0,"sticker":"cat","type":"sticker","x":194,"y":624},"6":{"angle":1.3391849886136555,"type":"fan","x":42.0304045,"y":527},"38":{"angle":3.1376846429857004,"type":"fan","x":632.353638,"y":702.408492},"7":{"angle":-1.585009261462283,"type":"fan","x":37.8301945,"y":547},"39":{"angle":0,"type":"cushion","x":699,"y":681},"40":{"angle":0,"type":"cushion","x":634,"y":686},"9":{"angle":0,"type":"fan","x":23.5,"y":362},"41":{"angle":0,"type":"cushion","x":616,"y":683},"42":{"angle":0,"type":"cushion","x":640,"y":720.5},"43":{"angle":0,"type":"cushion","x":114,"y":689},"44":{"angle":0,"type":"cushion","x":139,"y":676},"45":{"angle":0,"type":"cushion","x":614,"y":698},"14":{"angle":0,"type":"fan","x":206,"y":702.5},"46":{"angle":0,"type":"cushion","x":94,"y":512},"15":{"angle":3.147288697251381,"type":"fan","x":716.286776,"y":702.366744},"47":{"angle":0,"type":"cushion","x":84,"y":530},"16":{"angle":-3.694222520859362,"type":"fan","x":358,"y":484},"48":{"angle":0,"type":"cushion","x":41,"y":537},"17":{"angle":-2.4058954353157564,"type":"fan","x":206,"y":672},"49":{"angle":0,"type":"cushion","x":54,"y":521},"18":{"angle":0,"type":"cushion","x":437,"y":720.5},"50":{"angle":0,"type":"cushion","x":41,"y":525},"19":{"angle":0,"type":"cushion","x":500,"y":720.5},"51":{"angle":0,"type":"cushion","x":41,"y":698},"20":{"angle":0,"type":"cushion","x":567,"y":720.5},"52":{"angle":0,"type":"cushion","x":48,"y":720.5},"21":{"angle":0,"type":"cushion","x":624,"y":720.5},"53":{"angle":0,"type":"cushion","x":352,"y":480},"54":{"angle":0,"type":"cushion","x":343,"y":478},"55":{"angle":0,"type":"cushion","x":366,"y":511},"56":{"angle":0,"type":"cushion","x":96,"y":534},"25":{"angle":0,"type":"cushion","x":665,"y":720.5},"57":{"angle":0,"type":"cushion","x":41,"y":385},"26":{"angle":0,"type":"cushion","x":292,"y":720.5},"58":{"angle":0,"type":"cushion","x":41,"y":365},"27":{"angle":0,"type":"cushion","x":256,"y":720.5},"59":{"angle":0,"type":"cushion","x":41,"y":342},"28":{"angle":0,"type":"cushion","x":699,"y":690},"60":{"angle":0,"type":"cushion","x":342,"y":503},"61":{"angle":0,"sticker":"figure3-sad","type":"sticker","x":40,"y":257},"30":{"angle":0,"type":"cushion","x":699,"y":720.5},"62":{"angle":0,"sticker":"figure2-sad","type":"sticker","x":714,"y":593},"31":{"angle":0,"type":"cushion","x":120,"y":720.5},"63":{"angle":0,"sticker":"figure3-happy","type":"sticker","x":559,"y":304}}},"snapshot":{"balls":[{"age":576,"angle":3.756842762231827e-2,"type":2,"va":-5.327287197113037,"vx":-0.8305907249450684,"vy":0.2414548695087433,"x":0.42165231704711914,"y":-8.180953979492188},{"age":362,"angle":-2.862593650817871,"type":2,"va":5.205700397491455,"vx":-0.8241033554077148,"vy":-9.777145087718964e-2,"x":13.683652877807617,"y":-13.096028327941895},{"age":18,"angle":1.1591157913208008,"type":4,"va":-1.8918039798736572,"vx":-1.2212214469909668,"vy":1.1596074104309082,"x":4.280652478337288e-2,"y":-11.813494682312012},{"age":287,"angle":1.9266489744186401,"type":4,"va":22.97447967529297,"vx":2.966372013092041,"vy":0.35361695289611816,"x":0.38268399238586426,"y":-12.691629409790039},{"age":249,"angle":0.17965708673000336,"type":4,"va":1.7100129127502441,"vx":0.257748007774353,"vy":-0.9438766241073608,"x":0.506469190120697,"y":-11.623835563659668},{"age":199,"angle":2.7585391998291016,"type":2,"va":-0.6889343857765198,"vx":-0.1322484165430069,"vy":0.2903112769126892,"x":0.8320818543434143,"y":-8.233115196228027},{"age":171,"angle":-1.8935613632202148,"type":4,"va":2.273653507232666,"vx":-0.33998844027519226,"vy":-9.561031311750412e-2,"x":6.375151634216309,"y":-9.089532852172852},{"age":88,"angle":0.9630972743034363,"type":2,"va":14.176738739013672,"vx":0.9995662569999695,"vy":-0.44434797763824463,"x":0.6126895546913147,"y":-8.5185546875},{"age":93,"angle":1.4943878166377544e-2,"type":4,"va":-0.1804068386554718,"vx":-5.2809376269578934e-2,"vy":-4.33291482925415,"x":2.807549238204956,"y":-3.3514811992645264}],"widgets":{}}}