{"puzzle":{"reqTiles":["Up","Left"],"inputs":[{"x":0.65,"y":0.0,"balls":[{"type":4,"rate":0.875}]},{"x":0.0,"y":0.5,"balls":[{"type":1,"rate":0.72265625}]}],"outputs":[{"x":0.65,"y":1.0,"balls":[{"type":1,"rate":0.72265625}]},{"x":0.0,"y":0.8,"balls":[{"type":4,"rate":0.875}]}],"spec":{}},"blueprint":{"puzzle":"78ff52a0-a1f0-585a-9f8a-1cb72863ff49","title":"I'm not a very good juggler","submittedAt":"2024-04-17T01:10:53.278085213Z","widgets":{"0":{"angle":2.6067791002563028,"type":"fan","x":554,"y":44.2411535},"32":{"angle":0,"type":"brick","x":458,"y":347},"1":{"angle":-0.8572636851060184,"type":"fan","x":246,"y":279},"33":{"angle":3.145191062052374,"type":"brick","x":509,"y":348},"2":{"angle":-2.413178115521781,"type":"fan","x":493,"y":248},"34":{"angle":1.5622552540066421,"type":"board","x":140,"y":443},"35":{"angle":-2.824949353171144,"type":"fan","x":232,"y":667.866},"4":{"angle":-7.091039725940268e-2,"sticker":"figure2-happy","type":"sticker","x":370,"y":224},"36":{"angle":0.3656854189437567,"type":"board","x":84.9327135,"y":540},"5":{"angle":0,"type":"board","x":304,"y":300},"37":{"angle":0.6630521797739077,"type":"board","x":74.4999625,"y":311},"6":{"angle":0,"type":"board","x":468,"y":300},"38":{"angle":1.558327882116926,"type":"board","x":216,"y":398},"39":{"angle":0.7244704986564171,"type":"brick","x":236,"y":324},"8":{"angle":-1.5557797856822027,"type":"anvil","x":528,"y":263},"40":{"angle":1.3623865538057313e-2,"type":"brick","x":284,"y":346},"9":{"angle":1.5853554525662013,"type":"anvil","x":529,"y":263},"41":{"angle":3.13598,"type":"brick","x":343,"y":348},"10":{"angle":-1.5931892150018425,"type":"anvil","x":526,"y":229},"42":{"angle":0.16564563932824009,"type":"board","x":292,"y":608},"11":{"angle":1.5702134560623195,"type":"anvil","x":530,"y":218},"43":{"angle":3.3451864817756056,"type":"fan","x":239,"y":631},"12":{"angle":-1.573190906270468,"type":"anvil","x":527,"y":184},"44":{"angle":4.675238962995224,"type":"board","x":218,"y":477},"13":{"angle":-3.150813783484644,"type":"anvil","x":526,"y":286},"45":{"angle":0.2160724065681826,"type":"board","x":87.3949205,"y":703.45},"14":{"angle":1.5708282458175662,"type":"anvil","x":531,"y":174},"46":{"angle":3.522918505923699e-2,"type":"board","x":235,"y":723.924},"15":{"angle":-1.5880464882400578,"type":"anvil","x":528,"y":140},"47":{"angle":1.9437085779417138e-2,"type":"board","x":370,"y":727.301},"16":{"angle":1.5758821760514046,"type":"anvil","x":531,"y":129},"17":{"angle":0,"type":"anvil","x":532,"y":107},"18":{"angle":0,"type":"brick","x":545,"y":71},"50":{"angle":0,"type":"brick","x":34,"y":635},"19":{"angle":0,"type":"brick","x":516,"y":71},"51":{"angle":-2.1190037706140932e-2,"type":"brick","x":34.2783478,"y":544},"20":{"angle":0,"type":"brick","x":545,"y":47},"22":{"angle":0,"type":"board","x":329,"y":317},"54":{"angle":0.23086761491469543,"type":"prism","x":381,"y":572},"23":{"angle":-3.1474876703911474,"type":"board","x":491,"y":317},"55":{"angle":-0.10569257467062289,"type":"board","x":590,"y":721.81932},"56":{"angle":-1.2288622935128892,"type":"board","x":702.181403,"y":635},"25":{"angle":0,"type":"board","x":333,"y":333},"26":{"angle":0,"type":"board","x":462,"y":333},"58":{"angle":5.1411595946739226e-2,"type":"brick","x":79,"y":227},"59":{"angle":1.3944131753148552,"type":"brick","x":53,"y":184},"28":{"angle":-0.7401847693424201,"type":"brick","x":555,"y":330},"60":{"angle":5.519371960506712e-2,"sticker":"cat","type":"sticker","x":90,"y":199},"30":{"angle":1.3416081550772974e-3,"type":"brick","x":396,"y":347}}},"snapshot":{"balls":[{"age":442,"angle":-2.1129891872406006,"type":1,"va":-7.045439720153809,"vx":1.112257480621338,"vy":0.11799481511116028,"x":13.143988609313965,"y":-13.953492164611816},{"age":388,"angle":-2.690751075744629,"type":4,"va":-16.198835372924805,"vx":0.12517128884792328,"vy":-4.431336402893066,"x":3.8265037536621094,"y":-10.372320175170898},{"age":307,"angle":2.131035327911377,"type":1,"va":-15.725635528564453,"vx":2.4739131927490234,"vy":0.2297385185956955,"x":12.20572566986084,"y":-14.053337097167969},{"age":325,"angle":-0.29786217212677,"type":4,"va":-21.05907440185547,"vx":-0.232042595744133,"vy":-4.609308242797852,"x":3.788020610809326,"y":-6.96156120300293},{"age":286,"angle":-2.781820774078369,"type":4,"va":0.9859069585800171,"vx":-0.43458741903305054,"vy":-4.330966472625732,"x":3.7865076065063477,"y":-5.720873832702637},{"age":211,"angle":-1.0840752124786377,"type":1,"va":-29.56542205810547,"vx":4.616835117340088,"vy":-0.837244987487793,"x":7.398214340209961,"y":-12.078566551208496},{"age":209,"angle":-1.6516928672790527,"type":4,"va":-11.97523307800293,"vx":0.31949764490127563,"vy":2.941180944442749,"x":7.040116310119629,"y":-1.5565941333770752},{"age":164,"angle":1.3451170921325684,"type":1,"va":-26.605695724487305,"vx":3.9412944316864014,"vy":-3.2095494270324707,"x":4.161815643310547,"y":-11.53238582611084},{"age":117,"angle":0.8292827010154724,"type":1,"va":-14.259747505187988,"vx":2.4861254692077637,"vy":-2.1078057289123535,"x":1.4791804552078247,"y":-10.28901195526123},{"age":115,"angle":-2.986131429672241,"type":4,"va":-12.072652816772461,"vx":-1.5218331813812256,"vy":-0.23932132124900818,"x":5.194588661193848,"y":-1.881036639213562},{"age":43,"angle":-1.3949382305145264,"type":4,"va":-3.080796480178833,"vx":-4.636763095855713,"vy":-5.784935474395752,"x":9.463531494140625,"y":-1.0152724981307983}],"widgets":{}}}