{"puzzle":{"reqTiles":["Up"],"inputs":[{"x":0.2,"y":0.0,"balls":[{"type":3,"rate":0.8515625}]}],"outputs":[{"x":0.8,"y":1.0,"balls":[{"type":3,"rate":0.8515625}]}],"spec":{}},"blueprint":{"puzzle":"f3d85fb2-763e-5184-90d5-82cac9b02a22","title":"probably deterministic parade","submittedAt":"2024-04-18T15:41:23.295472671Z","widgets":{"32":{"angle":-1.8755075345340757,"type":"fan","x":96,"y":702.5},"33":{"angle":-1.8427160985916078,"type":"fan","x":102,"y":702.5},"34":{"angle":-3.50597178510503e-2,"type":"board","x":87.76166,"y":467},"35":{"angle":0,"type":"board","x":172,"y":464},"38":{"angle":-2.836628685464772,"type":"fan","x":196,"y":697.1742385},"39":{"angle":-2.2367140455027132,"type":"fan","x":148,"y":698.3539875},"8":{"angle":1.2946855012897462,"type":"board","x":230,"y":243},"40":{"angle":-2.021998813604544,"type":"fan","x":122,"y":702.5},"9":{"angle":1.2883163171931094,"type":"board","x":274,"y":390.066},"41":{"angle":3.6773416723589206e-2,"type":"board","x":347,"y":619},"10":{"angle":1.2905748026672608,"type":"board","x":232,"y":392},"42":{"angle":0,"type":"board","x":652.5,"y":516},"11":{"angle":1.2927921106345388,"type":"board","x":188,"y":236},"43":{"angle":0,"type":"board","x":530,"y":516},"12":{"angle":1.3557331919525233,"type":"board","x":190,"y":87.4049435},"44":{"angle":0,"type":"board","x":371,"y":517},"13":{"angle":1.2841300694777988,"type":"board","x":146,"y":86.474104},"45":{"angle":0,"type":"board","x":507,"y":623},"14":{"angle":-0.1681566003967207,"type":"brick","x":178,"y":660},"46":{"angle":-0.8955888120312177,"type":"board","x":678.2821445,"y":666.0739815},"15":{"angle":-0.6401824158237639,"type":"brick","x":240,"y":636},"47":{"angle":1.5622150246705797,"type":"board","x":730.249478,"y":597},"16":{"angle":1.1644803362067047,"type":"brick","x":27.8556755,"y":606},"48":{"angle":0.6874705977762946,"type":"board","x":498,"y":675.246},"17":{"angle":0.38125337641689133,"type":"brick","x":75,"y":651},"49":{"angle":0,"sticker":"figure2-happy","type":"sticker","x":439,"y":437},"18":{"angle":0,"type":"brick","x":144,"y":664},"50":{"angle":0,"sticker":"figure1-happy","type":"sticker","x":570,"y":439},"19":{"angle":-0.3411198518533964,"type":"brick","x":213,"y":652},"51":{"angle":0,"sticker":"figure1-sad","type":"sticker","x":340,"y":446},"20":{"angle":2.3705784984775966,"type":"brick","x":249,"y":638},"52":{"angle":0,"sticker":"figure3-sad","type":"sticker","x":45,"y":388},"21":{"angle":3.3182140498966888,"type":"brick","x":110,"y":662},"53":{"angle":0,"sticker":"figure2-sad","type":"sticker","x":641,"y":436},"22":{"angle":1.5378263853147651,"type":"brick","x":14.6134455,"y":543},"23":{"angle":1.6157129101313925,"type":"brick","x":19.8537,"y":570},"55":{"angle":0.3716846559061818,"sticker":"determinism","type":"sticker","x":134,"y":548},"24":{"angle":1.676827009214763,"type":"brick","x":300,"y":493},"56":{"angle":0.8855956426178737,"sticker":"determinism","type":"sticker","x":99,"y":389},"25":{"angle":0.7128691877822049,"type":"brick","x":46,"y":635},"57":{"angle":-0.38979693543294813,"sticker":"determinism","type":"sticker","x":300,"y":414},"58":{"angle":0,"sticker":"determinism","type":"sticker","x":408,"y":316},"27":{"angle":-3.389150626350062,"type":"leftbumper","x":38.7855495,"y":532},"59":{"angle":0.22913258752836943,"sticker":"determinism","type":"sticker","x":549,"y":325},"60":{"angle":0,"sticker":"figure3-happy","type":"sticker","x":99,"y":601},"29":{"angle":1.4779537206399547,"type":"brick","x":26,"y":590},"30":{"angle":0.9464220241190574,"type":"brick","x":37,"y":623},"31":{"angle":-2.122351977222808,"type":"fan","x":126,"y":700.3343275}}},"snapshot":{"balls":[{"age":243,"angle":-0.8634943962097168,"type":3,"va":-34.06487274169922,"vx":-3.2142114639282227,"vy":-8.810591697692871,"x":12.103178024291992,"y":-14.248068809509277},{"age":149,"angle":0.8654807806015015,"type":3,"va":47.71001434326172,"vx":-7.935361385345459,"vy":1.1807082891464233,"x":2.4738638401031494,"y":-12.72713565826416},{"age":56,"angle":-0.22803495824337006,"type":3,"va":-2.4225170612335205,"vx":1.1602972745895386,"vy":-4.494356155395508,"x":3.1669864654541016,"y":-1.3507505655288696}],"widgets":{}}}