{"puzzle":{"reqTiles":["Up"],"inputs":[{"x":0.65,"y":0.0,"balls":[{"type":1,"rate":0.541900634765625}]}],"outputs":[{"x":0.2,"y":1.0,"balls":[{"type":1,"rate":0.5172017415364584}]}],"spec":{}},"blueprint":{"puzzle":"b94c7960-c70c-5910-86a8-dd4967129d5b","title":"spline testing","submittedAt":"2024-05-03T19:11:31.944152428Z","widgets":{"0":{"angle":0,"type":"cushion","x":429,"y":26},"32":{"angle":1.9250683136396904,"type":"fan","x":187,"y":214},"1":{"angle":0,"type":"cushion","x":529,"y":25},"33":{"angle":1.8071162431616399,"type":"fan","x":200,"y":179},"2":{"angle":1.4287214034597655,"type":"fan","x":65,"y":172},"34":{"angle":1.557652985145067,"type":"board","x":95,"y":326},"3":{"angle":0,"type":"leftbumper","x":494,"y":171},"35":{"angle":-1.5866018365222836,"type":"board","x":139,"y":329},"36":{"angle":1.4704520750217813,"type":"board","x":103,"y":493},"37":{"angle":1.4641244047484554,"type":"board","x":118,"y":652.0472734},"6":{"angle":0.12191766940532507,"type":"board","x":295,"y":105},"38":{"angle":1.4541544292626476,"type":"board","x":151,"y":492},"7":{"angle":1.5146267195812567e-2,"type":"board","x":283,"y":101},"39":{"angle":1.4988490975221216,"type":"board","x":165,"y":652.0875745},"8":{"angle":-4.3542805313661e-2,"type":"board","x":266,"y":97},"40":{"angle":0.4590877181711332,"type":"board","x":287,"y":195},"9":{"angle":0.18184658297270742,"type":"board","x":305,"y":109},"41":{"angle":0.1865635302116447,"type":"board","x":280,"y":206},"10":{"angle":-0.15468896211879424,"type":"board","x":221,"y":95},"11":{"angle":-0.41547488847015934,"type":"board","x":173,"y":98},"12":{"angle":-0.26727451337397445,"type":"board","x":194,"y":97},"13":{"angle":-0.6020123226244857,"type":"board","x":164,"y":101},"14":{"angle":-0.7749526869717935,"type":"board","x":142,"y":121},"15":{"angle":-1.0010616131841812,"type":"board","x":133,"y":120},"16":{"angle":-1.1217099596433853,"type":"board","x":119,"y":129},"17":{"angle":-1.3737700000000002,"type":"board","x":115,"y":143},"18":{"angle":-1.457824984184163,"type":"board","x":102,"y":165},"19":{"angle":0,"type":"fan","x":370,"y":370},"20":{"angle":0,"type":"fan","x":370,"y":370},"21":{"angle":1.1385884972826092,"type":"fan","x":50,"y":425},"22":{"angle":1.893505438506146,"type":"fan","x":193,"y":387},"23":{"angle":1.4171780466617065,"type":"fan","x":56,"y":379},"24":{"angle":1.8048635506822377,"type":"fan","x":182,"y":342},"25":{"angle":1.3931940299579477,"type":"fan","x":55,"y":327},"26":{"angle":1.7370252413195537,"type":"fan","x":178,"y":297},"27":{"angle":1.769983613965202,"type":"fan","x":178,"y":277},"28":{"angle":1.3116565933159616,"type":"fan","x":57,"y":287},"29":{"angle":1.271726643651306,"type":"fan","x":59,"y":260},"30":{"angle":1.909074436160216,"type":"fan","x":189,"y":252},"31":{"angle":1.299328355779062,"type":"fan","x":56,"y":220}}},"snapshot":{"balls":[{"age":66,"angle":1.7854036092758179,"type":1,"va":2.610067367553711,"vx":-31.42087745666504,"vy":7.199355602264404,"x":8.530818939208984,"y":-3.1245481967926025}],"widgets":{}}}