{"puzzle":{"reqTiles":["Up"],"inputs":[{"x":0.5,"y":0.0,"balls":[{"type":3,"rate":0.5}]},{"x":1.0,"y":0.2,"balls":[{"type":1,"rate":0.7578125}]}],"outputs":[{"x":0.35,"y":1.0,"balls":[{"type":1,"rate":0.7578125}]},{"x":1.0,"y":0.65,"balls":[{"type":3,"rate":0.40625}]}],"spec":{}},"blueprint":{"puzzle":"4f8f96d7-c10c-5e7b-a50b-10b326202a62","title":"Flying kitten","submittedAt":"2024-04-10T18:42:47.314860336Z","widgets":{"96":{"angle":0,"sticker":"cat","type":"sticker","x":179,"y":723.5},"2":{"angle":4.633684383367299,"type":"fan","x":700.7684431,"y":301},"34":{"angle":-0.4347648166331119,"type":"fan","x":564,"y":573},"4":{"angle":-2.1813090000007618,"type":"fan","x":683,"y":354},"5":{"angle":4.817701904668328,"type":"fan","x":392,"y":695},"6":{"angle":-1.9383881996453405,"type":"fan","x":465,"y":688},"9":{"angle":-1.4848334369636156,"type":"fan","x":333,"y":712.367},"41":{"angle":6.21920980291969,"type":"fan","x":312,"y":88},"10":{"angle":3.381494350891524,"type":"fan","x":567,"y":553},"42":{"angle":5.042974537675735,"type":"fan","x":508,"y":613},"43":{"angle":-1.5567448869826381,"type":"fan","x":374,"y":164},"75":{"angle":1.2928809192854211,"type":"fan","x":206,"y":439},"46":{"angle":-1.3811045993941446,"type":"fan","x":373,"y":170},"47":{"angle":-1.4525868447705164,"type":"fan","x":372,"y":167},"79":{"angle":0.14602291361825123,"type":"board","x":652.12163,"y":490},"48":{"angle":-1.5142940937531895,"type":"fan","x":373,"y":167},"49":{"angle":-1.5291537476963089,"type":"fan","x":374,"y":168},"50":{"angle":-1.3766605486669088,"type":"fan","x":374,"y":166},"52":{"angle":0,"type":"fan","x":279,"y":93},"53":{"angle":0.5976427426377434,"type":"fan","x":144,"y":621},"54":{"angle":1.2704069309860657,"type":"fan","x":207,"y":572},"55":{"angle":-1.5299121336890296,"type":"fan","x":447,"y":234},"24":{"angle":-1.1845723754551743e-2,"type":"fan","x":136,"y":702.2242581},"56":{"angle":-1.5213211350027789,"type":"fan","x":461,"y":305},"88":{"angle":0,"catMass":2,"type":"catswat","x":605,"y":449},"57":{"angle":-2.645566123063942,"type":"fan","x":587,"y":144},"89":{"angle":1.5079167882202922,"type":"fan","x":693,"y":358},"26":{"angle":3.117325013926554,"type":"fan","x":398,"y":701.9407881},"58":{"angle":-1.616177298721611,"type":"fan","x":444,"y":303},"59":{"angle":1.5263730962226854,"type":"fan","x":515,"y":62},"60":{"angle":-1.382363403174544,"type":"fan","x":412,"y":228}}},"snapshot":{"balls":[{"age":14,"angle":8.422394841909409e-2,"type":1,"va":4.478735446929932,"vx":-5.556932091712952e-2,"vy":-1.0286129713058472,"x":5.221131801605225,"y":-14.709320068359375},{"age":264,"angle":0.4493063688278198,"type":3,"va":-5.3241119384765625,"vx":0.8511214256286621,"vy":-0.14087489247322083,"x":14.029903411865234,"y":-9.603081703186035},{"age":202,"angle":3.0771169662475586,"type":1,"va":2.013608455657959,"vx":-5.972208499908447,"vy":-6.5892438888549805,"x":7.555635452270508,"y":-12.526944160461426},{"age":130,"angle":0.19599442183971405,"type":1,"va":2.014533042907715,"vx":-2.2912795543670654,"vy":-3.2062861919403076,"x":12.114130973815918,"y":-3.9441895484924316},{"age":99,"angle":-1.683289885520935,"type":3,"va":3.1258676052093506,"vx":3.3864786624908447,"vy":-2.5458359718322754,"x":9.657888412475586,"y":-2.6383354663848877},{"age":47,"angle":2.658386468887329,"type":1,"va":2.0148470401763916,"vx":-0.9618467688560486,"vy":-0.20012594759464264,"x":14.543542861938477,"y":-3.039846658706665}],"widgets":{"88":{"angle":0,"key":"88","va":0,"vx":0,"vy":0,"x":12.100000381469727,"y":-8.979999542236328}}}}