{"puzzle":{"reqTiles":["Up"],"inputs":[{"x":0.65,"y":0.0,"balls":[{"type":4,"rate":0.8359375}]},{"x":1.0,"y":0.5,"balls":[{"type":1,"rate":0.72265625}]}],"outputs":[{"x":0.2,"y":1.0,"balls":[{"type":1,"rate":0.70068359375}]},{"x":1.0,"y":0.65,"balls":[{"type":4,"rate":0.8359375}]}],"spec":{}},"blueprint":{"puzzle":"79205423-ba88-50b6-a0c2-6edebce1a7a6","title":"helvetinkone","submittedAt":"2024-04-24T14:45:33.104226632Z","widgets":{"0":{"angle":4.235338556248841e-2,"type":"cushion","x":426,"y":534},"64":{"angle":-0.8281469672910612,"type":"leftbumper","x":564,"y":298},"33":{"angle":-1.5459150494763403,"type":"sword","x":143,"y":282},"34":{"angle":0,"sticker":"figure3-happy","type":"sticker","x":117,"y":353},"66":{"angle":-0.8704178737564351,"type":"cushion","x":546,"y":521},"35":{"angle":0,"type":"brick","x":158,"y":418},"36":{"angle":-0.4629448657519197,"type":"board","x":82.3091025,"y":105.409},"37":{"angle":0.6797057454523012,"type":"board","x":253,"y":492},"38":{"angle":0.9211532456689407,"type":"board","x":60.095625,"y":664.879632},"39":{"angle":2.421819049134684,"type":"fan","x":576,"y":50},"8":{"angle":0,"catMass":2,"type":"catswat","x":420,"y":474},"42":{"angle":2.458455701667878,"type":"fan","x":398,"y":588},"43":{"angle":0,"type":"brick","x":232,"y":726.5},"44":{"angle":0,"type":"brick","x":301,"y":726.5},"13":{"angle":0.14440771061974794,"type":"board","x":644.317,"y":490},"45":{"angle":0,"type":"brick","x":270,"y":700},"46":{"angle":0,"type":"brick","x":370,"y":726.5},"15":{"angle":0.16069630679632066,"type":"board","x":635,"y":383},"47":{"angle":0,"type":"brick","x":339,"y":700},"16":{"angle":3.093983726420176,"type":"fan","x":712.742,"y":326},"48":{"angle":0,"type":"brick","x":306,"y":673},"17":{"angle":-1.5364611194158941,"type":"board","x":434,"y":87.757419},"49":{"angle":0,"type":"brick","x":374,"y":673},"18":{"angle":2.278555034690371,"type":"board","x":577,"y":117.516},"50":{"angle":1.5682750346196166,"type":"board","x":9.2205859,"y":521},"19":{"angle":-0.3764029121797115,"sticker":"kingbun","type":"sticker","x":129,"y":51},"51":{"angle":1.5752885170695992,"type":"board","x":9.3929757,"y":370},"52":{"angle":1.5815940292049875,"type":"board","x":9.9442592,"y":222},"21":{"angle":-0.22775195699394987,"sticker":"figure1-happy","type":"sticker","x":472,"y":629},"53":{"angle":0,"type":"brick","x":515,"y":725},"22":{"angle":-3.124491311070274,"type":"board","x":447,"y":564},"54":{"angle":0,"type":"brick","x":584,"y":725},"55":{"angle":0,"type":"brick","x":550,"y":697},"24":{"angle":-2.2559682883960073,"type":"board","x":563,"y":246},"56":{"angle":0,"type":"brick","x":653,"y":724},"25":{"angle":-1.5509789708450665,"type":"board","x":21,"y":153},"57":{"angle":0,"type":"brick","x":619,"y":697},"26":{"angle":0.16490692980384583,"type":"board","x":586,"y":395},"58":{"angle":0,"type":"brick","x":588,"y":669},"27":{"angle":-0.6523758946921595,"type":"board","x":510,"y":679.729054},"59":{"angle":0,"type":"brick","x":408,"y":701},"28":{"angle":0,"speed":25,"type":"spokedwheel","x":323,"y":143},"60":{"angle":-1.2216870366272934,"type":"board","x":380,"y":483},"29":{"angle":-0.3488341472809942,"type":"rightbumper","x":506,"y":347},"61":{"angle":-0.5674264666987234,"type":"board","x":656,"y":293},"30":{"angle":-0.4478177017234141,"type":"board","x":202,"y":45.9999585},"62":{"angle":-2.809140510718371,"type":"board","x":620,"y":37.06388},"31":{"angle":0.45403252070110456,"type":"board","x":348,"y":46.4650615},"63":{"angle":-0.16464582298943,"type":"board","x":476,"y":492}}},"snapshot":{"balls":[{"age":1840,"angle":-0.9317306280136108,"type":4,"va":0,"vx":4.24250029027462e-3,"vy":7.048998377285898e-4,"x":9.27236557006836,"y":-9.538799285888672},{"age":1801,"angle":1.2230061292648315,"type":4,"va":-0.13953064382076263,"vx":5.4863251745700836e-2,"vy":9.115319699048996e-3,"x":9.918145179748535,"y":-9.430920600891113},{"age":1723,"angle":-2.5617151260375977,"type":4,"va":1.24379563331604,"vx":-8.799633383750916e-2,"vy":-1.4619913883507252e-2,"x":8.626293182373047,"y":-9.647041320800781},{"age":1675,"angle":2.7224931716918945,"type":4,"va":0.3624782860279083,"vx":4.976818710565567e-2,"vy":8.269035257399082e-3,"x":10.231902122497559,"y":-9.378576278686523},{"age":1581,"angle":0.4603925943374634,"type":4,"va":-0.2261456549167633,"vx":2.093050628900528e-2,"vy":3.4774665255099535e-3,"x":9.60608196258545,"y":-9.482943534851074},{"age":1317,"angle":2.0056376457214355,"type":4,"va":-0.2634837329387665,"vx":4.183654487133026e-2,"vy":6.951013579964638e-3,"x":10.862120628356934,"y":-9.273738861083984},{"age":1240,"angle":1.3560172319412231,"type":4,"va":-0.13844220340251923,"vx":3.733637556433678e-2,"vy":6.2033566646277905e-3,"x":10.545158386230469,"y":-9.326788902282715},{"age":1203,"angle":1.5647004842758179,"type":4,"va":0.2892918884754181,"vx":3.164646774530411e-2,"vy":1.03393301833421e-3,"x":10.658055305480957,"y":-9.029232025146484},{"age":1146,"angle":-0.7641082406044006,"type":4,"va":-1.431522011756897,"vx":-0.10707850009202957,"vy":0.1446905881166458,"x":8.799206733703613,"y":-9.385157585144043},{"age":1076,"angle":-2.4110641479492188,"type":4,"va":0.2581666111946106,"vx":-9.953491389751434e-2,"vy":-1.653772033751011e-2,"x":9.049304008483887,"y":-9.576883316040039},{"age":882,"angle":0.7432892918586731,"type":4,"va":0.2830992341041565,"vx":-0.1216377466917038,"vy":0.4041100740432739,"x":8.662237167358398,"y":-9.10200309753418},{"age":840,"angle":-2.154459238052368,"type":4,"va":-0.26110756397247314,"vx":7.827150821685791e-2,"vy":5.8645542711019516e-2,"x":9.053616523742676,"y":-9.195884704589844},{"age":722,"angle":0.1914110779762268,"type":1,"va":2.577120780944824,"vx":-1.127395749092102,"vy":-1.5216631889343262,"x":3.1552693843841553,"y":-14.422272682189941},{"age":735,"angle":1.3867533206939697,"type":4,"va":0.18984545767307281,"vx":2.912788838148117e-2,"vy":-4.82881348580122e-3,"x":9.304651260375977,"y":-9.391188621520996},{"age":630,"angle":-1.9543544054031372,"type":4,"va":7.848191261291504e-2,"vx":6.31370097398758e-2,"vy":9.046097286045551e-3,"x":9.716222763061523,"y":-9.185880661010742},{"age":521,"angle":1.6276400089263916,"type":1,"va":-63.36689758300781,"vx":1.0730527639389038,"vy":-12.969791412353516,"x":0.9067726135253906,"y":-12.016744613647461},{"age":546,"angle":4.558786749839783e-3,"type":4,"va":-0.69832444190979,"vx":5.62574528157711e-2,"vy":-8.884304203093052e-3,"x":9.411345481872559,"y":-9.090723991394043},{"age":472,"angle":-0.5387271642684937,"type":4,"va":1.926957607269287,"vx":-5.127473175525665e-2,"vy":-3.394400409888476e-4,"x":8.929903984069824,"y":-8.903512001037598},{"age":415,"angle":2.4959044456481934,"type":1,"va":-1.8463292121887207,"vx":-1.1766111850738525,"vy":6.02410888671875,"x":8.299337387084961,"y":-2.4866092205047607},{"age":407,"angle":-2.163736343383789,"type":4,"va":28.912330627441406,"vx":-1.7705553770065308,"vy":-1.6951682567596436,"x":3.8445754051208496,"y":-12.440781593322754},{"age":317,"angle":1.3028327226638794,"type":1,"va":4.113204479217529,"vx":-0.6460435390472412,"vy":0.10471838712692261,"x":13.641061782836914,"y":-7.469539642333984},{"age":353,"angle":-1.3624509572982788,"type":4,"va":22.420394897460938,"vx":-2.455921173095703,"vy":0.14821937680244446,"x":8.463194847106934,"y":-8.799314498901367},{"age":311,"angle":2.548117160797119,"type":4,"va":-0.6125414371490479,"vx":6.170167401432991e-2,"vy":1.7509395256638527e-2,"x":10.030753135681152,"y":-9.132426261901855},{"age":225,"angle":2.354456901550293,"type":1,"va":2.678097724914551,"vx":-0.38228917121887207,"vy":0.18515461683273315,"x":13.960554122924805,"y":-7.519473075866699},{"age":234,"angle":2.7688651084899902,"type":4,"va":-0.4118848145008087,"vx":9.333144128322601e-2,"vy":-3.7783943116664886e-3,"x":9.826285362243652,"y":-8.886894226074219},{"age":126,"angle":-1.0611572265625,"type":1,"va":-2.778071880340576,"vx":-0.16025221347808838,"vy":2.5977149605751038e-2,"x":14.293232917785645,"y":-7.575221538543701},{"age":134,"angle":2.500995635986328,