{"puzzle":{"reqTiles":["Up"],"inputs":[{"x":0.65,"y":0.0,"balls":[{"type":2,"rate":0.875}]}],"outputs":[{"x":0.35,"y":1.0,"balls":[{"type":2,"rate":0.875}]}],"spec":{}},"blueprint":{"puzzle":"ccfeaa2f-3ba1-5f81-bd18-d00d84fed3c9","title":"40-swat bulb","submittedAt":"2024-04-08T00:49:05.272371724Z","widgets":{"32":{"angle":1.5769689852142108,"type":"brick","x":597,"y":604},"1":{"angle":0,"catMass":2,"type":"catswat","x":112,"y":717},"33":{"angle":1.5861352072521933,"type":"brick","x":598,"y":572},"2":{"angle":0,"catMass":2,"type":"catswat","x":113,"y":717},"34":{"angle":1.5879226366562265,"type":"board","x":549,"y":595},"4":{"angle":-3.164452845894861,"catMass":2,"type":"catswat","x":536,"y":716.2173986},"5":{"angle":3.141592653589793,"catMass":2,"type":"catswat","x":535,"y":717},"37":{"angle":1.5636628536198511,"type":"board","x":644.5,"y":596},"6":{"angle":-0.46022731906523795,"catMass":2,"type":"catswat","x":375,"y":393},"38":{"angle":0,"type":"board","x":598,"y":510},"7":{"angle":3.116385186449773,"catMass":2,"type":"catswat","x":532,"y":206},"39":{"angle":0,"type":"board","x":598,"y":675},"8":{"angle":3.118310373853422,"catMass":2,"type":"catswat","x":554,"y":217},"9":{"angle":3.1659401546543715,"catMass":2,"type":"catswat","x":559,"y":239},"41":{"angle":3.1459427455977282,"sticker":"figure2-happy","type":"sticker","x":467,"y":269},"10":{"angle":3.150145951776256,"catMass":2,"type":"catswat","x":579,"y":255},"11":{"angle":3.1048381465041235,"catMass":2,"type":"catswat","x":594,"y":282},"12":{"angle":3.0891051836691164,"catMass":2,"type":"catswat","x":598,"y":312},"44":{"angle":3.153968116729495,"catMass":2,"type":"catswat","x":464,"y":310},"13":{"angle":3.0355063522636496,"catMass":2,"type":"catswat","x":605,"y":344},"45":{"angle":0,"catMass":2,"type":"catswat","x":489,"y":310},"14":{"angle":3.166438683367385,"catMass":2,"type":"catswat","x":600,"y":378},"46":{"angle":0,"sticker":"cat","type":"sticker","x":475,"y":462},"15":{"angle":3.5575639166417146,"catMass":2,"type":"catswat","x":579,"y":415},"47":{"angle":0,"sticker":"cat","type":"sticker","x":499,"y":463},"16":{"angle":-2.2818122949809863,"catMass":2,"type":"catswat","x":550,"y":441},"17":{"angle":-1.7440593398212526e-2,"catMass":2,"type":"catswat","x":540,"y":456},"18":{"angle":3.126685935300259,"catMass":2,"type":"catswat","x":442,"y":460},"19":{"angle":-1.2422781986890883,"catMass":2,"type":"catswat","x":425,"y":438},"20":{"angle":-0.6329360363043203,"catMass":2,"type":"catswat","x":397,"y":421},"21":{"angle":-0.32976174448761486,"catMass":2,"type":"catswat","x":368,"y":364},"22":{"angle":0,"catMass":2,"type":"catswat","x":360,"y":331},"23":{"angle":0,"catMass":2,"type":"catswat","x":359,"y":299},"24":{"angle":0,"catMass":2,"type":"catswat","x":375,"y":263},"25":{"angle":0,"catMass":2,"type":"catswat","x":394,"y":229},"26":{"angle":0,"catMass":2,"type":"catswat","x":423,"y":207},"27":{"angle":3.1359440647641357,"catMass":2,"type":"catswat","x":508,"y":192},"28":{"angle":0,"catMass":2,"type":"catswat","x":446,"y":192},"29":{"angle":-1.5528177034692159,"type":"board","x":453,"y":92},"30":{"angle":1.5755506769599528,"type":"board","x":506,"y":89}}},"snapshot":{"balls":[{"age":1621,"angle":0.8643319606781006,"type":2,"va":-1.0397816896438599,"vx":0.16567392647266388,"vy":1.4901161193847656e-8,"x":0.19805514812469482,"y":-14.621309280395508},{"age":1557,"angle":1.6003786325454712,"type":2,"va":4.0817341804504395,"vx":2.893710136413574,"vy":-0.8986651301383972,"x":6.793206691741943,"y":-14.58999252319336},{"age":1214,"angle":-0.1939171403646469,"type":2,"va":0.596813440322876,"vx":-9.507214277982712e-2,"vy":-8.731149137020111e-11,"x":1.4057444334030151,"y":-14.621305465698242},{"age":1145,"angle":3.1336188316345215,"type":2,"va":33.96133041381836,"vx":-5.901187896728516,"vy":0.7999607920646667,"x":5.228981018066406,"y":-12.251128196716309},{"age":1104,"angle":-2.884727716445923,"type":2,"va":0,"vx":0,"vy":0,"x":1.8367598056793213,"y":-14.253700256347656},{"age":1016,"angle":2.3177008628845215,"type":2,"va":-1.0247223377227783,"vx":0.1632840484380722,"vy":-3.4924596548080444e-10,"x":0.7912774085998535,"y":-14.621310234069824},{"age":837,"angle":3.0121335983276367,"type":2,"va":-1.0640488862991333,"vx":0.26543480157852173,"vy":-0.5003702640533447,"x":0.4544341266155243,"y":-14.397043228149414},{"age":798,"angle":0.6384069919586182,"type":2,"va":-10.046142578125,"vx":-1.012092113494873,"vy":4.4037346839904785,"x":4.908522129058838,"y":-14.252527236938477},{"age":710,"angle":2.410216808319092,"type":2,"va":7.618907928466797,"vx":-5.195130825042725,"vy":-14.797728538513184,"x":8.396811485290527,"y":-6.104275703430176},{"age":620,"angle":0.19555674493312836,"type":2,"va":-1.37227463722229,"vx":-1.5637785196304321,"vy":-4.639642238616943,"x":5.921263694763184,"y":-13.442286491394043},{"age":536,"angle":1.379263162612915,"type":2,"va":-3.813906669616699,"vx":0.49007534980773926,"vy":2.40055775642395,"x":9.613544464111328,"y":-5.4162139892578125},{"age":451,"angle":-2.3867104053497314,"type":2,"va":31.023395538330078,"vx":2.872786045074463,"vy":3.940291404724121,"x":10.108452796936035,"y":-7.918675899505615},{"age":394,"angle":-6.480975449085236e-2,"type":2,"va":-8.343074798583984,"vx":1.104112148284912,"vy":-0.6021937727928162,"x":9.737902641296387,"y":-2.648681402206421},{"age":308,"angle":2.8977444171905518,"type":2,"va":12.930604934692383,"vx":1.6966427564620972,"vy":-3.675438642501831,"x":9.773799896240234,"y":-3.138979434967041},{"age":215,"angle":-1.927541971206665,"type":2,"va":14.762690544128418,"vx":-2.056657075881958,"vy":-3.456990957260132,"x":9.783562660217285,"y":-3.6406993865966797},{"age":137,"angle":-1.991258978843689,"type":2,"va":-8.906665802001953,"vx":0.5550680160522461,"vy":-4.325191020965576,"x":9.42407512664795,"y":-1.9443897008895874},{"age":61,"angle":-0.29181981086730957,"type":2,"va":2.3361032009124756,"vx":-0.9061824083328247,"vy":-2.5126030445098877,"x":9.756484031677246,"y":-1.4796453714370728},{"age":17,"angle":1.992720365524292e-2,"type":2,"va":-0.3683059811592102,"vx":4.2931728065013885e-2,"vy":-0.8331212401390076,"x":9.590779304504395,"y":-3.9519499987363815e-2}],"widgets":{"1":{"angle":0,"key":"1","va":0,"vx":0,"vy":0,"x":2.240000009536743,"y":-14.34000015258789},"10":{"angle":3.1330394744873047,"key":"10","va":0,"vx":0,"vy":0,"x":11.579999923706055,"y":-5.099999904632568},"11":{"angle":-3.1048381328582764,"key":"11","va":0,"vx":0,"vy":0,"x":11.880000114440918,"y":-5.639999866485596},"12":{"angle":-3.0891051292419434,"key":"12","va":0,"vx":0,"vy":0,"x":11.960000038146973,"y":-6.239999771118164},"13":{"angle":-3.035506248474121,"key":"13","va":0,"vx":0,"vy":0,"x":12.100000381469727,"y":-6.880000114440918},"14":{"angle":3.1167469024658203,"key":"14","va":0,"vx":0,"vy":0,"x":12,"y":-7.559999942779541},"15":{"angle":2.725621461868286,"key":"15","va":0,"vx":0,"vy":0,"x":11.579999923706055,"y":-8.300000190734863},"16":{"angle":2.2818121910095215,"key":"16","va":0,"vx":0,"vy":0,"x":11,"y":-8.819999694824219},"17":{"angle":1.7440592870116234e-2,"key":"17","va":0,"vx":0,"vy":0,"x":10.800000190734863,"y":-9.119999885559082},"18":{"angle":-3.126685857772827,"key":"18","va":0,"vx":0,"vy":0,"x":8.84000015258789,"y":-9.199999809265137},"19":{"angle":1.2422780990600586,"key":"19","va":0,"vx":0,"vy":0,"x":8.5,"y":-8.760000228881836},"2":{"angle":0,"key":"2","va":0,"vx":0,"vy":0,"x":2.259999990463257,"y":-14.34000015258789},"20":{"angle":0.6329360604286194,"key":"20","va":0,"vx":0,"vy":0,"x":7.940000057220459,"y":-8.420000076293945},"21":{"angle":0.32976171374320984,"key":"21","va":0,"vx":0,"vy":0,"x":7.360000133514404,"y":-7.28000020980835},"22":{"angle":0,"key":"22","va":0,"vx":0,"vy":0,"x":7.199999809265137,"y":-6.619999885559082},"23":{"angle":0,"key":"23","va":0,"vx":0,"vy":0,"x":7.179999828338623,"y":-5.980000019073486},"24":{"angle":0,"key":"24","va":0,"vx":0,"vy":0,"x":7.5,"y":-5.260000228881836},"25":{"angle":0,"key":"25","va":0,"vx":0,"vy":0,"x":7.880000114440918,