{"puzzle":{"reqTiles":["Up"],"inputs":[{"x":0.8,"y":0.0,"balls":[{"type":2,"rate":0.5559895833333334}]},{"x":1.0,"y":0.65,"balls":[{"type":3,"rate":0.40625}]}],"outputs":[{"x":0.65,"y":1.0,"balls":[{"type":3,"rate":0.5}]},{"x":1.0,"y":0.8,"balls":[{"type":2,"rate":0.5559895833333334}]}],"spec":{}},"blueprint":{"puzzle":"492c21d2-2526-585b-8daf-aeb4a2af774f","title":"closed source","submittedAt":"2024-04-10T14:10:48.728234973Z","widgets":{"32":{"angle":-3.151068974983869,"sticker":"determinism","type":"sticker","x":353,"y":686.3248567},"1":{"angle":-4.154801517365735e-2,"type":"board","x":640.202,"y":505},"33":{"angle":-3.138456931449927,"sticker":"determinism","type":"sticker","x":212,"y":686.7760503},"2":{"angle":-4.2374258829937776e-2,"type":"board","x":475,"y":513},"34":{"angle":-3.1367878268666893,"sticker":"determinism","type":"sticker","x":71.7538006,"y":686.6570885},"3":{"angle":-5.575122194491126e-2,"type":"board","x":302,"y":524},"35":{"angle":0,"sticker":"determinism","type":"sticker","x":71.5,"y":487},"36":{"angle":0,"sticker":"determinism","type":"sticker","x":71.5,"y":546},"5":{"angle":-3.8442590021188244e-2,"type":"board","x":132,"y":536},"37":{"angle":0,"sticker":"determinism","type":"sticker","x":668.5,"y":495},"6":{"angle":1.5711720648341123,"type":"board","x":9.0328684,"y":538},"38":{"angle":0,"sticker":"determinism","type":"sticker","x":668.5,"y":608},"7":{"angle":-1.3944178666455163,"type":"fan","x":41.0416525,"y":710.2846415},"39":{"angle":0,"sticker":"determinism","type":"sticker","x":490,"y":608},"8":{"angle":-1.3772072477447537,"type":"fan","x":144,"y":704.593046},"40":{"angle":0,"sticker":"determinism","type":"sticker","x":350,"y":492},"41":{"angle":0,"sticker":"determinism","type":"sticker","x":211,"y":489},"11":{"angle":-1.3069781565134653,"type":"fan","x":230,"y":707.534239},"12":{"angle":0,"type":"board","x":355,"y":632},"13":{"angle":0,"type":"board","x":498,"y":633},"14":{"angle":-0.14545575844238026,"type":"board","x":652.119513,"y":628},"46":{"angle":0,"sticker":"determinism","type":"sticker","x":668.5,"y":552},"15":{"angle":0.30602567116891755,"type":"board","x":653.853986,"y":538},"47":{"angle":0,"sticker":"determinism","type":"sticker","x":629,"y":608},"16":{"angle":-0.26404180271555494,"type":"fan","x":537,"y":666},"48":{"angle":0,"sticker":"determinism","type":"sticker","x":490,"y":495},"17":{"angle":0.24118368134086166,"type":"board","x":87.9571525,"y":636},"49":{"angle":0,"sticker":"determinism","type":"sticker","x":490,"y":551},"18":{"angle":0.2789387107975118,"type":"board","x":244,"y":678},"50":{"angle":0,"sticker":"determinism","type":"sticker","x":349,"y":550},"19":{"angle":0.20010457089156342,"type":"board","x":357,"y":713.787036},"51":{"angle":0,"sticker":"determinism","type":"sticker","x":350,"y":608},"20":{"angle":-1.5497221637983818,"type":"brick","x":500,"y":682},"52":{"angle":0,"sticker":"determinism","type":"sticker","x":211,"y":546},"21":{"angle":0,"sticker":"determinism","type":"sticker","x":211,"y":605},"53":{"angle":0,"sticker":"determinism","type":"sticker","x":630,"y":550},"22":{"angle":0,"sticker":"determinism","type":"sticker","x":71.5,"y":605},"54":{"angle":0,"sticker":"determinism","type":"sticker","x":630,"y":493},"23":{"angle":0,"sticker":"determinism","type":"sticker","x":668.5,"y":665},"24":{"angle":0,"sticker":"determinism","type":"sticker","x":632,"y":664},"25":{"angle":0,"sticker":"determinism","type":"sticker","x":493,"y":664},"26":{"angle":0,"sticker":"determinism","type":"sticker","x":351,"y":664},"27":{"angle":0,"sticker":"determinism","type":"sticker","x":210,"y":663},"28":{"angle":0,"sticker":"determinism","type":"sticker","x":71.5,"y":664},"29":{"angle":-3.1478069702799405,"sticker":"determinism","type":"sticker","x":668.1720213,"y":686.5567124},"30":{"angle":-3.151555703555894,"sticker":"determinism","type":"sticker","x":632,"y":686.2903155},"31":{"angle":-3.150125339430741,"sticker":"determinism","type":"sticker","x":494,"y":686.3918414}}},"snapshot":{"balls":[{"age":919,"angle":-0.1547386795282364,"type":2,"va":4.106520652770996,"vx":4.558536052703857,"vy":1.8148491382598877,"x":4.943070411682129,"y":-11.917354583740234},{"age":829,"angle":-0.9645869731903076,"type":2,"va":2.993764877319336,"vx":3.630105972290039,"vy":1.355185866355896,"x":3.707505941390991,"y":-11.412999153137207},{"age":730,"angle":1.282956838607788,"type":3,"va":-9.405661582946777,"vx":1.4543778896331787,"vy":-0.3275221288204193,"x":1.1050348281860352,"y":-12.210390090942383},{"age":702,"angle":-1.9108299016952515,"type":2,"va":-20.17906379699707,"vx":2.805596351623535,"vy":1.89900803565979,"x":8.921284675598145,"y":-11.880345344543457},{"age":558,"angle":-1.8898779153823853,"type":3,"va":11.38789176940918,"vx":-1.7969022989273071,"vy":-6.236971169710159e-2,"x":2.254518985748291,"y":-10.396315574645996},{"age":575,"angle":-1.424251675605774,"type":2,"va":5.765564441680908,"vx":-1.4965215921401978,"vy":1.5090681612491608e-2,"x":1.8311065435409546,"y":-10.412182807922363},{"age":512,"angle":-1.7176529169082642,"type":2,"va":6.802562713623047,"vx":-1.512802004814148,"vy":2.2585175931453705e-2,"x":1.3536441326141357,"y":-10.430225372314453},{"age":414,"angle":0.1847996562719345,"type":3,"va":15.35092830657959,"vx":-2.4246129989624023,"vy":-0.16228802502155304,"x":5.082345485687256,"y":-10.194823265075684},{"age":400,"angle":1.3319602012634277,"type":2,"va":10.823187828063965,"vx":-1.7229602336883545,"vy":-0.49868738651275635,"x":9.12299633026123,"y":-9.885135650634766},{"age":316,"angle":2.3523826599121094,"type":2,"va":-1.8649699687957764,"vx":0.4268653094768524,"vy":-0.2210245132446289,"x":4.103235721588135,"y":-10.270779609680176},{"age":211,"angle":0.5091285705566406,"type":3,"va":8.6718168258667,"vx":-1.3734323978424072,"vy":-5.709181725978851e-2,"x":11.795331001281738,"y":-9.803298950195312},{"age":207,"angle":1.9500876665115356,"type":2,"va":-9.297560691833496,"vx":0.8007436394691467,"vy":7.629169523715973e-2,"x":14.15734577178955,"y":-8.661598205566406},{"age":135,"angle":-2.7258198261260986,"type":2,"va":2.9175713062286377,"vx":-0.7554488778114319,"vy":2.7033329010009766,"x":11.34747314453125,"y":-6.059552192687988},{"age":78,"angle":-2.572336196899414,"type":2,"va":-3.7331135272979736,"vx":0.17244209349155426,"vy":-8.87563705444336,"x":11.95373821258545,"y":-4.080708980560303},{"age":22,"angle":0.25655224919319153,"type":2,"va":1.068791151046753,"vx":5.0711095333099365e-2,"vy":-1.317113995552063,"x":11.839677810668945,"y":-0.14107900857925415}],"widgets":{}}}