{"puzzle":{"reqTiles":["Up","Left"],"inputs":[{"x":0.2,"y":0.0,"balls":[{"type":4,"rate":1.0}]},{"x":0.0,"y":0.2,"balls":[{"type":3,"rate":1.0}]}],"outputs":[{"x":0.2,"y":1.0,"balls":[{"type":3,"rate":1.0}]},{"x":0.0,"y":0.65,"balls":[{"type":4,"rate":1.0}]}],"spec":{}},"blueprint":{"puzzle":"6c9ec6fd-28c4-5158-b2cd-300d757ba97e","title":"sortery","submittedAt":"2024-04-11T18:30:02.244466109Z","widgets":{"0":{"angle":0.20499339916159462,"type":"board","x":87.5,"y":184},"32":{"angle":1.4891158855781477,"type":"anvil","x":100,"y":680},"64":{"angle":-2.631028081164828,"type":"fan","x":542,"y":441},"33":{"angle":-2.5511699065952484,"type":"anvil","x":380,"y":568},"65":{"angle":-0.7360307552507628,"type":"brick","x":583,"y":428},"34":{"angle":2.205401250033317,"type":"anvil","x":413,"y":563},"66":{"angle":1.2134652590032504,"type":"board","x":438,"y":86},"35":{"angle":0.5855949035451781,"type":"anvil","x":410,"y":532},"67":{"angle":0.8127941141223688,"type":"fan","x":262,"y":104},"36":{"angle":-0.9058953937433029,"type":"anvil","x":374,"y":538},"68":{"angle":-0.4330235629942902,"type":"board","x":327,"y":50},"5":{"angle":0.19091849153323984,"type":"board","x":294,"y":222},"37":{"angle":1.1922698128674132,"type":"anvil","x":387,"y":549},"69":{"angle":0,"type":"brick","x":706,"y":400},"38":{"angle":-1.385798140255075,"type":"anvil","x":400,"y":542},"70":{"angle":-0.3661441952911472,"type":"brick","x":703.420447,"y":304},"39":{"angle":3.34919238392126,"type":"anvil","x":384,"y":546},"71":{"angle":-0.20625861444028645,"type":"leftbumper","x":664,"y":351},"8":{"angle":0.49844419186762456,"type":"fan","x":38.5679345,"y":98},"40":{"angle":0.18067773203937493,"type":"anvil","x":405,"y":555},"9":{"angle":-1.436434343863129,"type":"board","x":182,"y":652.0830155},"41":{"angle":1.631944489444198,"type":"anvil","x":384,"y":558},"42":{"angle":1.7202681246226357,"type":"anvil","x":394,"y":555},"11":{"angle":-0.1884352261820461,"type":"board","x":338,"y":411},"12":{"angle":-0.24497866312686423,"type":"board","x":262,"y":428},"44":{"angle":0.47606933032276133,"sticker":"figure1-happy","type":"sticker","x":335,"y":641},"13":{"angle":-2.7103366644951636,"type":"fan","x":242,"y":548},"45":{"angle":2.1825232918507704,"type":"fan","x":444,"y":487},"14":{"angle":0.12118633731626902,"type":"brick","x":187,"y":207},"46":{"angle":2.1359102907109024,"type":"fan","x":422,"y":477},"15":{"angle":0.30441492838341894,"type":"board","x":447,"y":261},"47":{"angle":2.2804522718714106,"type":"fan","x":462,"y":504},"16":{"angle":-0.8218483705184902,"type":"board","x":66.1676915,"y":70.213346},"48":{"angle":0.4627401682335492,"type":"brick","x":299,"y":711},"17":{"angle":4.466617925829641e-3,"type":"board","x":492,"y":397},"49":{"angle":-0.37796831082567434,"type":"brick","x":257,"y":715},"50":{"angle":0,"type":"brick","x":300,"y":726.5},"19":{"angle":0,"type":"board","x":599,"y":396},"51":{"angle":0,"type":"brick","x":247,"y":726.5},"52":{"angle":-0.5751749626503354,"type":"board","x":144,"y":253},"21":{"angle":0.8861172015279402,"type":"fan","x":481,"y":181},"53":{"angle":-3.0929039997074055,"type":"fan","x":688,"y":368},"22":{"angle":1.6836283153633833,"type":"board","x":70.5,"y":374},"54":{"angle":1.7112463138363505,"type":"cushion","x":69,"y":395},"23":{"angle":-1.682622144058533,"type":"fan","x":54,"y":712.4620435},"55":{"angle":1.737207402096176,"type":"cushion","x":80,"y":329},"24":{"angle":0,"type":"brick","x":35,"y":447},"56":{"angle":-0.5858550430573858,"type":"cushion","x":178,"y":232},"57":{"angle":-0.583888334521621,"type":"cushion","x":112,"y":274},"26":{"angle":-0.9110350031001669,"type":"fan","x":67,"y":698.446957},"58":{"angle":-3.717736587346657,"type":"fan","x":425,"y":276},"27":{"angle":-2.315676137713997,"type":"fan","x":220,"y":697.302916},"59":{"angle":0.5950482461431198,"catMass":2,"type":"catswat","x":399,"y":552},"60":{"angle":0,"sticker":"figure2-sad","type":"sticker","x":565,"y":670.5},"29":{"angle":1.550511899089446,"type":"brick","x":194,"y":473},"61":{"angle":-1.3734007669450166,"type":"brick","x":482,"y":457},"62":{"angle":-0.3847265244832676,"type":"brick","x":459,"y":439},"31":{"angle":0.8836608647516857,"type":"board","x":62.4610315,"y":567},"63":{"angle":0,"type":"brick","x":491,"y":416}}},"snapshot":{"balls":[{"age":381,"angle":-2.510889768600464,"type":4,"va":8.982025146484375,"vx":-1.1788315773010254,"vy":-1.998550534248352,"x":8.700284957885742,"y":-3.275083065032959},{"age":278,"angle":-1.9319580793380737,"type":3,"va":-41.969478607177734,"vx":-27.504493713378906,"vy":1.6885777711868286,"x":12.042393684387207,"y":-6.774484634399414},{"age":300,"angle":1.5760347843170166,"type":4,"va":18.593454360961914,"vx":-12.212296485900879,"vy":-4.666977882385254,"x":3.625271797180176,"y":-7.867955684661865},{"age":211,"angle":-2.8828015327453613,"type":3,"va":-35.79021072387695,"vx":5.4277520179748535,"vy":-1.7866389751434326,"x":9.790916442871094,"y":-5.1340012550354},{"age":231,"angle":1.4981133937835693,"type":4,"va":12.067763328552246,"vx":-0.33792728185653687,"vy":-2.0795860290527344,"x":0.7833465337753296,"y":-9.893463134765625},{"age":140,"angle":-2.8755481243133545,"type":3,"va":-23.3594913482666,"vx":3.7132272720336914,"vy":-0.5603529214859009,"x":3.4058837890625,"y":-3.6681950092315674},{"age":158,"angle":1.6130106449127197,"type":4,"va":-92.15491485595703,"vx":-5.616182327270508,"vy":10.489587783813477,"x":12.687257766723633,"y":-6.188033580780029},{"age":105,"angle":0.542636513710022,"type":3,"va":-15.996590614318848,"vx":2.511445999145508,"vy":-0.5630660653114319,"x":1.7202022075653076,"y":-3.328416585922241},{"age":104,"angle":2.4770989418029785,"type":4,"va":-59.625003814697266,"vx":10.111680030822754,"vy":-2.010711431503296,"x":7.753215312957764,"y":-4.270213603973389},{"age":65,"angle":-2.71650767326355,"type":3,"va":-4.383805751800537,"vx":0.6830728650093079,"vy":-0.14202028512954712,"x":0.39149898290634155,"y":-3.051717519760132},{"age":25,"angle":0.5389354228973389,"type":4,"va":-3.6309056282043457,"vx":0.23001126945018768,"vy":-0.8254609107971191,"x":2.9329545497894287,"y":-3.449426218867302e-2}],"widgets":{"59":{"angle":-0.5950483083724976,"key":"59","va":0,"vx":0,"vy":0,"x":7.980000019073486,"y":-11.039999961853027}}}}