{"puzzle":{"reqTiles":["Up"],"inputs":[{"x":0.8,"y":0.0,"balls":[{"type":1,"rate":0.70068359375}]}],"outputs":[{"x":0.5,"y":1.0,"balls":[{"type":1,"rate":0.70068359375}]}],"spec":{}},"blueprint":{"puzzle":"0c9c176d-1171-5b0b-814b-e622e3db6b32","title":"Spherical Harmonics","submittedAt":"2024-04-18T11:42:10.808051064Z","widgets":{"0":{"angle":-17.4492410613396,"type":"fan","x":281,"y":142},"32":{"angle":2.079583656522007,"type":"brick","x":75,"y":268},"1":{"angle":-1.5704505243673725,"type":"fan","x":278.245,"y":652},"33":{"angle":1.9134399432144094,"type":"brick","x":51,"y":329},"2":{"angle":1.5680406410683618,"type":"fan","x":356.554,"y":137},"34":{"angle":1.6510899491452053,"type":"brick","x":42,"y":390},"3":{"angle":4.2504985815120575,"type":"fan","x":483,"y":636},"35":{"angle":1.4046358493226065,"type":"brick","x":47,"y":452},"4":{"angle":4.646311394444326,"type":"fan","x":409.986,"y":651.621},"36":{"angle":1.2875179015195708,"type":"brick","x":61,"y":515},"5":{"angle":-1.3205136230026238,"type":"fan","x":206,"y":643},"37":{"angle":1.0395629413988081,"type":"brick","x":86,"y":574},"6":{"angle":2.5157320186026033,"type":"board","x":569,"y":129},"38":{"angle":0.7330487069470546,"type":"brick","x":131,"y":622},"7":{"angle":-0.8027734893672014,"type":"fan","x":136,"y":607},"39":{"angle":0.517407860656691,"type":"brick","x":181,"y":656},"8":{"angle":4.0069553608527215,"type":"fan","x":545,"y":597},"40":{"angle":1.24877566954328,"type":"brick","x":629,"y":297},"9":{"angle":1.1962207319871998,"type":"fan","x":213,"y":165},"41":{"angle":1.4724381213572812,"type":"brick","x":642,"y":361},"10":{"angle":-0.5339451792643389,"type":"fan","x":91,"y":549},"42":{"angle":1.7660719604126078,"type":"brick","x":638,"y":484},"11":{"angle":3.613685419023259,"type":"fan","x":593,"y":544},"43":{"angle":1.56573161143196,"type":"brick","x":646,"y":426},"12":{"angle":-0.2019624495663424,"type":"fan","x":65,"y":481},"44":{"angle":0,"type":"brick","x":397,"y":121},"13":{"angle":3.36180045394166,"type":"fan","x":618,"y":475},"45":{"angle":0,"type":"brick","x":331,"y":120},"14":{"angle":0,"type":"fan","x":56,"y":407},"46":{"angle":-0.19449186347149983,"type":"brick","x":272,"y":127},"15":{"angle":0.5541577283428534,"type":"fan","x":99,"y":267},"47":{"angle":1.0890636999200494,"type":"brick","x":506,"y":702},"16":{"angle":0.3848090313862921,"type":"fan","x":68,"y":334},"48":{"angle":-1.2661119044446358,"type":"brick","x":190,"y":703.51608},"17":{"angle":0.8348954299291695,"type":"fan","x":146,"y":209},"49":{"angle":0.8862925705562847,"type":"brick","x":573,"y":184},"18":{"angle":3.0826446340669045,"type":"fan","x":624,"y":397},"50":{"angle":1.1046069995323784,"type":"brick","x":606,"y":238},"19":{"angle":2.3173239264346988,"type":"fan","x":535,"y":193},"51":{"angle":0,"speed":25,"type":"spokedwheel","x":347,"y":401.6548},"20":{"angle":2.9034631984268637,"type":"fan","x":612,"y":324},"52":{"angle":-1.052698607663328,"type":"prism","x":337,"y":651},"21":{"angle":2.5585916489442218,"type":"fan","x":583,"y":249},"22":{"angle":0.8148597033982188,"type":"brick","x":301,"y":706.0000055},"54":{"height":10,"type":"repulsor","width":150,"x":345,"y":401},"23":{"angle":-1.2124621071128217,"type":"brick","x":429,"y":703.4249595},"55":{"angle":-0.8251383488180902,"type":"board","x":497,"y":70.38727},"24":{"angle":0.20161867511356807,"type":"brick","x":241,"y":672},"56":{"angle":1.4818756824175985,"type":"brick","x":632,"y":39},"25":{"angle":-0.531614463203894,"type":"brick","x":480,"y":666},"26":{"angle":-1.218899470734981,"type":"brick","x":616,"y":546},"27":{"angle":-0.8947626096261351,"type":"brick","x":586,"y":598},"28":{"angle":-0.5010418194806894,"type":"brick","x":537,"y":637},"29":{"angle":-0.36840349823121454,"type":"brick","x":215,"y":145},"30":{"angle":-0.6040484973207983,"type":"brick","x":161,"y":175},"31":{"angle":2.3146926828347985,"type":"brick","x":113,"y":218}}},"snapshot":{"balls":[{"age":1318,"angle":0.8679209351539612,"type":1,"va":-16.52794075012207,"vx":6.465140342712402,"vy":-4.2131147384643555,"x":9.247995376586914,"y":-8.168292045593262},{"age":512,"angle":-1.424859642982483,"type":1,"va":20.1768798828125,"vx":-1.581583023071289,"vy":-1.474161148071289,"x":9.5733003616333,"y":-8.621111869812012},{"age":442,"angle":-1.5875754356384277,"type":1,"va":7.114105701446533,"vx":4.83575963973999,"vy":-5.534828186035156,"x":9.433366775512695,"y":-8.436196327209473},{"age":335,"angle":-1.6495847702026367,"type":1,"va":34.951873779296875,"vx":0.13393744826316833,"vy":-2.03114652633667,"x":9.75031852722168,"y":-5.322578430175781},{"age":268,"angle":2.12021541595459,"type":1,"va":20.871307373046875,"vx":-4.117731094360352,"vy":-8.30267333984375,"x":8.221965789794922,"y":-5.710193157196045},{"age":145,"angle":2.1323747634887695,"type":1,"va":18.740558624267578,"vx":-2.401282548904419,"vy":-3.149030923843384,"x":9.40238094329834,"y":-3.6970436573028564},{"age":27,"angle":0.6006656289100647,"type":1,"va":-1.4361481666564941,"vx":-7.773929834365845e-2,"vy":-0.894024670124054,"x":11.806047439575195,"y":-6.0177579522132874e-2}],"widgets":{"51":{"angle":6.990364193916321e-2,"key":"51","va":0,"vx":0,"vy":0,"x":6.940000057220459,"y":-8.033096313476562}}}}