{"puzzle":{"reqTiles":["Up","Left"],"inputs":[{"x":0.5,"y":0.0,"balls":[{"type":3,"rate":0.564453125}]},{"x":0.0,"y":0.5,"balls":[{"type":2,"rate":0.26906331380208337}]}],"outputs":[{"x":0.2,"y":1.0,"balls":[{"type":2,"rate":0.26906331380208337}]},{"x":0.0,"y":0.35,"balls":[{"type":3,"rate":0.5791015625}]}],"spec":{}},"blueprint":{"puzzle":"6292f24e-b0c1-5cdd-a697-1ccaf442ee21","title":"Marvelous Queen","submittedAt":"2024-05-01T06:46:40.146568614Z","widgets":{"0":{"angle":3.162668041273761,"catMass":2,"type":"catswat","x":400,"y":282},"32":{"angle":0.7853981633974483,"catMass":2,"type":"catswat","x":263,"y":69},"1":{"angle":4.174869921082498,"catMass":2,"type":"catswat","x":370,"y":319},"33":{"angle":1.1953988615460756,"catMass":2,"type":"catswat","x":108,"y":137},"2":{"angle":-1.9040145288082992,"catMass":2,"type":"catswat","x":328,"y":339},"34":{"angle":1.1430921351164496,"catMass":2,"type":"catswat","x":151,"y":127},"3":{"angle":-1.8758876639079278,"catMass":2,"type":"catswat","x":282,"y":351},"35":{"angle":1.0128540645761797,"catMass":2,"type":"catswat","x":193,"y":109},"4":{"angle":-1.5959826755656765,"catMass":2,"type":"catswat","x":88,"y":368},"36":{"angle":1.0584068664841588,"catMass":2,"type":"catswat","x":229,"y":87},"5":{"angle":-1.5947902271763938,"catMass":2,"type":"catswat","x":136,"y":369},"6":{"angle":-1.7706471605605256,"catMass":2,"type":"catswat","x":235,"y":364},"38":{"type":"roundbumper","x":37,"y":678},"7":{"angle":-1.6207092387975144,"catMass":2,"type":"catswat","x":185,"y":369},"39":{"type":"roundbumper","x":306,"y":449},"8":{"angle":-3.099191507724605,"catMass":2,"type":"catswat","x":419,"y":235},"40":{"type":"roundbumper","x":355,"y":541},"9":{"angle":-3.1653707920344676,"catMass":2,"type":"catswat","x":431,"y":187},"41":{"type":"roundbumper","x":400,"y":635},"10":{"angle":-3.16727134082723,"catMass":2,"type":"catswat","x":440,"y":140},"42":{"type":"roundbumper","x":411,"y":711},"43":{"height":10,"type":"repulsor","width":150,"x":407,"y":399},"12":{"angle":0,"catMass":2,"type":"catswat","x":36.5,"y":347},"44":{"height":10,"type":"repulsor","width":150,"x":487,"y":547},"45":{"height":10,"type":"repulsor","width":150,"x":523,"y":665},"46":{"height":10,"type":"repulsor","width":150,"x":422,"y":450},"47":{"height":10,"type":"repulsor","width":150,"x":462,"y":496},"48":{"height":10,"type":"repulsor","width":150,"x":502,"y":602},"49":{"angle":0.8885790078035181,"type":"cushion","x":392,"y":381},"18":{"angle":-3.0876919847954456,"catMass":2,"type":"catswat","x":449,"y":94},"50":{"angle":1.0309840319550172,"type":"cushion","x":430,"y":443},"19":{"angle":-3.2071622403847275,"catMass":2,"type":"catswat","x":453,"y":47},"51":{"angle":0.9685089806599332,"type":"cushion","x":468,"y":506},"52":{"angle":1.3061150157216463,"type":"cushion","x":490,"y":576},"21":{"angle":0.33846110025009263,"type":"board","x":88.5,"y":307},"53":{"angle":1.375809873103452,"type":"cushion","x":507,"y":657},"22":{"angle":-1.544733408012297,"catMass":2,"type":"catswat","x":50,"y":363},"54":{"angle":1.5163347433243122,"type":"cushion","x":516,"y":697.9993264},"28":{"angle":-2.7492924973427955,"type":"fan","x":111,"y":290},"29":{"angle":0.5680635862785877,"catMass":2,"type":"catswat","x":303,"y":37.9487465},"30":{"angle":1.5948834455534484,"catMass":2,"type":"catswat","x":23.8242556,"y":157},"31":{"angle":1.162928358820986,"catMass":2,"type":"catswat","x":67,"y":152}}},"snapshot":{"balls":[{"age":1746,"angle":2.784050703048706,"type":2,"va":-17.35554313659668,"vx":4.511769771575928,"vy":-4.237723350524902e-2,"x":1.305469036102295,"y":-14.621779441833496},{"age":1777,"angle":-0.8840098977088928,"type":3,"va":-0.1660621464252472,"vx":-2.2154340520501137e-2,"vy":1.0594889521598816e-2,"x":1.379260540008545,"y":-5.643580436706543},{"age":1610,"angle":2.047724485397339,"type":3,"va":0,"vx":0,"vy":0,"x":3.711859703063965,"y":-7.1854352951049805},{"age":1548,"angle":-2.812549352645874,"type":3,"va":0.17061984539031982,"vx":-5.829115957021713e-2,"vy":2.2619735449552536e-2,"x":0.7283838391304016,"y":-5.414412498474121},{"age":1308,"angle":2.4247806072235107,"type":3,"va":0.32846906781196594,"vx":-5.183938890695572e-2,"vy":5.002468824386597e-4,"x":1.2962418794631958,"y":-5.336179733276367},{"age":857,"angle":-1.6906547546386719,"type":3,"va":0.17703381180763245,"vx":-6.318612396717072e-2,"vy":2.4663126096129417e-2,"x":1.0390745401382446,"y":-5.523980140686035},{"age":775,"angle":1.034628987312317,"type":2,"va":-105.98480224609375,"vx":12.93303394317627,"vy":12.119044303894043,"x":4.4077935218811035,"y":-12.473014831542969},{"age":703,"angle":2.7455735206604004,"type":3,"va":-0.241139754652977,"vx":-5.465765669941902e-2,"vy":1.8316073343157768e-2,"x":0.9744016528129578,"y":-5.212187767028809},{"age":512,"angle":0.1861228197813034,"type":3,"va":18.514423370361328,"vx":3.9240684509277344,"vy":9.155691146850586,"x":2.715669870376587,"y":-4.195760726928711},{"age":404,"angle":1.3340675830841064,"type":2,"va":17.036582946777344,"vx":1.743609070777893,"vy":-3.7714085578918457,"x":1.2590117454528809,"y":-11.225968360900879},{"age":384,"angle":1.7838213443756104,"type":3,"va":57.52339553833008,"vx":-15.55904483795166,"vy":-0.40343379974365234,"x":0.23385334014892578,"y":-4.164914608001709},{"age":261,"angle":0.25908422470092773,"type":2,"va":-4.454880952835083e-2,"vx":1.6854785680770874,"vy":-1.024166226387024,"x":3.845559597015381,"y":-13.587956428527832},{"age":273,"angle":1.9232192039489746,"type":3,"va":-32.53787612915039,"vx":-4.144813537597656,"vy":5.41453218460083,"x":2.86206316947937,"y":-4.52632999420166},{"age":170,"angle":0.38033583760261536,"type":3,"va":31.324310302734375,"vx":-0.866915225982666,"vy":10.32400894165039,"x":4.5538411140441895,"y":-6.437623500823975},{"age":62,"angle":-2.8694889545440674,"type":3,"va":3.630100727081299,"vx":3.0912957154214382e-3,"vy":-8.967819213867188,"x":7.399837493896484,"y":-4.193658351898193}],"widgets":{"0":{"angle":3.1205174922943115,"key":"0","va":0,"vx":0,"vy":0,"x":8,"y":-5.639999866485596},"1":{"angle":2.1083152294158936,"key":"1","va":0,"vx":0,"vy":0,"x":7.400000095367432,"y":-6.380000114440918},"10":{"angle":-3.1159141063690186,"key":"10","va":0,"vx":0,"vy":0,"x":8.800000190734863,"y":-2.799999952316284},"12":{"angle":0,"key":"12","va":0,"vx":0,"vy":0,"x":0.7300000190734863,"y":-6.940000057220459},"18":{"angle":3.0876920223236084,"key":"18","va":0,"vx":0,"vy":0,"x":8.979999542236328,"y":-1.8799999952316284},"19":{"angle":-3.0760233402252197,"key":"19","va":0,"vx":0,"vy":0,"x":9.0600004196167,"y":-0.9399999976158142},"2":{"angle":1.9040144681930542,"key":"2","va":0,"vx":0,"vy":0,"x":6.559999942779541,"y":-6.78000020980835},"22":{"angle":1.5447334051132202,"key":"22","va":0,"vx":0,"vy":0,"x":1,"y":-7.260000228881836},"29":{"angle":-0.5680635571479797,"key":"29","va":0,"vx":0,"vy":0,"x":6.059999942779541,"y":-0.7589749097824097},"3":{"angle":1.8758875131607056,"key":"3","va":0,"vx":0,"vy":0,"x":5.639999866485596,"y":-7.019999980926514},"30":{"angle":-1.5948833227157593,"key":"30","va":0,"vx":0,"vy":0,"x":0.47648510336875916,"y":-3.140000104904175},"31":{"angle":-1.1629283428192139,"key":"31","va":0,"vx":0,"vy":0,"x":1.340000033378601,"y":-3.0399999618530273},"32":{"angle":-0.7853981852531433,"key":"32","va":0,"vx":0,"vy":0,"x":5.260000228881836,"y":-1.3799999952316284},"33":{"angle":-1.1953988075256348,"key":"33","va":0,"vx":0,"vy":0,"x":2.1600000858306885,"y":-2.740000009536743},"34":{"angle":-1.143092155456543,"key":"34","va":0,"vx":0,"vy":0,"x":3.0199999809265137,"y":-2.5399999618530273},"35":{"angle":-1.0128540992736816,"key":"35","va":0,"vx":0,"vy":0,"x":3.859999895095825,"y":-2.180000066757202},"36":{"angle":-1.0584067106246948,"key":"36","va":0,"vx":0,"vy":0,"x":4.579999923706055,"y":-1.7400000095367432},"4":{"angle":1.595982551574707,"key":"4","va":0,"vx":0,"vy":0,"x":1.7599999904632568,"y":-7.360000133514404},"5":{"angle":1.5947901010513306,"key":"5","va":0,"vx":0,"vy":0,"x":2.7200000286102295,"y":-7.380000114440918},