{"puzzle":{"reqTiles":["Up"],"inputs":[{"x":0.8,"y":0.0,"balls":[{"type":4,"rate":1.0}]},{"x":1.0,"y":0.2,"balls":[{"type":2,"rate":1.0}]}],"outputs":[{"x":0.8,"y":1.0,"balls":[{"type":2,"rate":1.0}]},{"x":1.0,"y":0.8,"balls":[{"type":4,"rate":1.0}]}],"spec":{}},"blueprint":{"puzzle":"844d7fdf-c0f8-519e-94f7-79f4e31544d1","title":"backyard particle accelerator","submittedAt":"2024-04-06T20:57:41.078375103Z","widgets":{"32":{"angle":2.7453513208377514,"type":"fan","x":567,"y":91},"64":{"angle":-0.2194150787576068,"type":"board","x":87.3610965,"y":531},"33":{"angle":3.2977140398996068,"type":"fan","x":574,"y":199},"65":{"angle":-9.373778450449512e-2,"type":"board","x":358,"y":92},"34":{"angle":2.6016427977511265,"type":"fan","x":511,"y":98},"66":{"angle":5.558413230933817,"type":"anvil","x":165,"y":206},"35":{"angle":-3.1612905859414187,"type":"fan","x":534,"y":203},"67":{"angle":0,"type":"rightbumper","x":184,"y":246},"36":{"angle":2.6396034914787183,"type":"fan","x":466,"y":106},"37":{"angle":3.205415769516204,"type":"fan","x":492,"y":214},"69":{"angle":0.40785394488179616,"type":"sword","x":667.548353,"y":588},"38":{"angle":2.4751304376892542,"type":"fan","x":415,"y":113},"70":{"angle":0.11726408437144094,"sticker":"knievel","type":"sticker","x":537,"y":384},"39":{"angle":2.437590015846004,"type":"fan","x":387,"y":119},"71":{"angle":0,"sticker":"determinism","type":"sticker","x":198,"y":687},"40":{"angle":2.8924032886221775,"type":"fan","x":461,"y":215},"72":{"angle":0,"sticker":"figure1-happy","type":"sticker","x":80,"y":673},"41":{"angle":2.3556681035793545,"type":"fan","x":346,"y":140},"42":{"angle":2.1558132704242423,"type":"fan","x":311,"y":158},"43":{"angle":1.9730670767755045,"type":"fan","x":265,"y":183},"44":{"angle":1.7479073214454122,"type":"fan","x":235,"y":201},"45":{"angle":0.9151110181283175,"type":"brick","x":178,"y":539},"46":{"angle":0.13057816784882284,"type":"brick","x":533,"y":465},"15":{"angle":0,"type":"board","x":648,"y":126},"47":{"angle":-2.513096073742979,"type":"prism","x":380,"y":564},"16":{"angle":0,"type":"board","x":650,"y":163},"48":{"angle":-1.5919283087653393,"type":"board","x":616,"y":646.705},"17":{"angle":-0.1815414381196405,"type":"board","x":479,"y":141},"18":{"angle":-0.17077229153008616,"type":"board","x":485,"y":178},"50":{"angle":0.6779498952658777,"type":"board","x":264,"y":616},"19":{"angle":-0.5238910371182883,"type":"board","x":318,"y":198},"51":{"angle":0.2943717974226869,"type":"board","x":411,"y":696},"20":{"angle":-0.5346493595748744,"type":"board","x":333,"y":236},"52":{"angle":0.11522252173028943,"type":"board","x":474,"y":720.999979},"21":{"angle":1.7602350581844184,"type":"board","x":247,"y":360},"22":{"angle":1.758109200500374,"type":"board","x":208.5,"y":348},"23":{"angle":-0.872367178729308,"type":"brick","x":226,"y":253},"24":{"angle":2.8177272202548904,"type":"fan","x":705.7879805,"y":92},"56":{"angle":0,"type":"leftbumper","x":672,"y":47.5},"25":{"angle":-2.868855785491997,"type":"fan","x":707.2673305,"y":198},"26":{"angle":2.8346385259102727,"type":"fan","x":688,"y":90},"58":{"angle":-0.11481611969729127,"type":"board","x":583,"y":63},"27":{"angle":-2.871887173906906,"type":"fan","x":683,"y":199},"59":{"angle":1.5670414431326554,"type":"board","x":77,"y":236},"28":{"angle":2.849427784034967,"type":"fan","x":657,"y":91},"60":{"angle":1.57314619192137,"type":"board","x":113,"y":305},"29":{"angle":-2.848103036660013,"type":"fan","x":655,"y":198},"61":{"angle":1.5805253964800492,"type":"board","x":75.5,"y":403},"30":{"angle":2.7762557391587213,"type":"fan","x":618,"y":94},"62":{"angle":2.861009386427904,"type":"fan","x":298,"y":128.2289},"31":{"angle":-2.860885964308026,"type":"fan","x":619,"y":199},"63":{"type":"roundbumper","x":61,"y":519}}},"snapshot":{"balls":[{"age":1376,"angle":-0.9235462546348572,"type":4,"va":-4.300845623016357,"vx":-2.7727024629712105e-2,"vy":-4.179111957550049,"x":1.8963629007339478,"y":-7.074793815612793},{"age":29,"angle":2.5556697845458984,"type":4,"va":-3.3029367923736572,"vx":1.704045295715332,"vy":0.22793598473072052,"x":14.767694473266602,"y":-11.867574691772461},{"age":1137,"angle":2.034564971923828,"type":4,"va":-10.32254409790039,"vx":25.810955047607422,"vy":5.584071636199951,"x":5.291845798492432,"y":-9.30649185180664},{"age":1078,"angle":-0.28272950649261475,"type":4,"va":-4.412467956542969,"vx":1.0066419839859009,"vy":-0.5594658851623535,"x":13.513873100280762,"y":-11.166976928710938},{"age":1035,"angle":2.9198477268218994,"type":4,"va":0.7523148655891418,"vx":-0.9371296167373657,"vy":-3.646986961364746,"x":13.278252601623535,"y":-10.151896476745605},{"age":979,"angle":1.8401075601577759,"type":4,"va":2.9690840244293213,"vx":-0.4593302011489868,"vy":-4.318344593048096e-2,"x":6.112083435058594,"y":-1.5983835458755493},{"age":901,"angle":-3.1415884494781494,"type":4,"va":-10.988621711730957,"vx":0.18648628890514374,"vy":-2.995079755783081,"x":1.9050042629241943,"y":-5.222678184509277},{"age":841,"angle":2.109020709991455,"type":4,"va":-6.456615924835205,"vx":-3.166343927383423,"vy":-0.17980694770812988,"x":1.9541802406311035,"y":-3.797396659851074},{"age":787,"angle":4.805548116564751e-2,"type":4,"va":3.022921562194824,"vx":-0.46769198775291443,"vy":-4.396986961364746e-2,"x":5.714102745056152,"y":-1.6358013153076172},{"age":721,"angle":1.947372555732727,"type":4,"va":11.69323444366455,"vx":-4.571282863616943,"vy":-2.8345232009887695,"x":4.592278957366943,"y":-2.068927049636841},{"age":656,"angle":-2.6946380138397217,"type":4,"va":3.02360200881958,"vx":-0.4676892161369324,"vy":-4.396960511803627e-2,"x":5.396069049835205,"y":-1.6657006740570068},{"age":610,"angle":-1.8454290628433228,"type":4,"va":3.2225420475006104,"vx":0.885425865650177,"vy":-0.5102957487106323,"x":10.909250259399414,"y":-0.44696885347366333},{"age":546,"angle":-2.4128379821777344,"type":4,"va":2.9607901573181152,"vx":-0.45793214440345764,"vy":-4.3051980435848236e-2,"x":6.434044361114502,"y":-1.5681146383285522},{"age":486,"angle":0.5584279298782349,"type":2,"va":10.734317779541016,"vx":-1.1851208209991455,"vy":1.3713507652282715,"x":10.163366317749023,"y":-13.37794303894043},{"age":474,"angle":2.3525571823120117,"type":4,"va":3.720595359802246,"vx":-0.564231812953949,"vy":-6.506962329149246e-2,"x":10.666000366210938,"y":-1.0343873500823975},{"age":414,"angle":-2.629483461380005,"type":4,"va":-8.913424491882324,"vx":0.13923494517803192,"vy":-0.36666324734687805,"x":10.813669204711914,"y":-0.7540092468261719},{"age":323,"angle":2.9564220905303955,"type":2,"va":-10.360562324523926,"vx":1.5689209699630737,"vy":-0.4756639897823334,"x":9.31130599975586,"y":-13.89736270904541},{"age":299,"angle":-2.583889961242676,"type":2,"va":-7.154690265655518,"vx":1.7614985704421997,"vy":2.2678415775299072,"x":7.824313640594482,"y":-13.335905075073242},{"age":335,"angle":2.5481603145599365,"type":4,"va":26.185760498046875,"vx":-3.700948476791382,"vy":2.99656343460083,"x":9.554664611816406,"y":-1.2641175985336304},{"age":276,"angle":-0.23428557813167572,"type":2,"va":-25.55764389038086,"vx":-3.0858778953552246,"vy":1.522582769393921,"x":11.948479652404785,"y":-14.289751052856445},{"age":288,"angle":-0.6257897615432739,"type":4,"va":1.6908684968948364,"vx":-0.26115718483924866,"vy":-3.0117783695459366e-2,"x":11.444417953491211,"y":-0.9441140294075012},{"age":198,"angle":-0.8132885694503784,"type":2,"va":13.25749397277832,"vx":-3.1208252906799316,"vy":2.223442792892456,"x":11.825576782226562,"y":-13.973808288574219},{"age":214,"angle":-3.0417797565460205,"type":4,"va":1.666248083114624,"vx":-0.25792938470840454,"vy":-2.9744582250714302e-2,"x":11.03213882446289,"y":-0.9916827082633972},{"age":151,"angle":3.087583303451538,"type":2,"va":-118.29191589355469,"vx":-2.5581130981445312,"vy":-28.999759674072266,"x":4.359724998474121,"y":-8.420851707458496},{"age":179,"angle":2.254645347595215,"type":4,"va":3.55759334564209,"vx":-0.5490835309028625,"vy":-6.33234903216362e-2,"x":10.119792938232422,