{"puzzle":{"reqTiles":["Up"],"inputs":[{"x":0.5,"y":0.0,"balls":[{"type":2,"rate":0.5}]}],"outputs":[{"x":0.35,"y":1.0,"balls":[{"type":2,"rate":0.5}]}],"spec":{}},"blueprint":{"puzzle":"927a29ab-e8de-51c1-ba7a-6ea195edd579","title":"woodhammer 40000","submittedAt":"2024-04-07T02:00:40.302413698Z","widgets":{"0":{"angle":4.323883948115432,"type":"hammer","x":179,"y":511},"1":{"angle":-0.6550398104409643,"type":"hammer","x":356,"y":545},"2":{"angle":1.7313186904803675,"type":"board","x":406,"y":412},"3":{"angle":-1.7542942408122393,"type":"board","x":218,"y":652.3268075},"4":{"angle":-1.3563345349282585,"type":"board","x":297,"y":652.5891395}}},"snapshot":{"balls":[{"age":1554,"angle":4.2226310819387436e-2,"type":2,"va":1.2314772605895996,"vx":-0.19622814655303955,"vy":6.984919309616089e-10,"x":1.1835116147994995,"y":-14.621313095092773},{"age":12,"angle":-2.8106865882873535,"type":2,"va":0.9447501301765442,"vx":-1.166743878275156e-2,"vy":-0.5246484875679016,"x":5.180770397186279,"y":-14.672513008117676},{"age":184,"angle":-2.484245777130127,"type":2,"va":32.98765182495117,"vx":3.2427937984466553,"vy":4.5392125844955444e-2,"x":5.677914619445801,"y":-8.032109260559082},{"age":26,"angle":0.6132632493972778,"type":2,"va":2.5011746883392334,"vx":3.8152776658535004e-2,"vy":-2.199735403060913,"x":7.4002461433410645,"y":-0.3347202241420746}],"widgets":{}}}