{"puzzle":{"reqTiles":["Up"],"inputs":[{"x":0.2,"y":0.0,"balls":[{"type":4,"rate":0.833251953125}]},{"x":1.0,"y":0.35,"balls":[{"type":3,"rate":0.6826934814453125}]}],"outputs":[{"x":0.65,"y":1.0,"balls":[{"type":3,"rate":0.679534912109375}]},{"x":1.0,"y":0.2,"balls":[{"type":4,"rate":0.833251953125}]}],"spec":{}},"blueprint":{"puzzle":"22ee7920-d4de-526d-8d84-3da77a00d1e9","title":"Killer Buns","submittedAt":"2024-05-20T00:32:04.770935133Z","widgets":{"32":{"angle":0,"type":"board","x":110.5,"y":280},"1":{"angle":-4.78882347270402,"type":"sword","x":485.334,"y":556.9},"33":{"angle":0,"sticker":"figure2-sad","type":"sticker","x":579,"y":208},"2":{"angle":0,"sticker":"figure1-happy","type":"sticker","x":48,"y":581},"34":{"angle":0.15953238718088714,"sticker":"kingbun","type":"sticker","x":94,"y":576},"35":{"angle":0.22739979714549402,"sticker":"kingbun","type":"sticker","x":136,"y":584},"4":{"angle":4.440605304172243e-3,"sticker":"figure3-sad","type":"sticker","x":467,"y":213},"36":{"angle":0.1453993318747928,"sticker":"kingbun","type":"sticker","x":114,"y":581},"37":{"angle":0,"type":"board","x":639,"y":657},"6":{"angle":-2.9556875190786127,"type":"sword","x":82.393,"y":593.792},"38":{"angle":-1.5795480840184057,"type":"board","x":695,"y":591},"7":{"angle":0,"sticker":"figure3-happy","type":"sticker","x":99,"y":223},"39":{"angle":-1.5849941091568092,"type":"board","x":350,"y":192},"8":{"angle":0,"sticker":"figure2-sad","type":"sticker","x":189,"y":206},"40":{"angle":0,"type":"board","x":87.5,"y":281},"9":{"angle":0,"sticker":"kingbun","type":"sticker","x":160,"y":218},"41":{"angle":0,"type":"board","x":443,"y":280},"10":{"angle":3.868313813431603e-2,"type":"board","x":611,"y":72},"42":{"angle":0,"type":"board","x":87.5,"y":653},"11":{"angle":3.9965340506368054e-2,"type":"board","x":554,"y":66},"43":{"angle":0,"type":"board","x":132,"y":655},"12":{"angle":7.61105e-2,"type":"board","x":403,"y":55},"44":{"angle":0,"type":"board","x":298,"y":656},"13":{"angle":2.833484088134276e-2,"type":"board","x":248,"y":45},"45":{"angle":0,"type":"board","x":389,"y":656},"14":{"angle":6.1401774053282794e-2,"type":"board","x":87.8870604,"y":35},"46":{"angle":-1.5837781453440827,"type":"board","x":196,"y":494},"15":{"angle":6.74356490731448e-2,"type":"brick","x":108,"y":25},"47":{"angle":-1.5795487101281047,"type":"board","x":195,"y":364},"16":{"angle":0,"type":"fan","x":79,"y":37.5},"48":{"angle":-1.5661809850456154,"type":"board","x":703,"y":247},"17":{"angle":-0.19253950876821097,"type":"board","x":652.395862,"y":439.283},"49":{"angle":-1.5734599119640904,"type":"board","x":351,"y":159},"50":{"angle":-1.568003554396936,"type":"board","x":453,"y":572},"19":{"angle":-1.540193682953993,"type":"brick","x":682,"y":103},"51":{"angle":-1.575731470042473,"type":"board","x":455,"y":540},"20":{"angle":-2.3043549137286488,"type":"brick","x":702,"y":156},"52":{"angle":-1.5819655137744506,"type":"board","x":454,"y":371},"21":{"angle":0,"type":"fan","x":115,"y":37.5},"53":{"angle":-1.5708393098797864,"type":"board","x":197,"y":576},"22":{"angle":0,"type":"fan","x":96,"y":37.5},"54":{"angle":0,"sticker":"figure3-sad","type":"sticker","x":266,"y":581},"23":{"angle":-4.681037838796724e-2,"type":"board","x":652.1749461,"y":723.031},"55":{"angle":0,"sticker":"figure2-sad","type":"sticker","x":370,"y":579},"24":{"angle":-2.5208448225192182e-2,"type":"board","x":600,"y":728.8030526},"56":{"angle":3.692392604502322,"sticker":"figure2-sad","type":"sticker","x":514,"y":581},"25":{"angle":0,"type":"board","x":87.5,"y":77},"57":{"angle":-1.3344605269579464,"sticker":"figure3-happy","type":"sticker","x":621,"y":611},"26":{"angle":0,"type":"board","x":257,"y":77},"58":{"angle":-0.2427520883461434,"type":"anvil","x":582,"y":619},"27":{"angle":0,"type":"board","x":426,"y":77},"59":{"angle":1.3080637977880587,"type":"sword","x":498,"y":524},"28":{"angle":0,"type":"board","x":594,"y":77},"29":{"angle":-1.559692740146387,"type":"board","x":696,"y":516},"61":{"angle":1.432297699924438,"type":"sword","x":625,"y":577},"30":{"angle":0,"type":"board","x":611,"y":280},"31":{"angle":0,"type":"board","x":276,"y":280},"63":{"angle":0.3699747788554575,"type":"board","x":378,"y":699.9749808}}},"snapshot":{"balls":[{"age":395,"angle":-0.5342836976051331,"type":3,"va":11.59866714477539,"vx":-1.7786362171173096,"vy":-5.672445774078369,"x":9.602569580078125,"y":-13.612494468688965},{"age":303,"angle":-0.10995679348707199,"type":3,"va":-4.091267108917236,"vx":-0.14211326837539673,"vy":-2.1377758979797363,"x":11.415619850158691,"y":-11.686317443847656},{"age":31,"angle":0.192102313041687,"type":4,"va":3.13657283782959,"vx":0.32780691981315613,"vy":-0.7524133920669556,"x":14.797550201416016,"y":-2.993597984313965},{"age":196,"angle":-0.3191162049770355,"type":3,"va":14.983104705810547,"vx":-2.3304221630096436,"vy":-0.48703712224960327,"x":12.602995872497559,"y":-8.527891159057617},{"age":161,"angle":-0.9807625412940979,"type":4,"va":-6.671051979064941,"vx":-0.7636739015579224,"vy":-1.651615023612976,"x":14.499601364135742,"y":-1.5873390436172485},{"age":81,"angle":2.797544479370117,"type":3,"va":1.9736411571502686,"vx":-6.518358737230301e-2,"vy":-0.7344123721122742,"x":14.364469528198242,"y":-5.622222423553467},{"age":72,"angle":1.1808080673217773,"type":4,"va":0.14072830975055695,"vx":6.638857841491699,"vy":-0.1495879590511322,"x":3.4756171703338623,"y":-0.46498000621795654}],"widgets":{}}}