{"puzzle":{"reqTiles":["Up"],"inputs":[{"x":0.8,"y":0.0,"balls":[{"type":1,"rate":0.70068359375}]}],"outputs":[{"x":0.35,"y":1.0,"balls":[{"type":1,"rate":0.72119140625}]}],"spec":{}},"blueprint":{"puzzle":"8fc1b27b-c6c8-5f7a-b326-713fbb3e1ddf","title":"Non-Relativistic Baseball","submittedAt":"2024-05-10T22:28:36.310098933Z","widgets":{"0":{"angle":0,"type":"lefthook","x":543.396,"y":527.058},"32":{"angle":0,"sticker":"figure2-happy","type":"sticker","x":136,"y":478},"1":{"angle":1.5720824562973932,"type":"rightbumper","x":444,"y":502},"33":{"angle":0,"type":"cup","x":171,"y":27},"2":{"angle":-1.5528785609630213,"type":"rightbumper","x":458,"y":584},"34":{"angle":0,"type":"cup","x":92,"y":75},"3":{"angle":0.7707621368765911,"type":"brick","x":685.756,"y":377},"35":{"angle":0,"type":"cup","x":85,"y":410},"4":{"angle":0.7032321135902772,"type":"brick","x":274,"y":405},"36":{"angle":0,"type":"cup","x":21,"y":334},"5":{"angle":0.724706787578526,"type":"brick","x":472,"y":207},"40":{"angle":0,"type":"brick","x":34,"y":608},"9":{"angle":0.7064666022133466,"type":"brick","x":496,"y":177},"41":{"angle":0,"type":"brick","x":98,"y":608},"10":{"angle":0.7171303257442089,"type":"brick","x":484,"y":192},"42":{"angle":0,"sticker":"figure3-happy","type":"sticker","x":68.5,"y":686.5},"11":{"angle":0.7422917972102198,"type":"brick","x":660,"y":405},"43":{"angle":0,"sticker":"figure3-happy","type":"sticker","x":52.5,"y":686.5},"12":{"angle":0.7296567706966586,"type":"brick","x":672,"y":391},"44":{"angle":0,"sticker":"knievel","type":"sticker","x":472,"y":505},"13":{"angle":0.7142849271299014,"type":"brick","x":299,"y":376},"45":{"angle":0,"sticker":"figure3-sad","type":"sticker","x":170,"y":671.5},"14":{"angle":0.7165496783439891,"type":"brick","x":284,"y":392},"46":{"angle":0,"type":"ballstand","x":677,"y":692.5},"15":{"angle":0,"type":"board","x":447.5,"y":10},"17":{"angle":2.7880634588875064,"type":"board","x":298,"y":38.7368755},"18":{"angle":2.5159206947273685,"type":"board","x":163,"y":110},"19":{"angle":2.238736629251902,"type":"board","x":61.260766,"y":207},"20":{"angle":0.7561051320867654,"type":"board","x":79,"y":328},"21":{"angle":0.7745117441664101,"type":"board","x":196,"y":444},"22":{"angle":0.7315425428317099,"type":"board","x":313,"y":555},"23":{"angle":2.4634872276570543,"type":"board","x":666.2123665,"y":561},"24":{"angle":2.741209264157252,"type":"board","x":531,"y":640},"25":{"angle":2.875228264405685,"type":"board","x":376,"y":694},"26":{"angle":1.5666965977554832,"type":"brick","x":202,"y":704},"29":{"angle":0,"sticker":"figure1-happy","type":"sticker","x":39,"y":139},"30":{"angle":0,"sticker":"figure2-happy","type":"sticker","x":114,"y":72.5},"31":{"angle":0,"sticker":"figure1-happy","type":"sticker","x":51,"y":411}}},"snapshot":{"balls":[{"age":669,"angle":2.0089869499206543,"type":1,"va":15.789939880371094,"vx":-2.4131600856781006,"vy":-0.6911285519599915,"x":8.220020294189453,"y":-13.33850383758545},{"age":550,"angle":2.1703500747680664,"type":1,"va":7.490871429443359,"vx":-1.0954090356826782,"vy":-0.4636344015598297,"x":9.072918891906738,"y":-13.087285041809082},{"age":317,"angle":-2.4697675704956055,"type":1,"va":10.574128150939941,"vx":-2.5692641735076904,"vy":-1.288500428199768,"x":7.802804470062256,"y":-13.455838203430176},{"age":229,"angle":0.16068752110004425,"type":1,"va":-15.288655281066895,"vx":1.9002357497811317e-2,"vy":-7.901935279369354e-2,"x":8.999443054199219,"y":-12.71215534210205},{"age":122,"angle":-0.2577116787433624,"type":1,"va":-25.651390075683594,"vx":0.8150720596313477,"vy":-14.676006317138672,"x":6.690417289733887,"y":-1.7465640306472778},{"age":69,"angle":-2.7277839183807373,"type":1,"va":3.2247495651245117,"vx":-1.2390907853841782e-2,"vy":-10.135210990905762,"x":11.827228546142578,"y":-5.331961631774902}],"widgets":{"0":{"angle":8.88635516166687e-2,"key":"0","va":18.390037536621094,"vx":0,"vy":0,"x":10.870919227600098,"y":-10.450303077697754}}}}