{"puzzle":{"reqTiles":["Up"],"inputs":[{"x":0.35,"y":0.0,"balls":[{"type":4,"rate":0.83203125}]},{"x":1.0,"y":0.2,"balls":[{"type":3,"rate":0.5791015625}]}],"outputs":[{"x":0.8,"y":1.0,"balls":[{"type":3,"rate":0.5791015625}]},{"x":1.0,"y":0.65,"balls":[{"type":4,"rate":0.83203125}]}],"spec":{}},"blueprint":{"puzzle":"1524c18c-f853-5047-b059-c7849c81f8ba","title":"Redundant x3 w/recycle","submittedAt":"2024-05-01T16:08:03.864783264Z","widgets":{"0":{"angle":0,"type":"anvil","x":693.5,"y":191.411438},"32":{"angle":0.26660710481529937,"type":"cushion","x":44.68894,"y":443.3016245},"1":{"angle":1.5847559482545994,"type":"board","x":202.1165466,"y":379.3294678},"2":{"angle":1.5888000169143681,"type":"board","x":308.0425623,"y":367.3341724},"3":{"angle":0.4287640386790915,"type":"board","x":274.0666089,"y":501.9431099},"4":{"angle":-0.27370901691009536,"type":"board","x":447.2800313,"y":476.6205947},"5":{"type":"roundbumper","x":351.3462974,"y":557.2520469},"6":{"angle":-0.23351603067085128,"type":"board","x":429.9579072,"y":535.9281245},"7":{"type":"roundbumper","x":363.3489224,"y":480.6825635},"8":{"angle":0.30476363423117314,"type":"brick","x":325.3639526,"y":457.9622803},"9":{"type":"roundbumper","x":387.3216248,"y":558.5846558},"10":{"angle":0.1559949672383608,"type":"anvil","x":690.1805745,"y":513.9369531},"11":{"type":"roundbumper","x":387.9876099,"y":479.2858276},"12":{"type":"roundbumper","x":429.958313,"y":551.9212036},"13":{"type":"roundbumper","x":420.6315002,"y":473.9550781},"14":{"angle":-0.634890776772155,"type":"fan","x":467.265625,"y":587.9055786},"15":{"angle":4.078825110985175,"type":"fan","x":693.8662817,"y":607.8972031},"17":{"angle":1.4912836970632308,"type":"cushion","x":717.3050156,"y":395.3222656},"18":{"angle":1.5132391651809862,"type":"cushion","x":718.1737506,"y":320.0214844},"19":{"angle":3.4150705518300795,"type":"fan","x":520.5624536,"y":697.5466855},"20":{"angle":-0.5001280555840921,"type":"board","x":499.9100166,"y":653.4914854},"21":{"angle":0,"type":"board","x":388.6536255,"y":683.8632813},"22":{"angle":0,"type":"board","x":250.083313,"y":684.5299072},"23":{"angle":0,"catMass":2,"type":"catswat","x":34.5,"y":717},"24":{"angle":1.623240021651343,"type":"board","x":314.0384216,"y":205.4042969},"25":{"angle":3.1548918954336553,"type":"fan","x":716.003363,"y":557.9179688},"26":{"angle":4.653858273057832,"type":"fan","x":194.1226714,"y":702.2638457},"27":{"angle":0.835536574194575,"type":"board","x":71.3642938,"y":586.572},"28":{"angle":-1.0657880641414221,"type":"fan","x":62.8809624,"y":618.5606572},"29":{"angle":1.4310234579623842,"type":"board","x":87.5285656,"y":524.598313},"30":{"angle":-0.7952522857579016,"type":"fan","x":43.2289675,"y":470.6222036},"31":{"angle":2.3678158206116446,"type":"anvil","x":689.268616,"y":689.621947}}},"snapshot":{"balls":[{"age":1531,"angle":0.11284805089235306,"type":3,"va":0,"vx":0,"vy":0,"x":10.299458503723145,"y":-14.62130355834961},{"age":919,"angle":-2.3516129702329636e-2,"type":3,"va":0,"vx":0,"vy":0,"x":10.632281303405762,"y":-14.621301651000977},{"age":400,"angle":-0.9160569310188293,"type":4,"va":28.901226043701172,"vx":0.3075423836708069,"vy":0.732128918170929,"x":13.938809394836426,"y":-9.412694931030273},{"age":275,"angle":1.1547147035598755,"type":3,"va":5.795198917388916,"vx":-1.0025277137756348,"vy":-14.508996963500977,"x":11.62050724029541,"y":-14.24773120880127},{"age":303,"angle":-0.9619473218917847,"type":4,"va":-14.801104545593262,"vx":-0.14987044036388397,"vy":-0.12403158843517303,"x":13.793916702270508,"y":-7.880272388458252},{"age":223,"angle":-0.9849259853363037,"type":4,"va":-11.823343276977539,"vx":1.6582130193710327,"vy":-0.7667509913444519,"x":6.925168514251709,"y":-10.326964378356934},{"age":141,"angle":-2.221432685852051,"type":3,"va":4.23058557510376,"vx":-0.6731995940208435,"vy":0,"x":13.368706703186035,"y":-3.1696503162384033},{"age":145,"angle":-1.4493377208709717,"type":4,"va":-0.8164839148521423,"vx":7.734481245279312e-2,"vy":-4.726141929626465,"x":5.120499610900879,"y":-7.555116653442383},{"age":77,"angle":-0.24460050463676453,"type":4,"va":-4.037361964583397e-2,"vx":0.1153174340724945,"vy":-3.8624274730682373,"x":5.340368747711182,"y":-2.109300374984741}],"widgets":{"23":{"angle":0,"key":"23","va":0,"vx":0,"vy":0,"x":0.6899999976158142,"y":-14.34000015258789}}}}