{"puzzle":{"reqTiles":["Up"],"inputs":[{"x":0.65,"y":0.0,"balls":[{"type":3,"rate":1.0}]}],"outputs":[{"x":0.8,"y":1.0,"balls":[{"type":3,"rate":1.0}]}],"spec":{}},"blueprint":{"puzzle":"e6317c47-514b-55fb-b6be-39b7ba98eff0","title":"Over Complication","submittedAt":"2024-04-06T22:57:30.919172896Z","widgets":{"0":{"angle":0.8011230466251722,"type":"board","x":493,"y":670.899816},"1":{"angle":-0.824738885265941,"type":"board","x":674.0001235,"y":667.634},"2":{"angle":0.3002572501613896,"type":"board","x":356,"y":585},"3":{"angle":0,"type":"rightbumper","x":229,"y":195},"4":{"type":"roundbumper","x":476,"y":221},"5":{"angle":0.31561566203876573,"type":"board","x":220,"y":541},"6":{"angle":0.2572851689278584,"type":"board","x":86.909954,"y":500},"7":{"angle":0,"type":"leftbumper","x":624,"y":119},"8":{"angle":0,"sticker":"figure2-sad","type":"sticker","x":303,"y":670.5},"9":{"angle":0,"sticker":"figure1-sad","type":"sticker","x":66,"y":676.5},"10":{"angle":0,"sticker":"determinism","type":"sticker","x":180,"y":687}}},"snapshot":{"balls":[{"age":250,"angle":1.6378085613250732,"type":3,"va":-3.2054238319396973,"vx":0.41797417402267456,"vy":-0.43133237957954407,"x":9.429686546325684,"y":-12.487165451049805},{"age":208,"angle":1.2535055875778198,"type":3,"va":21.35679054260254,"vx":0.5813230872154236,"vy":-0.6190178394317627,"x":9.747797966003418,"y":-12.807814598083496},{"age":167,"angle":-1.146472454071045,"type":3,"va":-2.333305597305298,"vx":0.911612868309021,"vy":-14.614456176757812,"x":11.692904472351074,"y":-11.293140411376953},{"age":79,"angle":-2.778773784637451,"type":3,"va":-3.4632976055145264,"vx":6.16600227355957,"vy":24.684734344482422,"x":10.443007469177246,"y":-0.4456653594970703}],"widgets":{}}}