{"puzzle":{"reqTiles":["Up","Left"],"inputs":[{"x":0.8,"y":0.0,"balls":[{"type":1,"rate":0.875}]},{"x":0.0,"y":0.8,"balls":[{"type":4,"rate":1.0}]}],"outputs":[{"x":0.8,"y":1.0,"balls":[{"type":4,"rate":1.0}]},{"x":0.0,"y":0.35,"balls":[{"type":1,"rate":0.875}]}],"spec":{}},"blueprint":{"puzzle":"247ef354-a448-53e5-9141-0b03ab681865","title":"ziggity","submittedAt":"2024-04-09T16:02:07.082518829Z","widgets":{"0":{"angle":0,"type":"board","x":293,"y":148},"32":{"angle":0,"type":"fan","x":23.5,"y":321},"64":{"angle":0,"type":"board","x":615,"y":213},"1":{"angle":0,"type":"board","x":123,"y":147},"2":{"angle":0,"type":"board","x":178.5,"y":79},"34":{"angle":1.120611878177718,"type":"leftbumper","x":385,"y":686},"3":{"angle":0,"type":"board","x":125,"y":25},"35":{"angle":1.087022635807522,"type":"leftbumper","x":294,"y":689},"4":{"angle":0,"type":"board","x":294,"y":24},"36":{"angle":1.1670030931133406,"type":"leftbumper","x":197,"y":685},"5":{"angle":0,"type":"board","x":465,"y":24},"37":{"angle":0.892690528451774,"type":"brick","x":143,"y":652},"6":{"angle":0.3217402856639065,"type":"rightbumper","x":41.583591,"y":89},"38":{"angle":0.8190263920435902,"type":"brick","x":309,"y":644},"7":{"angle":0,"type":"board","x":528,"y":210},"39":{"angle":0.8169865069948332,"type":"brick","x":268,"y":595},"8":{"angle":0,"type":"board","x":457,"y":148},"40":{"angle":0,"type":"fan","x":296,"y":251},"9":{"angle":0,"type":"board","x":495,"y":80},"10":{"angle":0,"type":"board","x":336,"y":79},"11":{"angle":0,"type":"leftbumper","x":605,"y":47.5},"12":{"angle":-0.3571918571667561,"type":"leftbumper","x":697.1591665,"y":157},"13":{"angle":-1.329415120698914,"type":"board","x":461,"y":439},"14":{"angle":-0.5273151893129977,"type":"board","x":80.1430225,"y":254},"15":{"angle":0,"type":"board","x":210,"y":212},"16":{"angle":0,"type":"board","x":366,"y":212},"17":{"angle":0.7239591109786504,"type":"brick","x":671,"y":104},"18":{"angle":-0.8078260524514377,"type":"brick","x":60,"y":44},"50":{"angle":1.9160603809475307,"type":"fan","x":696.7595675,"y":215},"19":{"angle":1.0374544723145669,"type":"leftbumper","x":96,"y":688},"20":{"angle":0.7705526346746688,"type":"brick","x":33.799066,"y":654},"21":{"angle":-1.3362263015008649,"type":"board","x":426,"y":594},"53":{"angle":2.285483593617555,"type":"cushion","x":650,"y":696.2528525},"22":{"angle":-1.3652634863622397,"type":"board","x":344,"y":442},"54":{"angle":1.7239560278280575,"type":"cushion","x":676,"y":626},"23":{"angle":-2.1286176389459546,"type":"board","x":317,"y":291},"55":{"angle":1.4273586477816635,"type":"cushion","x":687,"y":546},"24":{"angle":-1.5077376040545347,"type":"board","x":254,"y":440},"56":{"angle":0.8862368231402833,"type":"cushion","x":506,"y":642},"25":{"angle":-1.4833907284314634,"type":"board","x":247,"y":585},"57":{"angle":1.1832107799157048,"type":"cushion","x":539,"y":694.671113},"26":{"angle":1.6426248749983223,"type":"board","x":182,"y":477},"58":{"angle":0.42432007084653134,"type":"board","x":525,"y":247},"27":{"angle":1.6148800988784797,"type":"board","x":187,"y":307},"59":{"angle":1.371511206558491,"type":"cushion","x":677,"y":465},"28":{"angle":1.613489499343612,"type":"board","x":124,"y":418},"60":{"angle":1.082726592201762,"type":"cushion","x":656,"y":391},"29":{"angle":-1.52866993480987,"type":"board","x":61,"y":391},"61":{"angle":0.8323435116588568,"type":"cushion","x":462,"y":593},"30":{"angle":-1.5889772934016597,"type":"board","x":121,"y":581},"62":{"angle":1.058430785065304,"type":"cushion","x":624,"y":317},"31":{"angle":-1.5372988653890116,"type":"board","x":57,"y":529},"63":{"angle":0,"type":"board","x":541,"y":148}}},"snapshot":{"balls":[{"age":16,"angle":-1.5940204858779907,"type":4,"va":-0.17303869128227234,"vx":-0.23194089531898499,"vy":-0.6738864779472351,"x":11.809480667114258,"y":-14.687520027160645},{"age":628,"angle":-2.3246207237243652,"type":4,"va":22.482439041137695,"vx":0.952102780342102,"vy":-4.98183536529541,"x":11.305697441101074,"y":-9.658467292785645},{"age":562,"angle":-0.18792124092578888,"type":4,"va":-11.898384094238281,"vx":1.0685222148895264,"vy":-2.974668264389038,"x":6.8657379150390625,"y":-12.75381851196289},{"age":576,"angle":-0.6624054312705994,"type":1,"va":18.04427146911621,"vx":-4.179440498352051,"vy":-3.880313038825989e-2,"x":6.251489162445068,"y":-3.901965618133545},{"age":515,"angle":0.36637046933174133,"type":4,"va":1.8443844318389893,"vx":4.378400802612305,"vy":12.78186321258545,"x":7.86482048034668,"y":-6.7483696937561035},{"age":490,"angle":-0.7060397863388062,"type":1,"va":3.205528974533081,"vx":-2.2493064403533936,"vy":-9.313225746154785e-10,"x":7.29354190826416,"y":-3.9013426303863525},{"age":422,"angle":-1.8390212059020996,"type":4,"va":-1.7507035732269287,"vx":-1.2100540399551392,"vy":-2.7764382362365723,"x":6.586565017700195,"y":-8.508804321289062},{"age":447,"angle":0.4507899284362793,"type":1,"va":6.102603912353516,"vx":-4.200623035430908,"vy":1.862645149230957e-9,"x":6.574801921844482,"y":-3.901463270187378},{"age":375,"angle":1.95164155960083,"type":4,"va":-3.1847758293151855,"vx":2.402698516845703,"vy":15.612972259521484,"x":4.5584259033203125,"y":-6.402780055999756},{"age":389,"angle":0.6363157033920288,"type":1,"va":1.3356040716171265,"vx":-0.6135861277580261,"vy":0.7949990630149841,"x":0.39855337142944336,"y":-5.284509658813477},{"age":327,"angle":-1.5835148096084595,"type":4,"va":15.626113891601562,"vx":0.6611315608024597,"vy":-1.7867987155914307,"x":3.186464309692383,"y":-12.190155029296875},{"age":302,"angle":2.3271374702453613,"type":4,"va":-4.481956481933594,"vx":1.2186094522476196,"vy":-4.415826320648193,"x":3.127537488937378,"y":-12.71103572845459},{"age":232,"angle":-0.6186192631721497,"type":4,"va":20.44017219543457,"vx":-0.17607653141021729,"vy":-3.1078648567199707,"x":3.2747719287872314,"y":-7.337100028991699},{"age":263,"angle":-2.9564900398254395,"type":1,"va":0.6665012836456299,"vx":0.15836775302886963,"vy":-0.8146505951881409,"x":0.36972442269325256,"y":-4.4269843101501465},{"age":206,"angle":-1.0073055028915405,"type":1,"va":81.68647766113281,"vx":-13.06982421875,"vy":-0.1364593803882599,"x":4.477773189544678,"y":-3.862029790878296},{"age":162,"angle":-3.1177334785461426,"type":4,"va":-6.763792037963867,"vx":8.656901359558105,"vy":11.748311042785645,"x":2.5283448696136475,"y":-5.3152995109558105},{"age":111,"angle":2.8674378395080566,"type":4,"va":-10.715160369873047,"vx":1.2040621042251587,"vy":-1.1688328981399536,"x":0.9490563273429871,"y":-12.747965812683105},{"age":105,"angle":-0.2915607988834381,"type":1,"va":-21.07620620727539,"vx":-6.966923713684082,"vy":-0.3924000859260559,"x":1.5435926914215088,"y":-1.2507801055908203},{"age":40,"angle":-2.491917610168457,"type":4,"va":4.1517438888549805,"vx":1.3735735416412354,"vy":3.420039638876915e-2,"x":0.13995136320590973,"y":-11.846735954284668},{"age":44,"angle":-2.840815782546997,"type":1,"va":-57.810340881347656,"vx":3.0778369903564453,"vy":-9.535551071166992,"x":11.283745765686035,"y":-0.8705949783325195}],"widgets":{}}}