{"puzzle":{"reqTiles":["Up"],"inputs":[{"x":0.8,"y":0.0,"balls":[{"type":1,"rate":1.0}]}],"outputs":[{"x":0.5,"y":1.0,"balls":[{"type":1,"rate":1.0}]}],"spec":{}},"blueprint":{"puzzle":"a44f8464-db42-5795-b43a-9d5ce79f5dce","title":"Large Hexagon Collider","submittedAt":"2024-04-06T22:17:50.629278499Z","widgets":{"0":{"angle":1.5728481847061138,"type":"brick","x":428,"y":705.972366},"32":{"angle":-1.1723899956696837,"type":"sword","x":428,"y":173},"1":{"angle":-1.5867382339513472,"type":"brick","x":309,"y":705.7891145},"33":{"angle":0,"sticker":"figure2-sad","type":"sticker","x":658,"y":670.5},"2":{"angle":0,"type":"leftbumper","x":454,"y":626},"34":{"angle":0,"type":"anvil","x":597,"y":713},"3":{"angle":2.0923957111994467,"type":"prism","x":381,"y":649},"4":{"angle":0,"type":"rightbumper","x":278,"y":622},"36":{"angle":0,"sticker":"knievel","type":"sticker","x":522,"y":669.5},"5":{"angle":1.0526870507323542,"type":"prism","x":432,"y":604},"6":{"angle":-3.1280116367389077,"type":"prism","x":319,"y":628},"7":{"angle":0,"type":"prism","x":422,"y":538},"8":{"angle":-2.0486544637377606,"type":"prism","x":309,"y":562},"9":{"angle":-1.0224889400509163,"type":"prism","x":359,"y":518},"10":{"angle":-3.045024756258281,"type":"leftbumper","x":283,"y":539},"11":{"angle":-3.1430307737371073,"type":"leftbumper","x":281,"y":353.540216},"12":{"angle":3.1297361037477027,"type":"rightbumper","x":457,"y":536},"13":{"angle":0,"type":"rightbumper","x":284,"y":453},"14":{"angle":2.0947445800655724,"type":"prism","x":381,"y":471},"15":{"angle":3.1504762183617223,"type":"prism","x":319,"y":446},"16":{"angle":1.0613629496732235,"type":"prism","x":432,"y":425},"17":{"angle":0,"type":"prism","x":421,"y":358},"18":{"angle":-2.0814213939788107,"type":"prism","x":306,"y":380},"19":{"angle":-1.049286638965254,"type":"prism","x":358,"y":337},"20":{"angle":1.58736930758555,"type":"fan","x":333,"y":283},"21":{"angle":1.5454744222850094,"type":"fan","x":385,"y":282},"23":{"angle":3.128058843080654,"type":"rightbumper","x":455,"y":354},"24":{"angle":-0.7297096963559424,"type":"board","x":543,"y":438},"25":{"angle":-0.5880843388591314,"type":"board","x":662.2066505,"y":347},"26":{"angle":0,"speed":25,"type":"spokedwheel","x":642.730834,"y":245},"27":{"angle":0,"sticker":"figure3-happy","type":"sticker","x":96,"y":226},"28":{"height":282,"type":"attractor","width":282,"x":155.5,"y":157},"29":{"angle":0,"sticker":"figure1-happy","type":"sticker","x":61,"y":667},"31":{"angle":-0.6207251971492804,"sticker":"squobject","type":"sticker","x":379,"y":239}}},"snapshot":{"balls":[{"age":1559,"angle":0.5363178849220276,"type":1,"va":1.1696661710739136,"vx":-0.18637894093990326,"vy":1.2223608791828156e-9,"x":3.3292770385742188,"y":-14.621312141418457},{"age":2,"angle":-0.36857497692108154,"type":1,"va":3.3185343742370605,"vx":-0.5308752059936523,"vy":-0.6759043335914612,"x":7.528109073638916,"y":-14.533321380615234},{"age":352,"angle":-1.3111913204193115,"type":1,"va":54.883914947509766,"vx":22.626285552978516,"vy":-7.136872291564941,"x":10.130176544189453,"y":-8.604414939880371},{"age":295,"angle":1.9808216094970703,"type":1,"va":-3.243805170059204,"vx":0.5282223224639893,"vy":-0.9789905548095703,"x":7.276585102081299,"y":-14.4950590133667},{"age":252,"angle":2.908529281616211,"type":1,"va":-2.7297253608703613,"vx":-0.6654680371284485,"vy":-1.0852762460708618,"x":6.93107271194458,"y":-14.272841453552246},{"age":171,"angle":1.8860317468643188,"type":1,"va":22.316864013671875,"vx":-2.5857579708099365,"vy":-7.7165117263793945,"x":6.7285614013671875,"y":-12.072912216186523},{"age":130,"angle":2.086548328399658,"type":1,"va":31.879478454589844,"vx":-3.5684030055999756,"vy":-2.311311721801758,"x":8.084447860717773,"y":-9.731768608093262},{"age":88,"angle":-0.5684964060783386,"type":1,"va":3.948896884918213,"vx":0.2469688355922699,"vy":-9.118977546691895,"x":11.889609336853027,"y":-6.83392333984375},{"age":29,"angle":7.087878882884979e-2,"type":1,"va":-1.0071765184402466,"vx":-0.30566102266311646,"vy":-1.0603642463684082,"x":11.854887008666992,"y":-0.1714489459991455}],"widgets":{"26":{"angle":-1.9633145332336426,"key":"26","va":6.685876369476318,"vx":0,"vy":0,"x":12.85461711883545,"y":-4.900000095367432}}}}