{"puzzle":{"reqTiles":["Up"],"inputs":[{"x":0.35,"y":0.0,"balls":[{"type":3,"rate":0.703125}]}],"outputs":[{"x":0.2,"y":1.0,"balls":[{"type":3,"rate":0.75}]}],"spec":{}},"blueprint":{"puzzle":"7aeb2c35-cb4c-5622-86f0-3a53d1e8d043","title":"waning creativity, 2024 - Digital","submittedAt":"2024-04-18T08:49:55.059460013Z","widgets":{"0":{"angle":1.3320701409005267,"type":"board","x":247,"y":87.146685},"32":{"angle":3.19611991759813,"type":"board","x":131.756,"y":81.717},"1":{"angle":0.8639538594790566,"type":"board","x":276,"y":147},"33":{"angle":2.605518408752961,"type":"board","x":92.903,"y":130.746},"2":{"angle":0.3241524082651685,"type":"board","x":337,"y":187},"34":{"angle":-1.1189962561503026,"type":"board","x":489,"y":516.831},"3":{"angle":-0.16288731492797612,"type":"board","x":406,"y":191},"35":{"angle":-0.9422318018207498,"type":"board","x":58.728448,"y":223},"4":{"angle":-0.13559596778030567,"type":"board","x":488,"y":140},"36":{"angle":-1.2312414793680806,"type":"board","x":55,"y":352},"37":{"angle":-1.4345186141367279,"type":"board","x":78,"y":461},"38":{"angle":1.0819460734701627,"type":"board","x":543,"y":614},"7":{"angle":0.41637043407383795,"type":"board","x":543,"y":143},"39":{"angle":-0.8219617066105075,"type":"board","x":452,"y":597},"8":{"angle":0.9937469388004889,"type":"board","x":608,"y":197},"40":{"angle":-0.5876381242411115,"type":"board","x":411,"y":645},"72":{"angle":-0.6934525879531741,"type":"board","x":418,"y":668.149},"9":{"angle":1.4774936481651446,"type":"board","x":629,"y":258},"41":{"angle":-0.37755953594199676,"type":"board","x":354,"y":686},"73":{"angle":-1.0784506843503994,"type":"board","x":474,"y":598},"10":{"angle":-1.2624431154291742,"type":"board","x":622,"y":335},"74":{"angle":-1.3406716311149014,"type":"board","x":505,"y":534},"11":{"angle":-0.6654150689638909,"type":"board","x":574,"y":398},"43":{"angle":-0.2627211542228068,"type":"board","x":319,"y":708.5842795},"12":{"angle":-0.13052775565154323,"type":"board","x":519,"y":415},"44":{"angle":-8.757543192747144e-2,"type":"board","x":279,"y":723.3814318},"13":{"angle":0.27576446468732896,"type":"board","x":442,"y":417},"45":{"angle":0.4669840571049012,"type":"board","x":503,"y":692.5715675},"14":{"angle":0.2598677174051375,"type":"board","x":378,"y":361},"46":{"angle":0.2621340134000272,"type":"board","x":481,"y":708.632524},"15":{"angle":0,"type":"board","x":358,"y":359},"47":{"angle":0.10174188245565413,"type":"board","x":445,"y":722.159514},"16":{"angle":-0.5193030595446007,"type":"board","x":327,"y":365},"48":{"angle":1.2120256565243248,"type":"board","x":554,"y":525},"49":{"angle":0.7232403504041377,"type":"board","x":643,"y":653},"50":{"angle":0.259023646974066,"type":"board","x":653.1136795,"y":708.8882435},"19":{"angle":-1.041820005899614,"type":"board","x":285,"y":412},"51":{"angle":-1.3994016047386967e-2,"type":"board","x":652.3826326,"y":729.776442},"20":{"angle":-1.5740449333967497,"type":"board","x":288,"y":440},"52":{"angle":1.3059322965192794,"type":"board","x":616,"y":499},"21":{"angle":-1.5912947136710605,"type":"board","x":326,"y":501},"53":{"angle":0.978389063196721,"type":"board","x":683.677109,"y":650},"22":{"angle":-1.1981622453192426,"type":"board","x":312,"y":567},"54":{"angle":1.4505233784075349,"type":"board","x":667,"y":352},"23":{"angle":-0.6139826449396629,"type":"board","x":302,"y":574},"56":{"angle":1.4133527258563592,"type":"board","x":688,"y":518},"25":{"angle":-5.860408532373719e-2,"type":"board","x":285,"y":588},"57":{"angle":1.3429085313346167,"type":"board","x":711.464686,"y":652.728945},"26":{"angle":0,"type":"board","x":135,"y":557},"58":{"angle":-0.6995750923970282,"type":"board","x":471,"y":93},"27":{"angle":-0.4000477389501144,"type":"board","x":138,"y":577},"59":{"angle":-0.3014591650567662,"type":"board","x":633,"y":103},"28":{"angle":-1.0160427855973206,"type":"board","x":126,"y":600},"60":{"angle":0.48830911731616955,"type":"board","x":658.5041905,"y":193},"29":{"angle":-1.5421850106831816,"type":"board","x":127.5,"y":614},"61":{"angle":0.6787289135851242,"type":"board","x":392,"y":326},"30":{"angle":3.5175397228949055,"type":"board","x":162.934,"y":51.7234},"62":{"angle":0,"type":"board","x":312,"y":326},"31":{"angle":0.8576920018926519,"type":"board","x":529.895,"y":667.9330225}}},"snapshot":{"balls":[{"age":1,"angle":-1.712864875793457,"type":3,"va":0,"vx":0,"vy":0,"x":2.9596762657165527,"y":-14.522455215454102},{"age":317,"angle":1.3291431665420532,"type":3,"va":30.35767364501953,"vx":-4.281900405883789,"vy":-5.2001357078552246e-2,"x":5.129462718963623,"y":-11.439324378967285},{"age":209,"angle":2.406399965286255,"type":3,"va":26.77749252319336,"vx":-4.246136665344238,"vy":-1.0835678577423096,"x":10.385700225830078,"y":-7.939680099487305},{"age":138,"angle":-2.2349846363067627,"type":3,"va":-23.650381088256836,"vx":3.6959691047668457,"vy":-1.0929970741271973,"x":10.413862228393555,"y":-3.251220226287842},{"age":53,"angle":0.1813233643770218,"type":3,"va":1.709595136344433e-2,"vx":-0.4950292408466339,"vy":-3.5115203857421875,"x":5.0528950691223145,"y":-0.8451417088508606}],"widgets":{}}}