{"puzzle":{"reqTiles":["Up"],"inputs":[{"x":0.8,"y":0.0,"balls":[{"type":3,"rate":1.0}]},{"x":1.0,"y":0.2,"balls":[{"type":4,"rate":1.0}]}],"outputs":[{"x":0.35,"y":1.0,"balls":[{"type":4,"rate":1.0}]},{"x":1.0,"y":0.65,"balls":[{"type":3,"rate":1.0}]}],"spec":{}},"blueprint":{"puzzle":"321ecd86-8e37-5501-90c9-b96ab418a7c8","title":"Wild wheels","submittedAt":"2024-04-09T16:29:35.11146141Z","widgets":{"0":{"angle":0,"speed":25,"type":"spokedwheel","x":642.659789,"y":263.3045583},"1":{"angle":0,"speed":25,"type":"spokedwheel","x":483.9094556,"y":307.5017944},"2":{"angle":-0.4504506124426867,"type":"board","x":541.1612666,"y":80.0442472},"3":{"angle":-0.6660501667406397,"type":"board","x":403.4478458,"y":163.0803528},"4":{"angle":-0.4732423810004091,"type":"board","x":261.9203972,"y":250.581},"5":{"angle":0.29950399661969457,"type":"rightbumper","x":47.8998948,"y":359.0618833},"7":{"angle":0,"speed":25,"type":"spokedwheel","x":407.3655444,"y":529.5985},"8":{"angle":0.7981314737135111,"type":"board","x":161.0719118,"y":654.1522056},"9":{"angle":0.40850178021593286,"type":"board","x":649.0408083,"y":481.1595889},"10":{"type":"roundbumper","x":711,"y":353.9287056},"11":{"angle":0,"sticker":"knievel","type":"sticker","x":130.6360146,"y":87.4116},"12":{"angle":0,"type":"board","x":96.2838528,"y":164.4200278},"13":{"angle":-0.5121872931594448,"type":"board","x":110.8158302,"y":210.4021472},"14":{"angle":1.5815964139029381,"type":"board","x":48.0687478,"y":177.1427361},"15":{"angle":0.3963289414672376,"sticker":"kingbun","type":"sticker","x":650.54625,"y":447.6778528},"16":{"angle":-0.4466896743654805,"sticker":"kingbun","type":"sticker","x":528.0019264,"y":56.1604847},"17":{"angle":-0.6485068168153273,"sticker":"kingbun","type":"sticker","x":88.5488604,"y":190.5353528},"18":{"angle":0,"sticker":"squobject","type":"sticker","x":689.8058167,"y":38.330368},"19":{"angle":0,"sticker":"squobject","type":"sticker","x":146.5065736,"y":707.9465889},"20":{"angle":2.498598039639208,"sticker":"squobject","type":"sticker","x":424.3421708,"y":186.964868},"21":{"angle":0,"sticker":"figure2-sad","type":"sticker","x":349.8102722,"y":670.5},"22":{"angle":-4.1971612298763214e-2,"type":"board","x":652.1994538,"y":73.7942528}}},"snapshot":{"balls":[{"age":1697,"angle":-3.0233492851257324,"type":4,"va":-0.16059152781963348,"vx":2.4875501170754433e-2,"vy":-1.3378373964201273e-9,"x":7.639993667602539,"y":-14.621304512023926},{"age":1740,"angle":-1.5409519672393799,"type":3,"va":-0.1587403565645218,"vx":2.5295132771134377e-2,"vy":-6.730260793119669e-11,"x":6.682360649108887,"y":-14.621302604675293},{"age":1651,"angle":1.8762892484664917,"type":4,"va":-0.16073788702487946,"vx":2.4875501170754433e-2,"vy":9.85774933903727e-11,"x":7.320306777954102,"y":-14.621307373046875},{"age":1538,"angle":1.177607536315918,"type":3,"va":0,"vx":0,"vy":0,"x":13.535004615783691,"y":-14.62130355834961},{"age":1275,"angle":-1.5379258394241333,"type":4,"va":-0.1624370813369751,"vx":2.4479171261191368e-2,"vy":-4.2247497167302583e-10,"x":7.00132942199707,"y":-14.621315956115723},{"age":3,"angle":4.0578752756118774e-2,"type":4,"va":0,"vx":0,"vy":-0.3113476037979126,"x":5.2261481285095215,"y":-14.549554824829102},{"age":541,"angle":0.2557530701160431,"type":3,"va":0,"vx":0,"vy":0,"x":14.546077728271484,"y":-14.621301651000977},{"age":6,"angle":-0.9312082529067993,"type":3,"va":-2.0575151443481445,"vx":0.7926185131072998,"vy":0.44464272260665894,"x":14.582524299621582,"y":-9.696572303771973},{"age":403,"angle":2.673335552215576,"type":4,"va":-2.3730359971523285e-2,"vx":3.6594385746866465e-3,"vy":9.435274783697878e-10,"x":6.340928554534912,"y":-14.621301651000977},{"age":381,"angle":-1.5331542491912842,"type":3,"va":-4.645144939422607,"vx":0.6812422871589661,"vy":-0.2948760688304901,"x":14.24341869354248,"y":-9.800814628601074},{"age":321,"angle":-3.1124298572540283,"type":4,"va":-13.150285720825195,"vx":-1.6646515130996704,"vy":-1.7236578464508057,"x":10.992449760437012,"y":-2.0854928493499756},{"age":317,"angle":-1.768206238746643,"type":3,"va":-3.712146043777466,"vx":-0.3946355879306793,"vy":-4.9419477581977844e-2,"x":14.305882453918457,"y":-9.488110542297363},{"age":237,"angle":1.849824070930481,"type":4,"va":-5.9232635498046875,"vx":-4.024068355560303,"vy":-5.524952411651611,"x":6.321711540222168,"y":-7.4448561668396},{"age":210,"angle":-1.51060950756073,"type":4,"va":-40.15413284301758,"vx":-0.7663185596466064,"vy":-0.8057551383972168,"x":12.890265464782715,"y":-2.676286220550537},{"age":242,"angle":1.1893506050109863,"type":3,"va":-39.369651794433594,"vx":8.75944995880127,"vy":12.242815017700195,"x":11.669687271118164,"y":-8.260029792785645},{"age":140,"angle":-2.9037373065948486,"type":4,"va":-47.86846160888672,"vx":-2.457216501235962,"vy":0.7002825140953064,"x":13.170801162719727,"y":-3.2564070224761963},{"age":155,"angle":2.0816597938537598,"type":3,"va":20.905582427978516,"vx":-2.2395150661468506,"vy":-2.5145578384399414,"x":8.346518516540527,"y":-2.024840831756592},{"age":97,"angle":-2.899369239807129,"type":4,"va":-5.4643235206604,"vx":-0.5584924221038818,"vy":-1.8981858491897583,"x":14.137534141540527,"y":-3.8796515464782715},{"age":63,"angle":3.052893877029419,"type":4,"va":2.021240711212158,"vx":-0.42795833945274353,"vy":-0.7431144714355469,"x":14.411726951599121,"y":-3.2194104194641113},{"age":96,"angle":1.4934582710266113,"type":3,"va":23.272537231445312,"vx":-3.3286240100860596,"vy":-1.675180196762085,"x":9.778075218200684,"y":-1.7313120365142822},{"age":53,"angle":-1.3925315141677856,"type":3,"va":4.62558126449585,"vx":-0.951572060585022,"vy":-0.8204846978187561,"x":11.713332176208496,"y":-0.7625407576560974},{"age":22,"angle":0.44917529821395874,"type":3,"va":4.375362873077393,"vx":-0.10974413901567459,"vy":-1.4909991025924683,"x":11.84007740020752,"y":-0.1714850217103958}],"widgets":{"0":{"angle":-1.7124403715133667,"key":"0","va":6.388134002685547,"vx":0,"vy":0,"x":12.853196144104004,"y":-5.266091346740723},"1":{"angle":-2.1832022666931152,"key":"1","va":6.598176002502441,"vx":0,"vy":0,"x":9.678189277648926,"y":-6.150035858154297},"7":{"angle":-1.971906304359436,"key":"7","va":6.656395435333252,"vx":0,"vy":0,"x":8.147311210632324,"y":-10.591970443725586}}}}