{"puzzle":{"reqTiles":["Up"],"inputs":[{"x":0.35,"y":0.0,"balls":[{"type":4,"rate":1.0}]}],"outputs":[{"x":0.5,"y":1.0,"balls":[{"type":4,"rate":1.0}]}],"spec":{}},"blueprint":{"puzzle":"4bebc6ce-79f8-5b87-a21a-9e3b07b00bb7","title":"What strange creatures","submittedAt":"2024-04-06T17:21:02.195033067Z","widgets":{"0":{"angle":0,"type":"fan","x":90.5,"y":598},"1":{"angle":-6.6768125368137206,"type":"brick","x":392,"y":114},"2":{"angle":-0.2992698552712432,"type":"brick","x":522,"y":130},"34":{"angle":-1.15468192978297,"type":"board","x":432,"y":501},"35":{"angle":1.5379635633151085,"type":"board","x":469,"y":504},"36":{"type":"roundbumper","x":394,"y":179},"5":{"angle":0,"type":"cushion","x":462,"y":341},"37":{"type":"roundbumper","x":523,"y":176},"6":{"angle":0,"type":"board","x":384,"y":409},"7":{"angle":0.41560918039501604,"type":"rightbumper","x":464,"y":244},"39":{"height":89,"type":"repulsor","width":89,"x":249.5,"y":695.5},"8":{"angle":-1.576355590670214,"type":"board","x":307,"y":314},"40":{"angle":0,"sticker":"squobject","type":"sticker","x":228,"y":713.5},"9":{"angle":-1.582168661204857,"type":"board","x":306,"y":144},"10":{"angle":0,"type":"board","x":383,"y":51},"11":{"angle":0,"type":"board","x":554,"y":52},"12":{"angle":1.55754392599777,"type":"board","x":633,"y":147},"13":{"angle":1.5686150735392546,"type":"board","x":632,"y":316},"14":{"angle":0,"type":"board","x":554,"y":410},"18":{"angle":0,"sticker":"figure1-happy","type":"sticker","x":46,"y":673},"25":{"angle":-1.184254716551723,"type":"board","x":438,"y":655.563042},"26":{"angle":1.1167540440438237,"type":"board","x":506,"y":657.4179945},"27":{"angle":1.208500591064626,"type":"board","x":495,"y":501}}},"snapshot":{"balls":[{"age":206,"angle":-2.532193183898926,"type":4,"va":-0.813835084438324,"vx":3.645845890045166,"vy":-4.566585540771484,"x":6.821486473083496,"y":-13.457269668579102},{"age":170,"angle":-0.1796892285346985,"type":4,"va":-6.5995389595627785e-3,"vx":4.488290753215551e-3,"vy":-4.858325958251953,"x":5.366119384765625,"y":-9.41506576538086},{"age":88,"angle":0.4104224741458893,"type":4,"va":0.32155662775039673,"vx":-1.675241976045072e-3,"vy":-4.494849681854248,"x":5.173559665679932,"y":-3.998425245285034},{"age":20,"angle":-1.7569206655025482e-2,"type":4,"va":-2.2254862785339355,"vx":-2.1038783714175224e-2,"vy":-0.9264149069786072,"x":5.169210910797119,"y":-5.889018997550011e-2}],"widgets":{}}}