{"puzzle":{"reqTiles":["Up"],"inputs":[{"x":0.5,"y":0.0,"balls":[{"type":2,"rate":0.5294392903645834}]},{"x":1.0,"y":0.35,"balls":[{"type":1,"rate":0.717041015625}]}],"outputs":[{"x":0.35,"y":1.0,"balls":[{"type":1,"rate":0.7232666015625}]},{"x":1.0,"y":0.8,"balls":[{"type":2,"rate":0.5294392903645834}]}],"spec":{}},"blueprint":{"puzzle":"f9f9ea2c-3a15-5097-a924-dc50d9958318","title":"red vs blue","submittedAt":"2024-04-26T22:39:13.993648468Z","widgets":{"0":{"angle":0.9622980857403493,"type":"board","x":577,"y":461},"32":{"angle":-1.1865013833728495,"type":"board","x":343,"y":655.5078335},"1":{"angle":-0.3335161638265207,"type":"board","x":624.245,"y":235.288},"33":{"angle":-0.8382516107107817,"type":"board","x":468,"y":431},"2":{"angle":0.8088552030161245,"type":"board","x":673.0849145,"y":582},"34":{"angle":-1.0277568427015682,"type":"board","x":332,"y":407},"3":{"angle":0,"type":"fan","x":26,"y":444},"4":{"angle":0,"type":"fan","x":37,"y":456},"5":{"angle":0.2608405805524339,"type":"fan","x":580,"y":561},"6":{"angle":-3.315908868471148,"type":"fan","x":577.176,"y":138},"7":{"angle":-1.9246423555326633,"type":"fan","x":696.6802995,"y":348},"8":{"angle":-0.5917343987309105,"type":"fan","x":304.936,"y":231},"9":{"angle":-1.866911472669861,"type":"fan","x":646.725,"y":364},"10":{"angle":1.060183253190906,"type":"board","x":498.011,"y":189},"11":{"angle":1.1448672961725386,"type":"board","x":455,"y":83.4008155},"15":{"angle":-0.6616841279911363,"type":"fan","x":402,"y":269},"16":{"angle":-3.174380289093959,"type":"fan","x":598,"y":205},"17":{"angle":1.0595829700944914,"type":"board","x":423.5,"y":207},"18":{"angle":1.0433015505105963,"type":"board","x":564,"y":449},"19":{"angle":1.0912552904721384,"type":"board","x":353.5,"y":81.7829605},"21":{"angle":0.9915341934429022,"type":"board","x":630,"y":400},"22":{"angle":0.9574057299898061,"type":"board","x":677.252836,"y":468},"23":{"angle":-0.37895145147617315,"type":"board","x":655.3783395,"y":313},"24":{"angle":-0.3188213350316723,"type":"board","x":654.088443,"y":227},"25":{"angle":-0.7529111573628492,"type":"board","x":400,"y":326.82},"26":{"angle":0,"type":"cushion","x":506,"y":479},"27":{"angle":1.0557773762334197,"type":"cushion","x":609,"y":361},"28":{"angle":1.0715131859895541,"type":"cushion","x":523,"y":219},"29":{"angle":-1.012756495480656,"type":"board","x":407,"y":527},"30":{"angle":-1.1238587860351543,"type":"board","x":287,"y":498},"31":{"angle":-1.27061225145096,"type":"board","x":230,"y":653.751561}}},"snapshot":{"balls":[{"age":205,"angle":2.935447931289673,"type":1,"va":26.23120880126953,"vx":-4.944988250732422,"vy":-7.361083507537842,"x":6.9768829345703125,"y":-10.944838523864746},{"age":132,"angle":1.1222577095031738,"type":1,"va":-18.82660484313965,"vx":-2.962601661682129,"vy":-1.188088297843933,"x":11.338090896606445,"y":-5.477498531341553},{"age":152,"angle":1.1391161680221558,"type":2,"va":-30.128095626831055,"vx":4.271820068359375,"vy":-7.850627899169922,"x":13.260382652282715,"y":-10.26755428314209},{"age":99,"angle":-0.19798412919044495,"type":1,"va":1.3932898582424968e-5,"vx":-2.4877254962921143,"vy":-0.417658269405365,"x":13.065292358398438,"y":-4.96763801574707},{"age":37,"angle":-2.8408422470092773,"type":1,"va":1.975570559501648,"vx":-0.7005361914634705,"vy":-0.5284349322319031,"x":14.52758502960205,"y":-5.302829742431641}],"widgets":{}}}