{"puzzle":{"reqTiles":["Up"],"inputs":[{"x":0.35,"y":0.0,"balls":[{"type":3,"rate":1.0}]}],"outputs":[{"x":0.5,"y":1.0,"balls":[{"type":3,"rate":1.0}]}],"spec":{}},"blueprint":{"puzzle":"0d60e21a-a4ae-544d-882e-9d0777ad9528","title":"Inner Peace","submittedAt":"2024-04-07T04:09:27.904040671Z","widgets":{"0":{"angle":0,"type":"lefthook","x":167.611195,"y":193.286868},"1":{"angle":0,"type":"lefthook","x":217.93909,"y":434.905581},"4":{"angle":-1.12014907908558,"type":"board","x":460,"y":652.3272305},"6":{"angle":0.7822527588177639,"type":"board","x":265,"y":671.9391445},"7":{"angle":-1.5656948122421261,"type":"board","x":499,"y":496},"8":{"angle":0,"type":"board","x":586,"y":414},"9":{"angle":0,"type":"board","x":652.5,"y":413},"10":{"angle":0.6661002312580365,"type":"board","x":575,"y":479},"11":{"angle":0.590478229002228,"type":"board","x":662.3051155,"y":548},"12":{"angle":-0.6287237340095811,"type":"board","x":661.591376,"y":465},"13":{"angle":-0.5965489950496737,"type":"board","x":563,"y":534},"14":{"angle":-1.6340153126588022,"type":"board","x":506,"y":652.106232},"15":{"angle":-1.6006703693480273,"type":"board","x":718,"y":652.270195},"16":{"angle":0,"type":"board","x":586,"y":574},"17":{"angle":0,"type":"board","x":648,"y":579},"18":{"angle":-1.6201205362256759,"type":"board","x":726.696844,"y":494},"19":{"angle":-1.3643478474003932,"type":"board","x":187,"y":652.5131975},"22":{"angle":-3.163776490550232,"sticker":"figure1-happy","type":"sticker","x":596,"y":340},"23":{"angle":0,"sticker":"kingbun","type":"sticker","x":582,"y":256}}},"snapshot":{"balls":[{"age":15,"angle":-0.522715151309967,"type":3,"va":1.2976430654525757,"vx":-6.678827106952667e-2,"vy":-0.8592746257781982,"x":7.428606033325195,"y":-14.71713638305664},{"age":136,"angle":0.41892215609550476,"type":3,"va":38.761226654052734,"vx":-5.207819938659668,"vy":-5.58352518081665,"x":8.436551094055176,"y":-13.760886192321777},{"age":49,"angle":-1.7687485218048096,"type":3,"va":-2.2850401401519775,"vx":-1.3111480511724949e-2,"vy":-6.772055149078369,"x":5.174183368682861,"y":-2.41542911529541}],"widgets":{"0":{"angle":-0.30451759696006775,"key":"0","va":1.074517011642456,"vx":0,"vy":0,"x":3.2812838554382324,"y":-4.167872428894043},"1":{"angle":-0.43068721890449524,"key":"1","va":-0.36593925952911377,"vx":0,"vy":0,"x":4.232165813446045,"y":-9.116598129272461}}}}