{"puzzle":{"reqTiles":["Up"],"inputs":[{"x":0.35,"y":0.0,"balls":[{"type":1,"rate":0.72119140625}]},{"x":1.0,"y":0.65,"balls":[{"type":4,"rate":0.8359375}]}],"outputs":[{"x":0.5,"y":1.0,"balls":[{"type":4,"rate":0.8359375}]},{"x":1.0,"y":0.35,"balls":[{"type":1,"rate":0.72119140625}]}],"spec":{}},"blueprint":{"puzzle":"7f9b2152-e8ad-5441-9d5e-5314f9c0909f","title":"space elevator","submittedAt":"2024-04-26T22:20:09.296174081Z","widgets":{"0":{"angle":-1.0531015116775717,"type":"board","x":272,"y":285},"32":{"angle":-0.4235123604749896,"type":"fan","x":272,"y":427},"1":{"angle":-2.1278851918028954,"type":"hammer","x":60.484126,"y":521},"33":{"angle":0,"type":"brick","x":456,"y":570},"2":{"angle":-1.039233779551795,"type":"hammer","x":186,"y":515},"34":{"angle":0,"type":"brick","x":482,"y":542},"3":{"type":"roundbumper","x":163,"y":685},"35":{"angle":0,"type":"brick","x":503,"y":513},"4":{"angle":-0.9551778564435858,"type":"brick","x":231,"y":644},"36":{"angle":0,"type":"brick","x":536,"y":486},"5":{"angle":0.5859139895474841,"type":"brick","x":122,"y":639},"37":{"angle":0,"type":"brick","x":574,"y":459},"6":{"angle":1.0098383985627735,"type":"brick","x":172,"y":590},"38":{"angle":0,"type":"brick","x":640,"y":459},"7":{"angle":1.1861464804898354,"type":"brick","x":101,"y":607},"39":{"angle":0,"type":"brick","x":706,"y":457},"8":{"angle":-0.9633298648170612,"type":"brick","x":199,"y":594},"40":{"angle":1.553428971438349,"type":"brick","x":339,"y":705.7706862},"9":{"angle":-0.7179182216084112,"type":"board","x":370,"y":387},"41":{"angle":0,"type":"brick","x":320,"y":680},"10":{"angle":-0.878335784996413,"type":"board","x":261,"y":505},"42":{"angle":0,"type":"brick","x":343,"y":653},"11":{"angle":0,"type":"board","x":652.5,"y":190},"43":{"angle":0,"type":"brick","x":380,"y":626},"12":{"angle":-0.4686773728444913,"type":"board","x":562,"y":333},"44":{"angle":0,"type":"brick","x":425,"y":597},"13":{"angle":-0.7982428725614598,"type":"board","x":421,"y":431},"45":{"angle":-0.7559366233966778,"type":"brick","x":696,"y":667},"14":{"angle":-0.8417609726630384,"type":"board","x":303,"y":556},"46":{"angle":0.3038105692153246,"type":"brick","x":494,"y":595},"15":{"angle":0.3556115156518424,"type":"brick","x":702,"y":280},"47":{"angle":-0.24434201250492443,"type":"board","x":652.9217505,"y":541},"16":{"angle":0,"type":"fan","x":470,"y":228},"48":{"angle":0.12158064901377486,"type":"brick","x":618,"y":625},"17":{"angle":-1.3421788127712506,"type":"fan","x":294,"y":640},"49":{"angle":0.2552293048381379,"type":"brick","x":558,"y":613},"18":{"angle":-1.3915750987050859,"type":"fan","x":229,"y":698},"50":{"angle":-0.15818642965357482,"type":"board","x":577,"y":700},"19":{"angle":-1.2306058291657451,"type":"fan","x":364,"y":575},"51":{"angle":3.141592653589793,"type":"fan","x":716.5,"y":702.5},"20":{"angle":-0.4039570209383323,"type":"fan","x":329,"y":375},"52":{"angle":0,"speed":25,"type":"spokedwheel","x":417,"y":110.16512},"21":{"angle":-0.23909761905674098,"type":"fan","x":369,"y":296},"53":{"angle":0,"type":"prism","x":466,"y":67},"22":{"angle":-0.6503099840629293,"type":"board","x":499,"y":273},"54":{"angle":2.117816136208065,"type":"prism","x":429,"y":177},"23":{"angle":-0.5117890387919014,"type":"board","x":587,"y":208},"55":{"angle":-2.074263894886469,"type":"prism","x":357,"y":88},"24":{"angle":-1.1392285666933293,"type":"fan","x":459,"y":485},"56":{"angle":0,"sticker":"figure2-happy","type":"sticker","x":687,"y":373},"25":{"angle":-1.0562438864547858,"type":"fan","x":550,"y":416},"57":{"angle":0.5934148734064764,"sticker":"figure3-happy","type":"sticker","x":89.5,"y":491},"26":{"angle":-0.5792375142004103,"type":"brick","x":657,"y":286},"58":{"angle":0,"sticker":"determinism","type":"sticker","x":418,"y":53},"27":{"angle":0.5354124939752491,"type":"fan","x":554,"y":146},"59":{"angle":0,"sticker":"kingbun","type":"sticker","x":680,"y":241},"28":{"angle":-0.4293498179399541,"type":"fan","x":220,"y":462},"60":{"angle":0,"sticker":"kingbun","type":"sticker","x":444,"y":720},"29":{"angle":-1.2861697921582995,"type":"fan","x":311,"y":600},"30":{"angle":-1.1214735112148964,"type":"fan","x":484,"y":448},"31":{"angle":-1.2277339604443949,"type":"fan","x":408,"y":540}}},"snapshot":{"balls":[{"age":826,"angle":1.4758045673370361,"type":4,"va":-0.766895592212677,"vx":0.11096666753292084,"vy":1.2110948910404318e-9,"x":8.754411697387695,"y":-14.621308326721191},{"age":734,"angle":2.446908712387085,"type":4,"va":-1.006466031074524,"vx":0.11288949847221375,"vy":-0.25074151158332825,"x":8.43508529663086,"y":-14.61601734161377},{"age":590,"angle":-1.9661074876785278,"type":4,"va":1.9325698614120483,"vx":-0.9977178573608398,"vy":-0.3091905415058136,"x":7.812943935394287,"y":-14.219637870788574},{"age":518,"angle":-0.9233595132827759,"type":4,"va":11.332437515258789,"vx":-12.04483699798584,"vy":-1.2933677434921265,"x":11.160764694213867,"y":-13.522833824157715},{"age":426,"angle":-1.372713327407837,"type":4,"va":-4.4066548347473145,"vx":0.6791544556617737,"vy":-8.298176527023315e-2,"x":12.887653350830078,"y":-12.132710456848145},{"age":440,"angle":2.166125535964966,"type":1,"va":0,"vx":0,"vy":0,"x":0.1789354532957077,"y":-9.249247550964355},{"age":392,"angle":-3.0254604816436768,"type":4,"va":-6.0683112144470215,"vx":0.9338541030883789,"vy":-0.1140989288687706,"x":12.068772315979004,"y":-12.0327730178833},{"age":309,"angle":2.9255058765411377,"type":4,"va":-2.139350652694702,"vx":0.39631322026252747,"vy":-0.8264392614364624,"x":11.103754997253418,"y":-11.777545928955078},{"age":213,"angle":-2.4691922664642334,"type":4,"va":7.431333541870117,"vx":-1.1168915033340454,"vy":-0.2784661054611206,"x":12.259325981140137,"y":-10.67046070098877},{"age":190,"angle":2.3241331577301025,"type":1,"va":4.796860218048096,"vx":-1.2309128046035767,"vy":-2.1524901390075684,"x":2.5561628341674805,"y":-11.449049949645996},{"age":119,"angle":-0.9439201354980469,"type":4,"va":5.942925930023193,"vx":-0.8942381739616394,"vy":-0.22295652329921722,"x":13.910656929016113,"y":-10.258679389953613},{"age":107,"angle":8.794160187244415e-2,"type":1,"va":29.182626724243164,"vx":-3.980238914489746,"vy":-10.271315574645996,"x":2.7578158378601074,"y":-9.959704399108887},{"age":64,"angle":-2.419503927230835,"type":1,"va":-2.476303815841675,"vx":-1.8273212015628815e-2,"vy":-8.96608829498291,"x":5.1670145988464355,"y":-4.182040214538574}],"widgets":{"52":{"angle":1.3401237726211548,"key":"52","va":6.662801265716553,"vx":0,"vy":0,"x":8.34000015258789,"y":-2.2033023834228516}}}}