{"puzzle":{"reqTiles":["Up"],"inputs":[{"x":0.8,"y":0.0,"balls":[{"type":3,"rate":0.564453125}]},{"x":1.0,"y":0.2,"balls":[{"type":2,"rate":0.5381266276041667}]}],"outputs":[{"x":0.2,"y":1.0,"balls":[{"type":2,"rate":0.5381266276041667}]},{"x":1.0,"y":0.8,"balls":[{"type":3,"rate":0.59375}]}],"spec":{}},"blueprint":{"puzzle":"b11d6f70-26ec-5b32-bdfe-a6f8cabe9c54","title":"clutter toss","submittedAt":"2024-04-26T00:24:21.179779081Z","widgets":{"0":{"angle":-2.307653341129335,"type":"fan","x":629,"y":265},"32":{"angle":0,"sticker":"kingbun","type":"sticker","x":668,"y":720},"1":{"angle":-0.24845159673046155,"type":"board","x":652.973648,"y":221},"33":{"angle":1.5580578416405175,"sticker":"kingbun","type":"sticker","x":20.2021912,"y":275},"2":{"height":216,"type":"attractor","width":216,"x":458.5,"y":421.5},"34":{"angle":0,"sticker":"kingbun","type":"sticker","x":617,"y":697},"3":{"height":237,"type":"attractor","width":237,"x":407.5,"y":423.5},"35":{"angle":0,"sticker":"kingbun","type":"sticker","x":397,"y":686},"4":{"angle":1.018901954837555,"type":"board","x":593,"y":79.2278465},"36":{"angle":0,"sticker":"kingbun","type":"sticker","x":281,"y":720},"5":{"angle":0.2217181294703537,"type":"board","x":652.6627585,"y":597},"37":{"angle":-2.168503959266482,"sticker":"kingbun","type":"sticker","x":594,"y":118},"6":{"angle":0.23358027341658597,"type":"board","x":489,"y":559},"38":{"angle":0,"sticker":"kingbun","type":"sticker","x":172,"y":390},"7":{"angle":0.2647740929645042,"type":"board","x":386,"y":533},"39":{"angle":0.2656245757773783,"sticker":"kingbun","type":"sticker","x":540,"y":542},"8":{"angle":-1.2160450075317069,"type":"board","x":343,"y":426},"40":{"angle":1.577820432727307,"sticker":"kingbun","type":"sticker","x":200,"y":521},"9":{"height":10,"type":"attractor","width":150,"x":515,"y":421},"41":{"angle":0,"sticker":"kingbun","type":"sticker","x":394,"y":28},"10":{"height":10,"type":"attractor","width":150,"x":574,"y":418},"42":{"angle":-2.8494186742622025,"sticker":"kingbun","type":"sticker","x":355,"y":550},"11":{"angle":-1.580918660332634,"type":"board","x":174,"y":652.4133636},"43":{"angle":0,"sticker":"kingbun","type":"sticker","x":266,"y":363},"12":{"angle":0.8456374241815026,"type":"board","x":64.770271,"y":668.546239},"44":{"angle":0,"sticker":"kingbun","type":"sticker","x":47,"y":720},"13":{"angle":1.090443912269407e-3,"type":"board","x":208,"y":72},"45":{"angle":0,"sticker":"kingbun","type":"sticker","x":554,"y":714},"14":{"angle":3.124070391834826,"catMass":2,"type":"catswat","x":186,"y":100},"46":{"angle":0,"sticker":"kingbun","type":"sticker","x":263,"y":45},"47":{"angle":0,"sticker":"kingbun","type":"sticker","x":657,"y":256},"48":{"angle":0,"sticker":"squobject","type":"sticker","x":371,"y":330},"17":{"angle":-3.1476666231802204,"sticker":"figure2-happy","type":"sticker","x":83,"y":73.6413605},"18":{"angle":-1.5742759701386626,"type":"board","x":173,"y":485},"19":{"height":32,"type":"repulsor","width":32,"x":16,"y":603},"20":{"angle":0,"type":"prism","x":279,"y":697},"21":{"angle":0,"type":"leftbumper","x":487,"y":692.5},"22":{"angle":0,"type":"hammer","x":671,"y":719.5},"24":{"angle":0,"speed":25,"type":"spokedwheel","x":265.425,"y":369},"25":{"angle":-1.8441786431497778,"type":"fan","x":637,"y":632},"26":{"angle":0,"type":"anvil","x":409,"y":25},"27":{"angle":0,"type":"cushion","x":396,"y":720.5},"28":{"type":"roundbumper","x":656,"y":298},"29":{"height":10,"type":"attractor","width":150,"x":628,"y":418},"30":{"height":118,"type":"attractor","width":118,"x":681,"y":419.5},"31":{"angle":-1.8451435322297614e-2,"type":"cup","x":555,"y":716.1165366}}},"snapshot":{"balls":[{"age":671,"angle":-2.1544041633605957,"type":3,"va":-10.875422477722168,"vx":1.6594005823135376,"vy":-0.37233641743659973,"x":10.396644592285156,"y":-10.97892951965332},{"age":466,"angle":-1.924760341644287,"type":3,"va":-11.349993705749512,"vx":0.6325697898864746,"vy":-2.7858781814575195,"x":10.023956298828125,"y":-10.78044319152832},{"age":4,"angle":2.1046347618103027,"type":3,"va":-0.568092942237854,"vx":0.6462634205818176,"vy":-0.5291963815689087,"x":14.5538969039917,"y":-11.84850025177002},{"age":330,"angle":-2.44743013381958,"type":2,"va":19.67622184753418,"vx":-1.9950145483016968,"vy":3.8339269161224365,"x":2.5027716159820557,"y":-14.182113647460938},{"age":309,"angle":1.3928453922271729,"type":3,"va":-21.00927734375,"vx":3.2540383338928223,"vy":-0.7989392280578613,"x":13.80263614654541,"y":-11.76285457611084},{"age":216,"angle":-0.9844493269920349,"type":2,"va":-7.104409694671631,"vx":-8.470516204833984,"vy":-4.790592670440674,"x":1.9699196815490723,"y":-6.859243869781494},{"age":166,"angle":0.30602508783340454,"type":3,"va":5.163760662078857,"vx":-0.7960789799690247,"vy":-0.20196077227592468,"x":13.627520561218262,"y":-3.926625967025757},{"age":100,"angle":1.0768918991088867,"type":2,"va":-7.428168296813965,"vx":0.6508693099021912,"vy":-1.025361180305481,"x":14.327079772949219,"y":-3.6929779052734375},{"age":106,"angle":-2.968158721923828,"type":3,"va":14.427812576293945,"vx":-2.218383312225342,"vy":-0.5950620174407959,"x":12.92009449005127,"y":-4.106433391571045},{"age":28,"angle":1.8805564641952515,"type":2,"va":-2.1696975231170654,"vx":-0.8865757584571838,"vy":-4.629337042570114e-2,"x":14.765920639038086,"y":-2.9503142833709717}],"widgets":{"14":{"angle":-3.124070405960083,"key":"14","va":0,"vx":0,"vy":0,"x":3.7200000286102295,"y":-2},"24":{"angle":-1.8444550037384033,"key":"24","va":6.697099208831787,"vx":0,"vy":0,"x":5.308499813079834,"y":-7.380000114440918}}}}