{"puzzle":{"reqTiles":["Up","Left"],"inputs":[{"x":0.2,"y":0.0,"balls":[{"type":4,"rate":0.833251953125}]},{"x":0.0,"y":0.8,"balls":[{"type":1,"rate":0.6322784423828125}]}],"outputs":[{"x":0.35,"y":1.0,"balls":[{"type":1,"rate":0.6322784423828125}]},{"x":0.0,"y":0.65,"balls":[{"type":4,"rate":0.833251953125}]}],"spec":{}},"blueprint":{"puzzle":"18515adb-4611-543f-ac5d-647d99ed9e2b","title":"shooting fish in a barrel","submittedAt":"2024-05-22T14:53:15.253644787Z","widgets":{"32":{"angle":-0.5827556783842218,"type":"brick","x":297,"y":42},"64":{"angle":0,"sticker":"determinism","type":"sticker","x":519,"y":687},"33":{"angle":3.119496802705949,"type":"fan","x":312,"y":180},"2":{"angle":0.6485847202379276,"type":"board","x":357,"y":191},"34":{"angle":-0.9081481442676952,"type":"fan","x":91,"y":369},"3":{"angle":0.6081200988943087,"type":"board","x":154,"y":67},"35":{"angle":2.805494971269788,"type":"fan","x":441,"y":44.244646},"4":{"angle":-1.2497133577465482,"type":"fan","x":42.999984,"y":682},"36":{"angle":0.25869377540777083,"type":"fan","x":70,"y":56},"5":{"angle":-0.4571322239512175,"type":"board","x":85.6609,"y":580},"37":{"angle":0.9392958661888585,"type":"board","x":153,"y":304},"6":{"angle":-0.47318827857902857,"type":"board","x":81.987083,"y":536},"38":{"angle":-0.5682440962540959,"type":"board","x":354,"y":685.3259895},"39":{"angle":-0.9249491991248378,"type":"board","x":461,"y":587},"8":{"angle":-1.160292255676301,"type":"fan","x":385,"y":516},"40":{"angle":1.3833688288956645,"type":"board","x":215,"y":652.3553995},"9":{"angle":-1.994612026939984,"type":"fan","x":536,"y":516},"41":{"angle":2.8016593935691914,"type":"fan","x":185,"y":392},"10":{"angle":-0.6036301741471727,"type":"board","x":188,"y":473},"42":{"angle":1.668543255942029,"type":"board","x":350,"y":553},"11":{"angle":-0.6195904131627084,"type":"board","x":213,"y":502},"43":{"angle":-0.9099750736300705,"type":"fan","x":152,"y":670.178},"12":{"angle":-0.9740021035584734,"type":"fan","x":160,"y":607},"13":{"angle":-1.065774178586416,"type":"fan","x":152,"y":609},"45":{"angle":0.5480690260539139,"type":"brick","x":392,"y":494},"14":{"angle":-1.0735466992678377,"type":"fan","x":138,"y":610},"46":{"angle":-1.4129158007516462,"type":"board","x":629.788,"y":336},"15":{"angle":0,"type":"fan","x":143,"y":464},"47":{"angle":-1.44430027904667,"type":"brick","x":511,"y":499},"16":{"angle":0,"type":"fan","x":135,"y":468},"48":{"angle":-1.3086297981172959,"type":"brick","x":519,"y":458},"17":{"angle":0,"type":"fan","x":122,"y":474},"18":{"angle":3.7815247800237564,"type":"fan","x":676.757,"y":271},"50":{"angle":-0.5014242642884004,"type":"brick","x":548,"y":416},"19":{"angle":-1.84439870968215,"type":"fan","x":639,"y":430},"20":{"angle":-1.7857459040622323,"type":"fan","x":679.35,"y":417},"52":{"angle":-1.276923292105043,"type":"board","x":80,"y":313},"21":{"angle":-1.2649816167881025,"type":"fan","x":553,"y":452},"53":{"angle":0.9451050850581486,"type":"brick","x":252,"y":234},"22":{"angle":0.6635656218654329,"type":"board","x":420,"y":142},"54":{"angle":0.9327263205474999,"type":"board","x":201,"y":367},"23":{"angle":-3.0704453914562113,"type":"fan","x":632.568,"y":78},"55":{"angle":-0.1706112399063389,"sticker":"figure2-happy","type":"sticker","x":674,"y":662.355475},"24":{"angle":-3.0308134203182773,"type":"fan","x":643.321,"y":129},"56":{"angle":0,"type":"anvil","x":654,"y":567},"25":{"angle":3.1587790103358557,"type":"fan","x":678.377,"y":156},"57":{"angle":3.1095914828708557,"type":"anvil","x":625,"y":573},"26":{"angle":3.591395964735705e-2,"type":"fan","x":84,"y":69.9083},"58":{"angle":3.1362154763347583,"type":"anvil","x":693.3662223,"y":571},"27":{"angle":2.7257295270157726,"type":"fan","x":437,"y":43.797297},"59":{"angle":0,"type":"anvil","x":691,"y":568},"28":{"angle":0.6323230184822473,"type":"board","x":474,"y":110},"60":{"angle":0,"type":"anvil","x":624,"y":567},"29":{"angle":0.8331374826488472,"type":"board","x":592,"y":207},"61":{"angle":0,"type":"anvil","x":664,"y":568},"30":{"angle":1.6766372782786532,"type":"fan","x":272,"y":28.100039},"62":{"angle":0,"type":"anvil","x":677,"y":569},"31":{"angle":-1.5851418903347463,"type":"brick","x":477,"y":220},"63":{"angle":0,"sticker":"squobject","type":"sticker","x":656,"y":517}}},"snapshot":{"balls":[{"age":1660,"angle":0.37695273756980896,"type":1,"va":-5.348734378814697,"vx":0.7666144371032715,"vy":0.4635763466358185,"x":2.058004856109619,"y":-10.125030517578125},{"age":1672,"angle":0.7012357711791992,"type":4,"va":17.265382766723633,"vx":2.219813108444214,"vy":7.285935401916504,"x":12.00777816772461,"y":-5.136345386505127},{"age":1580,"angle":0.9482821226119995,"type":1,"va":1.4308764934539795,"vx":4.215015470981598e-2,"vy":-3.8662500381469727,"x":4.97184944152832,"y":-5.579037666320801},{"age":1378,"angle":-3.0116991996765137,"type":4,"va":-6.7167253494262695,"vx":2.60245680809021,"vy":3.277158498764038,"x":11.238173484802246,"y":-6.488344669342041},{"age":1255,"angle":2.0445282459259033,"type":1,"va":-6.5354509353637695,"vx":6.680830478668213,"vy":5.5598063468933105,"x":11.716604232788086,"y":-7.125512599945068},{"age":1202,"angle":-0.4717123210430145,"type":4,"va":-2.36897611618042,"vx":-0.7877538204193115,"vy":-3.4920647144317627,"x":0.745252251625061,"y":-7.424074172973633},{"age":1036,"angle":1.8190767765045166,"type":4,"va":-26.022275924682617,"vx":-6.2495036125183105,"vy":0.6648940443992615,"x":9.738706588745117,"y":-3.350055456161499},{"age":994,"angle":2.539553642272949,"type":4,"va":-27.013330459594727,"vx":4.368828296661377,"vy":6.163629531860352,"x":10.906440734863281,"y":-6.149665355682373},{"age":903,"angle":-0.9480797052383423,"type":1,"va":13.942049026489258,"vx":-4.108072757720947,"vy":11.529561042785645,"x":9.039529800415039,"y":-8.088181495666504},{"age":832,"angle":0.4925350248813629,"type":1,"va":-2.428553819656372,"vx":2.0971570014953613,"vy":-9.652793884277344,"x":6.328200817108154,"y":-7.074382781982422},{"age":764,"angle":2.2435083389282227,"type":1,"va":-18.2169246673584,"vx":3.210031032562256,"vy":-2.4089488983154297,"x":7.463351249694824,"y":-3.2898108959198},{"age":717,"angle":-1.5308843851089478,"type":1,"va":5.550079822540283,"vx":-2.7772774696350098,"vy":-0.5007942318916321,"x":7.0875563621521,"y":-1.461649775505066},{"age":742,"angle":-1.9714094400405884,"type":4,"va":-2.1090757846832275,"vx":-4.3440431356430054e-2,"vy":-0.9320470690727234,"x":0.4207661747932434,"y":-9.012537002563477},{"age":637,"angle":-1.6280463933944702,"type":4,"va":11.76534652709961,"vx":-8.34414291381836,"vy":5.124908447265625,"x":9.501337051391602,"y":-3.0816619396209717},{"age":595,"angle":-1.7231848239898682,"type":1,"va":-20.310871124267578,"vx":-3.022292137145996,"vy":2.6259474754333496,"x":7.651658058166504,"y":-6.286696910858154},{"age":542,"angle":1.1591031551361084,"type":4,"va":-14.072442054748535,"vx":0.3453250825405121,"vy":3.8179538249969482,"x":3.8654792308807373,"y":-3.7810099124908447},{"age":482,"angle":-0.4819035530090332,"type":1,"va":-20.76201057434082,"vx":-5.721817970275879,"vy":5.946711540222168,"x":11.316071510314941,"y":-4.409363269805908},{"age":392,"angle":1.0215365886688232,"type":4,"va":54.7830810546875,"vx":-1.1763346195220947,"vy":-0.3892606496810913,"x":11.31579303741455,"y":-4.9514265060424805},{"age":336,"angle":0.763554036617279,"type":1,"va":19.673002243041992,"vx":1.0860841274261475,"vy":3.7535619735717773,"x":3.0908703804016113,"y":-4.169281482696533},{"age":311,"angle":-2.737406015396118,"type":4,"va":26.902957916259766,"vx":-2.7351267337799072,"vy":2.4392430782318115,"x":10.103293418884277,"y":-7.450080394744873},{"age":268,"angle":-0.39613741636276245,"type":1,"va":-34.879215240478516,"vx":7.338748455047607,"vy":1.3926826417446136e-2,"x":11.823417663574219,"y":-5.805992126464844},{"age":11,"angle":-0.28522446751594543,"type":4,"va":1.9841829538345337,"vx":-1.01707124710083,"vy":0.1973760575056076,"x":0.13812589645385742,"y":-9.670755386352539},{"age":144,"angle":1.0828546285629272,