{"puzzle":{"reqTiles":["Up"],"inputs":[{"x":0.5,"y":0.0,"balls":[{"type":2,"rate":0.43179829915364587}]}],"outputs":[{"x":0.2,"y":1.0,"balls":[{"type":2,"rate":0.44298044840494794}]}],"spec":{}},"blueprint":{"puzzle":"bfce4aba-c933-519c-a808-45a3d08f2e74","title":"Roller Coaster","submittedAt":"2024-06-08T14:53:20.047230048Z","widgets":{"0":{"angle":0,"type":"fan","x":328,"y":57},"32":{"angle":-1.2893051419849213,"type":"board","x":94,"y":150},"64":{"angle":0.36999057806948155,"type":"board","x":288,"y":568},"1":{"angle":0,"type":"fan","x":328,"y":57},"33":{"angle":-1.440348999487245,"type":"board","x":87,"y":178},"65":{"angle":0.36979968772168553,"type":"board","x":171,"y":472},"2":{"angle":0,"type":"fan","x":328,"y":58},"34":{"angle":-1.5976763636225908,"type":"board","x":83,"y":229},"66":{"angle":0.17797317678523303,"type":"board","x":162,"y":466},"3":{"angle":0.45315706250073606,"type":"board","x":482,"y":49},"35":{"angle":-1.7842982178271143,"type":"board","x":87,"y":260},"67":{"angle":0,"type":"fan","x":114,"y":372},"4":{"angle":0.6046608998786234,"type":"board","x":519,"y":63},"36":{"angle":1.1816817167282159,"type":"board","x":98,"y":291},"68":{"height":10,"type":"repulsor","width":150,"x":306,"y":452},"5":{"angle":0.8245937653245028,"type":"board","x":558,"y":89},"37":{"angle":0.9791991786739037,"type":"board","x":111,"y":312},"69":{"angle":0,"type":"board","x":150,"y":461},"6":{"angle":1.0430312330690612,"type":"board","x":583,"y":116},"38":{"angle":0,"type":"fan","x":329,"y":56},"70":{"angle":-0.14481249823893838,"type":"board","x":133,"y":458},"7":{"angle":1.3049873436318147,"type":"board","x":596,"y":142},"39":{"angle":0.7389135291396679,"type":"board","x":128,"y":330},"71":{"angle":-0.3093215976268506,"type":"board","x":118,"y":456},"8":{"angle":1.507260425763661,"type":"board","x":608,"y":177},"40":{"angle":0.5480921754775256,"type":"board","x":148,"y":346},"72":{"angle":-0.4955365110777597,"type":"board","x":94.7934,"y":461},"9":{"angle":1.738428873344639,"type":"board","x":611,"y":217},"41":{"angle":-2.0509827855284897,"type":"fan","x":406,"y":355},"73":{"angle":-0.7317583920706329,"type":"board","x":71.1136985,"y":474},"10":{"angle":1.9318732913674885,"type":"board","x":608,"y":246},"42":{"angle":0.31285201285999986,"type":"board","x":168,"y":354},"74":{"angle":-0.9569121731338668,"type":"board","x":57.7608655,"y":487},"11":{"angle":2.1800562420985523,"type":"board","x":594,"y":274},"43":{"angle":-2.042918309198673,"type":"fan","x":406,"y":355},"75":{"angle":-1.1937297059347405,"type":"board","x":49,"y":503},"12":{"angle":2.4213997715454063,"type":"board","x":571,"y":300},"44":{"angle":0.17661517204459057,"type":"board","x":351,"y":341},"76":{"angle":1.7296950210518918,"type":"board","x":41,"y":526},"13":{"angle":-0.4833933013084363,"type":"board","x":549,"y":316},"45":{"angle":0.11787687551016544,"type":"board","x":197,"y":363},"77":{"angle":1.545760229557292,"type":"board","x":37,"y":547},"14":{"angle":-0.22938035813965515,"type":"board","x":522,"y":326},"46":{"angle":0.32340276485315006,"type":"board","x":366,"y":350},"78":{"angle":1.3439532201029447,"type":"board","x":36.4401,"y":575},"15":{"angle":0,"type":"board","x":498,"y":330},"47":{"angle":0.5320319989206573,"type":"board","x":382,"y":362},"79":{"angle":1.1485507596456401,"type":"board","x":44.067914,"y":606},"16":{"angle":0.209639845874212,"type":"board","x":467,"y":332},"48":{"angle":0.7832080956587467,"type":"board","x":400,"y":377},"80":{"angle":0.9971453533881448,"type":"board","x":57.7549,"y":638},"17":{"angle":0.46889320947260005,"type":"board","x":434,"y":325},"49":{"angle":0.99902882966801,"type":"board","x":415,"y":394},"81":{"angle":0,"type":"fan","x":115,"y":373},"18":{"angle":0.6697588104717601,"type":"board","x":406,"y":313},"50":{"angle":1.2720352598084554,"type":"board","x":425,"y":419},"82":{"angle":3.7912597709085953,"type":"fan","x":315,"y":606},"19":{"angle":0.9144435816362836,"type":"board","x":379,"y":294},"51":{"angle":-1.6507573742465802,"type":"board","x":429,"y":438},"83":{"angle":-2.4627053071463503,"type":"fan","x":314,"y":608},"20":{"angle":0,"type":"fan","x":328,"y":58},"52":{"angle":-1.4564274745088834,"type":"board","x":430,"y":461},"84":{"angle":-2.4713944730259763,"type":"fan","x":316,"y":608},"21":{"angle":0.8760522257312156,"type":"board","x":300,"y":111},"53":{"angle":-1.2415406910868638,"type":"board","x":426,"y":486},"85":{"angle":1.0349850888344323,"type":"board","x":134,"y":660.1678365},"22":{"angle":-0.18577612380810757,"type":"board","x":204,"y":64},"54":{"angle":-1.0274271733682168,"type":"board","x":415,"y":515},"86":{"angle":0.9688938746818617,"type":"board","x":73,"y":662.781342},"23":{"angle":0,"type":"board","x":227,"y":67},"55":{"angle":-0.8123512419215441,"type":"board","x":400,"y":538},"87":{"angle":-2.458726606876909,"type":"fan","x":318,"y":608},"24":{"angle":0.2140606835638218,"type":"board","x":248,"y":73},"56":{"height":10,"type":"repulsor","width":150,"x":217,"y":206},"88":{"angle":-2.491755373976768,"type":"fan","x":315,"y":610},"25":{"angle":0.4335046987170694,"type":"board","x":267,"y":83},"57":{"angle":-0.5874883799859525,"type":"board","x":380,"y":553},"89":{"height":109,"type":"repulsor","width":109,"x":140,"y":564},"26":{"angle":0.6631048620429983,"type":"board","x":285,"y":96},"58":{"angle":-0.35443563525336447,"type":"board","x":364,"y":560},"90":{"angle":-2.0895946869205484,"type":"fan","x":409,"y":355},"27":{"angle":0.9706367955500447,"type":"board","x":343,"y":163},"59":{"angle":0,"type":"fan","x":114,"y":371},"91":{"angle":1.9674864540895645,"type":"fan","x":144,"y":43.0093},"28":{"angle":-0.402118995698051,"type":"board","x":170,"y":72},"60":{"angle":0,"type":"fan","x":114,"y":371},"92":{"angle":0,"sticker":"kingbun","type":"sticker","x":279,"y":300},"29":{"angle":-0.5841176131033856,"type":"board","x":152,"y":81},"61":{"angle":-0.19446585220804713,"type":"board","x":346,"y":565},"93":{"angle":0,"sticker":"determinism","type":"sticker","x":506,"y":687},"30":{"angle":-0.8003706202124551,"type":"board","x":130,"y":96},"62":{"angle":0,"type":"board","x":327,"y":569},"94":{"angle":0,"sticker":"figure2-happy","type":"sticker","x":623,"y":667.5},"31":{"angle":-1.0487247167673284,"type":"board","x":108,"y":122},"63":{"angle":0.1834979140173437,"type":"board","x":308,"y":571}}},"snapshot":{"balls":[{"age":283,"angle":-1.2877609729766846,"type":2,"va":8.72518253326416,"vx":-5.372396469116211,"vy":-1.1503963470458984,"x":1.4034552574157715,"y":-11.643119812011719},{"age":109,"angle":0.8680405616760254,"type":2,"va":89.6806640625,"vx":-11.269431114196777,"vy":16.81460952758789,"x":5.689807415008545,"y":-2.966632127761841},{"age":17,"angle":0.11311381310224533,"type":2,"va":3.101520538330078,"vx":-3.8644466549158096e-3,"vy":-1.0599299669265747,"x":7.409100532531738,"y":-9.426040202379227e-2}],"widgets":{}}}