{"puzzle":{"reqTiles":["Up"],"inputs":[{"x":0.65,"y":0.0,"balls":[{"type":1,"rate":1.0}]}],"outputs":[{"x":0.2,"y":1.0,"balls":[{"type":1,"rate":1.0}]}],"spec":{}},"blueprint":{"puzzle":"162b2295-47f9-5d6e-8930-89847be13d7a","title":"Give the cat a ball","submittedAt":"2024-04-08T21:27:42.548320665Z","widgets":{"32":{"angle":-0.6907882068893768,"type":"fan","x":349,"y":611},"33":{"angle":-1.0165650658770653,"type":"brick","x":710.6270225,"y":453},"34":{"angle":-0.7576294304020169,"type":"brick","x":672,"y":501},"35":{"angle":-0.774762673948929,"type":"brick","x":627,"y":543},"36":{"angle":-0.7232639444750129,"type":"brick","x":581,"y":587},"37":{"angle":-0.7824904264165992,"type":"brick","x":535,"y":632},"6":{"angle":-1.1035762411791448,"type":"brick","x":515,"y":74},"38":{"angle":-0.36428638192184715,"type":"brick","x":488,"y":666},"7":{"angle":-0.6256137829737494,"type":"brick","x":494,"y":109},"39":{"angle":0,"type":"brick","x":427,"y":681},"8":{"angle":-0.32497663091943374,"type":"brick","x":449,"y":134},"40":{"angle":0,"type":"brick","x":361,"y":682},"9":{"angle":-0.20953265308050048,"type":"brick","x":390,"y":152},"41":{"angle":0,"type":"brick","x":325,"y":682},"10":{"angle":1.6164396241810577,"type":"brick","x":303,"y":154},"42":{"angle":0,"catMass":2,"type":"catswat","x":40,"y":716},"11":{"angle":0.7352023946086208,"type":"brick","x":321,"y":201},"12":{"angle":0.5935868115873965,"type":"brick","x":354,"y":227},"13":{"angle":0.2679605623329291,"type":"brick","x":385,"y":244},"45":{"angle":-1.5356182817835322,"type":"brick","x":304,"y":705.5462402},"14":{"angle":0,"type":"brick","x":434,"y":254},"46":{"angle":0,"sticker":"kingbun","type":"sticker","x":266,"y":720},"15":{"angle":0,"type":"brick","x":486,"y":256},"16":{"angle":-1.2806311861878974,"type":"brick","x":580,"y":256},"17":{"angle":-0.5555402768387718,"type":"brick","x":550,"y":301},"18":{"angle":-0.23320935564388978,"type":"brick","x":493,"y":322},"19":{"angle":0,"type":"brick","x":438,"y":330},"20":{"angle":0,"type":"brick","x":378,"y":330},"21":{"angle":0,"type":"brick","x":331,"y":331},"22":{"angle":-0.5783687065236928,"type":"brick","x":282,"y":349},"23":{"angle":1.0500121501832358,"type":"brick","x":195,"y":393},"24":{"angle":1.0205120466018829,"type":"brick","x":226,"y":444},"25":{"angle":0.8971833821931434,"type":"brick","x":256,"y":488},"26":{"angle":0.9089596471056703,"type":"brick","x":290,"y":530},"27":{"angle":0.5540279874865128,"type":"brick","x":329,"y":566},"28":{"angle":-0.17416415123962742,"type":"brick","x":378,"y":582},"29":{"angle":-0.6201435058111447,"type":"brick","x":414,"y":574},"30":{"angle":-0.7758569123290282,"type":"brick","x":449,"y":545},"31":{"angle":-1.0959372825583582,"type":"brick","x":480,"y":507}}},"snapshot":{"balls":[{"age":4,"angle":2.653602361679077,"type":1,"va":-6.519165635108948e-2,"vx":0.6957699060440063,"vy":-0.879264771938324,"x":2.872981309890747,"y":-14.560397148132324},{"age":722,"angle":-1.5460578203201294,"type":1,"va":33.52985382080078,"vx":-0.19959749281406403,"vy":-0.8567811250686646,"x":2.705005645751953,"y":-13.759055137634277},{"age":635,"angle":2.9896676540374756,"type":1,"va":35.57913589477539,"vx":-4.982878684997559,"vy":-1.0932471752166748,"x":9.703356742858887,"y":-12.875041961669922},{"age":595,"angle":0.9205946922302246,"type":1,"va":-11.028962135314941,"vx":-1.4849783182144165,"vy":-5.264104843139648,"x":12.801568984985352,"y":-10.0114164352417},{"age":541,"angle":-1.8762438297271729,"type":1,"va":-49.32724380493164,"vx":3.462437629699707,"vy":-5.834822654724121,"x":13.865839958190918,"y":-8.841251373291016},{"age":478,"angle":0.2952994704246521,"type":1,"va":-46.67266845703125,"vx":3.2271862030029297,"vy":4.400152683258057,"x":10.224143028259277,"y":-8.027009010314941},{"age":390,"angle":-0.6293527483940125,"type":1,"va":-7.152113437652588,"vx":2.2383763790130615,"vy":-4.65644645690918,"x":5.396849155426025,"y":-8.823453903198242},{"age":348,"angle":0.9778931736946106,"type":1,"va":18.575855255126953,"vx":-2.9389073848724365,"vy":-1.6837915182113647,"x":5.434165000915527,"y":-6.339844703674316},{"age":271,"angle":1.5009177923202515,"type":1,"va":10.759600639343262,"vx":-1.7501758337020874,"vy":-0.445895791053772,"x":9.988639831542969,"y":-5.937541484832764},{"age":239,"angle":-3.077363967895508,"type":1,"va":-1.8509339094161987,"vx":-1.3318769931793213,"vy":-3.149467945098877,"x":10.681954383850098,"y":-5.459997653961182},{"age":172,"angle":-2.054051399230957,"type":1,"va":-20.358022689819336,"vx":3.0720882415771484,"vy":-1.592110514640808,"x":8.298523902893066,"y":-4.592004299163818},{"age":137,"angle":1.49019455909729,"type":1,"va":-7.354327201843262,"vx":2.8237500190734863,"vy":-2.302793502807617,"x":7.419410705566406,"y":-4.167215347290039},{"age":57,"angle":0.18249128758907318,"type":1,"va":1.7158132046461105e-2,"vx":-0.4950299561023712,"vy":-4.165519714355469,"x":9.459890365600586,"y":-1.1024057865142822},{"age":16,"angle":-0.4013124704360962,"type":1,"va":-2.6594836711883545,"vx":8.68526753038168e-3,"vy":-1.1492844820022583,"x":9.621468544006348,"y":-0.12879368662834167}],"widgets":{"42":{"angle":0,"key":"42","va":0,"vx":0,"vy":0,"x":0.800000011920929,"y":-14.319999694824219}}}}