{"puzzle":{"reqTiles":["Up","Left"],"inputs":[{"x":0.65,"y":0.0,"balls":[{"type":2,"rate":0.83203125}]},{"x":0.0,"y":0.8,"balls":[{"type":3,"rate":1.0}]}],"outputs":[{"x":0.5,"y":1.0,"balls":[{"type":3,"rate":1.0}]},{"x":0.0,"y":0.2,"balls":[{"type":2,"rate":0.83203125}]}],"spec":{}},"blueprint":{"puzzle":"98fdf226-7e19-58c0-80c8-3c331a6e983d","title":"color correction on the fly","submittedAt":"2024-04-11T11:32:15.027176784Z","widgets":{"0":{"angle":0.1281974477887219,"type":"board","x":239,"y":719.8872415},"32":{"angle":-2.0706865088298865,"type":"fan","x":695.824456,"y":286},"1":{"angle":7.178786460104245e-4,"type":"board","x":87.5064609,"y":316},"33":{"angle":-0.940065096639142,"type":"fan","x":471,"y":411},"2":{"angle":0.12236279961518907,"type":"board","x":97,"y":629},"34":{"angle":-2.0798943568471007,"type":"fan","x":695.8018975,"y":226},"66":{"angle":0,"sticker":"cat","type":"sticker","x":311,"y":297},"3":{"angle":-4.415350539594325e-3,"type":"board","x":187,"y":533},"35":{"angle":-2.0192356960855684,"type":"fan","x":695.9510165,"y":328},"67":{"angle":0,"sticker":"figure2-happy","type":"sticker","x":423,"y":241},"4":{"angle":2.0009280264777525,"type":"cushion","x":139,"y":157},"36":{"angle":0.8448343149466586,"type":"board","x":675.1819385,"y":71.4125325},"68":{"angle":0,"type":"board","x":456,"y":323},"5":{"angle":-0.7520193586408748,"type":"cushion","x":293.073,"y":142},"37":{"angle":0,"type":"board","x":598,"y":9},"69":{"angle":0,"type":"board","x":330,"y":323},"6":{"angle":1.5660869031019837,"type":"board","x":9.411964,"y":394},"38":{"angle":-2.1191643157208255,"type":"fan","x":695.74793,"y":228},"70":{"angle":0,"sticker":"figure1-sad","type":"sticker","x":234,"y":461},"71":{"angle":1.216536904116231,"type":"ballstand","x":256,"y":470},"8":{"angle":0,"type":"cushion","x":351,"y":119},"40":{"angle":-1.1916995944511664,"type":"fan","x":536,"y":238},"72":{"angle":0,"type":"board","x":259,"y":533},"9":{"angle":0,"type":"cushion","x":379,"y":113},"41":{"angle":-1.0490598148905935e-2,"type":"cushion","x":41.2023108,"y":233},"73":{"angle":0,"type":"board","x":384,"y":534},"42":{"angle":0,"type":"cushion","x":405,"y":107},"74":{"angle":0,"sticker":"squobject","type":"sticker","x":29,"y":713.5},"11":{"angle":0.9847152136987063,"type":"cushion","x":192,"y":679},"43":{"angle":0,"type":"cushion","x":431,"y":101},"12":{"angle":-0.6979028225950568,"type":"fan","x":165,"y":677},"44":{"angle":0,"type":"cushion","x":458,"y":95},"13":{"angle":1.3486890116058976,"type":"brick","x":423,"y":703.861349},"45":{"angle":0,"type":"cushion","x":487,"y":89},"14":{"angle":-1.5728268572072082,"type":"fan","x":623.452,"y":716.4239074},"46":{"angle":0,"type":"cushion","x":513,"y":82},"15":{"angle":-1.4596080224837358,"type":"fan","x":547,"y":712.48415},"47":{"angle":0,"type":"cushion","x":540,"y":76},"16":{"angle":-1.3652594843981198,"type":"fan","x":475,"y":709.341},"48":{"angle":3.9700817128234474,"type":"fan","x":302,"y":152},"17":{"angle":-1.566998576242382,"type":"cushion","x":654,"y":589},"49":{"angle":-1.575507476484325,"type":"fan","x":37.6102986,"y":307},"18":{"angle":-1.5823170459955325,"type":"cushion","x":654,"y":661.778},"50":{"angle":1.5770682254415176,"type":"board","x":169,"y":239},"19":{"angle":-1.5713061288548227,"type":"board","x":657,"y":128},"51":{"angle":-1.5750699364112344,"type":"fan","x":108,"y":307},"20":{"angle":-1.5558041503463669,"type":"board","x":572,"y":151},"21":{"angle":-1.5668420416056008,"type":"board","x":656,"y":296},"53":{"angle":-1.1186651202014712,"type":"cushion","x":117,"y":204},"22":{"angle":-1.553221556841573,"type":"board","x":655,"y":465},"54":{"angle":-0.4013269392032728,"type":"cushion","x":95,"y":232},"23":{"angle":-1.2820862391627805,"type":"board","x":547,"y":312},"55":{"angle":-3.141903459257169,"type":"fan","x":162,"y":170},"24":{"angle":-1.1879101178792366,"type":"board","x":496,"y":458},"56":{"angle":1.5753932095432357,"type":"board","x":9.4021149,"y":481},"25":{"angle":-1.930650986646659,"type":"fan","x":696.626707,"y":465},"57":{"angle":1.9684762917020184,"type":"board","x":134,"y":469.082},"26":{"angle":-1.844455647876987,"type":"fan","x":697.544434,"y":548},"58":{"angle":-1.3592129432118898,"type":"board","x":255,"y":262},"27":{"angle":-1.8825904776736595,"type":"fan","x":697.099038,"y":629.129},"59":{"angle":-0.4996762466756913,"type":"board","x":168,"y":387},"28":{"angle":-1.976528937645699,"type":"fan","x":696.008354,"y":379},"60":{"angle":-0.7919930001036896,"type":"cushion","x":92,"y":542},"29":{"angle":-0.8695364039286195,"type":"fan","x":450,"y":457},"61":{"angle":0.9208648149076921,"type":"cushion","x":40.3349,"y":463},"30":{"angle":-0.7075040526436581,"type":"fan","x":430,"y":505},"62":{"angle":1.5615884839000227,"type":"cushion","x":19.8766988,"y":390},"31":{"angle":-1.5688223204758975,"type":"fan","x":584,"y":716.4260145},"63":{"angle":-0.5876381242411115,"type":"board","x":77.811623,"y":75}}},"snapshot":{"balls":[{"age":276,"angle":0.48801371455192566,"type":2,"va":8.22711181640625,"vx":-0.32885971665382385,"vy":-0.9889857769012451,"x":0.47789105772972107,"y":-3.023144483566284},{"age":227,"angle":1.339867353439331,"type":3,"va":-26.469789505004883,"vx":3.25472092628479,"vy":-1.7231289148330688,"x":6.593387126922607,"y":-14.306192398071289},{"age":200,"angle":1.3774417638778687,"type":3,"va":-17.836410522460938,"vx":3.4736950397491455,"vy":-3.248875856399536,"x":4.856400966644287,"y":-13.102129936218262},{"age":155,"angle":-2.217391014099121,"type":3,"va":-18.1905517578125,"vx":3.3295392990112305,"vy":-2.277966260910034,"x":4.457916259765625,"y":-12.775533676147461},{"age":172,"angle":1.0535897016525269,"type":2,"va":18.470630645751953,"vx":-8.991680145263672,"vy":1.0493851900100708,"x":2.9125046730041504,"y":-1.5102671384811401},{"age":123,"angle":2.5077478885650635,"type":3,"va":-10.173381805419922,"vx":1.5978981256484985,"vy":-0.19650517404079437,"x":1.60774827003479,"y":-12.198322296142578},{"age":111,"angle":3.056151866912842,"type":2,"va":11.996138572692871,"vx":-1.8929202556610107,"vy":-0.7112503051757812,"x":8.199438095092773,"y":-1.521539330482483},{"age":60,"angle":-1.8644523620605469,"type":3,"va":-1.688400387763977,"vx":2.192819356918335,"vy":-1.5508489608764648,"x":0.5963358879089355,"y":-11.968402862548828},{"age":28,"angle":-1.7638307809829712,"type":3,"va":7.442655086517334,"vx":-0.32565027475357056,"vy":-0.9685097932815552,"x":3.2335102558135986e-2,"y":-11.835012435913086},{"age":52,"angle":0.13844412565231323,"type":2,"va":5.481200695037842,"vx":-0.8411217331886292,"vy":-0.24498896300792694,"x":9.419520378112793,"y":-1.2619894742965698}],"widgets":{}}}