{"puzzle":{"reqTiles":["Up"],"inputs":[{"x":0.8,"y":0.0,"balls":[{"type":1,"rate":0.70068359375}]},{"x":1.0,"y":0.5,"balls":[{"type":4,"rate":0.84375}]}],"outputs":[{"x":0.5,"y":1.0,"balls":[{"type":4,"rate":0.84375}]},{"x":1.0,"y":0.2,"balls":[{"type":1,"rate":0.70068359375}]}],"spec":{}},"blueprint":{"puzzle":"679f6886-7964-56ec-895f-dd098e83f323","title":"all the stuff i could've used","submittedAt":"2024-04-18T08:35:24.945288974Z","widgets":{"0":{"angle":0.343353429988594,"type":"board","x":641,"y":137},"32":{"angle":1.5801860865253319,"sticker":"kingbun","type":"sticker","x":20.1493539,"y":640},"1":{"angle":-0.4545350689422803,"type":"board","x":652,"y":443},"33":{"angle":3.111277093676627,"sticker":"cat","type":"sticker","x":330,"y":17.0380227},"2":{"angle":-0.674178053537963,"type":"board","x":514,"y":533},"3":{"angle":1.4654276098724175,"type":"board","x":330,"y":634},"4":{"angle":-1.2356113458941274,"type":"board","x":445,"y":645},"5":{"type":"roundbumper","x":618,"y":607},"6":{"angle":0,"type":"cushion","x":519,"y":698},"7":{"angle":0,"type":"anvil","x":641,"y":701},"8":{"angle":0,"type":"lefthook","x":285,"y":204.992},"9":{"angle":0,"type":"hammer","x":253,"y":367},"10":{"angle":0,"type":"sword","x":253,"y":304},"11":{"angle":0,"type":"hook","x":283.764,"y":247.151},"12":{"angle":0,"type":"brick","x":249,"y":425},"13":{"angle":-1.5236831942592415,"type":"fan","x":247,"y":497},"14":{"angle":0.7502036156997423,"type":"rightbumper","x":550,"y":581},"15":{"angle":-0.9622172267054117,"type":"leftbumper","x":670,"y":572},"16":{"height":10,"type":"attractor","width":150,"x":151,"y":117},"17":{"height":10,"type":"repulsor","width":150,"x":280,"y":125},"18":{"angle":0,"type":"prism","x":236,"y":597},"19":{"angle":0,"speed":25,"type":"spokedwheel","x":453,"y":338},"20":{"angle":0,"type":"ballstand","x":95,"y":692.5},"21":{"angle":0,"type":"cup","x":154,"y":716.5},"22":{"angle":0,"catMass":2,"type":"catswat","x":234,"y":717},"23":{"angle":1.571756958661367,"sticker":"figure1-happy","type":"sticker","x":68.4196894,"y":128},"24":{"angle":1.5601224021805855,"sticker":"figure1-sad","type":"sticker","x":63.763223,"y":222},"25":{"angle":1.5665049975102987,"sticker":"figure2-happy","type":"sticker","x":72.6559807,"y":316},"26":{"angle":1.5565096587359808,"sticker":"figure2-sad","type":"sticker","x":69.8644522,"y":404},"27":{"angle":2.695329063399461,"sticker":"figure3-happy","type":"sticker","x":391,"y":80},"28":{"angle":1.5770884004171477,"sticker":"figure3-sad","type":"sticker","x":68.6496387,"y":484},"29":{"angle":1.5774030058898971,"sticker":"knievel","type":"sticker","x":70.6702214,"y":547},"30":{"angle":3.150077218953715,"sticker":"squobject","type":"sticker","x":212,"y":26.7450953},"31":{"angle":-2.79359,"sticker":"determinism","type":"sticker","x":613,"y":193}}},"snapshot":{"balls":[{"age":2,"angle":-2.1499125957489014,"type":4,"va":6.947088986635208e-2,"vx":-0.6741046905517578,"vy":-0.5344957709312439,"x":7.5103559494018555,"y":-14.535202026367188},{"age":304,"angle":3.780972585082054e-2,"type":4,"va":16.87104606628418,"vx":-0.8422136306762695,"vy":-3.2669973373413086,"x":8.345410346984863,"y":-12.127799034118652},{"age":254,"angle":-0.8725394606590271,"type":4,"va":17.19541358947754,"vx":-2.0953707695007324,"vy":-1.7156645059585571,"x":9.724428176879883,"y":-10.67092514038086},{"age":212,"angle":0.6204837560653687,"type":4,"va":15.740979194641113,"vx":-1.923720359802246,"vy":-1.5590320825576782,"x":10.529633522033691,"y":-10.027099609375},{"age":114,"angle":0.6846743226051331,"type":4,"va":9.691702842712402,"vx":-1.3458077907562256,"vy":-0.6576383709907532,"x":13.680715560913086,"y":-8.170326232910156},{"age":16,"angle":2.484774589538574,"type":1,"va":-0.26934221386909485,"vx":0.7310437560081482,"vy":-0.20516693592071533,"x":14.71076774597168,"y":-2.992251396179199},{"age":68,"angle":1.5414237976074219,"type":4,"va":-0.40716353058815,"vx":-0.15594741702079773,"vy":-0.796822726726532,"x":14.430889129638672,"y":-7.607576370239258},{"age":23,"angle":2.5732228755950928,"type":4,"va":2.079026937484741,"vx":-0.8436373472213745,"vy":-0.10084997117519379,"x":14.731260299682617,"y":-7.435489177703857},{"age":47,"angle":1.1709476709365845,"type":1,"va":2.389178514480591,"vx":7.014898583292961e-4,"vy":-4.643991470336914,"x":11.8403902053833,"y":-1.1738319396972656}],"widgets":{"11":{"angle":0,"key":"11","va":0,"vx":0,"vy":0,"x":5.6752800941467285,"y":-4.943019866943359},"19":{"angle":1.0049102306365967,"key":"19","va":6.662801265716553,"vx":0,"vy":0,"x":9.0600004196167,"y":-6.760000228881836},"22":{"angle":0,"key":"22","va":0,"vx":0,"vy":0,"x":4.679999828338623,"y":-14.34000015258789},"8":{"angle":0,"key":"8","va":0,"vx":0,"vy":0,"x":5.699999809265137,"y":-4.09984016418457}}}}