{"puzzle":{"reqTiles":["Up"],"inputs":[{"x":0.35,"y":0.0,"balls":[{"type":3,"rate":1.0}]}],"outputs":[{"x":0.5,"y":1.0,"balls":[{"type":3,"rate":1.0}]}],"spec":{}},"blueprint":{"puzzle":"0d60e21a-a4ae-544d-882e-9d0777ad9528","title":"the chute","submittedAt":"2024-04-07T04:06:02.961576542Z","widgets":{"0":{"angle":-1.4492594449496912,"type":"board","x":419,"y":487},"1":{"angle":-1.503942178470036,"type":"board","x":403,"y":652.094239},"2":{"angle":0.5603170043483067,"type":"board","x":273,"y":418},"3":{"angle":1.5569083308639284,"type":"board","x":343,"y":652.383408},"4":{"angle":-1.5754484598004073,"type":"board","x":341,"y":545},"5":{"angle":-1.1763046895430609,"type":"board","x":460,"y":333},"6":{"angle":0.8156919233162235,"type":"board","x":66.5232375,"y":279},"7":{"angle":0.5849750793804839,"type":"board","x":151,"y":339},"8":{"angle":-1.3805021309133798,"type":"board","x":505,"y":184},"9":{"angle":-1.3795887180673292,"type":"board","x":522,"y":87.6157175}}},"snapshot":{"balls":[{"age":178,"angle":1.662987470626831,"type":3,"va":-13.210368156433105,"vx":0.5488631725311279,"vy":-9.058648109436035,"x":7.285214900970459,"y":-13.868847846984863},{"age":129,"angle":-1.7582918405532837,"type":3,"va":-30.333328247070312,"vx":3.8569023609161377,"vy":-5.082458019256592,"x":7.558028697967529,"y":-9.162269592285156},{"age":49,"angle":0.22172723710536957,"type":3,"va":0.23472200334072113,"vx":5.619474686682224e-4,"vy":-6.756330966949463,"x":5.180622100830078,"y":-2.4041543006896973}],"widgets":{}}}