{"puzzle":{"reqTiles":["Up","Left"],"inputs":[{"x":0.8,"y":0.0,"balls":[{"type":1,"rate":0.5}]},{"x":0.0,"y":0.5,"balls":[{"type":2,"rate":1.0}]}],"outputs":[{"x":0.5,"y":1.0,"balls":[{"type":2,"rate":1.0}]},{"x":0.0,"y":0.65,"balls":[{"type":1,"rate":0.5}]}],"spec":{}},"blueprint":{"puzzle":"28cd5c0c-98be-53d9-916c-80435a1e83a5","title":"crosswinds","submittedAt":"2024-04-07T13:51:54.202234953Z","widgets":{"64":{"angle":3.354391330134979,"type":"fan","x":259,"y":552},"65":{"angle":0.5738556781936923,"type":"fan","x":102,"y":339},"66":{"angle":0.8631631030001811,"type":"fan","x":528,"y":42.2340845},"67":{"angle":2.07693221316273,"type":"fan","x":648,"y":40},"68":{"angle":0.22561461691906973,"type":"board","x":91,"y":374},"69":{"angle":0.20477841024258056,"type":"board","x":225,"y":400},"70":{"angle":0.682413417286218,"type":"fan","x":145.5,"y":335},"71":{"angle":0,"type":"board","x":87.5,"y":466},"72":{"angle":-6.114816264930124e-2,"type":"board","x":210,"y":461},"73":{"angle":3.476628692674883,"type":"fan","x":206,"y":557},"74":{"angle":1.7050696409203914,"type":"brick","x":289,"y":551},"75":{"angle":1.97568811307998,"type":"brick","x":268,"y":609},"47":{"angle":2.884707789813278,"type":"fan","x":638,"y":320},"80":{"angle":-0.553942852813762,"type":"board","x":462,"y":357},"49":{"angle":0.8895043469400746,"type":"board","x":279,"y":663},"81":{"angle":0.9821643306943314,"type":"fan","x":517,"y":83},"50":{"angle":-0.10245840715576597,"type":"board","x":219,"y":519},"82":{"angle":2.1872671189211697,"type":"fan","x":659,"y":85},"51":{"angle":-1.2716240332223425,"type":"board","x":436,"y":653.7341015},"52":{"angle":1.5634435181282047,"type":"board","x":614,"y":90},"84":{"angle":-1.3618009680720589,"type":"brick","x":465,"y":555},"53":{"angle":1.5670227598009623,"type":"board","x":613,"y":224},"85":{"angle":-0.5557798074860448,"type":"board","x":481,"y":388},"54":{"angle":1.5447011097531844,"type":"board","x":566,"y":93},"86":{"angle":2.6526921209577754,"type":"fan","x":640,"y":277},"55":{"angle":1.5592865123439499,"type":"board","x":567,"y":199},"87":{"angle":0,"type":"brick","x":361,"y":395},"56":{"angle":2.5804292413014407,"type":"board","x":500,"y":326},"88":{"angle":-0.12822808473379566,"type":"brick","x":284,"y":516},"57":{"angle":2.097693703782678,"type":"fan","x":548,"y":244},"89":{"angle":0.4747858476933373,"type":"board","x":257,"y":355},"26":{"angle":-0.5613129635298382,"type":"board","x":542,"y":348},"58":{"angle":2.0744147163430937,"type":"fan","x":515,"y":267},"90":{"angle":-1.9819177699516537,"type":"anvil","x":457,"y":469},"59":{"angle":2.9387086746451536,"type":"fan","x":599,"y":352},"91":{"angle":0,"sticker":"figure3-happy","type":"sticker","x":279,"y":321},"28":{"angle":0.12700535566457288,"type":"board","x":87.8602299,"y":422},"60":{"angle":0.8700113246371348,"type":"fan","x":43.815823,"y":302},"29":{"angle":0.1438949309565892,"type":"board","x":206,"y":436},"61":{"angle":0.49604800394335796,"type":"fan","x":68,"y":323},"93":{"angle":0,"sticker":"squobject","type":"sticker","x":364,"y":359},"62":{"angle":0.6400514233568856,"type":"fan","x":58.2449,"y":308},"94":{"angle":2.092803176349572,"type":"fan","x":507,"y":281},"63":{"angle":-4.08221377933581e-6,"type":"board","x":87.5000367,"y":522},"95":{"angle":2.986547991451417,"type":"fan","x":577,"y":371}}},"snapshot":{"balls":[{"age":356,"angle":0.37006905674934387,"type":2,"va":-1.0151196718215942,"vx":-2.190549850463867,"vy":-0.6102232336997986,"x":7.330610275268555,"y":-14.235617637634277},{"age":235,"angle":1.7799385786056519,"type":2,"va":1.7712066173553467,"vx":-1.0806703567504883,"vy":-0.8647466897964478,"x":7.714686870574951,"y":-14.35702133178711},{"age":148,"angle":0.24312618374824524,"type":2,"va":-20.68475914001465,"vx":7.357860088348389,"vy":-3.0225729942321777,"x":2.8832156658172607,"y":-8.086129188537598},{"age":76,"angle":0.9757140278816223,"type":2,"va":-4.710532188415527,"vx":0.830382764339447,"vy":-0.18335182964801788,"x":0.6170678734779358,"y":-7.893550395965576},{"age":96,"angle":2.093231678009033,"type":1,"va":92.02687072753906,"vx":-20.7436580657959,"vy":0.6273035407066345,"x":2.628726005554199,"y":-9.750019073486328},{"age":31,"angle":1.1805793046951294,"type":1,"va":3.273259401321411,"vx":1.785964146256447e-2,"vy":-1.7027143239974976,"x":11.83818244934082,"y":-0.22735168039798737}],"widgets":{}}}