{"puzzle":{"reqTiles":["Up","Left"],"inputs":[{"x":0.65,"y":0.0,"balls":[{"type":3,"rate":0.5}]},{"x":0.0,"y":0.2,"balls":[{"type":2,"rate":0.5559895833333334}]}],"outputs":[{"x":0.5,"y":1.0,"balls":[{"type":2,"rate":0.5559895833333334}]},{"x":0.0,"y":0.8,"balls":[{"type":3,"rate":0.40625}]}],"spec":{}},"blueprint":{"puzzle":"1e9013d9-42c9-5aeb-89b6-f140089a365d","title":"Piper","submittedAt":"2024-04-10T11:24:32.229373497Z","widgets":{"32":{"angle":1.5513636830394746,"type":"board","x":469,"y":424},"33":{"angle":1.5341086456190203,"type":"board","x":522,"y":419},"34":{"angle":1.5429770828657827,"type":"board","x":515,"y":253},"35":{"angle":-1.6111146959737561,"type":"board","x":465,"y":256},"36":{"angle":1.5342124487179858,"type":"board","x":470,"y":444},"37":{"angle":1.5370814608775973,"type":"board","x":525,"y":487},"38":{"angle":0,"type":"brick","x":428,"y":516},"39":{"angle":-3.2040832000507744,"type":"fan","x":564,"y":555},"8":{"angle":-1.6107698494403464,"type":"board","x":384.5,"y":210},"40":{"angle":-3.1078390703123757,"type":"fan","x":564,"y":552},"9":{"angle":1.532587282826079,"type":"board","x":384,"y":297},"41":{"angle":-3.083185855944413,"type":"fan","x":562,"y":552},"10":{"angle":-1.5852297415835008,"type":"board","x":347,"y":277},"42":{"angle":-3.1271374626509596,"type":"fan","x":561,"y":564},"11":{"angle":-1.6106819589046253,"type":"board","x":346,"y":248},"43":{"angle":-1.5835950972812103,"type":"fan","x":37.7976874,"y":716.021987},"12":{"angle":-1.5881724860072768,"type":"board","x":385,"y":442},"44":{"angle":-1.6101673078303664,"type":"fan","x":38.3959139,"y":715.0421863},"13":{"angle":-1.5731505345361612,"type":"board","x":349,"y":448},"45":{"angle":-1.5660126774303855,"type":"fan","x":37.6120073,"y":716.3208653},"14":{"angle":-1.5931546716148342,"type":"board","x":406,"y":652.3206674},"46":{"angle":-2.850596619393454,"type":"fan","x":148,"y":648},"15":{"angle":-1.5864186914314087,"type":"board","x":336,"y":652.3700797},"47":{"angle":1.2403834953586552,"type":"fan","x":312,"y":450},"16":{"angle":0,"type":"board","x":259,"y":132},"48":{"angle":5.773048812936615,"type":"fan","x":38.819033,"y":227},"17":{"angle":0,"type":"board","x":256,"y":170},"49":{"angle":1.2335815498976772,"type":"fan","x":293,"y":371},"18":{"angle":0,"type":"board","x":87.5,"y":134},"50":{"angle":1.76085358982939,"type":"fan","x":420,"y":313},"19":{"angle":0,"type":"board","x":87.5,"y":169},"51":{"angle":1.226784169007378,"type":"fan","x":299,"y":272},"20":{"angle":0,"type":"board","x":304,"y":129},"52":{"angle":1.9320990532964315,"type":"fan","x":424,"y":404},"21":{"angle":-1.599472493740702,"type":"board","x":460.5,"y":87.7220873},"53":{"angle":1.9398836210126547,"type":"fan","x":425,"y":394},"22":{"angle":1.5340972873128635,"type":"board","x":506.5,"y":87.7713306},"54":{"angle":1.3647920319392917,"type":"fan","x":312,"y":390},"23":{"angle":0,"type":"board","x":87.5,"y":523},"55":{"angle":-2.754478120618077,"type":"fan","x":509,"y":630},"24":{"angle":-1.6199920618081898,"type":"board","x":56,"y":652.1632928},"56":{"angle":-2.8446129544727796,"type":"fan","x":520,"y":630},"25":{"angle":0,"type":"board","x":130,"y":573},"57":{"angle":-2.7421778235077063,"type":"fan","x":449,"y":613},"26":{"angle":0,"type":"board","x":100,"y":526},"58":{"angle":-3.0304606617535867,"type":"fan","x":563,"y":560},"27":{"angle":0,"type":"board","x":258,"y":573},"59":{"angle":-2.6592806411411636,"type":"fan","x":538,"y":611},"28":{"angle":0,"type":"board","x":270,"y":526},"29":{"angle":-1.561796585315985,"type":"fan","x":37.7099944,"y":716.163449},"30":{"angle":-1.5955388907303152,"type":"fan","x":38.069915,"y":715.579441},"31":{"angle":0,"type":"board","x":484,"y":577}}},"snapshot":{"balls":[{"age":1339,"angle":4.554937779903412e-2,"type":3,"va":-2.7160532474517822,"vx":0.12608669698238373,"vy":0.5092775225639343,"x":0.2001349925994873,"y":-13.223058700561523},{"age":16,"angle":0.1582135260105133,"type":2,"va":1.0021722316741943,"vx":-0.29987651109695435,"vy":-1.3230195045471191,"x":7.3988566398620605,"y":-14.718277931213379},{"age":458,"angle":-2.0507097244262695,"type":2,"va":-27.993574142456055,"vx":-1.4452435970306396,"vy":3.7802867889404297,"x":7.735437393188477,"y":-13.530481338500977},{"age":368,"angle":-1.0169392824172974,"type":2,"va":-31.25448226928711,"vx":3.6297061443328857,"vy":2.800382137298584,"x":7.6187334060668945,"y":-13.901971817016602},{"age":363,"angle":2.862607479095459,"type":3,"va":4.642406463623047,"vx":0.1204407662153244,"vy":0.9068194031715393,"x":0.19318699836730957,"y":-12.839478492736816},{"age":225,"angle":0.5652094483375549,"type":2,"va":-6.895030975341797,"vx":7.223233699798584,"vy":-0.4683854877948761,"x":4.098546504974365,"y":-3.060560941696167},{"age":251,"angle":-2.7107326984405518,"type":3,"va":18.36771011352539,"vx":-2.9004390239715576,"vy":-3.893864527344704e-2,"x":2.8766987323760986,"y":-11.12203598022461},{"age":109,"angle":-0.19956234097480774,"type":3,"va":-4.880000591278076,"vx":-0.5213814973831177,"vy":-14.518665313720703,"x":9.808870315551758,"y":-10.891962051391602},{"age":60,"angle":2.476450204849243,"type":2,"va":-4.898983955383301,"vx":0.7792125344276428,"vy":9.313225746154785e-10,"x":0.5823537707328796,"y":-3.041461944580078},{"age":24,"angle":-1.3174846172332764,"type":3,"va":-4.722827434539795,"vx":-1.121770590543747e-2,"vy":-2.584367513656616,"x":9.590507507324219,"y":-0.4503178596496582}],"widgets":{}}}