{"puzzle":{"reqTiles":["Up"],"inputs":[{"x":0.2,"y":0.0,"balls":[{"type":4,"rate":1.0}]}],"outputs":[{"x":0.8,"y":1.0,"balls":[{"type":4,"rate":1.0}]}],"spec":{}},"blueprint":{"puzzle":"4d0269cd-9675-58b7-b382-cdb0a1cec86e","title":"We have a black hole at home... the black hole at home:","submittedAt":"2024-04-11T17:09:39.971199582Z","widgets":{"0":{"angle":-2.168986639315674,"type":"fan","x":674,"y":515},"32":{"angle":1.2182468971080003,"type":"brick","x":715.5903895,"y":266},"1":{"angle":-1.743556944006248,"type":"fan","x":595.341,"y":569},"33":{"angle":0.8888029791803983,"type":"brick","x":691,"y":215},"2":{"angle":0.13500478652355033,"type":"fan","x":327.1969,"y":699.67823},"34":{"angle":0.9706447882862549,"type":"brick","x":103,"y":403},"3":{"angle":-0.9746146177871818,"type":"fan","x":372,"y":595},"35":{"angle":1.1596075513518245,"type":"brick","x":75,"y":346},"4":{"angle":-0.7341855627291605,"type":"fan","x":279,"y":571},"36":{"angle":1.6902851797023581,"type":"brick","x":56,"y":120},"5":{"angle":-0.5058792118582102,"type":"fan","x":203,"y":506},"37":{"angle":1.8891197474494899,"type":"brick","x":66,"y":72},"6":{"angle":0.1680964069677674,"type":"fan","x":137,"y":417},"38":{"angle":2.455198936086329,"type":"brick","x":85,"y":31.9903175},"7":{"angle":0.31958711390341327,"type":"fan","x":97.007,"y":331},"39":{"angle":-0.6157434359882653,"type":"brick","x":648,"y":572},"8":{"angle":0.47358225883018334,"type":"fan","x":80,"y":231},"40":{"angle":-0.10030053211182184,"type":"brick","x":601,"y":589},"9":{"angle":1.0777273005888495,"type":"fan","x":89,"y":38.450698},"41":{"angle":-1.5833297910166837,"type":"brick","x":726.0749411,"y":457},"10":{"angle":-4.732163680858214,"type":"fan","x":546,"y":159},"42":{"angle":-1.0439395295862306,"type":"brick","x":711.234862,"y":505},"11":{"angle":-4.234889264569886,"type":"fan","x":635,"y":183},"43":{"angle":-0.8148274948209075,"type":"brick","x":692,"y":535},"12":{"angle":-3.3693985506486652,"type":"fan","x":699,"y":275},"44":{"angle":0,"type":"brick","x":371,"y":608},"13":{"angle":-3.034524232379956,"type":"fan","x":712.627161,"y":362},"45":{"angle":0.15428756150440998,"type":"brick","x":325,"y":604},"14":{"angle":0.14979911860071876,"type":"fan","x":347,"y":327},"46":{"angle":0.36181327301473837,"type":"brick","x":295,"y":598},"15":{"angle":0.5462511836267778,"type":"fan","x":376,"y":238},"47":{"angle":0.6287962864154328,"type":"brick","x":265,"y":581},"16":{"angle":1.114367421712686,"type":"fan","x":451,"y":173},"48":{"angle":0.7016701439321756,"type":"brick","x":218,"y":543},"17":{"angle":-0.17445433829362864,"type":"fan","x":349,"y":418},"49":{"angle":0.8515681736314589,"type":"brick","x":177,"y":499},"18":{"angle":-1.774920068191789,"type":"brick","x":334,"y":415},"50":{"angle":0.9181341759351114,"type":"brick","x":137,"y":450},"51":{"angle":1.310204536317344,"type":"brick","x":55,"y":292},"20":{"angle":-1.052824847358812,"type":"brick","x":360,"y":241},"52":{"angle":1.5792810776941182,"type":"brick","x":49,"y":237},"21":{"angle":-1.31138841754282,"type":"brick","x":338,"y":294},"53":{"angle":1.672065619052713,"type":"brick","x":51,"y":178},"22":{"angle":-1.5192499347419581,"type":"brick","x":330,"y":352},"23":{"angle":0.6872704637306778,"type":"fan","x":84,"y":135},"55":{"angle":0,"type":"brick","x":481,"y":609},"24":{"angle":0.5863453184412277,"type":"brick","x":654,"y":180},"56":{"angle":0,"type":"brick","x":426,"y":609},"25":{"angle":0.29596761607808864,"type":"brick","x":600,"y":153},"26":{"angle":0,"type":"brick","x":545,"y":142},"27":{"angle":-0.1780774665343544,"type":"brick","x":496,"y":145},"28":{"angle":-0.4807725161157206,"type":"brick","x":446,"y":161},"29":{"angle":-0.7330618863371413,"type":"brick","x":399,"y":194},"30":{"angle":1.5572859500774723,"type":"brick","x":726.0418885,"y":391},"31":{"angle":1.5669570599442808,"type":"brick","x":726.3695597,"y":328}}},"snapshot":{"balls":[{"age":1783,"angle":1.5626051425933838,"type":4,"va":8.147358894348145,"vx":-1.2126752138137817,"vy":-1.0995994806289673,"x":10.88072395324707,"y":-7.459020614624023},{"age":1346,"angle":2.0080056190490723,"type":4,"va":14.929443359375,"vx":2.2656755447387695,"vy":1.8709930181503296,"x":11.087882041931152,"y":-7.756387710571289},{"age":1286,"angle":2.9519944190979004,"type":4,"va":8.155156135559082,"vx":-3.228205919265747,"vy":2.4204187393188477,"x":11.224281311035156,"y":-6.9661641120910645},{"age":1058,"angle":0.4117642939090729,"type":4,"va":11.416878700256348,"vx":0.8052425384521484,"vy":5.622315406799316,"x":11.52827262878418,"y":-7.860625743865967},{"age":1027,"angle":1.4730594158172607,"type":4,"va":0.5548745393753052,"vx":0.23839297890663147,"vy":2.904801368713379,"x":10.558201789855957,"y":-8.593364715576172},{"age":932,"angle":0.34121257066726685,"type":4,"va":3.501354455947876,"vx":-1.425819993019104,"vy":-3.9958345890045166,"x":10.555119514465332,"y":-7.3138508796691895},{"age":832,"angle":-0.7163320779800415,"type":4,"va":12.26744556427002,"vx":3.5159218311309814,"vy":-2.2496381774544716e-2,"x":11.011849403381348,"y":-9.036466598510742},{"age":653,"angle":-0.9526816606521606,"type":4,"va":1.6265615224838257,"vx":-6.879726052284241e-2,"vy":-4.260947227478027,"x":10.347994804382324,"y":-7.770747184753418},{"age":573,"angle":1.5931898355484009,"type":4,"va":23.403234481811523,"vx":-5.452146053314209,"vy":-4.532903671264648,"x":10.41872501373291,"y":-7.0172319412231445},{"age":525,"angle":0.22669777274131775,"type":4,"va":19.361364364624023,"vx":3.5803537368774414,"vy":-0.9883798956871033,"x":10.880311965942383,"y":-8.333427429199219},{"age":373,"angle":-0.711638331413269,"type":4,"va":-6.8950629234313965,"vx":6.798105716705322,"vy":-5.953968524932861,"x":10.549582481384277,"y":-9.106517791748047},{"age":293,"angle":1.711654782295227,"type":4,"va":18.303009033203125,"vx":0.6548368334770203,"vy":-1.1010074615478516,"x":10.701159477233887,"y":-7.719311237335205},{"age":205,"angle":0.7724612951278687,"type":4,"va":16.89482879638672,"vx":-0.8960041999816895,"vy":-6.065957069396973,"x":10.199801445007324,"y":-7.484971523284912},{"age":155,"angle":-2.1706771850585938,"type":4,"va":21.482799530029297,"vx":2.5673015117645264,"vy":-7.3199992179870605,"x":9.755138397216797,"y":-8.33878231048584},{"age":110,"angle":-1.4121954441070557,"type":4,"va":34.69324493408203,"vx":8.747512817382812,"vy":5.775368690490723,"x":11.405863761901855,"y":-9.548052787780762},{"age":71,"angle":-1.2915589809417725,"type":4,"va":-2.091813802719116,"vx":8.042861938476562,"vy":-15.480072975158691,"x":4.503678798675537,"y":-4.911861896514893}],"widgets":{}}}