{"puzzle":{"reqTiles":["Up"],"inputs":[{"x":0.5,"y":0.0,"balls":[{"type":1,"rate":0.72265625}]}],"outputs":[{"x":0.2,"y":1.0,"balls":[{"type":1,"rate":0.72265625}]}],"spec":{}},"blueprint":{"puzzle":"6c2cb243-de6b-57c9-82e3-e48f19f8d89f","title":"Why do we have all these fans, anyway?","submittedAt":"2024-04-22T16:51:39.215264061Z","widgets":{"0":{"angle":1.9754263231081457,"type":"board","x":217.9996565,"y":270.0003435},"32":{"angle":-0.7571286235317572,"type":"fan","x":196.667,"y":390.667},"1":{"angle":-0.7529885852579848,"type":"board","x":363.999687,"y":280},"33":{"angle":-1.4860240061714358,"type":"fan","x":249.333313,"y":469.999626},"2":{"angle":0.8223592660437572,"type":"board","x":253.333687,"y":429.333},"34":{"angle":0.25353424332582764,"type":"board","x":136,"y":286.666313},"3":{"angle":1.462824808178341,"type":"board","x":218,"y":366.667},"35":{"angle":0.820203481819039,"type":"board","x":82.3461795,"y":166.666687},"4":{"angle":0.26400238961768746,"type":"board","x":311.333313,"y":466.666626},"36":{"angle":1.2413923773483497,"type":"board","x":36.8205275,"y":85.7065735},"5":{"angle":-1.5233130422751113,"type":"board","x":649.333313,"y":436.666626},"37":{"angle":0.7896509002161836,"type":"board","x":196.666,"y":143.3326565},"6":{"angle":0.202468291249167,"type":"board","x":535.999687,"y":387.333626},"38":{"angle":-2.155787146340267,"type":"fan","x":245.9996565,"y":212.666687},"7":{"angle":2.658160298908866,"type":"board","x":377.999626,"y":307.333313},"8":{"angle":-0.3378927157750671,"type":"board","x":573.333374,"y":291.999687},"40":{"angle":-2.9893827011098852,"type":"fan","x":210.666626,"y":290.666687},"9":{"angle":-2.6493061878870884e-2,"type":"board","x":527.333313,"y":319.333313},"41":{"angle":0,"type":"board","x":370,"y":370},"10":{"angle":-1.1766648289406025,"type":"board","x":652,"y":230.666374},"42":{"angle":-1.5864748892305187,"type":"board","x":226.666626,"y":511.999626},"11":{"angle":0.6310089679189345,"type":"board","x":643.333374,"y":116},"43":{"angle":-1.6842039804298936,"type":"board","x":398.666313,"y":158.666313},"12":{"angle":1.4969819478734587,"type":"board","x":685.333313,"y":178.667},"44":{"angle":-0.6044861442400972,"type":"board","x":506,"y":229.332687},"13":{"angle":0.17513396729876676,"type":"board","x":601.333374,"y":85.333313},"45":{"angle":1.9566627932830782,"type":"board","x":201.5,"y":655.5463545},"14":{"angle":0,"type":"board","x":487.333313,"y":120.6666565},"46":{"angle":0.7799291989675348,"type":"board","x":68.538411,"y":672.0687865},"15":{"angle":0.42488363697264603,"type":"board","x":444.666626,"y":110.6666565},"47":{"angle":0,"type":"rightbumper","x":28,"y":405.333313},"48":{"angle":-2.2441086153372307,"type":"fan","x":528.000626,"y":574},"17":{"angle":1.0413592643228802,"type":"board","x":393.999626,"y":84.666687},"18":{"angle":0,"type":"fan","x":296.666626,"y":372},"19":{"angle":0,"type":"fan","x":534.666313,"y":189.333313},"20":{"angle":-1.056674262211248,"type":"fan","x":560,"y":186.666626},"21":{"angle":-1.110135459432545,"type":"fan","x":522.667,"y":161.9999695},"22":{"angle":1.5889608682857104,"type":"fan","x":598,"y":298.666374},"23":{"angle":-1.6258284625429982,"type":"fan","x":480.667313,"y":394.667},"24":{"angle":-2.049106932958211,"type":"fan","x":556.000626,"y":557.333},"25":{"angle":-1.8181644597686624,"type":"fan","x":626.000374,"y":644.000626},"26":{"angle":-2.0683636715833047,"type":"fan","x":657.999626,"y":528.667},"27":{"angle":-1.7942930591858786,"type":"fan","x":463.333,"y":554.666374},"28":{"angle":-2.1696845454347837,"type":"fan","x":409.333313,"y":555.333687},"29":{"angle":-9.576317782886099e-3,"type":"fan","x":23.8583254,"y":159.999313},"30":{"angle":-3.0761056614328384,"type":"fan","x":393.333687,"y":148.666313},"31":{"angle":-2.2627537574742043,"type":"fan","x":396.000374,"y":281.333313}}},"snapshot":{"balls":[{"age":1631,"angle":2.8698878288269043,"type":1,"va":59.77136993408203,"vx":6.417530059814453,"vy":-11.67199420928955,"x":3.0898420810699463,"y":-8.047972679138184},{"age":1532,"angle":-1.8444055318832397,"type":1,"va":-6.171461582183838,"vx":-1.5871224403381348,"vy":-0.856934666633606,"x":9.074934959411621,"y":-8.652413368225098},{"age":1364,"angle":1.6732808351516724,"type":1,"va":3.5483248233795166,"vx":7.644419193267822,"vy":-6.7378082275390625,"x":3.140962600708008,"y":-3.8863420486450195},{"age":1172,"angle":-1.7822333574295044,"type":1,"va":-9.911688804626465,"vx":7.3360981941223145,"vy":-7.098347187042236,"x":3.406256675720215,"y":-4.31687593460083},{"age":1112,"angle":1.7681931257247925,"type":1,"va":0.689614474773407,"vx":0.37927091121673584,"vy":-5.908384799957275,"x":0.23064100742340088,"y":-6.98203182220459},{"age":1007,"angle":1.750485897064209,"type":1,"va":20.41729736328125,"vx":-1.4249467849731445,"vy":-6.0546040534973145,"x":0.4488018751144409,"y":-6.031862258911133},{"age":954,"angle":-1.714957594871521,"type":1,"va":14.10659122467041,"vx":0.6664669513702393,"vy":-0.15636976063251495,"x":0.49706828594207764,"y":-4.526271820068359},{"age":842,"angle":-1.073285460472107,"type":1,"va":-9.614144325256348,"vx":7.920480251312256,"vy":-5.884641647338867,"x":2.828380584716797,"y":-3.7908122539520264},{"age":732,"angle":-1.8235278129577637,"type":1,"va":-2.892362117767334,"vx":6.993804931640625,"vy":-5.007297039031982,"x":2.3219285011291504,"y":-3.362135171890259},{"age":617,"angle":-0.7223818898200989,"type":1,"va":-10.235628128051758,"vx":1.9781895875930786,"vy":0.19974607229232788,"x":3.847646713256836,"y":-2.2967138290405273},{"age":515,"angle":-0.4337587058544159,"type":1,"va":-21.54277992248535,"vx":1.4169607162475586,"vy":-4.604049205780029,"x":9.143275260925293,"y":-8.02484130859375},{"age":469,"angle":1.4726423025131226,"type":1,"va":-42.485633850097656,"vx":4.81644868850708,"vy":2.0658342838287354,"x":7.825689315795898,"y":-8.869682312011719},{"age":390,"angle":-0.8813369274139404,"type":1,"va":-7.202239036560059,"vx":-2.5081636905670166,"vy":-4.353082656860352,"x":12.361621856689453,"y":-9.25484561920166},{"age":323,"angle":-0.9259836673736572,"type":1,"va":24.930490493774414,"vx":3.771318197250366,"vy":-4.8561930656433105,"x":11.516256332397461,"y":-7.130563259124756},{"age":253,"angle":-2.513741970062256,"type":1,"va":11.114956855773926,"vx":-0.31716927886009216,"vy":-3.9133520126342773,"x":8.187934875488281,"y":-6.840094566345215},{"age":159,"angle":-1.5747743844985962,"type":1,"va":20.56948471069336,"vx":-1.0723938941955566,"vy":-3.1201982498168945,"x":13.011637687683105,"y":-3.798811674118042},{"age":55,"angle":-1.5235178470611572,"type":1,"va":-8.760129928588867,"vx":1.1343480348587036,"vy":-1.9385242462158203,"x":7.610179901123047,"y":-0.5617836713790894}],"widgets":{}}}