{"puzzle":{"reqTiles":["Up"],"inputs":[{"x":0.2,"y":0.0,"balls":[{"type":4,"rate":0.8125}]}],"outputs":[{"x":0.35,"y":1.0,"balls":[{"type":4,"rate":0.8125}]}],"spec":{}},"blueprint":{"puzzle":"024e31ee-138a-5920-bc14-289264ff7b52","title":"As the walls crumble","submittedAt":"2024-04-16T09:56:37.502413665Z","widgets":{"0":{"angle":0.9123049968395008,"sticker":"figure3-happy","type":"sticker","x":370,"y":370},"32":{"angle":0,"type":"brick","x":99,"y":180},"64":{"angle":0.40342295414577345,"type":"brick","x":156,"y":624},"1":{"angle":-0.3074563467346953,"type":"brick","x":362,"y":454},"33":{"angle":0,"type":"brick","x":157,"y":157},"65":{"angle":-0.5776833959455759,"type":"brick","x":169,"y":495},"2":{"angle":0,"sticker":"squobject","type":"sticker","x":151,"y":361},"34":{"angle":1.039216252687538,"type":"brick","x":306,"y":542},"35":{"angle":0.7100498321820522,"type":"brick","x":260,"y":612},"4":{"angle":0.2730087030867106,"type":"brick","x":150,"y":398},"36":{"angle":-0.3693336576736266,"type":"brick","x":476,"y":400},"5":{"angle":0,"type":"brick","x":395,"y":676},"37":{"angle":0,"type":"brick","x":522,"y":390},"6":{"angle":0.3135421438753478,"type":"brick","x":87,"y":223},"38":{"angle":0,"type":"brick","x":576,"y":413},"7":{"angle":0.9382948632701177,"type":"brick","x":240,"y":272},"39":{"angle":0,"type":"brick","x":642,"y":437},"8":{"angle":1.4292860338709898,"type":"brick","x":233,"y":508},"40":{"angle":0,"type":"brick","x":641,"y":411},"9":{"angle":0,"type":"brick","x":98,"y":440},"41":{"angle":0,"type":"brick","x":578,"y":392},"10":{"angle":0,"type":"brick","x":34,"y":423},"42":{"angle":0.11809202841909314,"type":"brick","x":649,"y":149},"11":{"angle":0,"type":"brick","x":59,"y":416},"43":{"angle":0,"type":"brick","x":706,"y":156},"12":{"angle":0,"type":"brick","x":34,"y":376},"44":{"angle":-1.5847803887355132,"type":"brick","x":485,"y":613.815},"13":{"angle":0,"type":"brick","x":34,"y":397},"45":{"angle":-2.3439728765118315,"type":"brick","x":574,"y":595},"14":{"angle":0,"type":"brick","x":34,"y":208},"46":{"angle":0.269583952318028,"type":"brick","x":434,"y":558},"15":{"angle":0,"type":"brick","x":38,"y":183},"47":{"angle":-0.593749666710771,"type":"brick","x":492,"y":510},"16":{"angle":0,"type":"brick","x":34,"y":157},"17":{"angle":0,"type":"brick","x":396,"y":657},"49":{"height":10,"type":"attractor","width":150,"x":197,"y":586},"18":{"angle":0,"type":"brick","x":396,"y":633},"50":{"height":10,"type":"attractor","width":150,"x":514,"y":584},"19":{"angle":0,"type":"brick","x":394,"y":608},"51":{"angle":0.7296976321219831,"type":"brick","x":153,"y":131},"20":{"angle":2.233921569388415,"type":"brick","x":334,"y":704.8951815},"52":{"height":10,"type":"repulsor","width":150,"x":75,"y":120},"21":{"angle":0,"type":"brick","x":394,"y":583},"53":{"angle":0,"type":"brick","x":34,"y":75},"22":{"angle":0.48955644433493406,"type":"brick","x":143,"y":538},"54":{"angle":0,"type":"brick","x":95,"y":97},"23":{"angle":0,"type":"brick","x":641,"y":390},"55":{"angle":0,"type":"brick","x":34,"y":133},"24":{"angle":0,"type":"brick","x":399,"y":723.5},"56":{"angle":0,"type":"brick","x":34,"y":95},"25":{"angle":0,"type":"brick","x":397,"y":699},"57":{"angle":0,"type":"brick","x":97,"y":114},"26":{"angle":0,"type":"brick","x":706,"y":388},"58":{"angle":0,"type":"brick","x":34,"y":115},"27":{"angle":0,"type":"brick","x":706,"y":411},"59":{"angle":0,"type":"brick","x":58,"y":136},"28":{"angle":0,"type":"brick","x":706,"y":435},"60":{"angle":0,"type":"brick","x":119,"y":134},"29":{"angle":0,"type":"brick","x":159,"y":201},"61":{"angle":0.3384666803036324,"type":"brick","x":575,"y":519},"30":{"angle":0,"type":"brick","x":157,"y":178},"62":{"angle":0.3954716000661324,"type":"brick","x":102,"y":89},"31":{"angle":0,"type":"brick","x":96,"y":157},"63":{"angle":0.5053898662809345,"type":"brick","x":36.2855355,"y":711.726623}}},"snapshot":{"balls":[{"age":1220,"angle":-9.132601320743561e-2,"type":4,"va":4.976920127868652,"vx":0.30085039138793945,"vy":-0.6662716865539551,"x":3.6218373775482178,"y":-11.942506790161133},{"age":652,"angle":-0.47328779101371765,"type":4,"va":2.8591790199279785,"vx":-0.7408065795898438,"vy":1.217543125152588,"x":3.807483673095703,"y":-11.365497589111328},{"age":398,"angle":-1.03743577003479,"type":4,"va":-6.299750506877899e-2,"vx":-1.8515383005142212,"vy":2.2368223667144775,"x":4.172514915466309,"y":-12.035869598388672},{"age":328,"angle":3.041980028152466,"type":4,"va":2.1663260459899902,"vx":-0.849307656288147,"vy":8.901151269674301e-2,"x":5.673415660858154,"y":-14.361873626708984},{"age":218,"angle":0.48632821440696716,"type":4,"va":-9.373592376708984,"vx":0.23308268189430237,"vy":-4.623598575592041,"x":6.244436740875244,"y":-9.498992919921875},{"age":154,"angle":-1.1298760175704956,"type":4,"va":-10.768696784973145,"vx":2.329782009124756,"vy":-1.9364835023880005,"x":5.1383562088012695,"y":-4.960757732391357},{"age":92,"angle":2.3706302642822266,"type":4,"va":3.3906044960021973,"vx":1.347152590751648,"vy":-2.0118284225463867,"x":3.950843334197998,"y":-0.8888194561004639},{"age":39,"angle":0.7818604111671448,"type":4,"va":1.6757346391677856,"vx":0.7135312557220459,"vy":-0.4607471525669098,"x":3.099759101867676,"y":-0.297041118144989}],"widgets":{}}}