{"puzzle":{"reqTiles":["Up"],"inputs":[{"x":0.35,"y":0.0,"balls":[{"type":3,"rate":0.6731376647949219}]}],"outputs":[{"x":0.35,"y":1.0,"balls":[{"type":3,"rate":0.6705398559570313}]}],"spec":{}},"blueprint":{"puzzle":"fb4b07ed-b9f1-55c9-ae97-a09787fdf9b0","title":"I wonder what's going on down there","submittedAt":"2024-06-02T20:58:30.511967062Z","widgets":{"32":{"angle":0,"type":"board","x":652.5,"y":9},"33":{"angle":0,"type":"board","x":537,"y":9},"34":{"angle":0,"type":"board","x":370,"y":9},"35":{"angle":0,"type":"board","x":87.5,"y":9},"36":{"angle":1.5609927193156008,"type":"board","x":730.1426301,"y":561},"37":{"angle":-1.5776020742911172,"type":"board","x":730.4047091,"y":652.4407613},"6":{"angle":0,"catMass":2,"type":"catswat","x":70.5,"y":700},"38":{"angle":0,"type":"board","x":87.5,"y":731},"7":{"angle":-0.19594674113510072,"type":"board","x":234,"y":674.136},"39":{"angle":0,"type":"board","x":370,"y":731},"8":{"angle":-0.42396393115816805,"type":"board","x":375,"y":695.8013275},"40":{"angle":0,"type":"board","x":487,"y":731},"9":{"angle":-1.2822929402958299,"type":"board","x":479,"y":578},"41":{"angle":0,"type":"board","x":652.5,"y":731},"10":{"angle":-1.6650862373850528,"type":"board","x":496,"y":416},"42":{"angle":0,"type":"board","x":152,"y":731},"11":{"angle":0,"type":"board","x":487,"y":337},"12":{"angle":0,"type":"board","x":583,"y":499},"13":{"angle":0,"type":"board","x":534,"y":664},"14":{"angle":0,"type":"board","x":652.5,"y":337},"15":{"angle":0,"type":"board","x":652.5,"y":499},"16":{"angle":0,"type":"board","x":652.5,"y":663},"17":{"angle":0,"type":"board","x":87.5,"y":336},"19":{"angle":0,"type":"board","x":137,"y":336},"20":{"angle":0,"type":"board","x":151.5,"y":9},"21":{"angle":1.0572801416628421,"sticker":"figure3-happy","type":"sticker","x":205,"y":258},"22":{"angle":-0.31089629343026937,"sticker":"figure2-sad","type":"sticker","x":327,"y":269},"23":{"angle":0,"type":"board","x":377,"y":337},"24":{"angle":1.5706614104438539,"type":"board","x":730.9881948,"y":413},"25":{"angle":1.5751932833835136,"type":"board","x":730.6153578,"y":257},"26":{"angle":-1.5861012541190889,"type":"board","x":729.6619268,"y":87.6275012},"27":{"angle":1.5805999342741923,"type":"board","x":9.8573699,"y":652.415969},"28":{"angle":1.5800738941027608,"type":"board","x":9.8113881,"y":585},"29":{"angle":1.5620270340388973,"type":"board","x":9.7669913,"y":420},"30":{"angle":1.5758786524712434,"type":"board","x":9.4445842,"y":256},"31":{"angle":1.5628043795873534,"type":"board","x":9.6989997,"y":87.5691267}}},"snapshot":{"balls":[{"age":334,"angle":-0.2727653384208679,"type":3,"va":-17.683202743530273,"vx":0.13659951090812683,"vy":5.105588585138321e-3,"x":8.177399635314941,"y":-13.239344596862793},{"age":260,"angle":0.4472687244415283,"type":3,"va":7.668056011199951,"vx":0.10896733403205872,"vy":4.917919635772705e-2,"x":8.466817855834961,"y":-13.108566284179688},{"age":205,"angle":-1.8813573122024536,"type":3,"va":-7.171597003936768,"vx":-3.1377110481262207,"vy":-2.146509885787964,"x":2.0524239540100098,"y":-13.98427677154541},{"age":145,"angle":2.453718662261963,"type":3,"va":12.380763053894043,"vx":-2.1948113441467285,"vy":1.2416374683380127,"x":4.156936168670654,"y":-12.58160400390625},{"age":36,"angle":-1.3651177883148193,"type":3,"va":-4.3924665451049805,"vx":6.880626827478409e-2,"vy":-3.5775840282440186,"x":5.177118301391602,"y":-0.7400879859924316}],"widgets":{"6":{"angle":0,"key":"6","va":0,"vx":0,"vy":0,"x":1.409999966621399,"y":-14}}}}