{"puzzle":{"reqTiles":["Up"],"inputs":[{"x":0.65,"y":0.0,"balls":[{"type":2,"rate":0.5294392903645834}]},{"x":1.0,"y":0.2,"balls":[{"type":4,"rate":0.8330078125}]}],"outputs":[{"x":0.35,"y":1.0,"balls":[{"type":4,"rate":0.8330078125}]},{"x":1.0,"y":0.35,"balls":[{"type":2,"rate":0.5294392903645834}]}],"spec":{}},"blueprint":{"puzzle":"9838be96-9234-5365-8eff-3220d85109f3","title":"the floor is lava","submittedAt":"2024-05-09T20:09:56.851349019Z","widgets":{"0":{"angle":-1.723301107439119,"type":"fan","x":699.365246,"y":336},"32":{"angle":-1.3195744051133689,"type":"fan","x":291,"y":67},"1":{"angle":-1.8725028610567462,"type":"fan","x":647,"y":247},"33":{"angle":1.5795680316393395,"type":"brick","x":580,"y":705.8828755},"2":{"angle":0.5751928141668105,"type":"anvil","x":453,"y":376},"3":{"angle":0.15144007347335095,"type":"fan","x":615,"y":234},"5":{"angle":-3.489219381807282,"type":"fan","x":697.374,"y":54},"37":{"angle":-0.28951018705484083,"sticker":"knievel","type":"sticker","x":580,"y":599},"6":{"angle":0,"type":"brick","x":706,"y":230},"38":{"angle":0,"type":"board","x":87.5,"y":152},"7":{"angle":2.5815768774929087,"type":"brick","x":704.022402,"y":296},"39":{"angle":0,"catMass":2,"type":"catswat","x":43,"y":122},"8":{"angle":2.6637792501118556,"type":"brick","x":662,"y":322},"9":{"angle":0,"type":"cushion","x":699,"y":228},"10":{"angle":-0.3557708800920919,"type":"brick","x":648,"y":260},"11":{"angle":-0.8158085006064402,"type":"fan","x":630,"y":366},"12":{"angle":1.70063165695321,"type":"brick","x":622,"y":359},"13":{"angle":0.8844773033122278,"type":"fan","x":93,"y":174},"14":{"angle":0,"type":"cushion","x":535,"y":720.5},"15":{"angle":0,"type":"cushion","x":458,"y":720.5},"16":{"angle":0,"type":"cushion","x":380,"y":720.5},"17":{"angle":1.5559275341517897,"type":"cushion","x":326,"y":698.7146211},"18":{"angle":0,"type":"cushion","x":124,"y":720.5},"19":{"angle":-1.6990891855791848,"type":"cushion","x":184,"y":696.8420885},"20":{"angle":0,"type":"cushion","x":41,"y":720.5},"21":{"angle":0,"type":"cushion","x":699,"y":720.5},"22":{"angle":0,"type":"cushion","x":617,"y":720.5},"23":{"angle":-6.817322492193677e-2,"type":"brick","x":590,"y":274},"24":{"angle":-0.879173771017908,"type":"fan","x":632,"y":368},"25":{"angle":-0.4921887716371047,"sticker":"figure2-happy","type":"sticker","x":459,"y":479},"26":{"angle":1.5152955510541668,"type":"board","x":105.5,"y":628},"27":{"angle":1.588504847300961,"type":"board","x":53,"y":622},"28":{"angle":0,"sticker":"figure1-sad","type":"sticker","x":79,"y":523},"30":{"angle":8.419623294610656e-2,"sticker":"figure1-happy","type":"sticker","x":241,"y":149},"31":{"angle":-1.779544343930106,"type":"fan","x":198,"y":62}}},"snapshot":{"balls":[{"age":634,"angle":-0.4507240951061249,"type":2,"va":0,"vx":0,"vy":0,"x":7.046638488769531,"y":-13.958702087402344},{"age":15,"angle":1.714386224746704,"type":4,"va":-1.4764918088912964,"vx":0.18614709377288818,"vy":-0.9121460318565369,"x":5.199103355407715,"y":-14.718141555786133},{"age":221,"angle":0.8271176815032959,"type":4,"va":-3.040792942047119,"vx":1.404981017112732,"vy":-7.60689640045166,"x":4.653881072998047,"y":-8.699301719665527},{"age":176,"angle":-1.630260944366455,"type":4,"va":1.7078857421875,"vx":-3.996182918548584,"vy":-4.0217413902282715,"x":4.941915512084961,"y":-4.5595316886901855},{"age":181,"angle":0.5288193821907043,"type":2,"va":-0.7754010558128357,"vx":0.9115048050880432,"vy":7.040451467037201e-2,"x":14.416718482971191,"y":-5.137966156005859},{"age":109,"angle":2.5866873264312744,"type":4,"va":-2.5694777965545654,"vx":-8.837435722351074,"vy":-1.1859910488128662,"x":13.035064697265625,"y":-2.215634822845459},{"age":58,"angle":2.0862154960632324,"type":4,"va":0.1558007150888443,"vx":-0.6365206837654114,"vy":-0.8283708691596985,"x":14.457640647888184,"y":-2.998823404312134},{"age":63,"angle":0.9378259181976318,"type":2,"va":1.881492018699646,"vx":-0.2886769771575928,"vy":-6.612045764923096,"x":9.580435752868652,"y":-2.288334608078003}],"widgets":{"39":{"angle":0,"key":"39","va":0,"vx":0,"vy":0,"x":0.8600000143051147,"y":-2.440000057220459}}}}