{"puzzle":{"reqTiles":["Up","Left"],"inputs":[{"x":0.8,"y":0.0,"balls":[{"type":1,"rate":0.541900634765625}]},{"x":0.0,"y":0.2,"balls":[{"type":3,"rate":0.6690006256103516}]}],"outputs":[{"x":0.2,"y":1.0,"balls":[{"type":3,"rate":0.6690006256103516}]},{"x":0.0,"y":0.65,"balls":[{"type":1,"rate":0.5172017415364584}]}],"spec":{}},"blueprint":{"puzzle":"41ce793e-351b-5cf7-9c26-dbb676204e5a","title":"Bun Takes the High Road and Bun Takes the Low Road","submittedAt":"2024-06-03T20:06:52.191528782Z","widgets":{"0":{"angle":1.1572913048020461,"type":"cushion","x":34.331173,"y":254},"32":{"angle":3.1324024484657738,"type":"brick","x":104.976,"y":144.814},"64":{"angle":-1.6268586098082007,"sticker":"kingbun","type":"sticker","x":500,"y":674},"1":{"angle":1.568017018048985,"type":"board","x":111.452,"y":652.4753354},"33":{"angle":-0.8211450253792552,"type":"brick","x":663,"y":490},"65":{"angle":0,"sticker":"kingbun","type":"sticker","x":520,"y":398},"2":{"angle":1.5783882550219592,"type":"board","x":525.336,"y":589.434},"34":{"angle":0.8964370755968094,"type":"brick","x":319,"y":228},"66":{"angle":-3.0819878533621097,"sticker":"kingbun","type":"sticker","x":394,"y":531},"3":{"angle":1.5543795437526957,"type":"board","x":232,"y":127},"35":{"angle":3.1504597282744857,"type":"fan","x":705.168,"y":475},"67":{"angle":-3.0895443209103925,"sticker":"kingbun","type":"sticker","x":17.018838,"y":354},"4":{"angle":1.5523340831853714,"type":"board","x":233,"y":174},"36":{"angle":1.5966501430099371,"type":"fan","x":204,"y":148},"68":{"angle":1.603317096438436,"sticker":"kingbun","type":"sticker","x":396,"y":154},"37":{"angle":0,"type":"board","x":96.5,"y":504},"69":{"angle":-3.1391509399375375,"sticker":"kingbun","type":"sticker","x":551,"y":527},"6":{"angle":0,"type":"board","x":87.5,"y":257},"38":{"angle":0,"type":"board","x":165,"y":425},"70":{"angle":-3.1551174891018356,"sticker":"kingbun","type":"sticker","x":259,"y":81},"71":{"angle":0,"sticker":"kingbun","type":"sticker","x":96,"y":396},"8":{"angle":0,"type":"board","x":312,"y":503},"72":{"angle":0,"sticker":"kingbun","type":"sticker","x":209,"y":720},"9":{"angle":0,"type":"board","x":393,"y":503},"41":{"angle":1.559927189617627,"type":"board","x":181,"y":87.5926576},"73":{"angle":0,"sticker":"kingbun","type":"sticker","x":102,"y":110},"10":{"angle":0,"type":"board","x":602,"y":503},"42":{"angle":0,"type":"board","x":271,"y":627},"74":{"angle":-3.1447588699223186,"sticker":"kingbun","type":"sticker","x":202,"y":344},"11":{"angle":1.569124604710052,"type":"board","x":679,"y":474},"43":{"angle":0,"type":"board","x":87.5,"y":323},"75":{"angle":-3.1226488967250163,"type":"fan","x":543,"y":610},"12":{"angle":1.5796581740444995,"type":"board","x":680,"y":306},"44":{"angle":-3.1535561342054605,"type":"board","x":311.946,"y":253},"76":{"angle":-2.072818262703652,"type":"fan","x":238,"y":661},"13":{"angle":0,"type":"board","x":537,"y":255},"45":{"angle":0,"type":"board","x":433,"y":626},"77":{"angle":1.5770656936752165,"type":"cushion","x":452,"y":373},"14":{"angle":0,"type":"board","x":601,"y":206},"46":{"angle":1.5685256676637254,"type":"board","x":617,"y":347},"78":{"angle":0,"type":"fan","x":146,"y":292},"15":{"angle":0,"type":"board","x":455,"y":205},"47":{"angle":0,"type":"board","x":407,"y":322},"16":{"angle":1.5739425749168152,"type":"board","x":314,"y":173},"48":{"angle":0,"type":"board","x":246,"y":321},"17":{"angle":0,"type":"board","x":379,"y":254},"49":{"angle":0,"type":"board","x":334,"y":424},"18":{"angle":1.5752916315443177,"type":"board","x":373,"y":128},"50":{"angle":0,"type":"board","x":490,"y":424},"19":{"angle":1.5800553214570194,"type":"board","x":314,"y":122.58},"51":{"angle":0,"type":"board","x":488,"y":322},"20":{"angle":0,"type":"board","x":157.5,"y":164},"52":{"angle":1.5570623778984054,"type":"board","x":525.5,"y":652.3846226},"21":{"angle":0,"type":"board","x":227,"y":164},"53":{"angle":-1.1512299507157618e-2,"type":"board","x":605,"y":567.395},"22":{"angle":0,"type":"board","x":453,"y":49},"54":{"angle":1.586062316341676,"type":"board","x":160.5,"y":342},"23":{"angle":1.559733843699583,"type":"board","x":680,"y":141.594},"55":{"angle":-2.383563254178425,"type":"fan","x":620,"y":549},"24":{"angle":0,"type":"board","x":612,"y":49},"56":{"angle":-2.518008415363079,"type":"fan","x":277,"y":545},"25":{"angle":-3.1645786031966305,"type":"fan","x":654.644,"y":38.030216},"57":{"angle":1.997963648879076e-2,"type":"fan","x":294.854,"y":214},"26":{"angle":-0.6727450149229373,"type":"brick","x":499,"y":611},"58":{"angle":-1.570486984672365,"type":"fan","x":37.5072692,"y":275},"27":{"angle":1.564057884312292,"type":"brick","x":562,"y":389},"59":{"angle":-1.577375179247913,"type":"fan","x":54.6538,"y":633},"28":{"angle":1.5899912458991146,"type":"brick","x":562,"y":351},"60":{"angle":1.6233659602398147,"sticker":"kingbun","type":"sticker","x":708,"y":291},"29":{"angle":0.7647134601313709,"type":"brick","x":188,"y":306},"61":{"angle":0,"sticker":"kingbun","type":"sticker","x":106,"y":549},"30":{"angle":0,"type":"brick","x":290,"y":48},"62":{"angle":0,"sticker":"kingbun","type":"sticker","x":612,"y":174},"31":{"angle":0,"type":"brick","x":257,"y":49},"63":{"angle":-2.147940809345735,"sticker":"kingbun","type":"sticker","x":33,"y":254}}},"snapshot":{"balls":[{"age":932,"angle":-2.7678427696228027,"type":1,"va":2.622786521911621,"vx":-0.4425446689128876,"vy":4.5217856764793396e-2,"x":2.2808380126953125,"y":-9.741293907165527},{"age":861,"angle":-2.4056711196899414,"type":1,"va":2.6028616428375244,"vx":-0.5371667742729187,"vy":0.29745417833328247,"x":1.9373037815093994,"y":-9.730534553527832},{"age":665,"angle":2.374786138534546,"type":1,"va":-2.37211537361145,"vx":-1.0056533813476562,"vy":0.6539340615272522,"x":1.7857998609542847,"y":-9.21831226348877},{"age":630,"angle":-1.6522234678268433,"type":3,"va":19.211719512939453,"vx":-3.3249099254608154,"vy":-0.9550336003303528,"x":9.636457443237305,"y":-11.782769203186035},{"age":547,"angle":-2.4139018058776855,"type":3,"va":21.830400466918945,"vx":-3.1973180770874023,"vy":0.5794445872306824,"x":8.877046585083008,"y":-12.184799194335938},{"age":538,"angle":-2.3564417362213135,"type":1,"va":0.14764341711997986,"vx":-3.821859508752823e-2,"vy":0.2761453092098236,"x":0.501680850982666,"y":-9.683367729187012},{"age":441,"angle":0.9371119737625122,"type":3,"va":-1.9759936332702637,"vx":-0.5921670794487,"vy":-7.389192581176758,"x":11.747678756713867,"y":-9.612333297729492},{"age":412,"angle":-2.0160441398620605,"type":1,"va":38.84120559692383,"vx":-13.074081420898438,"vy":-1.9650052785873413,"x":4.3929057121276855,"y":-9.468013763427734},{"age":374,"angle":-3.0897624492645264,"type":3,"va":-19.078699111938477,"vx":3.014772415161133,"vy":-5.0123631954193115e-2,"x":11.133183479309082,"y":-6.102188587188721},{"age":324,"angle":0.6070117354393005,"type":1,"va":32.47348403930664,"vx":-0.7084178924560547,"vy":-2.8614308834075928,"x":12.063284873962402,"y":-9.530774116516113},{"age":286,"angle":-2.406099796295166,"type":3,"va":-19.11680793762207,"vx":3.024152994155884,"vy":-5.122801661491394e-2,"x":7.757072448730469,"y":-6.102198600769043},{"age":215,"angle":-0.6825302839279175,"type":3,"va":-17.741914749145508,"vx":2.198472499847412,"vy":0.8243271112442017,"x":4.7171831130981445,"y":-6.038732051849365},{"age":171,"angle":1.453870177268982,"type":1,"va":2.783259868621826,"vx":-0.7706563472747803,"vy":-6.448031902313232,"x":6.645351409912109,"y":-2.8629655838012695},{"age":117,"angle":-2.8784628957509995e-2,"type":3,"va":-7.606451511383057,"vx":1.0826057195663452,"vy":-1.9872417449951172,"x":0.8689467310905457,"y":-4.38594913482666},{"age":40,"angle":-1.384493112564087,"type":1,"va":-6.672150135040283,"vx":-1.2748900651931763,"vy":-1.321426510810852,"x":11.577722549438477,"y":-0.4512387812137604}],"widgets":{}}}