{"puzzle":{"reqTiles":["Up"],"inputs":[{"x":0.2,"y":0.0,"balls":[{"type":3,"rate":1.0}]}],"outputs":[{"x":0.2,"y":1.0,"balls":[{"type":3,"rate":1.0}]}],"spec":{}},"blueprint":{"puzzle":"321d5ae8-2019-5294-a549-484cd949a06a","title":"Injection moulding","submittedAt":"2024-04-06T18:17:02.728260834Z","widgets":{"32":{"angle":1.5457872072724155,"type":"board","x":420,"y":145},"33":{"angle":8.781543591327635e-2,"type":"brick","x":148,"y":309},"65":{"angle":1.3315658831244515,"type":"board","x":201,"y":596},"34":{"angle":0.10040859926858375,"type":"brick","x":89,"y":298},"66":{"angle":-1.4519003090558569,"type":"board","x":173,"y":594},"35":{"angle":-0.7270366041278585,"type":"brick","x":670,"y":125},"67":{"angle":0.9991806298251199,"type":"brick","x":262,"y":644},"36":{"angle":0.44956461477854687,"type":"brick","x":668,"y":88},"68":{"angle":1.5206106437511016,"type":"brick","x":249,"y":595},"37":{"angle":1.6984151465510482,"type":"brick","x":594,"y":140},"69":{"angle":-1.001531080551971,"type":"brick","x":258,"y":544},"38":{"angle":-0.8822219089528679,"type":"brick","x":570,"y":187},"70":{"angle":1.543066979083011,"type":"board","x":352,"y":598},"39":{"angle":0.9380909326566397,"type":"brick","x":577,"y":86},"71":{"angle":1.5367158160848544,"type":"board","x":307,"y":595},"40":{"angle":-0.7156270519484658,"type":"brick","x":538,"y":91},"72":{"angle":0,"type":"brick","x":330,"y":601},"41":{"angle":1.5227563939471336,"type":"brick","x":521,"y":132},"42":{"angle":1.1185073525430924,"type":"brick","x":535,"y":187},"11":{"angle":1.5703421183574433,"type":"brick","x":75,"y":88},"43":{"angle":1.3028835013918636,"type":"brick","x":457,"y":193},"44":{"angle":-1.019101089858514,"type":"brick","x":449,"y":132},"76":{"angle":1.534317862130559,"type":"board","x":390,"y":594},"13":{"angle":0.9283627382793117,"type":"brick","x":389,"y":405},"45":{"angle":-0.48194584037214094,"type":"brick","x":383,"y":443},"14":{"angle":-0.7787417007152988,"type":"brick","x":381,"y":358},"46":{"angle":1.5631299391746107,"type":"board","x":459,"y":384},"78":{"angle":1.3313991864895913,"type":"board","x":447,"y":596},"15":{"angle":0.5748032169340563,"type":"brick","x":384,"y":321},"47":{"angle":0,"type":"brick","x":489,"y":459},"79":{"angle":1.5666126080355802,"type":"board","x":465,"y":594},"16":{"angle":0,"type":"brick","x":262,"y":387},"48":{"angle":1.6922764273207236,"type":"board","x":26.1694,"y":593},"80":{"angle":1.547086143525962,"type":"board","x":425,"y":594},"17":{"angle":0.7789460323329926,"type":"brick","x":443,"y":89},"49":{"angle":1.5819069806925043,"type":"board","x":562,"y":385},"81":{"angle":0,"type":"brick","x":520,"y":661},"18":{"angle":-0.83155291100771,"type":"brick","x":344,"y":191},"82":{"angle":0,"type":"brick","x":518,"y":587},"19":{"angle":0.7020729117841696,"type":"brick","x":345,"y":86},"83":{"angle":0,"type":"brick","x":516,"y":524},"20":{"angle":1.5494538541326652,"type":"brick","x":371,"y":138},"21":{"angle":-0.9746167482350236,"type":"brick","x":237,"y":207},"53":{"angle":0,"type":"brick","x":603,"y":458},"85":{"angle":1.564088312227999,"type":"board","x":495,"y":594},"22":{"angle":1.5558022109660632,"type":"brick","x":237,"y":83},"54":{"angle":0,"type":"brick","x":600,"y":387},"86":{"angle":-0.9957624484117599,"type":"brick","x":586,"y":652},"23":{"angle":-0.9695825270776639,"type":"brick","x":141,"y":191},"55":{"angle":0,"type":"brick","x":604,"y":311},"87":{"angle":1.5709370265407099,"type":"brick","x":584,"y":532},"24":{"angle":1.5616854630828303,"type":"brick","x":158,"y":138},"56":{"angle":1.3747522793036622,"type":"board","x":59,"y":594},"88":{"angle":0,"type":"brick","x":634,"y":592},"25":{"angle":1.0726052286373144,"type":"brick","x":144,"y":82},"57":{"angle":1.7800876000510737,"type":"board","x":85,"y":594},"89":{"angle":0,"type":"brick","x":704,"y":592},"26":{"angle":1.555410073517408,"type":"board","x":322,"y":141},"58":{"angle":1.4283918127942556,"type":"board","x":114,"y":597},"27":{"angle":1.5757633715237895,"type":"board","x":351,"y":381},"28":{"angle":1.2730015302863038,"type":"board","x":288,"y":385},"29":{"angle":1.924931271991744,"type":"board","x":231,"y":387},"30":{"angle":1.5514337782870904,"type":"board","x":124,"y":385},"31":{"angle":1.5411957239903904,"type":"board","x":640,"y":149},"63":{"angle":0,"type":"brick","x":189,"y":613}}},"snapshot":{"balls":[{"age":1645,"angle":1.2221722602844238,"type":3,"va":-0.8036104440689087,"vx":1.6065338626503944e-2,"vy":-8.089454472064972e-2,"x":1.446911096572876,"y":-11.54903507232666},{"age":903,"angle":-0.8371355533599854,"type":3,"va":2.2303301841020584e-2,"vx":5.322042852640152e-3,"vy":-2.6798482984304428e-2,"x":1.3974214792251587,"y":-11.234481811523438},{"age":817,"angle":-1.9048677682876587,"type":3,"va":0,"vx":0,"vy":0,"x":4.548431396484375,"y":-11.858232498168945},{"age":666,"angle":1.8733352422714233,"type":3,"va":0,"vx":0,"vy":0,"x":0.17036202549934387,"y":-12.091569900512695},{"age":257,"angle":-2.5115840435028076,"type":3,"va":5.702181339263916,"vx":-0.976340115070343,"vy":-2.328356981277466,"x":3.1726741790771484,"y":-10.260842323303223},{"age":199,"angle":-2.8776321411132812,"type":3,"va":-0.48975566029548645,"vx":0.5148159861564636,"vy":-1.20840585231781,"x":2.647362232208252,"y":-5.726974964141846},{"age":156,"angle":-0.4948002099990845,"type":3,"va":-0.8412739634513855,"vx":0.20041489601135254,"vy":-0.2263329029083252,"x":3.6196131706237793,"y":-5.7693023681640625},{"age":99,"angle":-1.754347562789917,"type":3,"va":19.576143264770508,"vx":-3.424459934234619,"vy":-2.3535103797912598,"x":3.6510426998138428,"y":-4.462179183959961},{"age":37,"angle":0.8931927680969238,"type":3,"va":-11.972494125366211,"vx":1.7155660390853882,"vy":-2.3645224571228027,"x":3.115144968032837,"y":-1.0792162418365479}],"widgets":{}}}