{"puzzle":{"reqTiles":["Up","Left"],"inputs":[{"x":0.8,"y":0.0,"balls":[{"type":1,"rate":0.5}]},{"x":0.0,"y":0.8,"balls":[{"type":3,"rate":1.0}]}],"outputs":[{"x":0.2,"y":1.0,"balls":[{"type":3,"rate":1.0}]},{"x":0.0,"y":0.65,"balls":[{"type":1,"rate":0.5}]}],"spec":{}},"blueprint":{"puzzle":"a172b311-a017-5d52-ab27-0500c831029f","title":"Color Correction","submittedAt":"2024-04-07T19:04:13.661604915Z","widgets":{"0":{"angle":3.687475019752926,"type":"prism","x":544,"y":100},"32":{"angle":-0.4450984999384174,"type":"board","x":657.150377,"y":694.2040255},"2":{"angle":-2.1081300547839446,"type":"leftbumper","x":55.1378735,"y":223},"3":{"angle":-2.070540218161704,"type":"leftbumper","x":141,"y":218},"35":{"angle":2.7882563787989008,"type":"fan","x":433,"y":647},"4":{"angle":-2.0411141002502817,"type":"leftbumper","x":228,"y":220},"36":{"angle":2.7813482092801696,"type":"fan","x":380,"y":652},"5":{"angle":-2.0966554970798743,"type":"leftbumper","x":318,"y":217},"6":{"height":400,"type":"attractor","width":400,"x":201,"y":201},"7":{"angle":-0.20499339916159462,"type":"board","x":87.499974,"y":498},"8":{"angle":0,"type":"board","x":252,"y":482},"9":{"angle":0,"type":"leftbumper","x":353,"y":445},"10":{"angle":-0.8092293678214151,"type":"board","x":430,"y":348},"11":{"angle":2.44611875439601e-3,"type":"board","x":566,"y":284},"12":{"angle":1.0106194384509186,"type":"board","x":685.883651,"y":351},"13":{"angle":1.6026959084374386,"type":"leftbumper","x":48.3688573,"y":710.4992822},"14":{"angle":1.5740898242031711,"type":"leftbumper","x":237,"y":608},"15":{"angle":0.9393173889132632,"type":"prism","x":190,"y":513},"16":{"angle":0,"type":"board","x":362,"y":624},"21":{"angle":1.0806007130053563,"type":"leftbumper","x":487,"y":622},"22":{"angle":2.101619682914852,"type":"prism","x":384,"y":547},"23":{"angle":-0.9870794468635914,"type":"board","x":147,"y":654},"24":{"height":10,"type":"attractor","width":150,"x":558,"y":464},"25":{"angle":-2.0856352254735824,"type":"prism","x":495,"y":446},"26":{"angle":0,"type":"prism","x":604,"y":426},"27":{"angle":2.1071208458600332,"type":"prism","x":568,"y":531},"28":{"angle":-1.0279433171952441,"type":"prism","x":544,"y":402},"29":{"angle":1.0723643766033477,"type":"prism","x":617,"y":490},"30":{"angle":-3.1292256077719207,"type":"prism","x":506,"y":510},"31":{"angle":3.120556382417046,"type":"fan","x":715.716381,"y":702.013965}}},"snapshot":{"balls":[{"age":1073,"angle":2.785224437713623,"type":1,"va":78.94134521484375,"vx":-7.059256553649902,"vy":9.272905349731445,"x":0.3884305953979492,"y":-8.805510520935059},{"age":680,"angle":1.6444405317306519,"type":3,"va":1.9685499668121338,"vx":-0.8743199706077576,"vy":-0.12419384717941284,"x":3.3601861000061035,"y":-14.36387825012207},{"age":628,"angle":2.7499568462371826,"type":3,"va":4.069944858551025,"vx":-0.6577585339546204,"vy":-3.7575243040919304e-3,"x":4.069612503051758,"y":-14.621416091918945},{"age":647,"angle":2.1517372131347656,"type":1,"va":-2.4019691944122314,"vx":0.6854005455970764,"vy":-17.974252700805664,"x":4.108203411102295,"y":-5.237189769744873},{"age":589,"angle":2.5384676456451416,"type":3,"va":29.687768936157227,"vx":-4.696800231933594,"vy":-6.540000438690186e-2,"x":7.879834175109863,"y":-14.622783660888672},{"age":515,"angle":2.4608571529388428,"type":1,"va":0.5895053148269653,"vx":-7.767756283283234e-2,"vy":4.844825714826584e-3,"x":0.5414592027664185,"y":-9.865304946899414},{"age":440,"angle":-2.1611111164093018,"type":3,"va":2.035212516784668,"vx":-0.7739545702934265,"vy":0.6485227346420288,"x":3.7453479766845703,"y":-14.416872024536133},{"age":375,"angle":0.1768084019422531,"type":3,"va":1.079677700996399,"vx":-1.9500964879989624,"vy":-4.088956356048584,"x":13.862800598144531,"y":-13.061508178710938},{"age":304,"angle":-2.57438325881958,"type":3,"va":32.878787994384766,"vx":-6.184272766113281,"vy":-1.126740574836731,"x":7.66418981552124,"y":-14.381519317626953},{"age":260,"angle":2.4985251426696777,"type":3,"va":-68.25543212890625,"vx":0.3367183208465576,"vy":-11.676877975463867,"x":7.796135425567627,"y":-9.644368171691895},{"age":270,"angle":-0.9965195059776306,"type":1,"va":4.692523926496506e-2,"vx":1.1447281576693058e-2,"vy":3.2853420823812485e-2,"x":0.8692812323570251,"y":-9.797135353088379},{"age":213,"angle":-1.010244607925415,"type":3,"va":41.52505111694336,"vx":-7.0614824295043945,"vy":-2.8479838371276855,"x":12.269224166870117,"y":-13.246810913085938},{"age":117,"angle":-2.4807186126708984,"type":3,"va":42.06260681152344,"vx":-9.568964004516602,"vy":-4.278688907623291,"x":0.9903411865234375,"y":-12.464009284973145},{"age":68,"angle":3.0801684856414795,"type":3,"va":-4.763986110687256,"vx":0.9719715714454651,"vy":-1.5337674617767334,"x":0.5228502154350281,"y":-12.092482566833496},{"age":105,"angle":1.6009348630905151,"type":1,"va":4.654410362243652,"vx":-12.812387466430664,"vy":-5.3762969970703125,"x":2.858859062194824,"y":-8.54127025604248},{"age":25,"angle":2.893366813659668,"type":3,"va":-1.9318289756774902,"vx":0.8802732229232788,"vy":-0.12209104001522064,"x":7.036492228507996e-2,"y":-11.873420715332031},{"age":23,"angle":-0.17433281242847443,"type":1,"va":0.2713286280632019,"vx":-3.147927112877369e-3,"vy":-1.0587431192398071,"x":11.84019660949707,"y":-9.259168803691864e-2}],"widgets":{}}}