{"puzzle":{"reqTiles":["Up"],"inputs":[{"x":0.65,"y":0.0,"balls":[{"type":4,"rate":0.83349609375}]},{"x":1.0,"y":0.2,"balls":[{"type":2,"rate":0.46434529622395837}]}],"outputs":[{"x":0.35,"y":1.0,"balls":[{"type":2,"rate":0.4867095947265625}]},{"x":1.0,"y":0.8,"balls":[{"type":4,"rate":0.83349609375}]}],"spec":{}},"blueprint":{"puzzle":"fbed290a-86f1-5baf-aa48-89470f803a57","title":"A Scurry of Squirrels","submittedAt":"2024-05-17T15:14:36.604004535Z","widgets":{"0":{"angle":-1.9386901773896859,"type":"sword","x":177,"y":337},"32":{"angle":0,"type":"brick","x":196,"y":432},"64":{"angle":-0.4207372645206667,"type":"fan","x":158.648,"y":655.392},"96":{"height":25,"type":"repulsor","width":25,"x":328,"y":345},"1":{"angle":-1.4811117036384454,"type":"sword","x":237,"y":290},"33":{"angle":0,"type":"brick","x":199,"y":408},"65":{"angle":0.5786379596503948,"type":"cushion","x":92,"y":38.7478},"97":{"angle":0,"sticker":"squobject","type":"sticker","x":311,"y":362},"66":{"angle":-1.9371465073188598,"type":"sword","x":176,"y":303},"3":{"angle":-1.715801968440415,"type":"sword","x":196,"y":294},"35":{"angle":-3.1237810275401765,"type":"sword","x":134,"y":505},"67":{"angle":-1.771046303250202,"type":"sword","x":210,"y":298},"36":{"angle":3.632436319080039,"type":"sword","x":134,"y":391},"5":{"angle":0,"type":"sword","x":278,"y":394},"6":{"angle":-2.1373317673827574,"type":"sword","x":173,"y":339},"38":{"angle":-6.678832397143807e-2,"type":"board","x":401,"y":82},"70":{"angle":0.40523265323177304,"type":"board","x":83.9615595,"y":583},"7":{"angle":-2.3136763530097353,"type":"sword","x":165,"y":351},"39":{"angle":-6.380092064384542e-2,"type":"board","x":651.104,"y":198},"71":{"angle":-3.121978841423979,"type":"fan","x":598.769,"y":37.9537062},"72":{"angle":5.99820097137564e-2,"type":"board","x":376,"y":515},"9":{"angle":-2.585783899442368,"type":"sword","x":151,"y":382},"73":{"angle":-8.193519070386085e-2,"type":"board","x":631,"y":518},"10":{"angle":4.676204758489827,"type":"sword","x":219,"y":318},"42":{"angle":-1.599347693531185,"type":"sword","x":223,"y":296},"11":{"angle":-2.3841468856158623,"type":"sword","x":142,"y":367},"43":{"angle":-3.064726703236716,"type":"sword","x":129,"y":444},"75":{"angle":-1.2045978980864427,"type":"fan","x":472,"y":632},"76":{"angle":-1.227861808258113,"type":"fan","x":581,"y":546},"13":{"angle":3.803247816152222,"type":"sword","x":160,"y":371},"77":{"angle":0.8033885990705768,"type":"board","x":672.773783,"y":579},"14":{"angle":0,"type":"brick","x":318,"y":502},"15":{"angle":0,"type":"brick","x":255,"y":505},"47":{"angle":3.1412081491388784,"type":"sword","x":135,"y":486},"79":{"angle":-0.6457402363474961,"type":"cushion","x":347,"y":699.7528375},"16":{"angle":0,"type":"brick","x":252,"y":482},"48":{"angle":-3.1578157423642708,"type":"sword","x":132,"y":470},"80":{"angle":-0.9530689519937724,"type":"cushion","x":406,"y":639},"17":{"angle":0,"type":"brick","x":317,"y":482},"49":{"angle":-3.1191806048366653,"type":"sword","x":128,"y":456},"18":{"angle":0,"type":"brick","x":260,"y":457},"50":{"angle":-3.142647426045765,"type":"sword","x":127,"y":427},"82":{"angle":-1.3912174892879037,"type":"board","x":539,"y":603},"19":{"angle":0,"type":"brick","x":323,"y":457},"51":{"angle":-3.116401133501896,"type":"sword","x":129,"y":411},"83":{"angle":-0.20391009680792127,"type":"board","x":441,"y":707.312},"20":{"angle":0,"type":"brick","x":319,"y":430},"52":{"angle":-2.968956424638157,"type":"sword","x":122,"y":396},"84":{"angle":-2.274240370053775,"type":"sword","x":168,"y":317},"21":{"angle":0,"type":"brick","x":321,"y":408},"53":{"angle":0.9937380351818016,"type":"board","x":528,"y":142},"85":{"height":166,"type":"repulsor","width":166,"x":156,"y":387},"22":{"angle":0,"type":"brick","x":259,"y":432},"54":{"angle":0,"sticker":"figure1-sad","type":"sticker","x":409,"y":442},"23":{"angle":0,"type":"brick","x":261,"y":407},"55":{"angle":3.792881553617961e-2,"type":"sword","x":444,"y":463},"87":{"angle":0,"sticker":"squobject","type":"sticker","x":29,"y":78},"24":{"angle":-1.813608252873285,"type":"sword","x":182,"y":304},"56":{"angle":0,"sticker":"figure2-sad","type":"sticker","x":690,"y":442},"88":{"angle":0,"type":"brick","x":34,"y":116},"25":{"angle":10.894252688137803,"type":"sword","x":219,"y":298},"57":{"angle":3.2813940795439343,"type":"sword","x":641,"y":458},"89":{"angle":0,"sticker":"squobject","type":"sticker","x":29,"y":713.5},"26":{"angle":-2.2448422785799376,"type":"sword","x":152,"y":326},"27":{"angle":4.045253334033587,"type":"sword","x":181.5,"y":308},"28":{"angle":-2.315867936104684,"type":"sword","x":152,"y":353},"60":{"angle":-1.834306987747722,"type":"fan","x":612,"y":231},"92":{"angle":-1.812750937611069,"type":"sword","x":201,"y":333},"29":{"angle":0,"type":"brick","x":197,"y":505},"93":{"angle":-2.6630001638631007,"type":"sword","x":128,"y":381},"30":{"angle":0,"type":"brick","x":198,"y":482},"62":{"angle":-0.1263211849430137,"type":"board","x":231,"y":98},"31":{"angle":0,"type":"brick","x":198,"y":458}}},"snapshot":{"balls":[{"age":1688,"angle":0.9610867500305176,"type":4,"va":0.8067996501922607,"vx":-0.12503932416439056,"vy":-1.0268080048263073e-2,"x":14.07713794708252,"y":-9.900506019592285},{"age":1466,"angle":1.16312575340271,"type":4,"va":-3.8679535388946533,"vx":-0.1106710433959961,"vy":3.8993701934814453,"x":12.907012939453125,"y":-9.657282829284668},{"age":1058,"angle":-2.8187904357910156,"type":4,"va":0.9536421895027161,"vx":-0.1479169726371765,"vy":-1.2146838940680027e-2,"x":13.673974990844727,"y":-9.933615684509277},{"age":994,"angle":3.0251622200012207,"type":4,"va":-0.1579045057296753,"vx":0.5545551180839539,"vy":-0.47360867261886597,"x":14.32514762878418,"y":-11.987286567687988},{"age":915,"angle":-1.461406946182251,"type":4,"va":13.153060913085938,"vx":-2.648554563522339,"vy":-1.240682601928711,"x":14.369998931884766,"y":-10.93264389038086},{"age":819,"angle":0.5938218235969543,"type":4,"va":4.224572658538818,"vx":2.139693260192871,"vy":-3.095621347427368,"x":14.452634811401367,"y":-6.6319050788879395},{"age":718,"angle":2.4181034564971924,"type":2,"va":9.115405082702637,"vx":3.305082082748413,"vy":3.7961859703063965,"x":11.552203178405762,"y":-9.633288383483887},{"age":753,"angle":-1.712310791015625,"type":4,"va":-3.4965696334838867,"vx":-0.5907977223396301,"vy":0.7342405319213867,"x":11.15768051147461,"y":-8.886275291442871},{"age":709,"angle":1.2053810358047485,"type":4,"va":-31.274812698364258,"vx":2.365891933441162,"vy":1.944747805595398,"x":13.594679832458496,"y":-5.855653285980225},{"age":659,"angle":-1.344169020652771,"type":4,"va":-30.616222381591797,"vx":0.10787717252969742,"vy":-0.3832429349422455,"x":13.897331237792969,"y":-6.404885292053223},{"age":583,"angle":-2.836313009262085,"type":4,"va":2.68576979637146,"vx":0.1457899510860443,"vy":-2.0352842807769775,"x":13.197800636291504,"y":-9.497590065002441},{"age":534,"angle":-1.7362383604049683,"type":2,"va":10.50355052947998,"vx":-0.9627228379249573,"vy":-1.5297764539718628,"x":7.508172988891602,"y":-12.734395027160645},{"age":539,"angle":1.111890934407711e-2,"type":4,"va":5.668315410614014,"vx":-1.5944770574569702,"vy":-1.1129168272018433,"x":1.4944710731506348,"y":-5.322062015533447},{"age":448,"angle":-0.9026961922645569,"type":4,"va":6.2448649406433105,"vx":-1.1896336078643799,"vy":0.16549056768417358,"x":1.9164774417877197,"y":-4.598762035369873},{"age":389,"angle":-1.4816337823867798,"type":2,"va":16.629262924194336,"vx":-2.543360948562622,"vy":-6.486025810241699,"x":1.0827577114105225,"y":-4.088214874267578},{"age":356,"angle":1.3089479207992554,"type":4,"va":3.011336088180542,"vx":-0.43217918276786804,"vy":-4.254834175109863,"x":1.51393461227417,"y":-4.885970115661621},{"age":277,"angle":-3.0718114376068115,"type":4,"va":-4.4430999755859375,"vx":-0.5002981424331665,"vy":-4.5030598640441895,"x":1.3994791507720947,"y":-4.232438087463379},{"age":223,"angle":-1.06021249294281,"type":2,"va":-20.971139907836914,"vx":-6.679594993591309,