{"puzzle":{"reqTiles":["Up","Left"],"inputs":[{"x":0.2,"y":0.0,"balls":[{"type":3,"rate":0.8515625}]},{"x":0.0,"y":0.5,"balls":[{"type":2,"rate":0.26906331380208337}]}],"outputs":[{"x":0.8,"y":1.0,"balls":[{"type":2,"rate":0.26906331380208337}]},{"x":0.0,"y":0.2,"balls":[{"type":3,"rate":0.8515625}]}],"spec":{}},"blueprint":{"puzzle":"ef5ba1f9-0a85-50ed-a43a-7a14e079ac7f","title":"spin cycle","submittedAt":"2024-05-08T22:52:37.374677111Z","widgets":{"0":{"angle":0,"type":"brick","x":403,"y":348},"32":{"angle":-1.987498587534295,"type":"fan","x":349,"y":321},"64":{"angle":0,"type":"rightbumper","x":194,"y":692.5},"1":{"angle":0,"type":"brick","x":343,"y":371},"33":{"angle":-1.5642990762255373,"type":"fan","x":295,"y":338},"65":{"angle":-1.5630249307456245,"type":"cup","x":23.662495,"y":538},"2":{"angle":0,"type":"brick","x":281,"y":396},"34":{"angle":-1.581061666685187,"type":"fan","x":295,"y":338},"66":{"angle":-4.705784834433875,"type":"cup","x":716.3618206,"y":718.8452541},"3":{"angle":0,"type":"brick","x":215,"y":396},"35":{"angle":-1.165076524528376,"type":"fan","x":243,"y":368},"67":{"angle":-1.5878872039660914,"type":"cup","x":67.8555,"y":571},"4":{"angle":0,"type":"brick","x":156,"y":372},"36":{"angle":-1.1464243290759144,"type":"fan","x":243,"y":367},"68":{"angle":-1.5792271073214552,"type":"cup","x":112.676,"y":604},"5":{"angle":0,"type":"brick","x":95,"y":348},"37":{"angle":-0.6736605142858887,"type":"fan","x":186,"y":348},"69":{"angle":-1.5827005263532066,"type":"cup","x":157.748,"y":637},"6":{"angle":0,"type":"brick","x":34,"y":327},"38":{"angle":-0.6601315920749267,"type":"fan","x":185,"y":345},"7":{"angle":0.6687562956337231,"type":"brick","x":104,"y":182},"39":{"angle":-0.46167821297095063,"type":"fan","x":156,"y":339},"8":{"angle":-9.158156046510289e-2,"type":"brick","x":54,"y":167},"40":{"angle":-0.43424432079680136,"type":"fan","x":155,"y":340},"9":{"angle":-2.679783414478037,"type":"brick","x":267,"y":137},"41":{"angle":0,"type":"fan","x":113,"y":293},"10":{"angle":-2.003099277902389,"type":"brick","x":315,"y":191},"42":{"angle":0,"type":"fan","x":111,"y":292},"11":{"angle":-1.1659482532567849,"type":"brick","x":314,"y":266},"43":{"angle":0.34991212138453465,"type":"fan","x":99,"y":262},"12":{"angle":-0.4167733601906678,"type":"brick","x":260,"y":314},"44":{"angle":0.3683489214089626,"type":"fan","x":95.4265,"y":263},"13":{"angle":0.34249774710715114,"type":"brick","x":188,"y":313},"45":{"angle":0.7572331184264007,"type":"fan","x":90,"y":236},"14":{"angle":1.083872158571483,"type":"brick","x":136,"y":266},"46":{"angle":0.7501186898038579,"type":"fan","x":90,"y":234},"15":{"angle":1.485135913622736,"type":"brick","x":128,"y":227},"47":{"angle":1.1295178681745344,"type":"fan","x":96,"y":206},"16":{"angle":-3.12373740845024,"type":"brick","x":231,"y":130},"48":{"angle":1.1090539958370411,"type":"fan","x":96,"y":208},"17":{"angle":-2.282255452534404,"type":"brick","x":295,"y":161},"49":{"height":10,"type":"repulsor","width":150,"x":225,"y":222},"18":{"angle":-1.5437593695601577,"type":"brick","x":320,"y":227},"50":{"angle":1.8683039591887365,"type":"fan","x":206,"y":37.4416011},"19":{"angle":-0.7436673862893587,"type":"brick","x":292,"y":293},"51":{"angle":1.2280134249497898,"type":"fan","x":72,"y":40.257399},"20":{"angle":0.7408196608912749,"type":"brick","x":159,"y":294},"52":{"angle":4.698099985755189,"type":"cup","x":23.7976594,"y":407.5},"21":{"angle":0,"type":"brick","x":226,"y":318},"53":{"angle":-1.603767646118861e-2,"type":"cup","x":676,"y":23.8337455},"54":{"angle":3.11844294370243,"type":"cup","x":644,"y":39},"23":{"angle":-2.565162132526594,"type":"fan","x":329,"y":277},"55":{"angle":3.110545772570242,"type":"cup","x":612,"y":84},"24":{"angle":3.1479166166750567,"type":"fan","x":316,"y":128},"56":{"angle":3.115026237208156,"type":"cup","x":581,"y":130},"25":{"angle":-3.135512614061719,"type":"fan","x":317,"y":127},"57":{"angle":3.1210089846723044,"type":"cup","x":550,"y":176},"26":{"angle":3.1663243231364855,"type":"fan","x":317,"y":128},"58":{"angle":3.1192790234835037,"type":"cup","x":518,"y":221},"27":{"angle":-2.6046383956956225,"type":"fan","x":361,"y":220},"59":{"angle":3.1271009145242927,"type":"cup","x":486,"y":267},"28":{"angle":-2.6417731298834757,"type":"fan","x":362,"y":218},"60":{"angle":3.1182225568934205,"type":"cup","x":453,"y":313},"29":{"angle":-2.3224436438002436,"type":"fan","x":360,"y":265},"30":{"angle":-2.3298847729394225,"type":"fan","x":360,"y":265},"62":{"angle":0,"speed":25,"type":"spokedwheel","x":630.496028,"y":345},"31":{"angle":-2.0005586058915847,"type":"fan","x":349,"y":322},"63":{"angle":0,"type":"fan","x":23.5,"y":476}}},"snapshot":{"balls":[{"age":982,"angle":-0.955256462097168,"type":3,"va":5.3390278816223145,"vx":-0.8888989686965942,"vy":-0.3148646056652069,"x":1.3428248167037964,"y":-2.8696236610412598},{"age":606,"angle":1.7029991149902344,"type":3,"va":-21.448596954345703,"vx":0.9169973134994507,"vy":-4.350100994110107,"x":3.0217318534851074,"y":-4.706498146057129},{"age":558,"angle":-0.8796796202659607,"type":3,"va":-53.91939163208008,"vx":-4.3955912590026855,"vy":7.271966934204102,"x":5.692465305328369,"y":-3.6259942054748535},{"age":496,"angle":-3.114551067352295,"type":3,"va":1.3613170385360718,"vx":-0.2162756621837616,"vy":-1.9819438457489014e-2,"x":0.6200129389762878,"y":-2.9520535469055176},{"age":334,"angle":1.6799376010894775,"type":3,"va":-1.1628812551498413,"vx":-0.4190780520439148,"vy":0.5908978581428528,"x":0.2926052510738373,"y":-2.9647743701934814},{"age":243,"angle":2.0442819595336914,"type":2,"va":-27.840656280517578,"vx":3.1288673877716064,"vy":6.700211048126221,"x":14.357950210571289,"y":-13.479092597961426},{"age":251,"angle":-0.4416823089122772,"type":3,"va":-1.5769143104553223,"vx":-0.18646210432052612,"vy":-2.292141504585743e-2,"x":0.642694354057312,"y":-2.635038375854492},{"age":208,"angle":-2.236966133117676,"type":3,"va":-3.0590970516204834,"vx":0.36450424790382385,"vy":-0.31925854086875916,"x":2.151482582092285,"y":-3.1501047611236572},{"age":109,"angle":1.8652111291885376,"type":3,"va":-62.78325271606445,"vx":7.5416131019592285,"vy":4.650989055633545,"x":5.324316024780273,"y":-5.744009017944336},{"age":31,"angle":-3.023601770401001,"type":2,"va":-1.9479091167449951,"vx":0.8255162835121155,"vy":-0.3314110338687897,"x":0.17411568760871887,"y":-7.462949275970459},{"age":44,"angle":-2.030344247817993,"type":3,"va":-3.359236478805542,"vx":-0.17097558081150055,"vy":-5.90521240234375,"x":2.9491422176361084,"y":-1.7923041582107544}],"widgets":{"62":{"angle":3.024467945098877,"key":"62","va":6.662801265716553,"vx":0,"vy":0,"x":12.609920501708984,"y":-6.900000095367432}}}}