{"puzzle":{"reqTiles":["Up","Left"],"inputs":[{"x":0.65,"y":0.0,"balls":[{"type":4,"rate":1.0}]},{"x":0.0,"y":0.2,"balls":[{"type":1,"rate":0.40625}]}],"outputs":[{"x":0.2,"y":1.0,"balls":[{"type":1,"rate":0.40625}]},{"x":0.0,"y":0.65,"balls":[{"type":4,"rate":1.0}]}],"spec":{}},"blueprint":{"puzzle":"3d500330-36b4-5cc7-9bd6-f716151fd35c","title":"Let's see how well this works on the big one","submittedAt":"2024-04-10T00:30:06.88833097Z","widgets":{"0":{"angle":0.16002109050779917,"type":"board","x":87.816112,"y":192.0947056},"1":{"angle":0.21330754216421982,"type":"board","x":246.5715245,"y":222.9515093},"2":{"angle":-0.2856474513677841,"type":"board","x":455.3327361,"y":53.4285435},"3":{"angle":0.23056550106066748,"type":"board","x":406.1897546,"y":258.3811963},"4":{"angle":-0.2694856062838749,"type":"board","x":302.1902792,"y":98.7619454},"5":{"angle":0.543614698375275,"type":"board","x":141.4286189,"y":125.4290981},"7":{"angle":3.1286503681732287,"type":"fan","x":669.4278528,"y":362.7629019},"8":{"angle":1.572988134631586,"type":"board","x":509.0476227,"y":482.3809814},"9":{"angle":-0.43042824368483906,"type":"board","x":435.142868,"y":593.2380981},"11":{"angle":0,"type":"board","x":276.2857056,"y":630.1904907},"12":{"angle":0,"type":"board","x":132.2854264,"y":632.4762148},"13":{"angle":0,"type":"board","x":87.5,"y":629.4281777},"14":{"angle":-0.31862832051026563,"type":"board","x":654.084849,"y":637.4289629},"15":{"angle":-0.20453744015382136,"type":"board","x":514.7619476,"y":677.0476685},"16":{"angle":-0.19209069563374556,"type":"board","x":356.6666718,"y":709.0476074},"17":{"angle":-0.13586656395528005,"type":"board","x":275.142868,"y":719.2311565},"18":{"angle":1.5670305161766913,"type":"brick","x":115.1425245,"y":705.9493997},"19":{"angle":1.5727586814058527,"type":"brick","x":113.2380453,"y":670.5714907},"20":{"angle":-0.21896782787585853,"type":"board","x":414.9529019,"y":432.0954111},"21":{"angle":-0.10417397146563458,"type":"board","x":95.2336491,"y":489.2379814},"22":{"angle":-0.1997624044951509,"type":"board","x":248.4769019,"y":466.7624722},"23":{"angle":2.6996257826772045,"type":"fan","x":323.1427546,"y":358.1907056}}},"snapshot":{"balls":[{"age":915,"angle":0.292304128408432,"type":4,"va":3.254814863204956,"vx":-0.5029336810112,"vy":-5.2583158016204834e-2,"x":0.3669505715370178,"y":-9.605056762695312},{"age":840,"angle":0.4971942901611328,"type":4,"va":3.2548162937164307,"vx":-0.5029270648956299,"vy":-5.258246883749962e-2,"x":0.6848864555358887,"y":-9.571815490722656},{"age":808,"angle":0.3185074031352997,"type":4,"va":7.193660736083984,"vx":-1.0923027992248535,"vy":-0.22114890813827515,"x":4.875350475311279,"y":-9.009032249450684},{"age":759,"angle":-2.1680779457092285,"type":4,"va":6.790517330169678,"vx":-1.031457781791687,"vy":-0.2088293880224228,"x":5.3781352043151855,"y":-8.907220840454102},{"age":718,"angle":0.9866503477096558,"type":4,"va":-8.036563873291016,"vx":0.5078409314155579,"vy":-2.9960386753082275,"x":10.288409233093262,"y":-6.083273887634277},{"age":680,"angle":-2.9617502689361572,"type":4,"va":-8.043595314025879,"vx":0.8414903879165649,"vy":-1.7504558563232422,"x":10.123751640319824,"y":-5.455423355102539},{"age":637,"angle":-2.48888897895813,"type":1,"va":21.881546020507812,"vx":-3.439765691757202,"vy":-0.5356464385986328,"x":4.663067817687988,"y":-14.158736228942871},{"age":638,"angle":0.34479427337646484,"type":4,"va":-8.299141883850098,"vx":1.2502137422561646,"vy":-0.29347729682922363,"x":9.856472969055176,"y":-5.226817607879639},{"age":604,"angle":0.15299610793590546,"type":4,"va":-8.294463157653809,"vx":1.249537706375122,"vy":-0.29331979155540466,"x":9.54625129699707,"y":-5.15405797958374},{"age":546,"angle":2.8930814266204834,"type":1,"va":10.40990161895752,"vx":-1.6125739812850952,"vy":-0.3345140516757965,"x":9.496843338012695,"y":-13.361095428466797},{"age":552,"angle":-6.609943509101868e-2,"type":4,"va":-9.870076179504395,"vx":1.4843887090682983,"vy":-0.3484407961368561,"x":8.04702377319336,"y":-4.8021159172058105},{"age":508,"angle":0.19143247604370117,"type":4,"va":-12.38161849975586,"vx":1.85495924949646,"vy":-0.4354315400123596,"x":7.706602096557617,"y":-4.72247314453125},{"age":449,"angle":-1.816271424293518,"type":4,"va":-7.249121189117432,"vx":1.0975018739700317,"vy":-0.23772254586219788,"x":5.88775110244751,"y":-4.319904327392578},{"age":401,"angle":-1.2335946559906006,"type":1,"va":-8.278057098388672,"vx":1.278316855430603,"vy":-0.3000720739364624,"x":9.236257553100586,"y":-5.081148147583008},{"age":416,"angle":-1.4742088317871094,"type":4,"va":-8.754215240478516,"vx":1.5425258874893188,"vy":1.3195922374725342,"x":4.914427280426025,"y":-4.1025004386901855},{"age":364,"angle":0.3129950165748596,"type":4,"va":-1.17036771774292,"vx":0.596366286277771,"vy":-0.8680439591407776,"x":4.065178394317627,"y":-2.7520980834960938},{"age":284,"angle":2.406907558441162,"type":1,"va":-12.266599655151367,"vx":1.8965407609939575,"vy":-0.47789525985717773,"x":7.396657466888428,"y":-4.649471759796143},{"age":300,"angle":-2.8254144191741943,"type":4,"va":8.445867538452148,"vx":-1.2596683502197266,"vy":-0.34792324900627136,"x":4.304882526397705,"y":-2.104494333267212},{"age":265,"angle":0.3583724796772003,"type":4,"va":8.458357810974121,"vx":-1.261566400527954,"vy":-0.34845227003097534,"x":5.445118427276611,"y":-1.7895569801330566},{"age":196,"angle":-2.224630832672119,"type":4,"va":8.660616874694824,"vx":-1.1644415855407715,"vy":-0.7112175226211548,"x":7.080382823944092,"y":-1.3375364542007446},{"age":158,"angle":0.3620281219482422,"type":1,"va":-11.106098175048828,"vx":1.73320734500885,"vy":-0.27974164485931396,"x":1.9744669198989868,"y":-3.5344693660736084},{"age":128,"angle":2.032503128051758,"type":4,"va":7.938146114349365,"vx":-1.1792354583740234,"vy":-0.3463209569454193,"x":8.282271385192871,"y":-0.9579840898513794},{"age":59,"angle":0.9017491340637207,"type":4,"va":4.126997470855713,"vx":-0.6720839738845825,"vy":-0.5692523717880249,"x":9.41290283203125,"y":-0.5670837759971619}],"widgets":{}}}