{"puzzle":{"reqTiles":["Up","Left"],"inputs":[{"x":0.65,"y":0.0,"balls":[{"type":3,"rate":0.679534912109375}]},{"x":0.0,"y":0.35,"balls":[{"type":2,"rate":0.46434529622395837}]}],"outputs":[{"x":0.65,"y":1.0,"balls":[{"type":2,"rate":0.46434529622395837}]},{"x":0.0,"y":0.8,"balls":[{"type":3,"rate":0.679534912109375}]}],"spec":{}},"blueprint":{"puzzle":"bc4fa0cc-4535-5f6a-a7dc-8b275f5dee04","title":"Confused Ornaments","submittedAt":"2024-05-16T15:22:41.365673608Z","widgets":{"0":{"angle":-1.040055135333516,"type":"board","x":367,"y":314},"32":{"angle":1.0219671835781152,"type":"board","x":451,"y":552},"64":{"angle":-0.9889011137272739,"type":"fan","x":413,"y":297},"1":{"angle":1.147107446829368,"type":"board","x":446,"y":317},"33":{"angle":-0.11334847205345411,"type":"brick","x":495,"y":42.4066},"65":{"angle":0.5622416100895365,"type":"cushion","x":422,"y":281},"66":{"angle":-0.5653026849676318,"type":"hammer","x":298,"y":471},"35":{"angle":-1.4213767162964623,"type":"fan","x":103,"y":353},"67":{"angle":0.28661146679160665,"type":"fan","x":192,"y":42.6138065},"36":{"angle":0,"type":"cushion","x":108,"y":336},"68":{"angle":-1.2498398542307618,"type":"cushion","x":198,"y":45.058037},"69":{"angle":1.9996714705341314,"type":"prism","x":418,"y":205},"38":{"angle":-0.3607912591096677,"type":"hammer","x":195,"y":535},"8":{"angle":0,"type":"prism","x":411,"y":135},"40":{"type":"roundbumper","x":339,"y":407},"9":{"angle":7.350439166271822,"type":"prism","x":373,"y":170},"41":{"type":"roundbumper","x":263,"y":600},"10":{"angle":-1.0126648448817261,"type":"prism","x":445,"y":170},"42":{"type":"roundbumper","x":471,"y":408},"11":{"angle":-0.3369963619082744,"type":"prism","x":375,"y":219},"43":{"type":"roundbumper","x":502,"y":564},"12":{"angle":-1.7270699013001736,"type":"prism","x":427,"y":233},"44":{"angle":-0.2850804744609041,"type":"hammer","x":80,"y":594},"13":{"angle":-1.1169835305502953,"type":"fan","x":44.006631,"y":336},"45":{"angle":0.26761630478476106,"type":"fan","x":96.5,"y":42.3793255},"14":{"angle":0.4034821074175512,"type":"cushion","x":45.3638075,"y":313},"15":{"angle":-1.568852549338633,"type":"sword","x":410,"y":295},"47":{"angle":1.6183975365014716,"type":"cushion","x":109,"y":43},"16":{"angle":-1.0067743651833265,"type":"board","x":342,"y":398},"48":{"angle":0,"type":"prism","x":409,"y":185},"17":{"angle":1.1568250646852996,"type":"board","x":474,"y":417},"49":{"angle":0,"type":"brick","x":404,"y":548},"18":{"angle":-1.0029740877887017,"type":"board","x":326,"y":463},"50":{"angle":0,"type":"brick","x":406,"y":677},"19":{"angle":1.1176065723910578,"type":"board","x":483,"y":484},"51":{"angle":0,"type":"brick","x":404,"y":704},"20":{"angle":-1.3011355520798364,"type":"board","x":330,"y":525},"52":{"angle":0,"type":"brick","x":405,"y":726.5},"21":{"angle":1.3169106302550198,"type":"board","x":482,"y":536},"53":{"angle":-0.9544661618398999,"type":"board","x":345,"y":597},"22":{"angle":-1.9667588162899363,"type":"sword","x":439,"y":455},"54":{"angle":0.8893310292991357,"type":"board","x":463,"y":593},"23":{"angle":-1.0890863137349727,"type":"sword","x":390,"y":410},"55":{"angle":-0.5884437277552966,"type":"board","x":339,"y":586},"24":{"angle":-1.3674249164283445,"type":"sword","x":368,"y":509},"56":{"angle":1.1371531931412227,"type":"board","x":444,"y":598},"25":{"angle":-1.666768066335783,"type":"sword","x":436,"y":482},"57":{"angle":-0.9186950693772585,"type":"board","x":313,"y":548},"26":{"angle":0,"type":"brick","x":403,"y":574},"58":{"angle":0.9366224438267371,"type":"board","x":451,"y":604},"27":{"angle":0,"type":"brick","x":404,"y":601},"59":{"angle":-1.1291262012592336,"type":"board","x":372,"y":615},"28":{"angle":0,"type":"brick","x":407,"y":629},"60":{"angle":0.951945910916074,"type":"board","x":431,"y":595},"29":{"angle":0,"type":"brick","x":406,"y":653},"61":{"angle":-1.2293356622982012,"type":"board","x":401,"y":601},"30":{"angle":-1.1021288896388366,"type":"board","x":363,"y":536},"62":{"angle":3.0878789273232763,"type":"fan","x":714.5205908,"y":701.2924094},"31":{"angle":1.778836695160708,"type":"board","x":419,"y":463},"63":{"angle":1.5502748151735155,"type":"cushion","x":695,"y":698.6085091}}},"snapshot":{"balls":[{"age":857,"angle":1.897349238395691,"type":3,"va":0.18842816352844238,"vx":-1.281827688217163e-3,"vy":4.223122261464596e-3,"x":14.399103164672852,"y":-13.610651016235352},{"age":715,"angle":1.524165391921997,"type":3,"va":0.13629046082496643,"vx":2.7939677238464355e-9,"vy":-2.3111000657081604e-2,"x":14.62230396270752,"y":-13.389084815979004},{"age":476,"angle":-1.7077277898788452,"type":3,"va":-5.995464511215687e-3,"vx":-3.343477612361312e-3,"vy":1.1016542091965675e-2,"x":14.308724403381348,"y":-13.30648136138916},{"age":305,"angle":4.489988461136818e-2,"type":2,"va":-18.673505783081055,"vx":2.7929189205169678,"vy":4.481954574584961,"x":10.707708358764648,"y":-14.490411758422852},{"age":261,"angle":-1.617728352546692,"type":3,"va":13.672419548034668,"vx":1.4642856121063232,"vy":-1.6567400693893433,"x":0.6300639510154724,"y":-11.529268264770508},{"age":172,"angle":-1.0926886796951294,"type":2,"va":21.473695755004883,"vx":-8.239337921142578,"vy":-4.212371349334717,"x":13.975759506225586,"y":-3.2611372470855713},{"age":181,"angle":0.4423907995223999,"type":3,"va":-10.73060417175293,"vx":1.6294304132461548,"vy":-2.478196859359741,"x":8.7196683883667,"y":-4.641863822937012},{"age":67,"angle":-2.0730865001678467,"type":2,"va":-2.2075538635253906,"vx":0.40914827585220337,"vy":-0.791784405708313,"x":0.4033673405647278,"y":-5.466668605804443},{"age":60,"angle":0.9834892153739929,"type":3,"va":3.7844648361206055,"vx":-0.6258545517921448,"vy":-0.21071657538414001,"x":9.416847229003906,"y":-0.4663654565811157}],"widgets":{}}}