{"puzzle":{"reqTiles":["Up","Left"],"inputs":[{"x":0.2,"y":0.0,"balls":[{"type":2,"rate":0.5559895833333334}]},{"x":0.0,"y":0.5,"balls":[{"type":3,"rate":0.40625}]}],"outputs":[{"x":0.2,"y":1.0,"balls":[{"type":3,"rate":0.40625}]},{"x":0.0,"y":0.35,"balls":[{"type":2,"rate":0.5559895833333334}]}],"spec":{}},"blueprint":{"puzzle":"551d0b83-fb5b-56fe-b77f-3462c81fb8ab","title":"MIx and unmixer","submittedAt":"2024-04-09T22:35:42.412829546Z","widgets":{"32":{"angle":-1.5687426360099057,"type":"fan","x":530,"y":602},"33":{"angle":0.29060600335573106,"type":"board","x":415,"y":353},"34":{"angle":3.150144108070626,"type":"fan","x":647,"y":335},"35":{"angle":0.23185033534176325,"type":"board","x":250,"y":308},"36":{"angle":0,"type":"board","x":87.5,"y":289},"37":{"angle":-3.533761112848193,"type":"fan","x":497,"y":257},"8":{"angle":0,"type":"board","x":563,"y":66},"41":{"angle":1.4194070350378218,"type":"brick","x":497,"y":456},"42":{"angle":1.3935001190582872,"type":"brick","x":488,"y":406},"43":{"angle":-3.5480494986766447,"type":"fan","x":404,"y":222},"44":{"angle":-2.8358545707407172,"type":"fan","x":236,"y":338},"45":{"angle":-1.5839534622676525,"type":"fan","x":633,"y":601},"46":{"angle":0,"type":"brick","x":521,"y":587},"47":{"angle":0,"type":"brick","x":640,"y":587},"16":{"angle":0,"type":"board","x":424,"y":66},"48":{"angle":0,"type":"brick","x":583,"y":587},"17":{"angle":0,"type":"board","x":258,"y":66},"49":{"angle":0.3859809301637442,"type":"board","x":410,"y":262},"50":{"angle":0,"type":"brick","x":519,"y":289},"51":{"angle":0,"type":"brick","x":581,"y":286},"20":{"angle":0,"type":"board","x":87.5,"y":65},"52":{"angle":0,"type":"board","x":318,"y":680},"21":{"angle":0,"type":"fan","x":23.5,"y":37.5},"53":{"angle":-0.20499339916159462,"type":"board","x":652.500026,"y":662},"54":{"angle":0,"type":"board","x":484,"y":680},"23":{"angle":0.2145830508405662,"type":"brick","x":38,"y":410},"55":{"angle":-0.8513478412056813,"type":"brick","x":221,"y":705.530159},"24":{"angle":0,"type":"board","x":87.5,"y":489},"56":{"angle":1.5765633470716864,"type":"cushion","x":720.2638882,"y":432},"25":{"angle":0,"type":"board","x":253,"y":490},"57":{"angle":0.21977046920298382,"type":"board","x":249.5,"y":210},"26":{"angle":0.26592902145472114,"type":"board","x":415,"y":512},"58":{"angle":0,"type":"board","x":89.5,"y":194},"27":{"angle":-1.6104118523771598,"type":"cushion","x":718.8914984,"y":74},"59":{"angle":1.5804114150945998,"type":"brick","x":105,"y":705.8717624},"60":{"angle":0,"sticker":"figure1-sad","type":"sticker","x":45,"y":676.5},"61":{"angle":0,"sticker":"squobject","type":"sticker","x":46,"y":160},"30":{"angle":-0.22432203343291546,"type":"cushion","x":694.604688,"y":486},"62":{"angle":0,"sticker":"determinism","type":"sticker","x":154,"y":135},"31":{"angle":-1.5828700123666664,"type":"fan","x":580,"y":601}}},"snapshot":{"balls":[{"age":709,"angle":1.2791048288345337,"type":2,"va":3.2149953842163086,"vx":-0.6044442057609558,"vy":2.310209535062313e-2,"x":0.5876364707946777,"y":-5.437791347503662},{"age":657,"angle":-0.5968345403671265,"type":3,"va":18.64377784729004,"vx":-2.9372658729553223,"vy":-1.3034385442733765,"x":4.104550838470459,"y":-13.33292293548584},{"age":513,"angle":-0.6229639053344727,"type":3,"va":9.044936180114746,"vx":-1.4034823179244995,"vy":-0.2918103039264679,"x":13.739692687988281,"y":-12.751028060913086},{"age":554,"angle":-0.9791867733001709,"type":2,"va":-7.248610973358154,"vx":-1.5477654933929443,"vy":-1.3129997253417969,"x":1.410892367362976,"y":-5.342284202575684},{"age":424,"angle":1.9994693994522095,"type":3,"va":-8.389921188354492,"vx":-0.9079816341400146,"vy":-2.104640007019043,"x":14.569488525390625,"y":-11.774397850036621},{"age":456,"angle":-0.8881993889808655,"type":2,"va":46.991607666015625,"vx":-7.350409507751465,"vy":1.6267993450164795,"x":4.660762310028076,"y":-5.732375621795654},{"age":321,"angle":5.78678734600544e-2,"type":3,"va":-19.399356842041016,"vx":2.972560405731201,"vy":-0.8722734451293945,"x":8.705144882202148,"y":-10.000313758850098},{"age":338,"angle":-0.24027156829833984,"type":2,"va":12.65595531463623,"vx":-2.014404535293579,"vy":0.20423422753810883,"x":12.696486473083496,"y":-9.356255531311035},{"age":259,"angle":-0.16621644794940948,"type":2,"va":2.7029738426208496,"vx":1.451894361525774e-2,"vy":-3.1049234867095947,"x":13.848690032958984,"y":-1.7961552143096924},{"age":205,"angle":-2.994093418121338,"type":2,"va":-21.037399291992188,"vx":3.341278076171875,"vy":-4.9684010446071625e-2,"x":11.981663703918457,"y":-0.9819378852844238},{"age":118,"angle":-0.2046913504600525,"type":3,"va":-9.393356323242188,"vx":1.4539295434951782,"vy":-0.3168671131134033,"x":1.1294054985046387,"y":-7.8421311378479},{"age":53,"angle":0.21524961292743683,"type":2,"va":8.446459472179413e-2,"vx":3.0654091835021973,"vy":-3.722891330718994,"x":3.3491079807281494,"y":-0.9074915051460266}],"widgets":{}}}