{"puzzle":{"reqTiles":["Up"],"inputs":[{"x":0.65,"y":0.0,"balls":[{"type":2,"rate":0.46434529622395837}]}],"outputs":[{"x":0.2,"y":1.0,"balls":[{"type":2,"rate":0.46434529622395837}]}],"spec":{}},"blueprint":{"puzzle":"6beb0105-d644-58d9-a96d-0917639753f0","title":"red rocket","submittedAt":"2024-06-03T18:42:35.0966843Z","widgets":{"0":{"angle":1.6880738384719551,"type":"board","x":489,"y":148},"32":{"angle":0.19226226012415673,"type":"board","x":87.607454,"y":343},"1":{"angle":1.689757703704415,"type":"board","x":454,"y":149},"33":{"angle":0.32023463842797206,"type":"board","x":211,"y":377},"2":{"angle":1.5590933500494424,"type":"brick","x":459,"y":34.1556744},"3":{"angle":1.5920697128189578,"type":"brick","x":504,"y":34.2794839},"35":{"angle":-3.061859315204106,"type":"rightbumper","x":264,"y":439},"4":{"angle":1.368625730548039,"type":"fan","x":429,"y":38},"36":{"angle":0,"type":"rightbumper","x":28,"y":619},"5":{"angle":2.134872512226793,"type":"fan","x":537,"y":56},"37":{"angle":3.1472563705973697,"type":"leftbumper","x":28.2685999,"y":377},"6":{"angle":1.938645152073209,"type":"fan","x":532,"y":102},"38":{"angle":0,"type":"leftbumper","x":311,"y":645},"7":{"angle":1.2306371305708095,"type":"fan","x":420,"y":92},"8":{"angle":1.4090562305620447,"type":"fan","x":424,"y":112},"9":{"angle":1.9316303432692656,"type":"fan","x":523.5,"y":119},"10":{"angle":2.962520928900189,"type":"board","x":213,"y":73},"42":{"angle":-2.128497347871535e-2,"type":"anvil","x":449,"y":714.0169719},"11":{"angle":-3.0583177037530462,"type":"fan","x":393,"y":39.324769},"12":{"angle":1.4678433687281958,"type":"board","x":294,"y":137},"13":{"angle":1.522507625399859,"type":"board","x":327,"y":454},"14":{"angle":0.11669503356718494,"type":"board","x":87.9527935,"y":145},"46":{"angle":0,"type":"cushion","x":592,"y":720.5},"15":{"angle":1.438170822294389,"type":"board","x":312.5,"y":290},"47":{"angle":0.21879309916665574,"type":"cushion","x":521,"y":710.223},"16":{"angle":1.5480964082149602,"type":"board","x":333,"y":622.318},"48":{"angle":-0.2648343887845076,"type":"cushion","x":213,"y":710.448139},"17":{"angle":0,"type":"brick","x":34,"y":726.5},"49":{"angle":0.2942748027805957,"type":"cushion","x":87,"y":709.4463605},"18":{"angle":0,"type":"brick","x":88,"y":725.5},"50":{"angle":0,"type":"brick","x":34,"y":678},"19":{"angle":0,"type":"brick","x":206,"y":726.5},"20":{"angle":0,"type":"brick","x":246,"y":726.5},"21":{"angle":0,"type":"brick","x":310,"y":726.5},"22":{"angle":0,"type":"brick","x":310,"y":703},"24":{"angle":0,"type":"brick","x":274,"y":702},"26":{"angle":0,"type":"brick","x":34,"y":703},"27":{"angle":0,"type":"brick","x":53,"y":702},"30":{"angle":-0.30234747182381816,"type":"board","x":223,"y":213},"31":{"angle":-0.31132282746279855,"type":"board","x":128,"y":243}}},"snapshot":{"balls":[{"age":1512,"angle":1.001163363456726,"type":2,"va":0,"vx":0,"vy":0,"x":13.31668758392334,"y":-14.62130355834961},{"age":1299,"angle":2.732578754425049,"type":2,"va":0,"vx":0,"vy":0,"x":12.813159942626953,"y":-14.621301651000977},{"age":982,"angle":0.7176836729049683,"type":2,"va":-3.395995616912842,"vx":-1.5729408264160156,"vy":-8.5298490524292,"x":5.23470401763916,"y":-13.328169822692871},{"age":721,"angle":0.7885652184486389,"type":2,"va":10.314787864685059,"vx":-2.3738039657473564e-2,"vy":0.8665123581886292,"x":5.3199992179870605,"y":-12.941015243530273},{"age":615,"angle":2.06593656539917,"type":2,"va":-13.755727767944336,"vx":2.5835485458374023,"vy":-0.2891979515552521,"x":1.453346848487854,"y":-6.158768653869629},{"age":483,"angle":2.7244515419006348,"type":2,"va":4.53056001663208,"vx":-1.325579047203064,"vy":-1.3675727844238281,"x":3.5643558502197266,"y":-3.941301107406616},{"age":375,"angle":-7.860798388719559e-2,"type":2,"va":-10.561490058898926,"vx":1.705194354057312,"vy":6.0385122895240784e-2,"x":3.348728895187378,"y":-2.72800612449646},{"age":194,"angle":2.543888568878174,"type":2,"va":4.693904399871826,"vx":-5.248355865478516,"vy":-1.6255846247076988e-2,"x":3.424373149871826,"y":-0.9221062660217285},{"age":105,"angle":-1.217126727104187,"type":2,"va":17.097488403320312,"vx":-3.208517551422119,"vy":17.313793182373047,"x":6.618198394775391,"y":-3.7632505893707275},{"age":13,"angle":5.458667129278183e-2,"type":2,"va":0.6824454069137573,"vx":-5.24954404681921e-4,"vy":-0.9508256912231445,"x":9.619485855102539,"y":-1.6134925186634064e-2}],"widgets":{}}}