{"puzzle":{"reqTiles":["Up"],"inputs":[{"x":0.5,"y":0.0,"balls":[{"type":3,"rate":1.0}]},{"x":1.0,"y":0.65,"balls":[{"type":1,"rate":0.875}]}],"outputs":[{"x":0.8,"y":1.0,"balls":[{"type":1,"rate":0.875}]},{"x":1.0,"y":0.8,"balls":[{"type":3,"rate":1.0}]}],"spec":{}},"blueprint":{"puzzle":"c03b534e-ebd2-5407-9114-643492d0eede","title":"Please do not the cat","submittedAt":"2024-04-09T15:05:48.918963956Z","widgets":{"64":{"angle":1.531616387065561,"type":"cushion","x":460,"y":562},"1":{"angle":-0.2057428735856498,"type":"anvil","x":689.3733815,"y":648.254},"65":{"angle":-0.9383294557338698,"type":"fan","x":668,"y":665},"2":{"angle":0.9899788516824813,"type":"brick","x":530,"y":704.167966},"34":{"angle":0,"catMass":2,"type":"catswat","x":264,"y":595},"66":{"angle":-0.9329669363707968,"type":"fan","x":666,"y":668},"3":{"angle":0,"catMass":2,"type":"catswat","x":317,"y":123},"35":{"angle":0,"catMass":2,"type":"catswat","x":429,"y":639},"67":{"angle":-0.9540469955118729,"type":"fan","x":667,"y":665},"4":{"angle":0,"catMass":2,"type":"catswat","x":365,"y":124},"36":{"angle":0,"catMass":2,"type":"catswat","x":406,"y":620},"68":{"angle":-0.878714934352557,"type":"fan","x":664,"y":670},"37":{"angle":0,"catMass":2,"type":"catswat","x":393,"y":638},"69":{"angle":-0.9390122662780052,"type":"fan","x":666,"y":665},"6":{"angle":0,"catMass":2,"type":"catswat","x":269,"y":121},"70":{"angle":1.5459886829989231,"type":"brick","x":634,"y":705.6756032},"7":{"angle":1.4545063602586406,"type":"prism","x":65.5,"y":154},"71":{"angle":-0.9679640030239088,"type":"fan","x":666,"y":667},"8":{"height":10,"type":"repulsor","width":150,"x":383,"y":160},"40":{"angle":-1.2276721392654044,"catMass":2,"type":"catswat","x":389,"y":449},"9":{"height":10,"type":"repulsor","width":150,"x":144,"y":159},"41":{"angle":-1.2093658886627023,"catMass":2,"type":"catswat","x":346,"y":437},"10":{"height":10,"type":"repulsor","width":150,"x":188,"y":159},"42":{"angle":-1.2531465912944362,"catMass":2,"type":"catswat","x":307,"y":430},"11":{"height":10,"type":"repulsor","width":150,"x":231,"y":157},"43":{"angle":-1.5017978946848536,"catMass":2,"type":"catswat","x":272,"y":421},"12":{"height":10,"type":"repulsor","width":150,"x":266,"y":156},"44":{"angle":-1.0410763613046383,"catMass":2,"type":"catswat","x":240,"y":409},"13":{"height":10,"type":"repulsor","width":150,"x":305,"y":160},"45":{"angle":-0.4206381547161242,"catMass":2,"type":"catswat","x":189,"y":349},"14":{"height":10,"type":"repulsor","width":150,"x":412,"y":131},"46":{"angle":-0.2629760696258561,"catMass":2,"type":"catswat","x":172,"y":310},"15":{"height":10,"type":"repulsor","width":150,"x":338,"y":158},"47":{"angle":-0.5850218013839491,"type":"board","x":475,"y":404},"16":{"height":10,"type":"repulsor","width":150,"x":362,"y":160},"48":{"angle":-0.20860698336155978,"type":"fan","x":486,"y":418},"17":{"angle":-0.7958284559483544,"catMass":2,"type":"catswat","x":211,"y":385},"19":{"angle":0,"catMass":2,"type":"catswat","x":168,"y":122},"51":{"angle":1.7636070567395576,"type":"brick","x":720.235143,"y":436},"20":{"angle":0,"catMass":2,"type":"catswat","x":223,"y":120},"52":{"angle":1.615477088254054,"type":"sword","x":717.3705151,"y":336},"21":{"angle":0,"type":"board","x":582.5,"y":380},"53":{"angle":-1.4892868965342834,"type":"board","x":723.9057,"y":189},"22":{"height":10,"type":"repulsor","width":150,"x":75,"y":516},"54":{"angle":-0.22519017127509983,"type":"brick","x":703.84399,"y":544},"55":{"angle":-0.3832352744137838,"type":"brick","x":655,"y":651.535},"24":{"angle":0,"sticker":"kingbun","type":"sticker","x":52,"y":152},"56":{"angle":-0.26205350627386215,"type":"board","x":583,"y":407},"58":{"height":10,"type":"repulsor","width":150,"x":75,"y":598},"27":{"angle":-0.7997885451263052,"type":"fan","x":380.189,"y":487.884},"59":{"angle":-0.7312610479489895,"type":"board","x":639,"y":505},"28":{"angle":0,"type":"cup","x":21,"y":438},"29":{"angle":0.20500318991854105,"type":"board","x":87.49988,"y":271},"61":{"angle":1.5299064116252619,"type":"board","x":268,"y":601},"30":{"height":10,"type":"repulsor","width":150,"x":477,"y":76},"62":{"angle":0,"type":"rightbumper","x":486,"y":641},"31":{"angle":0,"catMass":2,"type":"catswat","x":444,"y":631},"63":{"angle":1.547951528910663,"type":"cushion","x":457,"y":488}}},"snapshot":{"balls":[{"age":1164,"angle":2.696404457092285,"type":3,"va":3.7969813346862793,"vx":-0.6781880855560303,"vy":-0.3049723505973816,"x":13.886707305908203,"y":-8.657651901245117},{"age":1047,"angle":-0.29390665888786316,"type":3,"va":-16.261878967285156,"vx":1.7771039009094238,"vy":-8.521340787410736e-2,"x":11.99644947052002,"y":-14.439173698425293},{"age":889,"angle":0.23431411385536194,"type":3,"va":6.087584018707275,"vx":-0.7799964547157288,"vy":-0.32702118158340454,"x":13.915780067443848,"y":-8.341423988342285},{"age":655,"angle":2.9566521644592285,"type":3,"va":-4.937623977661133,"vx":-1.6251827478408813,"vy":-2.5410356521606445,"x":13.713274002075195,"y":-3.1586263179779053},{"age":608,"angle":-0.8522074222564697,"type":3,"va":21.564956665039062,"vx":7.488793849945068,"vy":-8.81926155090332,"x":11.338740348815918,"y":-7.105195999145508},{"age":546,"angle":1.4239447116851807,"type":3,"va":-27.805147171020508,"vx":4.458730697631836,"vy":-1.3616405725479126,"x":14.012035369873047,"y":-7.360483646392822},{"age":480,"angle":1.3804206848144531,"type":3,"va":15.56616497039795,"vx":-1.8876444101333618,"vy":2.097691297531128,"x":13.906731605529785,"y":-5.6338605880737305},{"age":445,"angle":-0.8212226629257202,"type":3,"va":-20.25249481201172,"vx":15.165841102600098,"vy":2.211517810821533,"x":6.874782562255859,"y":-6.966139316558838},{"age":372,"angle":-1.723278522491455,"type":3,"va":-16.989978790283203,"vx":2.6384549140930176,"vy":-4.0038981437683105,"x":4.3232550621032715,"y":-6.151434898376465},{"age":320,"angle":2.7849767208099365,"type":3,"va":-17.412002563476562,"vx":2.6912484169006348,"vy":-2.4999828338623047,"x":3.938232183456421,"y":-5.674200534820557},{"age":286,"angle":-1.690351963043213,"type":3,"va":-5.956179618835449,"vx":0.9170105457305908,"vy":-0.2020653933286667,"x":0.9854884147644043,"y":-4.915301322937012},{"age":230,"angle":2.7972044944763184,"type":1,"va":-1.9976699352264404,"vx":0.8764682412147522,"vy":-2.162615768611431e-3,"x":11.380178451538086,"y":-14.35950756072998},{"age":237,"angle":3.1017396450042725,"type":3,"va":-15.4193696975708,"vx":1.5793578624725342,"vy":-7.741624355316162,"x":0.6026568412780762,"y":-4.5806732177734375},{"age":181,"angle":1.307179570198059,"type":1,"va":-16.555356979370117,"vx":-0.7139031887054443,"vy":8.63882452249527e-2,"x":12.159514427185059,"y":-13.987014770507812},{"age":200,"angle":2.5389552116394043,"type":3,"va":-11.974567413330078,"vx":-0.4116522967815399,"vy":-5.561546802520752,"x":0.34591206908226013,"y":-2.85894775390625},{"age":129,"angle":2.7526798248291016,"type":1,"va":11.61728286743164,"vx":-1.789244532585144,"vy":-0.40987828373908997,"x":13.364368438720703,"y":-10.60386848449707},{"age":134,"angle":0.6019515991210938,"type":3,"va":-2.980501174926758,"vx":-3.1143293380737305,"vy":-0.6222558617591858,"x":3.6345481872558594,"y":-1.6096582412719727},{"age":59,"angle":2.9472367763519287,"type":1,"va":3.2672646045684814,"vx":-0.8425852060317993,"vy":-0.8686872124671936,"x":14.370984077453613,"y":-9.77519702911377},{"age":71,"angle":-2.0236656665802,"type":3,"va":-4.217720985412598,"vx":-1.6360663175582886,"vy":-0.6242892146110535,"x":6.930057525634766,"y":-1.3323184251785278}],"widgets":{"17":{"angle":0.7958284616470337,"key":"17","va":0,"vx":0,"vy":0,"x":4.21999979019165,"y":-7.699999809265137},"19":{"angle":0,"key":"19","va":0,"vx":0,"vy":0,"x":3.359999895095825,"y":-2.440000057220459},"20":{"angle":0,"key":"20","va":0,"vx":0,"vy":0,"x":4.460000038146973,"y":-2.4000000953674316},"3":{"angle":0,"key":"3","va":0,"vx":0,"vy":0,"x":6.340000152587891,"y":-2.4600000381469727},"31":{"angle":0,"key":"31","va":0,"vx":0,"vy":0,"x":8.880000114440918,