{"puzzle":{"reqTiles":["Up"],"inputs":[{"x":0.65,"y":0.0,"balls":[{"type":3,"rate":1.0}]}],"outputs":[{"x":0.35,"y":1.0,"balls":[{"type":3,"rate":1.0}]}],"spec":{}},"blueprint":{"puzzle":"ff66d671-40d2-5128-916c-7de751b3ff3b","title":"Quantum Computer","submittedAt":"2024-04-08T20:44:53.633225034Z","widgets":{"0":{"angle":-0.29971017323431837,"type":"prism","x":460,"y":280},"32":{"height":10,"type":"repulsor","width":150,"x":416,"y":226},"1":{"angle":0,"type":"rightbumper","x":119,"y":612.5},"33":{"height":10,"type":"repulsor","width":150,"x":374,"y":236},"2":{"angle":0,"type":"leftbumper","x":514,"y":559},"34":{"angle":-0.2609903997888483,"type":"cup","x":383,"y":182},"3":{"angle":1.6069969488999125,"type":"leftbumper","x":48.4822831,"y":540},"35":{"angle":3.858453605854798,"type":"prism","x":477,"y":208},"4":{"angle":-4.83236610285437e-2,"type":"fan","x":130,"y":697.5},"36":{"angle":-1.385736736694598,"type":"prism","x":510,"y":153},"5":{"angle":0,"sticker":"figure1-happy","type":"sticker","x":47,"y":632},"37":{"angle":-0.3341336673204995,"type":"prism","x":575,"y":153},"6":{"angle":0,"type":"cup","x":42,"y":716.5},"38":{"angle":0.7426396143202693,"type":"prism","x":607,"y":210},"7":{"angle":-1.4344915498044037,"type":"rightbumper","x":683.786,"y":451},"39":{"angle":1.8205618966876473,"type":"prism","x":573,"y":265},"8":{"angle":0,"sticker":"figure2-happy","type":"sticker","x":689,"y":540},"40":{"angle":1.8041700950466908,"type":"prism","x":289,"y":355},"9":{"angle":0,"catMass":2,"type":"catswat","x":51,"y":393},"41":{"angle":-0.22740286529719764,"type":"ballstand","x":412,"y":293},"10":{"angle":0,"type":"board","x":87.5,"y":419},"42":{"angle":-0.30215601586938684,"type":"prism","x":297,"y":242},"11":{"angle":-3.435241847973089,"type":"fan","x":513,"y":635.913},"43":{"angle":-1.333709053435228,"type":"prism","x":232,"y":240},"44":{"angle":-2.3978468663575603,"type":"prism","x":196,"y":295},"45":{"angle":2.8590339490143366,"type":"prism","x":223,"y":354},"14":{"angle":0,"sticker":"determinism","type":"sticker","x":86.5,"y":357},"15":{"angle":0,"sticker":"kingbun","type":"sticker","x":569,"y":626},"16":{"angle":0,"type":"ballstand","x":570,"y":692.5},"17":{"angle":2.863815962642489,"type":"cup","x":562,"y":524},"18":{"angle":-0.32381614100081846,"type":"brick","x":608,"y":496},"19":{"angle":-0.30833810628684283,"type":"board","x":406,"y":704.870299},"20":{"angle":1.5054174345571716,"type":"hammer","x":658,"y":669.8080719},"21":{"angle":-1.5053694510041173,"type":"sword","x":693,"y":668.3759561},"22":{"angle":2.8408769490474564,"type":"prism","x":508,"y":264},"23":{"angle":-5.521460235300306,"type":"prism","x":490,"y":337},"24":{"angle":-4.4844844246203825,"type":"prism","x":455,"y":392},"25":{"angle":-3.425857969510406,"type":"prism","x":391,"y":389},"26":{"angle":-0.28639345712183145,"type":"prism","x":345,"y":404},"27":{"angle":-5.5150147430764305,"type":"prism","x":373,"y":461},"28":{"angle":-2.384370406398514,"type":"prism","x":527,"y":370},"29":{"angle":-2.3669411697057097,"type":"prism","x":361,"y":331},"30":{"angle":0.7602944574395936,"type":"prism","x":324,"y":300},"31":{"angle":2.8720824135708094,"type":"prism","x":555,"y":427}}},"snapshot":{"balls":[{"age":1811,"angle":1.1731295585632324,"type":3,"va":0,"vx":1.0162612423300743e-2,"vy":-8.985634194687009e-4,"x":6.282947540283203,"y":-14.621440887451172},{"age":1417,"angle":2.609311580657959,"type":3,"va":0,"vx":0,"vy":0,"x":0.17922165989875793,"y":-8.041600227355957},{"age":986,"angle":1.5113288164138794,"type":3,"va":0,"vx":0,"vy":0,"x":0.2891600728034973,"y":-7.7432332038879395},{"age":641,"angle":2.5622446537017822,"type":3,"va":0,"vx":0,"vy":0,"x":0.6026238203048706,"y":-7.801198482513428},{"age":547,"angle":-1.119097352027893,"type":3,"va":-21.260168075561523,"vx":-1.7787730693817139,"vy":-9.4691162109375,"x":10.6748628616333,"y":-4.002503395080566},{"age":457,"angle":2.457686185836792,"type":3,"va":8.023502349853516,"vx":-1.2952187061309814,"vy":-0.21737302839756012,"x":5.638105392456055,"y":-14.215758323669434},{"age":278,"angle":-2.494447946548462,"type":3,"va":-25.841754913330078,"vx":3.7462878227233887,"vy":-5.044406414031982,"x":5.2648539543151855,"y":-8.892454147338867},{"age":191,"angle":1.6196094751358032,"type":3,"va":31.930437088012695,"vx":-2.1137588024139404,"vy":-8.992413520812988,"x":8.838443756103516,"y":-10.987476348876953},{"age":138,"angle":0.34481731057167053,"type":3,"va":1.8702152967453003,"vx":-2.559612274169922,"vy":-3.2009875774383545,"x":13.874878883361816,"y":-6.0734429359436035},{"age":105,"angle":-2.912989854812622,"type":3,"va":-1.9746900796890259,"vx":9.236764907836914,"vy":-9.937101364135742,"x":11.109379768371582,"y":-9.458639144897461},{"age":30,"angle":1.0312248468399048,"type":3,"va":4.397558212280273,"vx":-0.1044774055480957,"vy":-2.803936004638672,"x":9.606485366821289,"y":-0.463326632976532}],"widgets":{"9":{"angle":0,"key":"9","va":0,"vx":0,"vy":0,"x":1.0199999809265137,"y":-7.860000133514404}}}}