{"puzzle":{"reqTiles":["Up"],"inputs":[{"x":0.35,"y":0.0,"balls":[{"type":4,"rate":1.0}]}],"outputs":[{"x":0.2,"y":1.0,"balls":[{"type":4,"rate":1.0}]}],"spec":{}},"blueprint":{"puzzle":"2c31fae2-80ec-583a-be82-fd2c619be3a8","title":"","submittedAt":"2024-04-07T23:39:21.378786111Z","widgets":{"35":{"angle":1.5634853571491067,"type":"fan","x":251,"y":381},"36":{"angle":0,"type":"cushion","x":251,"y":371},"37":{"angle":0,"type":"ballstand","x":255,"y":314},"38":{"angle":-6.369862770266171,"sticker":"squobject","type":"sticker","x":261,"y":554},"39":{"angle":-3.179915187604708,"type":"fan","x":562,"y":441},"40":{"angle":0,"type":"board","x":652.5,"y":441},"10":{"angle":0,"sticker":"figure2-happy","type":"sticker","x":342,"y":667.5},"43":{"angle":-2.6200866907764863e-2,"type":"brick","x":495,"y":95.535},"12":{"angle":0.16717783549087614,"type":"board","x":346,"y":599},"44":{"angle":-3.479127227180607,"type":"anvil","x":241,"y":701.011617},"13":{"angle":0.23015352551106072,"type":"board","x":380,"y":456},"45":{"angle":0,"type":"brick","x":307,"y":726.5},"14":{"angle":0.20246430717170028,"type":"board","x":384,"y":390},"15":{"angle":-1.5635625798626163,"type":"board","x":381,"y":298},"16":{"angle":0.22006488064679902,"sticker":"figure1-happy","type":"sticker","x":362,"y":528},"48":{"angle":-0.685960391816832,"type":"sword","x":138,"y":620},"49":{"angle":0,"sticker":"knievel","type":"sticker","x":68,"y":642},"50":{"angle":0,"type":"brick","x":68,"y":726.5},"51":{"angle":0.25029720279867906,"type":"brick","x":309,"y":353},"52":{"type":"roundbumper","x":362,"y":349},"53":{"angle":0.4687209108593448,"sticker":"figure3-happy","type":"sticker","x":377,"y":383},"55":{"angle":0,"sticker":"kingbun","type":"sticker","x":489,"y":62},"56":{"angle":1.2213917372178542,"type":"prism","x":440,"y":75},"57":{"height":25,"type":"repulsor","width":25,"x":476.5,"y":107.5},"26":{"angle":0,"catMass":2,"type":"catswat","x":233,"y":104},"58":{"height":67,"type":"repulsor","width":67,"x":513,"y":106},"59":{"angle":-1.5770075875638314,"type":"brick","x":516,"y":52},"29":{"angle":0,"speed":25,"type":"spokedwheel","x":303.572,"y":178},"31":{"angle":0,"type":"hook","x":126.512,"y":197.268}}},"snapshot":{"balls":[{"age":695,"angle":0.9481242299079895,"type":4,"va":5.497518926858902e-2,"vx":0,"vy":1.729290816001594e-3,"x":5.478906631469727,"y":-6.5148234367370605},{"age":472,"angle":2.859313488006592,"type":4,"va":34.27305603027344,"vx":-7.430089950561523,"vy":4.983743667602539,"x":4.601386547088623,"y":-13.30786418914795},{"age":356,"angle":-3.0575289726257324,"type":4,"va":33.73173904418945,"vx":-2.2946834564208984,"vy":-14.753829956054688,"x":4.851762771606445,"y":-11.667862892150879},{"age":299,"angle":2.031630516052246,"type":4,"va":13.805556297302246,"vx":-3.28241229057312,"vy":3.010394334793091,"x":9.0045804977417,"y":-8.991780281066895},{"age":219,"angle":-0.6891818642616272,"type":4,"va":4.8575520515441895,"vx":-1.8503909930586815e-2,"vy":-4.735011100769043,"x":8.167617797851562,"y":-7.2180705070495605},{"age":157,"angle":1.4348722696304321,"type":4,"va":-32.684024810791016,"vx":0.2833462655544281,"vy":-4.916194438934326,"x":8.152356147766113,"y":-6.77567195892334},{"age":99,"angle":1.002898097038269,"type":4,"va":-3.992898389697075e-2,"vx":0.6822823882102966,"vy":-4.17271089553833,"x":8.843509674072266,"y":-1.515999674797058},{"age":26,"angle":0.6896196603775024,"type":4,"va":3.386387825012207,"vx":-5.820515379309654e-2,"vy":-2.02726149559021,"x":5.175225257873535,"y":-0.3464311957359314}],"widgets":{"26":{"angle":0,"key":"26","va":0,"vx":0,"vy":0,"x":4.659999847412109,"y":-2.0799999237060547},"29":{"angle":1.9109057188034058,"key":"29","va":0,"vx":0,"vy":0,"x":6.07144021987915,"y":-3.559999942779541},"31":{"angle":-0.30309224128723145,"key":"31","va":33.004032135009766,"vx":0,"vy":0,"x":2.5528135299682617,"y":-3.637263774871826}}}}