{"puzzle":{"reqTiles":["Up","Left"],"inputs":[{"x":0.8,"y":0.0,"balls":[{"type":2,"rate":0.39925130208333337}]},{"x":0.0,"y":0.65,"balls":[{"type":1,"rate":0.6206105550130209}]}],"outputs":[{"x":0.2,"y":1.0,"balls":[{"type":1,"rate":0.6206105550130209}]},{"x":0.0,"y":0.2,"balls":[{"type":2,"rate":0.39925130208333337}]}],"spec":{}},"blueprint":{"puzzle":"c3b1eb7b-565a-5b8a-9474-564ae67d1fe6","title":"bouncesort with error correction and straggler management","submittedAt":"2024-05-23T22:48:03.346641626Z","widgets":{"0":{"angle":-0.7418931894505018,"type":"rightbumper","x":52.7363855,"y":580},"32":{"angle":0,"type":"cushion","x":111,"y":78},"64":{"angle":-1.1691719952527484,"type":"board","x":557,"y":431},"1":{"angle":5.7999387511068715e-2,"type":"board","x":406,"y":102},"33":{"angle":0.2077306292919332,"type":"board","x":106,"y":657},"65":{"angle":1.578203146638598,"type":"cushion","x":334,"y":444},"2":{"angle":8.353695238779109e-2,"type":"board","x":530,"y":111},"66":{"angle":1.5932623591371209,"type":"cushion","x":330,"y":491},"35":{"angle":0,"type":"cushion","x":41,"y":296},"67":{"angle":-1.5553983071710844,"type":"prism","x":696.2429457,"y":515},"36":{"angle":1.559167507230997,"type":"cushion","x":151,"y":120},"68":{"angle":-0.508514368368539,"type":"brick","x":703.729174,"y":482},"37":{"angle":1.564602466742746,"type":"cushion","x":138,"y":43.12},"69":{"angle":-0.5186919973328371,"type":"brick","x":669,"y":501},"38":{"angle":-0.16521638729467797,"type":"board","x":314,"y":590},"70":{"angle":-0.5157178136972446,"type":"brick","x":686,"y":530},"39":{"angle":1.5770421099037497,"type":"board","x":335,"y":437},"8":{"angle":-0.224714846305438,"type":"board","x":479,"y":191},"40":{"angle":-2.0064676598848044,"type":"board","x":622.914,"y":491},"9":{"angle":-1.6135246877204255,"type":"fan","x":590,"y":257},"41":{"angle":0.2632271731237423,"type":"board","x":496,"y":226},"73":{"angle":-0.5175427595931977,"type":"brick","x":703.773637,"y":521},"10":{"angle":1.5782436156695079,"type":"board","x":340,"y":182},"42":{"angle":0.6228792515293093,"type":"board","x":663.681941,"y":306},"74":{"angle":-1.551993189568842,"type":"brick","x":708.863,"y":546},"75":{"angle":1.5665695317643245,"type":"board","x":730.6302377,"y":512},"12":{"angle":1.583554501470462,"type":"board","x":338,"y":285},"44":{"angle":-1.4032686661689642,"type":"board","x":113,"y":570},"76":{"angle":0.19480245467862234,"type":"brick","x":598,"y":245},"77":{"angle":-1.570876133137146,"type":"prism","x":696.9960496,"y":207},"14":{"angle":-1.5765376593413492,"type":"sword","x":460,"y":586},"46":{"angle":0,"type":"fan","x":124,"y":41.5},"78":{"angle":-0.5001423793843867,"type":"brick","x":703.690599,"y":188},"15":{"angle":-3.1481469570520697,"type":"fan","x":166,"y":119},"79":{"angle":-0.48989530398820963,"type":"brick","x":684,"y":197},"16":{"angle":-1.5743252999566797,"type":"fan","x":37.5827058,"y":313},"48":{"angle":1.5941086164622462,"type":"cushion","x":327,"y":293},"80":{"angle":-0.24269225797194557,"type":"brick","x":703.7521245,"y":163},"17":{"angle":-4.583837626993674e-2,"type":"board","x":276,"y":727},"49":{"angle":1.5673925319805224,"type":"cushion","x":326,"y":204},"81":{"angle":-0.5499556237627488,"type":"brick","x":703.9576065,"y":229},"18":{"angle":-4.583837626993674e-2,"type":"board","x":441,"y":719},"50":{"angle":0,"type":"fan","x":320,"y":278},"82":{"angle":-1.568265853533489,"type":"brick","x":726.4140045,"y":236},"19":{"angle":0.8616671754101604,"type":"board","x":63.8079985,"y":667.7331555},"51":{"angle":1.578732183726869,"type":"cushion","x":329,"y":130},"20":{"angle":-6.409440210420085e-2,"type":"board","x":596,"y":710},"52":{"angle":1.5760042951511521,"type":"cushion","x":336,"y":368},"21":{"angle":1.5778315819618336,"type":"board","x":658,"y":652.4388707},"22":{"angle":3.086401923751584,"type":"fan","x":678,"y":663},"54":{"angle":1.1992507666749839,"type":"leftbumper","x":272,"y":567},"55":{"angle":1.5752571581802446,"type":"cushion","x":178,"y":120},"24":{"angle":0.41591419269310376,"type":"brick","x":478,"y":614},"56":{"angle":1.5586753383971101,"type":"cushion","x":313,"y":250},"25":{"angle":-0.3605292613623742,"type":"brick","x":427,"y":613},"57":{"angle":-0.6085576648902379,"type":"fan","x":154,"y":129},"26":{"angle":-0.17661510120151633,"type":"board","x":321,"y":635},"58":{"angle":-2.7857176946713116,"type":"sword","x":608,"y":356},"59":{"angle":-0.26637290466221175,"type":"brick","x":656,"y":177},"28":{"angle":0.3312740162061473,"type":"cushion","x":371,"y":560},"29":{"angle":0.9789319521529615,"type":"cushion","x":348,"y":539},"61":{"angle":-0.20815497302026656,"type":"brick","x":622,"y":184},"30":{"angle":0.9936778583133288,"type":"leftbumper","x":200,"y":659},"31":{"angle":0,"type":"cushion","x":41,"y":78},"63":{"angle":1.5930030299902163,"type":"board","x":548,"y":419}}},"snapshot":{"balls":[{"age":1108,"angle":0.9442176222801208,"type":2,"va":2.7627291679382324,"vx":-0.6249686479568481,"vy":-7.561039924621582e-2,"x":3.4629709720611572,"y":-14.341595649719238},{"age":816,"angle":-2.9713852405548096,"type":1,"va":1.9934732913970947,"vx":-0.6777148246765137,"vy":-0.5720250606536865,"x":3.1369476318359375,"y":-14.469382286071777},{"age":676,"angle":-0.148628830909729,"type":1,"va":28.016094207763672,"vx":-4.430914878845215,"vy":-0.2686365246772766,"x":7.711387634277344,"y":-14.093198776245117},{"age":687,"angle":1.6843503713607788,"type":2,"va":-12.86514949798584,"vx":-0.37079641222953796,"vy":-2.0207645893096924,"x":8.786561965942383,"y":-11.106847763061523},{"age":601,"angle":-0.6998454332351685,"type":1,"va":10.807833671569824,"vx":-1.6661722660064697,"vy":-0.3808387517929077,"x":9.576414108276367,"y":-3.4738240242004395},{"age":565,"angle":0.8820746541023254,"type":2,"va":-4.949548721313477,"vx":0.6409628987312317,"vy":-0.45771005749702454,"x":7.9838128089904785,"y":-10.885560035705566},{"age":464,"angle":-0.3271141052246094,"type":1,"va":7.951900959014893,"vx":7.869049072265625,"vy":-9.439068794250488,"x":10.526022911071777,"y":-8.514487266540527},{"age":467,"angle":-0.8668539524078369,"type":2,"va":-5.605601787567139,"vx":3.4128079414367676,"vy":-3.4513165950775146,"x":7.344559192657471,"y":-4.867496967315674},{"age":344,"angle":1.7581454515457153,"type":1,"va":3.6700360774993896,"vx":-2.004875421524048,"vy":-2.751512050628662,"x":10.088932991027832,"y":-2.964897394180298},{"age":273,"angle":-1.2239364385604858,"type":1,"va":10.732901573181152,"vx":-1.647929072380066,"vy":-0.40797507762908936,"x":13.372271537780762,"y":-2.992781400680542},{"age":279,"angle":1.4338315725326538,"type":2,"va":7.034814834594727,"vx":-3.2219958305358887,"vy":3.2774174213409424,"x":14.449100494384766,"y":-2.478318214416504},{"age":202,"angle":2.400071620941162,"type":1,"va":0.35323312878608704,"vx":1.5718914270401,"vy":-1.8730251789093018,"x":12.840901374816895,"y":-2.142657995223999},{"age":136,"angle":2.9244110584259033,"type":1,"va":30.670114517211914,"vx":8.383343696594238,"vy":2.100309729576111e-2,"x":9.755895614624023,"y":-1.6287286281585693},{"age":83,"angle":-1.3772916793823242,"type":2,"va":5.544929027557373,"vx":-0.7638025879859924,"vy":0.6778039932250977,"x":11.446921348571777,"y":-1.5127997398376465}],"widgets":{}}}