{"puzzle":{"reqTiles":["Up","Left"],"inputs":[{"x":0.8,"y":0.0,"balls":[{"type":3,"rate":0.875}]},{"x":0.0,"y":0.65,"balls":[{"type":4,"rate":0.8359375}]}],"outputs":[{"x":0.2,"y":1.0,"balls":[{"type":4,"rate":0.8359375}]},{"x":0.0,"y":0.8,"balls":[{"type":3,"rate":0.8515625}]}],"spec":{}},"blueprint":{"puzzle":"45eb7055-1764-5b90-9f9e-9dbcd6ce3c68","title":"Apathy and Excitement","submittedAt":"2024-04-24T13:18:48.529204845Z","widgets":{"32":{"angle":2.971550896724764,"type":"fan","x":526,"y":664},"1":{"height":122,"type":"repulsor","width":122,"x":63,"y":519.5},"33":{"angle":0.8008439597818473,"type":"board","x":67.3703335,"y":670.914991},"2":{"angle":-0.3860752745795232,"type":"board","x":585,"y":79},"34":{"angle":-0.7363115598847934,"type":"board","x":377,"y":600},"3":{"angle":-0.39291309655098394,"type":"board","x":517,"y":110},"35":{"angle":0.3347825564259647,"type":"board","x":363,"y":520},"36":{"angle":0,"type":"brick","x":34,"y":506},"37":{"angle":-0.12046510008415452,"type":"board","x":468,"y":137},"38":{"angle":2.38740297292892,"type":"fan","x":654,"y":483},"8":{"angle":3.459476942829103,"type":"leftbumper","x":41.4436295,"y":405},"40":{"angle":0,"type":"fan","x":275,"y":524},"9":{"height":10,"type":"repulsor","width":150,"x":190,"y":98},"10":{"angle":0,"type":"fan","x":23.5,"y":330},"42":{"height":124,"type":"attractor","width":124,"x":347.5,"y":564.5},"11":{"angle":0,"type":"fan","x":23.5,"y":282},"43":{"angle":-1.0285452207266184,"type":"board","x":159.5,"y":648},"12":{"angle":0,"type":"fan","x":23.5,"y":125},"44":{"angle":0,"catMass":2,"type":"catswat","x":41,"y":526},"13":{"angle":0,"type":"fan","x":23.5,"y":177},"45":{"angle":0.31771384990753715,"sticker":"figure3-happy","type":"sticker","x":641,"y":212},"14":{"angle":0,"type":"fan","x":23.5,"y":227},"46":{"angle":0,"sticker":"figure2-sad","type":"sticker","x":403,"y":69.5},"15":{"angle":0,"type":"board","x":87.5,"y":608},"47":{"angle":0,"sticker":"figure2-happy","type":"sticker","x":434,"y":467},"16":{"angle":0,"type":"brick","x":34,"y":538},"48":{"angle":0,"sticker":"figure1-happy","type":"sticker","x":301,"y":432},"17":{"angle":-0.15029615921420142,"type":"board","x":268,"y":717.9999945},"49":{"angle":0,"sticker":"squobject","type":"sticker","x":612,"y":130},"18":{"angle":-0.4492052370997581,"type":"board","x":426,"y":672},"19":{"angle":-0.8121177460647198,"type":"board","x":546,"y":590},"20":{"angle":-0.7458959787099506,"type":"board","x":227,"y":554},"52":{"height":91,"type":"repulsor","width":91,"x":103.5,"y":645.5},"21":{"angle":3.0865548626221435,"type":"fan","x":260,"y":575},"22":{"angle":3.0983880188170816,"type":"fan","x":265,"y":575},"54":{"angle":0.3793706917070589,"sticker":"knievel","type":"sticker","x":83,"y":295},"23":{"angle":-1.2195923091787189,"type":"board","x":628.824,"y":457},"24":{"height":129,"type":"repulsor","width":129,"x":179.5,"y":502},"56":{"angle":-0.7094684239940068,"sticker":"determinism","type":"sticker","x":145,"y":459},"25":{"angle":0,"type":"fan","x":23.5,"y":380},"57":{"angle":0,"sticker":"kingbun","type":"sticker","x":423,"y":427},"26":{"angle":4.544469798097312,"type":"board","x":635.643,"y":319},"58":{"angle":0,"sticker":"cat","type":"sticker","x":300,"y":399},"27":{"angle":0.80956613998545,"type":"board","x":588.126,"y":209},"28":{"angle":0.1285329646448333,"type":"board","x":535,"y":150},"29":{"angle":1.466146103597552,"type":"fan","x":565,"y":139},"30":{"angle":2.0299707910888682,"type":"fan","x":669,"y":310},"31":{"angle":1.3938198844735241,"type":"board","x":304,"y":576}}},"snapshot":{"balls":[{"age":373,"angle":2.125391721725464,"type":4,"va":6.000696182250977,"vx":1.229454755783081,"vy":-1.3769885301589966,"x":2.884716510772705,"y":-14.42085075378418},{"age":276,"angle":-1.934675931930542,"type":4,"va":51.82624053955078,"vx":-7.808930397033691,"vy":-2.2902426719665527,"x":10.115059852600098,"y":-12.128864288330078},{"age":208,"angle":0.47156083583831787,"type":4,"va":61.573204040527344,"vx":-8.322691917419434,"vy":-4.058445453643799,"x":10.141633033752441,"y":-11.737587928771973},{"age":241,"angle":3.0022757053375244,"type":3,"va":35.438804626464844,"vx":-4.049129486083984,"vy":3.237993001937866,"x":1.819502830505371,"y":-11.825228691101074},{"age":99,"angle":-0.8244321346282959,"type":4,"va":-44.110374450683594,"vx":2.4027280807495117,"vy":-2.772007942199707,"x":6.492216110229492,"y":-2.8972854614257812},{"age":140,"angle":5.0430916249752045e-2,"type":3,"va":26.555828094482422,"vx":-4.17696475982666,"vy":-0.5710241794586182,"x":7.765065670013428,"y":-2.593233585357666},{"age":91,"angle":-1.9128928184509277,"type":4,"va":0.3676711320877075,"vx":-2.2430734634399414,"vy":5.1505537033081055,"x":0.4320625066757202,"y":-9.078690528869629},{"age":89,"angle":1.992699146270752,"type":3,"va":18.139440536499023,"vx":-2.665823221206665,"vy":-1.1274187564849854,"x":10.433089256286621,"y":-1.7300869226455688},{"age":41,"angle":-2.519045114517212,"type":4,"va":3.4582347869873047,"vx":-2.2714438438415527,"vy":2.529433488845825,"x":0.14688299596309662,"y":-9.6297025680542},{"age":11,"angle":0.12916748225688934,"type":3,"va":2.9017295837402344,"vx":-4.037505015730858e-2,"vy":-0.9831212162971497,"x":11.848968505859375,"y":-5.1085591316223145e-2}],"widgets":{"44":{"angle":0,"key":"44","va":0,"vx":0,"vy":0,"x":0.8199999928474426,"y":-10.520000457763672}}}}