{"puzzle":{"reqTiles":["Up","Left"],"inputs":[{"x":0.35,"y":0.0,"balls":[{"type":1,"rate":0.6142069498697917}]},{"x":0.0,"y":0.8,"balls":[{"type":2,"rate":0.44298044840494794}]}],"outputs":[{"x":0.65,"y":1.0,"balls":[{"type":2,"rate":0.44298044840494794}]},{"x":0.0,"y":0.35,"balls":[{"type":1,"rate":0.6258748372395834}]}],"spec":{}},"blueprint":{"puzzle":"29e99d66-219e-5e41-a7ff-7cf9bfef6359","title":"We sure this is deterministic?","submittedAt":"2024-05-27T11:22:08.99091152Z","widgets":{"0":{"angle":0.8867579641679175,"type":"board","x":407,"y":302},"32":{"angle":-1.5939238749957965,"type":"fan","x":689,"y":347},"64":{"angle":2.5536028808067774,"catMass":2,"type":"catswat","x":167,"y":168},"1":{"angle":0.6674928429260532,"type":"board","x":492,"y":384},"33":{"angle":2.1425341946144028,"catMass":2,"type":"catswat","x":145,"y":141},"65":{"angle":0,"speed":25,"type":"spokedwheel","x":143,"y":621},"2":{"angle":0.4145822997384895,"type":"board","x":531,"y":393},"66":{"angle":0,"type":"brick","x":137,"y":714},"3":{"angle":0,"type":"board","x":550,"y":390},"67":{"angle":-0.4892742079243273,"type":"brick","x":192,"y":699},"4":{"angle":-0.4046792102923666,"type":"board","x":598,"y":376},"68":{"angle":-1.326089438081255,"type":"brick","x":230,"y":656},"5":{"angle":-0.6729869690483209,"type":"board","x":646,"y":341},"69":{"angle":-1.7535812870743561,"type":"brick","x":232,"y":594},"6":{"angle":-0.10384649662650285,"type":"rightbumper","x":253,"y":137},"70":{"angle":0,"type":"rightbumper","x":52,"y":529},"7":{"angle":-3.7650311104757495,"type":"rightbumper","x":330,"y":68.3187},"39":{"angle":3.2940939106157403,"catMass":2,"type":"catswat","x":551,"y":236},"71":{"angle":0.6600272531825817,"type":"brick","x":210,"y":546},"8":{"angle":-0.927491277208981,"type":"board","x":664,"y":310},"72":{"angle":0,"type":"rightbumper","x":253,"y":692.5},"9":{"angle":-1.1383483030926667,"type":"board","x":676,"y":277},"73":{"angle":0,"type":"leftbumper","x":712,"y":692.5},"74":{"type":"roundbumper","x":238,"y":547},"43":{"angle":-1.535283960237802,"type":"cushion","x":366,"y":311},"75":{"type":"roundbumper","x":277,"y":460},"44":{"angle":-6.445792228233291e-2,"type":"cushion","x":120,"y":471},"76":{"angle":0,"sticker":"determinism","type":"sticker","x":366,"y":687},"13":{"angle":-1.3774932931623605,"type":"board","x":677,"y":248},"77":{"angle":0,"sticker":"figure2-happy","type":"sticker","x":639,"y":667.5},"14":{"angle":0.3150398485527687,"type":"board","x":535,"y":44},"46":{"angle":-0.5900947794377724,"type":"cushion","x":325,"y":412},"78":{"angle":0,"type":"fan","x":23.5,"y":695},"15":{"angle":0.6302200982121041,"type":"board","x":592,"y":58.8368445},"47":{"angle":-0.3611702987583433,"type":"cushion","x":273,"y":445},"16":{"angle":0.9913713028527845,"type":"board","x":630,"y":86},"48":{"angle":1.7784931713843655,"type":"cushion","x":357,"y":373},"17":{"angle":1.2386923991087415,"type":"board","x":656,"y":134},"18":{"angle":1.4869834741270505,"type":"board","x":671,"y":201},"50":{"angle":-8.483236899140233e-2,"type":"cushion","x":165,"y":466},"51":{"angle":-8.476519292926508e-2,"type":"cushion","x":219,"y":461},"22":{"angle":-5.860408532373719e-2,"type":"board","x":506,"y":55},"23":{"angle":-0.39293365573423944,"type":"board","x":470,"y":68},"55":{"angle":0.5679546992431921,"type":"board","x":78.6039435,"y":684},"25":{"height":10,"type":"repulsor","width":150,"x":205,"y":309},"26":{"angle":0,"type":"fan","x":423,"y":373},"27":{"angle":-0.8076034563846085,"type":"fan","x":528,"y":420},"59":{"angle":-2.6246325894984763,"type":"fan","x":698.879,"y":145},"28":{"angle":-1.3746690017860412,"type":"fan","x":630,"y":404},"60":{"angle":-3.164289283149805,"type":"fan","x":667,"y":69},"30":{"height":10,"type":"attractor","width":150,"x":131,"y":171},"62":{"angle":-0.7643764129996813,"type":"rightbumper","x":53.0849245,"y":451},"31":{"height":10,"type":"attractor","width":150,"x":527,"y":231},"63":{"angle":2.497570310824165,"catMass":2,"type":"catswat","x":165,"y":156}}},"snapshot":{"balls":[{"age":1566,"angle":-1.1389328241348267,"type":2,"va":1.4849939346313477,"vx":-0.23841172456741333,"vy":6.68581485748291,"x":6.913115978240967,"y":-14.42838191986084},{"age":1508,"angle":2.642383337020874,"type":1,"va":-20.72154426574707,"vx":4.385073661804199,"vy":-4.305993556976318,"x":3.6730618476867676,"y":-4.105660915374756},{"age":1404,"angle":2.35861873626709,"type":2,"va":56.949180603027344,"vx":8.650175094604492,"vy":-1.743773102760315,"x":9.658485412597656,"y":-14.306084632873535},{"age":1096,"angle":2.491410970687866,"type":2,"va":5.640607833862305,"vx":-0.8458250164985657,"vy":1.3854575157165527,"x":8.518023490905762,"y":-14.587160110473633},{"age":1108,"angle":2.568237543106079,"type":1,"va":-3.268889904022217,"vx":0.6208053827285767,"vy":0.6047443151473999,"x":2.2688028812408447,"y":-3.505126714706421},{"age":975,"angle":-1.1264638900756836,"type":1,"va":64.65410614013672,"vx":5.893861293792725,"vy":3.1212759017944336,"x":3.310368061065674,"y":-0.1799997091293335},{"age":838,"angle":-2.9581282138824463,"type":2,"va":6.327831268310547,"vx":-1.996199607849121,"vy":0.5566361546516418,"x":13.784760475158691,"y":-11.791234016418457},{"age":858,"angle":-2.6839513778686523,"type":1,"va":0.11278773844242096,"vx":-5.124716758728027,"vy":-3.8392553329467773,"x":1.272740364074707,"y":-5.328648567199707},{"age":786,"angle":0.4958508312702179,"type":1,"va":-7.954403758049011e-2,"vx":-0.2175382822751999,"vy":-0.3026226758956909,"x":3.4125356674194336,"y":-2.318525552749634},{"age":644,"angle":3.5887449979782104e-2,"type":2,"va":-25.28224754333496,"vx":-4.54429292678833,"vy":-6.668529987335205,"x":10.291590690612793,"y":-13.424607276916504},{"age":587,"angle":0.8929253816604614,"type":1,"va":-4.341659136116505e-3,"vx":3.0825085937976837e-2,"vy":-0.10734979063272476,"x":4.745244979858398,"y":-8.699525833129883},{"age":486,"angle":2.551393985748291,"type":2,"va":-8.808597564697266,"vx":-4.2040019035339355,"vy":-2.056915521621704,"x":10.624624252319336,"y":-14.034224510192871},{"age":362,"angle":-2.3678441047668457,"type":2,"va":0.9121462106704712,"vx":0.13151966035366058,"vy":0.36121392250061035,"x":13.383890151977539,"y":-7.2863922119140625},{"age":250,"angle":-0.8059423565864563,"type":2,"va":-6.842523097991943,"vx":5.223246097564697,"vy":3.202361583709717,"x":9.118152618408203,"y":-14.293078422546387},{"age":290,"angle":3.136716842651367,"type":1,"va":-9.909741401672363,"vx":-5.544311046600342,"vy":-1.1674063205718994,"x":2.537282943725586,"y":-3.801673412322998},{"age":228,"angle":1.9721310138702393,"type":1,"va":-43.34517288208008,"vx":-11.206416130065918,"vy":8.547703742980957,"x":2.743482828140259,"y":-3.507899045944214},{"age":182,"angle":2.4861443042755127,"type":2,"va":79.8276138305664,"vx":14.914392471313477,"vy":-5.093503952026367,"x":7.894223690032959,"y":-10.978507995605469},{"age":110,"angle":3.957646898925304e-3,"type":2,"va":-19.02643585205078,"vx":7.6473917961120605,"vy":-3.3747987747192383,"x":2.414531946182251,"y":-13.606551170349121},{"age":119,"angle":-2.024615526199341,"type":1,"va":-56.313907623291016,"vx":3.4799749851226807,"vy":12.878375053405762,"x":12.646993637084961,"y":-5.732330322265625}],"widgets":{"33":{"angle":-2.1425342559814453,"key":"33","va":0,"vx":0,"vy":0,"x":2.9000000953674316,"y":-2.819999933242798},"39":{"angle":2.989091634750366,"key":"39","va":0,"vx":0,"vy":0,"x":11.020000457763672,"y":-4.71999979019165},"63":{"angle":-2.497570276260376,"key":"63","va":0,"vx":0,"vy":0,"x":3.299999952316284,"y":-3.119999885559082},"64":{"angle":-2.553602933883667,"key":"64","va":0,"vx":0,"vy":0,"x":3.3399999141693115,"y":-3.359999895095825},"65":{"angle":-0.22359447181224823,"key":"65","va":6.243095397949219,"vx":0,"vy":0,"x":2.859999895095825,"y":-12.420000076293945}}}}