{"puzzle":{"reqTiles":["Up"],"inputs":[{"x":0.5,"y":0.0,"balls":[{"type":4,"rate":0.83203125}]}],"outputs":[{"x":0.35,"y":1.0,"balls":[{"type":4,"rate":0.83203125}]}],"spec":{}},"blueprint":{"puzzle":"d81ec14e-6b91-5552-aedc-650ad96768c1","title":"Wall walking","submittedAt":"2024-05-01T14:13:15.269203648Z","widgets":{"0":{"angle":-0.5273749639501395,"type":"fan","x":244,"y":74.2317},"32":{"angle":0,"type":"board","x":87.5,"y":570},"1":{"angle":-1.5738053534152505,"type":"fan","x":419,"y":97},"33":{"angle":0,"type":"board","x":214,"y":571},"2":{"angle":-1.5492563427363217,"type":"fan","x":477,"y":98},"34":{"angle":0,"type":"board","x":372,"y":571},"3":{"angle":-1.5144869561278687,"type":"fan","x":537,"y":99},"35":{"angle":0,"sticker":"figure1-happy","type":"sticker","x":297,"y":497},"4":{"angle":-1.5338497133096616,"type":"fan","x":587,"y":101},"36":{"height":10,"type":"attractor","width":150,"x":337,"y":426},"5":{"angle":-1.5366619347848727,"type":"fan","x":645,"y":104},"37":{"height":10,"type":"attractor","width":150,"x":250,"y":425},"6":{"angle":-0.10980570444467323,"type":"fan","x":642,"y":98},"7":{"angle":-5.799339965872404e-2,"type":"fan","x":645,"y":221},"8":{"angle":-6.144716578933953e-2,"type":"fan","x":640,"y":162},"9":{"angle":-1.5408863850809624,"type":"fan","x":674,"y":106},"10":{"angle":-5.22377663294824e-2,"type":"fan","x":642,"y":287},"11":{"angle":-7.055374024370539e-2,"type":"fan","x":629,"y":477},"12":{"angle":-6.835118119459163e-2,"type":"fan","x":632,"y":413},"13":{"angle":-3.723857022189805e-2,"type":"fan","x":635,"y":347},"14":{"angle":-6.498752340132251e-2,"type":"fan","x":630,"y":609},"15":{"angle":-5.3482042284000865e-2,"type":"fan","x":630,"y":550},"17":{"angle":-0.38960568127554995,"type":"board","x":655.6389215,"y":698.439869},"18":{"angle":1.6298691336083655,"type":"fan","x":567,"y":602},"19":{"angle":1.5851728221197738,"type":"fan","x":524,"y":604},"20":{"angle":1.6978165767531854,"type":"fan","x":334,"y":603},"21":{"angle":1.6416258931072167,"type":"fan","x":368,"y":605},"22":{"angle":1.6583327478463954,"type":"fan","x":422,"y":606},"23":{"angle":1.5964451628843765,"type":"fan","x":479,"y":610},"24":{"angle":2.1152034165166094,"type":"fan","x":345,"y":607},"25":{"angle":1.5657783940766858,"type":"board","x":612,"y":209},"26":{"angle":0,"type":"board","x":535,"y":127},"27":{"angle":0,"type":"board","x":365,"y":127},"28":{"angle":0.8249514762193458,"type":"board","x":217,"y":70.3773995},"29":{"angle":0,"type":"board","x":530,"y":571},"30":{"angle":1.571900891883238,"type":"board","x":612,"y":351},"31":{"angle":1.5840458707042793,"type":"board","x":610,"y":496}}},"snapshot":{"balls":[{"age":865,"angle":1.7375491857528687,"type":4,"va":2.4393351078033447,"vx":-1.3125715255737305,"vy":-1.2799875736236572,"x":5.596002578735352,"y":-14.36345386505127},{"age":825,"angle":-2.1734681129455566,"type":4,"va":27.077138900756836,"vx":-4.201927185058594,"vy":0.5900269150733948,"x":6.197545051574707,"y":-14.613492965698242},{"age":744,"angle":-0.9100693464279175,"type":4,"va":26.491567611694336,"vx":-4.178050994873047,"vy":3.418219804763794,"x":11.036808013916016,"y":-14.565573692321777},{"age":708,"angle":0.8518844246864319,"type":4,"va":24.40332794189453,"vx":-3.797623872756958,"vy":-1.826500654220581,"x":11.6859130859375,"y":-14.180891036987305},{"age":617,"angle":-0.5757362246513367,"type":4,"va":16.83745002746582,"vx":-8.74212384223938e-2,"vy":-2.589974880218506,"x":14.613959312438965,"y":-12.313854217529297},{"age":513,"angle":1.6126422882080078,"type":4,"va":17.401735305786133,"vx":0.3571712374687195,"vy":-2.6245625019073486,"x":14.609057426452637,"y":-8.56060791015625},{"age":461,"angle":1.7448383569717407,"type":4,"va":15.906767845153809,"vx":0.9175249338150024,"vy":-2.428602695465088,"x":14.60555648803711,"y":-6.560050964355469},{"age":425,"angle":1.7194700241088867,"type":4,"va":13.905563354492188,"vx":1.0406949520111084,"vy":-2.191915988922119,"x":14.612010955810547,"y":-4.710041522979736},{"age":359,"angle":-1.8265708684921265,"type":4,"va":10.912976264953613,"vx":0.4645732641220093,"vy":-1.6040252447128296,"x":14.607614517211914,"y":-2.3011093139648438},{"age":289,"angle":-1.0090270042419434,"type":4,"va":10.712393760681152,"vx":1.5147418975830078,"vy":-0.544736921787262,"x":14.47842025756836,"y":-0.1997961401939392},{"age":233,"angle":1.5769506692886353,"type":4,"va":13.93140697479248,"vx":2.024502992630005,"vy":2.994748592376709,"x":12.957908630371094,"y":-0.18256217241287231},{"age":189,"angle":2.942185878753662,"type":4,"va":14.069546699523926,"vx":2.238924980163574,"vy":1.8014973402023315,"x":11.448099136352539,"y":-0.19916144013404846},{"age":113,"angle":0.3860066533088684,"type":4,"va":18.57504653930664,"vx":2.6767823696136475,"vy":1.6445509195327759,"x":8.976041793823242,"y":-0.2004532814025879},{"age":20,"angle":0.11284228414297104,"type":4,"va":5.225512504577637,"vx":0.5419943928718567,"vy":-1.0721440315246582,"x":7.436032772064209,"y":-5.6363657116889954e-2}],"widgets":{}}}