{"puzzle":{"reqTiles":["Up"],"inputs":[{"x":0.35,"y":0.0,"balls":[{"type":4,"rate":1.0}]}],"outputs":[{"x":0.5,"y":1.0,"balls":[{"type":4,"rate":1.0}]}],"spec":{}},"blueprint":{"puzzle":"4bebc6ce-79f8-5b87-a21a-9e3b07b00bb7","title":"⚔️⚔️⚔️🗡️🗡️🗡️⚔️⚔️⚔️","submittedAt":"2024-04-06T22:43:59.908532743Z","widgets":{"0":{"angle":0.4921922232963399,"type":"sword","x":246.0493319,"y":64.8662334},"32":{"angle":2.6059287531320607,"type":"sword","x":560.9486389,"y":491.2053223},"33":{"angle":-3.6614370904777553,"type":"sword","x":667.4690885,"y":424.4640278},"2":{"angle":0.4771488953489799,"type":"sword","x":326.9092278,"y":131.8309722},"34":{"angle":2.026779637811016,"type":"sword","x":448.4487,"y":641.8749695},"3":{"angle":0.4630128266625719,"type":"sword","x":421.6284639,"y":200.3592056},"35":{"angle":2.43103515143692,"type":"sword","x":536.7410736,"y":545.4465332},"4":{"angle":0.46132231942512036,"type":"sword","x":505.5041028,"y":270.893175},"36":{"angle":2.77709207120145,"type":"sword","x":652.2548,"y":500.8036194},"37":{"angle":1.6815859724089557,"type":"sword","x":510.6245667,"y":667.776257},"6":{"angle":2.7894167213100265,"type":"sword","x":640.3017444,"y":327.589},"38":{"angle":1.9758650265608846,"type":"sword","x":565.5691986,"y":589.4197388},"7":{"angle":2.7703186114767466,"type":"sword","x":556.9305388,"y":382.9469722},"39":{"angle":0.36071405376308446,"type":"sword","x":352.421875,"y":46.5624847},"8":{"angle":2.766917342683481,"type":"sword","x":475.9709625,"y":442.9910278},"40":{"angle":0.4048380465857808,"type":"sword","x":390.3903972,"y":85.4017111},"9":{"angle":2.7125894821773318,"type":"sword","x":392.9021986,"y":504.3747944},"41":{"angle":1.3537282842519247,"type":"sword","x":65.5470316,"y":354.1518223},"10":{"angle":2.6474812166263333,"type":"sword","x":318.1694264,"y":574.4644111},"42":{"angle":1.0394657484942493,"type":"sword","x":94.5752476,"y":510.6251194},"11":{"angle":0.3920596067866093,"type":"sword","x":183.6720806,"y":624.2405278},"43":{"angle":1.1601639021594379,"type":"sword","x":80.6135382,"y":622.2325},"12":{"angle":0.3695361716540138,"type":"sword","x":264.1293375,"y":687.4112612},"44":{"angle":0.8314103783131382,"type":"sword","x":347.8019125,"y":292.5441194},"13":{"angle":0.6028696674810513,"type":"sword","x":200.245507,"y":99.9103528},"45":{"angle":1.1056074497212776,"type":"sword","x":283.4155736,"y":346.3388528},"14":{"angle":0.9578919788497742,"type":"sword","x":151.831118,"y":142.7663806},"46":{"angle":0.9550886830468984,"type":"sword","x":215.0110514,"y":357.9453528},"15":{"angle":1.076591670590773,"type":"sword","x":133.5481542,"y":208.8385},"47":{"angle":1.0456706176534387,"type":"sword","x":139.3746542,"y":413.526825},"16":{"angle":1.3617477177114976,"type":"sword","x":57.009291,"y":222.4547056},"48":{"angle":0.7847760575003635,"type":"sword","x":225.4574417,"y":444.7767666},"17":{"angle":0.6426431516006552,"type":"sword","x":281.6076472,"y":182.5002056},"49":{"angle":0.7378489432732972,"type":"sword","x":188.1919613,"y":526.0267334},"18":{"angle":0.9564824438209734,"type":"sword","x":244.7431625,"y":227.1428806},"50":{"angle":0.49344015799113217,"type":"sword","x":479.386625,"y":153.4819138},"19":{"angle":0.986504871691671,"type":"sword","x":202.6561833,"y":257.7223528},"51":{"angle":0.8951768598898161,"type":"sword","x":595.0006917,"y":227.366},"20":{"angle":0.6096602427626443,"type":"sword","x":401.5411903,"y":255.9372334},"52":{"angle":0.3225657348273302,"type":"sword","x":461.1048167,"y":43.6607},"53":{"angle":0.704964399320007,"type":"sword","x":529.0070278,"y":112.8567639},"22":{"angle":0,"sticker":"figure1-happy","type":"sticker","x":82.7231816,"y":86.4196777},"54":{"angle":0.9194018104123356,"type":"sword","x":370,"y":370},"55":{"angle":0.8137737370750809,"type":"sword","x":589.1740583,"y":82.7232361},"24":{"angle":0,"sticker":"figure2-happy","type":"sticker","x":657.3773972,"y":667.5},"56":{"angle":1.1569270149033095,"type":"sword","x":635.9816416,"y":190.0893223},"25":{"angle":1.0675368842711557,"type":"sword","x":128.3255146,"y":309.5083806},"57":{"angle":1.0528209143858582,"type":"sword","x":651.3502278,"y":82.9463167},"26":{"angle":-0.5294093717916152,"type":"sword","x":649.5425,"y":369.9998223},"27":{"angle":-0.6502261238359952,"type":"sword","x":540.357193,"y":449.2410583},"28":{"angle":-0.5733814704882089,"type":"sword","x":449.352743,"y":527.3665889},"29":{"angle":-0.5550414341166731,"type":"sword","x":360.1561847,"y":592.5449695},"30":{"angle":2.3948247358460124,"type":"sword","x":397.3212875,"y":622.0086445},"31":{"angle":2.5365587865430332,"type":"sword","x":480.4910431,"y":542.5446167}}},"snapshot":{"balls":[{"age":818,"angle":1.7505970001220703,"type":4,"va":-1.9582064151763916,"vx":0.6038919687271118,"vy":-0.5976476073265076,"x":7.245332717895508,"y":-14.489404678344727},{"age":750,"angle":0.9715802073478699,"type":4,"va":-9.512711524963379,"vx":0.7333717942237854,"vy":-2.6860880851745605,"x":5.434319496154785,"y":-13.518693923950195},{"age":666,"angle":-2.323075771331787,"type":4,"va":-2.3102855682373047,"vx":0.6746926307678223,"vy":0.14393620193004608,"x":4.7044806480407715,"y":-12.551518440246582},{"age":599,"angle":-1.6599934101104736,"type":4,"va":13.736668586730957,"vx":-2.0389606952667236,"vy":-0.6785489320755005,"x":5.822680950164795,"y":-11.313810348510742},{"age":566,"angle":-0.7809523344039917,"type":4,"va":12.410552978515625,"vx":-1.8360857963562012,"vy":-0.722135603427887,"x":6.945964336395264,"y":-10.163159370422363},{"age":508,"angle":-3.0163238048553467,"type":4,"va":10.594563484191895,"vx":-1.1723244190216064,"vy":-1.733749270439148,"x":8.81710433959961,"y":-8.799396514892578},{"age":474,"angle":-2.8122811317443848,"type":4,"va":11.406091690063477,"vx":-1.2881724834442139,"vy":-1.4846540689468384,"x":8.449402809143066,"y":-9.00149154663086},{"age":424,"angle":-4.681258276104927e-2,"type":4,"va":10.527385711669922,"vx":-1.0638575553894043,"vy":-1.8230472803115845,"x":10.587198257446289,"y":-7.609643936157227},{"age":380,"angle":-1.2569540739059448,"type":4,"va":5.813641548156738,"vx":-0.13599275052547455,"vy":-4.9977391958236694e-2,"x":12.261279106140137,"y":-6.476639747619629},{"age":295,"angle":2.3791818618774414,"type":4,"va":3.885838270187378,"vx":-1.0503493547439575,"vy":0.912684440612793,"x":11.88591194152832,"y":-6.571476459503174},{"age":224,"angle":-1.2269846200942993,"type":4,"va":-13.906917572021484,"vx":1.6155014038085938,"vy":-1.7285202741622925,"x":9.922913551330566,"y":-4.509003162384033},{"age":140,"angle":1.777329444885254,"type":4,"va":-14.011874198913574,"vx":1.3651986122131348,"vy":-2.0830657482147217,"x":7.165215492248535,"y":-2.666250467300415},{"age":59,"angle":9.866746515035629e-2,"type":4,"va":-5.485829830169678,"vx":1.1055634021759033,"vy":-0.9450303912162781,"x":5.533699035644531,"y":-1.102732539176941}],"widgets":{}}}