{"puzzle":{"reqTiles":["Up"],"inputs":[{"x":0.5,"y":0.0,"balls":[{"type":4,"rate":0.83349609375}]}],"outputs":[{"x":0.2,"y":1.0,"balls":[{"type":4,"rate":0.83349609375}]}],"spec":{}},"blueprint":{"puzzle":"236ebb5b-88d7-5a3e-9b72-3b1aa92da1da","title":"airplane","submittedAt":"2024-05-09T13:10:59.347575359Z","widgets":{"0":{"angle":-1.579002046469743,"type":"fan","x":255,"y":327},"32":{"height":10,"type":"repulsor","width":150,"x":376,"y":608},"1":{"angle":-1.5831302480632425,"type":"fan","x":482,"y":325},"2":{"angle":-1.5714275532581876,"type":"fan","x":607,"y":357},"3":{"angle":-1.573154370052661,"type":"fan","x":137,"y":361},"4":{"angle":0.10215685267600867,"type":"board","x":500,"y":428},"5":{"angle":-0.17488232756323832,"type":"board","x":252,"y":436},"6":{"angle":0.25272471327365953,"type":"board","x":627,"y":371},"7":{"angle":0.19667791630125805,"type":"board","x":502,"y":343},"8":{"angle":-0.2585682319882085,"type":"board","x":259,"y":348},"9":{"angle":-0.2649401073509044,"type":"board","x":143,"y":378},"10":{"angle":1.585911815537518,"type":"board","x":325,"y":592},"11":{"angle":0.11087249496218847,"type":"board","x":623,"y":441},"12":{"angle":-0.15198412272949102,"type":"board","x":145,"y":453},"13":{"angle":0.3549748845492772,"type":"board","x":457,"y":606},"14":{"angle":-0.3431276773101521,"type":"board","x":293,"y":607},"15":{"angle":1.584984192526331,"type":"board","x":417,"y":506},"16":{"angle":1.5481111156339056,"type":"brick","x":522,"y":659},"17":{"angle":1.571950391259782,"type":"brick","x":73,"y":430},"18":{"angle":1.6081787543458086,"type":"brick","x":697,"y":422},"19":{"angle":1.575249444599584,"type":"brick","x":227,"y":660},"20":{"angle":1.5775843693538043,"type":"board","x":419,"y":335},"21":{"angle":1.5856742933698462,"type":"board","x":335,"y":336},"22":{"angle":1.5753484926423702,"type":"board","x":376,"y":604},"23":{"angle":0,"type":"board","x":452,"y":684},"24":{"angle":0,"type":"board","x":300,"y":683},"25":{"angle":1.6084556288583693,"type":"brick","x":342,"y":280},"26":{"angle":1.4647508059249568,"type":"brick","x":413,"y":225},"27":{"angle":-1.3857943712265235,"type":"brick","x":347,"y":224},"29":{"angle":1.5757594912970712,"type":"brick","x":414,"y":281},"30":{"height":10,"type":"repulsor","width":150,"x":665,"y":373},"31":{"height":10,"type":"repulsor","width":150,"x":93,"y":383}}},"snapshot":{"balls":[{"age":1816,"angle":-2.511306047439575,"type":4,"va":0,"vx":-1.1164827346801758,"vy":-0.8058764338493347,"x":5.0950446128845215,"y":-10.456537246704102},{"age":1468,"angle":-2.7781460285186768,"type":4,"va":0,"vx":0,"vy":0,"x":5.417169094085693,"y":-14.62130355834961},{"age":1258,"angle":0.5689383745193481,"type":4,"va":0,"vx":0,"vy":0,"x":5.093868255615234,"y":-14.62130355834961},{"age":1120,"angle":7.898508757352829e-2,"type":4,"va":0,"vx":0,"vy":0,"x":4.76925802230835,"y":-14.62130355834961},{"age":881,"angle":-0.9957181811332703,"type":4,"va":0,"vx":0,"vy":0,"x":4.449318885803223,"y":-14.621302604675293},{"age":775,"angle":-1.1548701524734497,"type":4,"va":0,"vx":0,"vy":0,"x":4.12947416305542,"y":-14.621301651000977},{"age":650,"angle":2.0701327323913574,"type":4,"va":6.608790397644043,"vx":-6.159239634871483e-2,"vy":8.855728060007095e-2,"x":8.821721076965332,"y":-2.2505011558532715},{"age":423,"angle":-1.7942973375320435,"type":4,"va":9.179953575134277,"vx":-1.2010087966918945,"vy":-0.990738034248352,"x":4.072875499725342,"y":-12.27569580078125},{"age":331,"angle":0.4207827150821686,"type":4,"va":-2.848057508468628,"vx":1.3978124856948853,"vy":2.6570487022399902,"x":8.021986961364746,"y":-9.51572322845459},{"age":251,"angle":1.4541407823562622,"type":4,"va":-5.523530006408691,"vx":-0.49689099192619324,"vy":-1.099940538406372,"x":6.780961513519287,"y":-9.103767395019531},{"age":187,"angle":1.3428759574890137,"type":4,"va":6.383357524871826,"vx":-0.29482346773147583,"vy":-0.34914055466651917,"x":7.519360065460205,"y":-9.5823974609375},{"age":110,"angle":-0.7124354839324951,"type":4,"va":0.16641966998577118,"vx":-1.010498285293579,"vy":-1.658832311630249,"x":7.605266571044922,"y":-4.107344150543213},{"age":21,"angle":-0.15043427050113678,"type":4,"va":6.380528211593628e-2,"vx":0.12249088287353516,"vy":-0.728368878364563,"x":7.36879825592041,"y":-7.996325939893723e-2}],"widgets":{}}}