{"puzzle":{"reqTiles":["Up"],"inputs":[{"x":0.5,"y":0.0,"balls":[{"type":1,"rate":1.0}]}],"outputs":[{"x":0.65,"y":1.0,"balls":[{"type":1,"rate":1.0}]}],"spec":{}},"blueprint":{"puzzle":"33292614-357b-5ff1-b177-92bfe1ef4381","title":"Squirrel's Maze","submittedAt":"2024-04-06T17:29:46.672701871Z","widgets":{"0":{"angle":-7.064515375306105e-2,"type":"board","x":300,"y":86},"32":{"angle":0.2214606871192455,"type":"board","x":375,"y":705},"1":{"angle":-8.573855396288728e-2,"type":"board","x":466,"y":73},"2":{"angle":-9.975784087661609e-2,"type":"board","x":131,"y":99},"3":{"angle":-0.6151949877243175,"type":"board","x":76.6518995,"y":310},"4":{"angle":0,"type":"rightbumper","x":28,"y":319},"5":{"angle":-3.4293441154105024,"type":"board","x":628,"y":41.5987},"6":{"angle":-0.2930978404416316,"type":"board","x":226,"y":238},"7":{"angle":-0.17883156869778524,"type":"board","x":391,"y":198},"8":{"angle":0.2634925450676173,"type":"board","x":556,"y":219},"9":{"angle":1.0241079588290272,"type":"board","x":686.8239035,"y":112},"10":{"angle":0,"speed":25,"type":"spokedwheel","x":654.6444495,"y":350},"12":{"angle":0.6309814809969143,"type":"board","x":551,"y":387},"13":{"angle":-0.12476260969587143,"type":"board","x":405,"y":350},"14":{"angle":-0.5357719695523507,"type":"brick","x":703.8724325,"y":432},"15":{"angle":-0.29587915019771394,"type":"board","x":244,"y":385},"16":{"angle":1.8046884189106882,"type":"board","x":50.9618,"y":398},"17":{"angle":0,"sticker":"squobject","type":"sticker","x":458,"y":153},"19":{"angle":-0.4979645158547354,"type":"board","x":160,"y":507},"20":{"angle":-0.5598621066689051,"type":"fan","x":43.5938,"y":525},"22":{"angle":0.2488615587860019,"type":"board","x":490,"y":490},"23":{"angle":-0.17646825733761282,"type":"board","x":652.278889,"y":545},"24":{"angle":1.5403427566854426,"type":"board","x":402,"y":547},"25":{"angle":0.2225088209656546,"type":"board","x":492,"y":591},"26":{"angle":-0.20378209536058062,"type":"board","x":590,"y":707},"27":{"angle":-1.117762425104128,"type":"board","x":693.6095805,"y":615},"28":{"height":10,"type":"repulsor","width":150,"x":78,"y":662},"29":{"angle":-0.25438742247010954,"type":"board","x":315,"y":554},"31":{"angle":0,"type":"board","x":209,"y":683}}},"snapshot":{"balls":[{"age":1311,"angle":2.5738420486450195,"type":1,"va":10.421516418457031,"vx":-1.6117606163024902,"vy":-0.5108654499053955,"x":9.962812423706055,"y":-14.176392555236816},{"age":1219,"angle":1.4304872751235962,"type":1,"va":-12.351107597351074,"vx":-0.27310144901275635,"vy":-1.9739664793014526,"x":12.731343269348145,"y":-13.600852966308594},{"age":1180,"angle":-1.2740466594696045,"type":1,"va":7.6874895095825195,"vx":-1.5911715030670166,"vy":-0.9654430150985718,"x":9.673274993896484,"y":-14.437824249267578},{"age":1067,"angle":-2.7423009872436523,"type":1,"va":-46.53278350830078,"vx":-2.860330104827881,"vy":-3.60772967338562,"x":14.098758697509766,"y":-4.9218854904174805},{"age":993,"angle":-1.8011845350265503,"type":1,"va":14.386059761047363,"vx":-2.2451601028442383,"vy":-0.4330754280090332,"x":11.558382034301758,"y":-10.821712493896484},{"age":955,"angle":2.921612501144409,"type":1,"va":2.3140923976898193,"vx":-0.35948672890663147,"vy":8.133681863546371e-2,"x":8.582047462463379,"y":-11.188156127929688},{"age":873,"angle":-0.3887009024620056,"type":1,"va":14.459153175354004,"vx":-2.256403684616089,"vy":-0.4350622892379761,"x":11.226569175720215,"y":-10.880884170532227},{"age":784,"angle":-1.8228179216384888,"type":1,"va":13.354339599609375,"vx":-2.083035707473755,"vy":-2.0339338779449463,"x":10.90714168548584,"y":-11.082108497619629},{"age":695,"angle":-0.8487015962600708,"type":1,"va":14.494085311889648,"vx":-2.1654999256134033,"vy":-0.6843703985214233,"x":4.269434928894043,"y":-7.532613754272461},{"age":627,"angle":-0.6780494451522827,"type":1,"va":-6.825469970703125,"vx":-2.7177298069000244,"vy":-2.8662617206573486,"x":3.913858413696289,"y":-7.574257850646973},{"age":551,"angle":-1.1205530166625977,"type":1,"va":1.5465168952941895,"vx":9.770288467407227,"vy":6.427578449249268,"x":4.813385486602783,"y":-6.144418716430664},{"age":465,"angle":1.717284083366394,"type":1,"va":-56.31886291503906,"vx":22.975690841674805,"vy":17.32259178161621,"x":5.237884044647217,"y":-2.919431686401367},{"age":400,"angle":2.160949945449829,"type":1,"va":15.458600044250488,"vx":-2.435790777206421,"vy":-0.27649781107902527,"x":1.2231367826461792,"y":-1.780002474784851},{"age":343,"angle":0.42161253094673157,"type":1,"va":38.6936149597168,"vx":-2.0208709239959717,"vy":-4.223132610321045,"x":14.283099174499512,"y":-4.699361801147461},{"age":287,"angle":2.012613296508789,"type":1,"va":9.219841957092285,"vx":-1.4569275379180908,"vy":-0.10309896618127823,"x":5.2802581787109375,"y":-1.431768774986267},{"age":250,"angle":1.1761951446533203,"type":1,"va":12.302850723266602,"vx":-1.9293454885482788,"vy":-0.21329070627689362,"x":2.3021950721740723,"y":-1.6720136404037476},{"age":203,"angle":1.2288955450057983,"type":1,"va":12.50155258178711,"vx":-1.9635238647460938,"vy":-0.22333042323589325,"x":3.083373546600342,"y":-1.5938767194747925},{"age":126,"angle":-2.225983142852783,"type":1,"va":2.530287981033325,"vx":-0.4020942449569702,"vy":-2.8452660888433456e-2,"x":7.434242248535156,"y":-1.2790051698684692},{"age":87,"angle":2.27359676361084,"type":1,"va":13.217292785644531,"vx":-2.09063458442688,"vy":-0.18064533174037933,"x":6.135666370391846,"y":-1.3713855743408203},{"age":43,"angle":7.139935344457626e-2,"type":1,"va":2.5959088802337646,"vx":-0.24891777336597443,"vy":-3.3802449703216553,"x":7.365231037139893,"y":-0.6253883838653564}],"widgets":{"10":{"angle":1.8862043619155884,"key":"10","va":6.422725200653076,"vx":0,"vy":0,"x":13.092888832092285,"y":-7}}}}