{"puzzle":{"reqTiles":["Up"],"inputs":[{"x":0.8,"y":0.0,"balls":[{"type":3,"rate":1.0}]}],"outputs":[{"x":0.65,"y":1.0,"balls":[{"type":3,"rate":1.0}]}],"spec":{}},"blueprint":{"puzzle":"893f2b7a-e942-5879-9dee-3044ddd78769","title":"SUPER PINBALLINATOR 9000","submittedAt":"2024-04-06T17:42:23.273379359Z","widgets":{"0":{"angle":-0.45717189664512403,"type":"board","x":593,"y":376},"1":{"angle":0,"type":"hook","x":524.399,"y":459.576},"2":{"type":"roundbumper","x":441,"y":497},"3":{"angle":0,"type":"brick","x":628,"y":491},"35":{"angle":0,"speed":25,"type":"spokedwheel","x":321,"y":221},"36":{"angle":1.2005937914089477,"type":"board","x":121,"y":397},"37":{"angle":1.145810588664021,"type":"board","x":185,"y":555},"38":{"angle":-1.1973675067921021,"type":"board","x":461,"y":553},"7":{"angle":-1.5989471202301246,"type":"board","x":646,"y":256},"39":{"type":"roundbumper","x":325,"y":399},"8":{"angle":-1.584234479146822,"type":"board","x":643,"y":87.6130634},"9":{"angle":1.5801036845324152,"type":"board","x":528,"y":247},"41":{"type":"roundbumper","x":314,"y":38},"10":{"angle":1.588937855294503,"type":"board","x":530,"y":87.648827},"42":{"angle":0,"type":"board","x":441,"y":24},"43":{"angle":0,"type":"board","x":184,"y":25},"14":{"type":"roundbumper","x":493,"y":286},"46":{"angle":0,"type":"anvil","x":330,"y":715},"15":{"type":"roundbumper","x":130,"y":284},"47":{"angle":0,"type":"anvil","x":263,"y":715},"16":{"type":"roundbumper","x":199,"y":500},"48":{"angle":0,"type":"anvil","x":393,"y":715},"17":{"angle":-3.141468536152534,"type":"rightbumper","x":496,"y":76.5035},"49":{"angle":1.558804125010662,"type":"leftbumper","x":241,"y":613},"18":{"angle":-3.1496226860689225,"type":"leftbumper","x":127,"y":78.7233},"50":{"angle":-1.5729280974468494,"type":"rightbumper","x":405,"y":612},"19":{"angle":1.5755062795034012,"type":"board","x":92.5,"y":87.5414268},"51":{"angle":0,"type":"cushion","x":328,"y":697},"53":{"type":"roundbumper","x":222,"y":666},"54":{"angle":-1.576508345447394,"type":"cushion","x":528,"y":664},"55":{"angle":-1.547362486781546,"type":"brick","x":534,"y":621},"56":{"angle":-1.54343287029925,"type":"brick","x":532,"y":705.6433533},"57":{"type":"roundbumper","x":574,"y":421},"58":{"angle":0,"type":"brick","x":487,"y":599},"59":{"angle":0,"type":"board","x":314,"y":25},"60":{"angle":-1.84239906300803e-2,"sticker":"determinism","type":"sticker","x":108,"y":685.6917727},"30":{"angle":1.5620755686343497,"type":"board","x":92,"y":235}}},"snapshot":{"balls":[{"age":1741,"angle":1.0430705547332764,"type":3,"va":-23.135425567626953,"vx":-3.6063148975372314,"vy":-6.225055694580078,"x":7.442292213439941,"y":-2.4667577743530273},{"age":1684,"angle":1.6763747930526733,"type":3,"va":53.70538330078125,"vx":-0.4632320702075958,"vy":-5.958858013153076,"x":4.9715681076049805,"y":-7.076827049255371},{"age":1568,"angle":2.136986255645752,"type":3,"va":14.550736427307129,"vx":3.7515735626220703,"vy":-17.407485961914062,"x":9.672303199768066,"y":-1.9118815660476685},{"age":1351,"angle":1.075171709060669,"type":3,"va":-0.7349086403846741,"vx":-23.78020477294922,"vy":16.295745849609375,"x":4.1314005851745605,"y":-8.814541816711426},{"age":1139,"angle":-2.500072717666626,"type":3,"va":-0.9259196519851685,"vx":7.484690845012665e-2,"vy":-9.491930961608887,"x":4.71640157699585,"y":-5.061234951019287},{"age":1074,"angle":-2.5304861068725586,"type":3,"va":-42.76885223388672,"vx":-6.273553848266602,"vy":-6.563973426818848,"x":3.428467273712158,"y":-4.794400215148926},{"age":8,"angle":-0.5082632899284363,"type":3,"va":2.205726385116577,"vx":-0.4240328371524811,"vy":-0.8069313168525696,"x":9.678679466247559,"y":-14.609366416931152},{"age":825,"angle":0.7098360657691956,"type":3,"va":21.731779098510742,"vx":9.404887199401855,"vy":1.3135555982589722,"x":7.24942684173584,"y":-13.235836029052734},{"age":466,"angle":0.42898303270339966,"type":3,"va":38.050262451171875,"vx":6.488720893859863,"vy":25.240446090698242,"x":4.077871799468994,"y":-9.13002872467041},{"age":337,"angle":-0.7968913316726685,"type":3,"va":50.41695785522461,"vx":0.5496010780334473,"vy":6.059144973754883,"x":3.142077684402466,"y":-7.103459358215332},{"age":262,"angle":-2.872188091278076,"type":3,"va":-22.939971923828125,"vx":9.10375690460205,"vy":2.1938395500183105,"x":6.921050071716309,"y":-13.237151145935059},{"age":175,"angle":1.841596007347107,"type":3,"va":31.267763137817383,"vx":-4.487813472747803,"vy":1.3487048149108887,"x":6.102203369140625,"y":-6.8077569007873535},{"age":110,"angle":2.0113792419433594,"type":3,"va":22.330909729003906,"vx":-3.5740184783935547,"vy":-3.8670568466186523,"x":9.923891067504883,"y":-7.888583660125732},{"age":63,"angle":-1.8075183629989624,"type":3,"va":4.583389759063721,"vx":-9.24408957362175e-2,"vy":-9.096853256225586,"x":11.788848876953125,"y":-4.3136420249938965}],"widgets":{"1":{"angle":9.466832876205444e-2,"key":"1","va":-15.899293899536133,"vx":0,"vy":0,"x":10.500028610229492,"y":-9.287683486938477},"35":{"angle":1.9734034538269043,"key":"35","va":4.1620683670043945,"vx":0,"vy":0,"x":6.420000076293945,"y":-4.420000076293945}}}}