{"puzzle":{"reqTiles":["Up"],"inputs":[{"x":0.8,"y":0.0,"balls":[{"type":3,"rate":0.8515625}]},{"x":1.0,"y":0.2,"balls":[{"type":2,"rate":0.5381266276041667}]}],"outputs":[{"x":0.8,"y":1.0,"balls":[{"type":2,"rate":0.5381266276041667}]},{"x":1.0,"y":0.5,"balls":[{"type":3,"rate":0.8515625}]}],"spec":{}},"blueprint":{"puzzle":"dc9b15ea-3817-5aa2-89bf-70f75493d8f5","title":"Forced Air Heating","submittedAt":"2024-04-26T01:59:11.470488797Z","widgets":{"0":{"angle":-1.938197576734546,"type":"fan","x":696.5616115,"y":220},"32":{"angle":1.4166109812249061,"type":"fan","x":40.66405,"y":265},"1":{"angle":-0.16849685640791007,"type":"board","x":524,"y":106},"33":{"angle":0.23479717120975863,"type":"fan","x":367,"y":669},"2":{"angle":3.14590546543379,"type":"fan","x":716.3384815,"y":37.6010133},"34":{"angle":1.6156643932772694,"type":"cushion","x":644,"y":698.1666125},"3":{"angle":0,"type":"board","x":357,"y":120},"35":{"angle":0.4360972243289338,"type":"board","x":496,"y":393},"4":{"angle":-0.23768361857621564,"type":"board","x":191,"y":139},"36":{"angle":0.41487734537130155,"type":"board","x":653,"y":463},"5":{"angle":0.27161268660714377,"type":"board","x":86.7067015,"y":218},"37":{"angle":-0.5216549469346538,"type":"board","x":80.346994,"y":285},"6":{"angle":0,"type":"board","x":255,"y":242},"38":{"angle":0.6381106846435287,"type":"board","x":664.3568765,"y":142},"7":{"angle":0.17651182467891738,"type":"board","x":425,"y":259},"39":{"angle":-0.6633635063483738,"type":"board","x":98,"y":566},"8":{"angle":0.4071196185025801,"type":"board","x":647,"y":361},"40":{"angle":1.6057544909060413,"type":"board","x":41,"y":652.2389035},"9":{"angle":2.8744854467628596,"type":"fan","x":651,"y":248},"41":{"angle":0,"type":"board","x":288,"y":697},"10":{"angle":-0.18411786626747034,"type":"board","x":495,"y":343},"42":{"angle":0.11351994288640917,"type":"board","x":193,"y":686},"11":{"angle":0,"type":"board","x":333,"y":358},"43":{"angle":-0.3016995549112106,"type":"board","x":455,"y":676},"12":{"angle":-0.23244850545747017,"type":"board","x":167,"y":377},"44":{"angle":0.5594038802356501,"type":"board","x":661.061321,"y":685.9372645},"13":{"angle":0.29979799367439564,"type":"board","x":86.255093,"y":489},"45":{"angle":0.4934516780383149,"type":"board","x":533,"y":162},"14":{"angle":0,"type":"board","x":254,"y":514},"46":{"angle":0.7144298862311563,"type":"board","x":667.9999545,"y":257},"15":{"angle":0,"type":"board","x":392,"y":515},"16":{"angle":0.2975708089811857,"type":"board","x":547,"y":539},"17":{"angle":-0.2051733502414402,"type":"board","x":652.501592,"y":627},"18":{"angle":0,"type":"board","x":481,"y":644},"19":{"angle":0,"type":"board","x":345,"y":645},"20":{"angle":-0.14745019408850715,"type":"board","x":191,"y":656},"21":{"angle":1.5345494863082547,"type":"fan","x":78.327,"y":532.5},"22":{"angle":0,"type":"fan","x":23.5,"y":246},"23":{"angle":3.15310481874702,"type":"fan","x":508,"y":144},"24":{"angle":3.1265878563801195,"type":"fan","x":569,"y":370},"25":{"angle":0,"type":"fan","x":23.5,"y":505},"26":{"angle":3.1557693566808394,"type":"fan","x":715.9707425,"y":650},"27":{"angle":0,"type":"fan","x":23.5,"y":702.5},"28":{"angle":0,"type":"fan","x":23.5,"y":506},"29":{"angle":0,"type":"fan","x":23.5,"y":245},"30":{"angle":2.699016619226958,"type":"fan","x":636,"y":247},"31":{"angle":1.8364634192849922,"type":"fan","x":697.6455795,"y":445}}},"snapshot":{"balls":[{"age":1132,"angle":2.3497989177703857,"type":2,"va":-1.9834672212600708,"vx":0.9152011275291443,"vy":-0.17820531129837036,"x":11.463065147399902,"y":-14.36855697631836},{"age":984,"angle":-2.880282163619995,"type":2,"va":-2.0363924503326416,"vx":0.8008438944816589,"vy":0.47645995020866394,"x":11.129703521728516,"y":-14.428511619567871},{"age":888,"angle":1.3700586557388306,"type":2,"va":-27.864646911621094,"vx":4.339149475097656,"vy":0.17896482348442078,"x":6.610794544219971,"y":-14.4716215133667},{"age":780,"angle":2.4363961219787598,"type":2,"va":20.398876190185547,"vx":-2.706688404083252,"vy":-0.6256211400032043,"x":7.036874294281006,"y":-12.398845672607422},{"age":703,"angle":1.958532452583313,"type":2,"va":-55.70654296875,"vx":10.21113395690918,"vy":-0.43842560052871704,"x":9.099446296691895,"y":-9.907157897949219},{"age":18,"angle":-2.2663414478302,"type":3,"va":0.41377004981040955,"vx":0.6544526815414429,"vy":0.14425431191921234,"x":14.725800514221191,"y":-7.368831634521484},{"age":540,"angle":2.45896053314209,"type":2,"va":27.83406639099121,"vx":-8.42708969116211,"vy":0.5454182624816895,"x":11.423872947692871,"y":-11.968148231506348},{"age":467,"angle":-0.15949571132659912,"type":2,"va":48.711727142333984,"vx":-6.149768829345703,"vy":1.4669570922851562,"x":5.832034587860107,"y":-6.384444713592529},{"age":482,"angle":-1.0473090410232544,"type":3,"va":-26.355060577392578,"vx":4.057993412017822,"vy":-1.188250184059143,"x":3.45762038230896,"y":-4.489749908447266},{"age":446,"angle":-2.7568042278289795,"type":3,"va":-28.213537216186523,"vx":4.4698004722595215,"vy":-6.540000438690186e-2,"x":5.40649938583374,"y":-4.502711296081543},{"age":374,"angle":-7.885628938674927e-2,"type":3,"va":-4.608612060546875,"vx":0.706420361995697,"vy":-0.1967347413301468,"x":0.9109518527984619,"y":-3.7792859077453613},{"age":307,"angle":-2.88020920753479,"type":2,"va":-7.290997505187988,"vx":0.1672402173280716,"vy":-1.781652808189392,"x":0.37822046875953674,"y":-3.62138032913208},{"age":308,"angle":0.22017520666122437,"type":3,"va":24.699941635131836,"vx":-1.8624546527862549,"vy":4.992271959781647e-2,"x":0.40103983879089355,"y":-3.232645273208618},{"age":234,"angle":-0.6936798691749573,"type":2,"va":1.0036786794662476,"vx":8.170720100402832,"vy":-2.6875922679901123,"x":4.416255474090576,"y":-4.273842811584473},{"age":266,"angle":-0.6413159370422363,"type":3,"va":25.695270538330078,"vx":-3.9600019454956055,"vy":-2.986755132675171,"x":1.2176494598388672,"y":-3.2766244411468506},{"age":210,"angle":-2.919796943664551,"type":3,"va":23.01752471923828,"vx":-3.017512559890747,"vy":0.23959679901599884,"x":5.080447673797607,"y":-1.9125912189483643},{"age":111,"angle":-1.4668200016021729,"type":2,"va":3.2321107387542725,"vx":-7.855508327484131,"vy":3.3876867294311523,"x":11.549077987670898,"y":-0.8803814053535461},{"age":138,"angle":3.055856227874756,"type":3,"va":18.664546966552734,"vx":-2.949896812438965,"vy":-0.5454341173171997,"x":8.929574966430664,"y":-2.041003942489624},{"age":61,"angle":-1.0860545635223389,"type":3,"va":7.549903392791748,"vx":-1.2164838314056396,"vy":-1.7991146072745323e-2,"x":11.411251068115234,"y":-1.6156580448150635}],"widgets":{}}}