{"puzzle":{"reqTiles":["Up","Left"],"inputs":[{"x":0.65,"y":0.0,"balls":[{"type":2,"rate":0.5381266276041667}]},{"x":0.0,"y":0.8,"balls":[{"type":3,"rate":0.59375}]}],"outputs":[{"x":0.35,"y":1.0,"balls":[{"type":3,"rate":0.59375}]},{"x":0.0,"y":0.2,"balls":[{"type":2,"rate":0.5381266276041667}]}],"spec":{}},"blueprint":{"puzzle":"4e032d0a-5251-5a7b-aced-57f12825d8d1","title":"bounce","submittedAt":"2024-04-29T23:33:07.131488451Z","widgets":{"32":{"angle":0,"type":"brick","x":67,"y":571},"64":{"angle":0,"sticker":"figure2-happy","type":"sticker","x":516,"y":307},"33":{"angle":1.575701683384962,"type":"brick","x":98,"y":593},"65":{"angle":0,"sticker":"figure2-sad","type":"sticker","x":510,"y":331},"34":{"angle":1.065650132627533,"type":"cushion","x":97,"y":579},"66":{"angle":0,"sticker":"figure1-sad","type":"sticker","x":428,"y":324},"3":{"angle":-1.559712393669091,"type":"board","x":462,"y":87.5944158},"35":{"angle":0,"type":"leftbumper","x":612,"y":515},"67":{"angle":0,"sticker":"figure1-happy","type":"sticker","x":435,"y":341},"4":{"angle":1.5824614782938766,"type":"board","x":497,"y":87.5990341},"36":{"angle":3.152958368964908,"type":"leftbumper","x":594,"y":47.8151955},"68":{"angle":0,"sticker":"figure2-happy","type":"sticker","x":512,"y":345},"5":{"height":10,"type":"repulsor","width":150,"x":451,"y":169},"37":{"angle":-3.1181052179014235,"type":"rightbumper","x":703.892,"y":48.1444414},"6":{"height":10,"type":"repulsor","width":150,"x":504,"y":169},"38":{"angle":6.442537358545172e-2,"type":"leftbumper","x":709,"y":687.5},"7":{"angle":1.1595100273338743,"type":"fan","x":425,"y":36.532392},"39":{"angle":-0.6281701124208797,"type":"cushion","x":260,"y":700.128207},"8":{"angle":2.012875556624782,"type":"fan","x":534,"y":39.9551},"40":{"angle":-0.3134384717466228,"type":"board","x":368,"y":650},"9":{"angle":1.2014356435699747,"type":"fan","x":429,"y":62},"41":{"angle":1.5897449892446882,"type":"board","x":524,"y":344},"10":{"angle":1.9869950723716823,"type":"fan","x":533,"y":62},"42":{"angle":1.604559125198821,"type":"board","x":527,"y":179},"11":{"angle":1.9848762159231372,"type":"fan","x":536,"y":61},"43":{"angle":2.663230937791018,"type":"board","x":519,"y":588},"12":{"angle":1.128193298524611,"type":"fan","x":427,"y":83},"44":{"angle":0,"type":"board","x":379,"y":731},"13":{"angle":1.018281191729447,"type":"fan","x":425,"y":102},"45":{"angle":-2.4171512356860245e-2,"type":"board","x":463,"y":728.887823},"14":{"angle":2.067163052821125,"type":"fan","x":530,"y":88},"46":{"angle":-1.9605330857205304e-2,"type":"board","x":627,"y":727},"15":{"angle":2.0262746772885114,"type":"fan","x":532,"y":84},"16":{"angle":1.1267923261329607,"type":"fan","x":427,"y":88},"48":{"angle":2.984430846240629,"type":"cushion","x":51,"y":168},"17":{"angle":2.012375500868731,"type":"fan","x":531,"y":100},"49":{"angle":0,"sticker":"knievel","type":"sticker","x":180,"y":669.5},"18":{"angle":0.9697225722971481,"type":"fan","x":424,"y":106},"50":{"angle":0,"sticker":"figure3-happy","type":"sticker","x":119,"y":121},"19":{"angle":2.403371805214126,"type":"brick","x":498,"y":458},"51":{"angle":0,"sticker":"squobject","type":"sticker","x":359,"y":694},"20":{"angle":1.1119462194853769,"type":"brick","x":27.162795,"y":390},"52":{"angle":0,"sticker":"figure1-happy","type":"sticker","x":441,"y":238},"21":{"angle":2.842979552960409,"type":"brick","x":209,"y":42.2653},"53":{"angle":0,"sticker":"figure1-sad","type":"sticker","x":429,"y":256},"22":{"angle":1.9286462875949044,"type":"brick","x":351,"y":120},"54":{"angle":0,"sticker":"figure2-happy","type":"sticker","x":517,"y":242},"23":{"angle":2.979389250824296,"type":"cushion","x":78,"y":159},"24":{"angle":-0.3841207191488461,"type":"cushion","x":50.3198,"y":110},"57":{"angle":0,"sticker":"figure2-sad","type":"sticker","x":514,"y":266},"58":{"angle":0,"sticker":"figure2-happy","type":"sticker","x":516,"y":273},"27":{"angle":0,"type":"rightbumper","x":75,"y":692.5},"59":{"angle":0,"sticker":"figure1-happy","type":"sticker","x":436,"y":272},"60":{"angle":0,"sticker":"figure2-sad","type":"sticker","x":512,"y":294},"61":{"angle":0,"sticker":"figure1-sad","type":"sticker","x":427,"y":293},"30":{"angle":0,"type":"brick","x":34,"y":614},"31":{"angle":0,"type":"brick","x":34,"y":571},"63":{"angle":0,"sticker":"figure1-happy","type":"sticker","x":436,"y":307}}},"snapshot":{"balls":[{"age":1283,"angle":0.5761088132858276,"type":3,"va":-4.686216831207275,"vx":0.7451964020729065,"vy":1.8013644963502884e-2,"x":8.807147979736328,"y":-14.250055313110352},{"age":1175,"angle":2.528834581375122,"type":2,"va":0.46220850944519043,"vx":-7.229067385196686e-2,"vy":-1.4197314158082008e-2,"x":0.7235394716262817,"y":-2.876450300216675},{"age":1060,"angle":0.6868587732315063,"type":2,"va":35.43593978881836,"vx":-15.561017036437988,"vy":-0.6589644551277161,"x":5.938167095184326,"y":-2.2045352458953857},{"age":988,"angle":1.9803320169448853,"type":2,"va":1.837708830833435,"vx":9.992152452468872e-2,"vy":1.5724945068359375,"x":9.58637523651123,"y":-2.8217504024505615},{"age":922,"angle":0.7156974077224731,"type":2,"va":-1.3612428903579712,"vx":5.367758870124817e-2,"vy":0.8571240901947021,"x":9.590799331665039,"y":-2.5069782733917236},{"age":765,"angle":-2.9938104152679443,"type":2,"va":1.1160773038864136,"vx":0.10088793933391571,"vy":-0.11096435785293579,"x":9.594341278076172,"y":-2.1984190940856934},{"age":674,"angle":-0.2804175317287445,"type":3,"va":-5.273876190185547,"vx":0.8383935689926147,"vy":2.0268931984901428e-2,"x":8.21837329864502,"y":-14.264328956604004},{"age":605,"angle":0.8010022044181824,"type":2,"va":-1.3239024877548218,"vx":-0.1219424158334732,"vy":-0.3486407399177551,"x":9.57917308807373,"y":-1.885790228843689},{"age":529,"angle":-1.7298014163970947,"type":3,"va":-3.380289077758789,"vx":-0.37666404247283936,"vy":-3.197503089904785e-2,"x":5.425550937652588,"y":-14.338702201843262},{"age":474,"angle":1.7622718811035156,"type":2,"va":0.8918207883834839,"vx":-0.16482099890708923,"vy":9.428632259368896e-2,"x":9.580638885498047,"y":-1.5694563388824463},{"age":436,"angle":1.669767141342163,"type":3,"va":-4.786962509155273,"vx":0.7611472010612488,"vy":1.8404118716716766e-2,"x":9.146626472473145,"y":-14.241854667663574},{"age":395,"angle":-0.1852131187915802,"type":2,"va":-1.4118599891662598,"vx":-6.450563669204712e-4,"vy":0.14444893598556519,"x":9.606818199157715,"y":-1.2544440031051636},{"age":298,"angle":2.534822940826416,"type":3,"va":-0.1196453794836998,"vx":-30.363842010498047,"vy":-3.900136947631836,"x":10.315142631530762,"y":-14.059990882873535},{"age":308,"angle":2.0437355041503906,"type":2,"va":2.40714693069458,"vx":-0.2197081595659256,"vy":0.11017991602420807,"x":9.594447135925293,"y":-0.939016580581665},{"age":159,"angle":-1.6996020078659058,"type":3,"va":-2.9117636680603027,"vx":31.415815353393555,"vy":8.448508262634277,"x":8.322300910949707,"y":-11.034307479858398},{"age":171,"angle":-5.467626079916954e-2,"type":2,"va":-4.667360782623291,"vx":-2.9703606851398945e-3,"vy":-0.1968243420124054,"x":9.616389274597168,"y":-0.6234152317047119},{"age":83,"angle":2.250138521194458,"type":3,"va":-3.9844706058502197,"vx":0.6341524720191956,"vy":0,"x":0.5648666024208069,"y":-11.851408004760742},{"age":101,"angle":0.6085406541824341,"type":2,"va":1.9536702632904053,"vx":0.39523226022720337,"vy":-0.7848770022392273,"x":9.613828659057617,"y":-0.31371691823005676}],"widgets":{}}}