{"puzzle":{"reqTiles":["Up"],"inputs":[{"x":0.8,"y":0.0,"balls":[{"type":4,"rate":1.0}]}],"outputs":[{"x":0.2,"y":1.0,"balls":[{"type":4,"rate":1.0}]}],"spec":{}},"blueprint":{"puzzle":"2998badd-7dab-59e2-ba4c-f3ff774470c6","title":"upside down","submittedAt":"2024-04-09T12:29:26.929519744Z","widgets":{"0":{"angle":-3.1640163350973025,"catMass":2,"type":"catswat","x":524,"y":376},"33":{"angle":0,"type":"brick","x":245,"y":96},"2":{"angle":-2.049880956468479,"type":"leftbumper","x":570,"y":321},"34":{"angle":0.11927398334836734,"type":"brick","x":181,"y":92},"35":{"angle":-0.15727384019958582,"type":"brick","x":308,"y":91},"4":{"angle":3.066325629436587,"type":"ballstand","x":103,"y":605},"36":{"angle":-0.5106095095784338,"type":"brick","x":364,"y":72},"5":{"angle":0,"type":"brick","x":551,"y":340},"37":{"angle":0.544959950374515,"type":"brick","x":124,"y":72},"6":{"angle":0,"type":"brick","x":617,"y":340},"38":{"angle":1.5878430448056795,"type":"brick","x":101,"y":34.6891025},"7":{"angle":0,"type":"brick","x":85,"y":546},"39":{"angle":1.5601918920692797,"type":"brick","x":388,"y":34.1412527},"40":{"angle":-1.5781715459107715,"sticker":"figure3-happy","type":"sticker","x":75,"y":139.2674},"9":{"angle":3.1282696256169,"type":"anvil","x":644,"y":252},"10":{"angle":0,"type":"brick","x":648,"y":217},"11":{"angle":0,"type":"brick","x":706,"y":217},"12":{"angle":3.134777644319755,"type":"cup","x":203,"y":675},"16":{"angle":-2.0262465891045656,"type":"leftbumper","x":446,"y":559},"17":{"angle":0,"type":"brick","x":465,"y":577},"18":{"angle":0,"type":"brick","x":429,"y":577},"19":{"angle":1.5850810693822937,"type":"brick","x":13.9842892,"y":515},"20":{"angle":1.5629947411600102,"type":"brick","x":29,"y":516},"21":{"angle":0,"type":"brick","x":34,"y":546},"22":{"angle":2.0344439357957036,"type":"rightbumper","x":70,"y":527},"23":{"angle":-5.87557218420284e-2,"type":"board","x":314,"y":576},"24":{"angle":-5.723645191095249e-2,"type":"board","x":274,"y":642},"25":{"angle":3.1523449273808954,"sticker":"determinism","type":"sticker","x":487,"y":640},"26":{"angle":3.1010140476085994,"sticker":"cat","type":"sticker","x":255,"y":668},"27":{"angle":3.1557647760797978,"sticker":"kingbun","type":"sticker","x":38,"y":579.512},"28":{"angle":3.1464470331187697,"sticker":"figure1-happy","type":"sticker","x":629,"y":418.188},"29":{"angle":3.0269288190174,"sticker":"figure2-happy","type":"sticker","x":233,"y":179.595},"30":{"angle":1.575223264229011,"type":"rightbumper","x":237.072,"y":271},"31":{"angle":2.901603658917484,"type":"sword","x":542,"y":499}}},"snapshot":{"balls":[{"age":1278,"angle":2.989720582962036,"type":4,"va":0,"vx":0,"vy":0,"x":4.787414073944092,"y":-14.62130355834961},{"age":1061,"angle":2.669785737991333,"type":4,"va":0,"vx":0,"vy":0,"x":4.440117359161377,"y":-14.62130355834961},{"age":358,"angle":-2.2068750858306885,"type":4,"va":-1.060351014137268,"vx":1.2094513177871704,"vy":-0.45906543731689453,"x":2.8594233989715576,"y":-14.497003555297852},{"age":280,"angle":2.666844129562378,"type":4,"va":18.538877487182617,"vx":-1.162766456604004,"vy":-4.203778266906738,"x":2.7403528690338135,"y":-9.275745391845703},{"age":212,"angle":0.5171018838882446,"type":4,"va":12.091446876525879,"vx":-1.0479342937469482,"vy":-2.3643290996551514,"x":10.030506134033203,"y":-6.559872627258301},{"age":156,"angle":2.236781597137451,"type":4,"va":10.736774444580078,"vx":-1.4708449840545654,"vy":-0.7640213966369629,"x":10.90070629119873,"y":-5.869897842407227},{"age":84,"angle":-2.8839688301086426,"type":4,"va":2.9175803661346436,"vx":-1.2379927560687065e-2,"vy":-4.478060722351074,"x":11.793947219848633,"y":-3.9030988216400146}],"widgets":{"0":{"angle":-3.119169235229492,"key":"0","va":0,"vx":0,"vy":0,"x":10.479999542236328,"y":-7.519999980926514}}}}