{"puzzle":{"reqTiles":["Up"],"inputs":[{"x":0.5,"y":0.0,"balls":[{"type":3,"rate":1.0}]}],"outputs":[{"x":0.2,"y":1.0,"balls":[{"type":3,"rate":1.0}]}],"spec":{}},"blueprint":{"puzzle":"35b28526-8830-5f97-bf03-b03b6f95a2f1","title":"Brick Whartley's Turbine","submittedAt":"2024-04-07T16:44:30.116992454Z","widgets":{"0":{"angle":-1.4411417648033436,"type":"fan","x":343,"y":92.75},"32":{"angle":4.07334282166184,"type":"rightbumper","x":567,"y":562},"64":{"angle":-0.642744711593673,"type":"brick","x":577,"y":341},"1":{"type":"roundbumper","x":396,"y":49},"33":{"angle":-0.6989504531491557,"type":"board","x":270,"y":238},"65":{"angle":-0.9860723499218915,"type":"brick","x":632,"y":291},"34":{"angle":-0.9014927568565372,"type":"board","x":380,"y":124},"66":{"angle":-0.6232221554751902,"type":"brick","x":614,"y":321},"35":{"angle":0.19214135123921083,"type":"brick","x":570.155,"y":19.744247},"67":{"angle":-0.6159732457689787,"type":"cushion","x":226,"y":509},"36":{"angle":0.6876626325203369,"type":"brick","x":685,"y":81},"68":{"angle":-0.5797249871096418,"type":"board","x":292,"y":550},"37":{"angle":1.3375386551657402,"type":"brick","x":719.0065615,"y":127},"69":{"angle":-0.6368729368701388,"type":"board","x":427,"y":458},"38":{"angle":-0.8239136899613623,"type":"brick","x":485,"y":142},"70":{"angle":-0.666984148863719,"type":"board","x":525,"y":385},"39":{"angle":-0.5512857189526685,"type":"brick","x":503,"y":124},"8":{"angle":0,"type":"hook","x":123.992,"y":246.49},"9":{"angle":-0.9254913352544022,"type":"cushion","x":229,"y":171},"41":{"angle":0.2896978386371721,"type":"brick","x":554,"y":115},"10":{"angle":-0.8704419356818301,"type":"board","x":63.2743135,"y":72.704126},"42":{"angle":0.3158548671814375,"type":"brick","x":566,"y":121},"43":{"angle":0.6387749963315047,"type":"brick","x":595,"y":139},"75":{"angle":-0.37957657728733074,"type":"board","x":481,"y":40.7805105},"44":{"angle":0.9300337435513072,"type":"brick","x":612,"y":153},"76":{"angle":0.6308226260938838,"type":"brick","x":81,"y":357},"13":{"angle":0.5114148630337946,"type":"board","x":80.7093055,"y":408},"77":{"angle":0.5476330349813926,"type":"brick","x":127,"y":386},"14":{"height":10,"type":"repulsor","width":150,"x":298,"y":147},"78":{"angle":1.6206353076502562,"type":"board","x":456,"y":262},"47":{"angle":0,"sticker":"figure2-sad","type":"sticker","x":626,"y":670.5},"79":{"angle":1.5916413636428621,"type":"brick","x":454,"y":378},"16":{"angle":-0.62479362401435,"type":"rightbumper","x":181,"y":469},"48":{"angle":0,"sticker":"kingbun","type":"sticker","x":601,"y":679},"80":{"angle":0,"type":"board","x":529,"y":339},"49":{"angle":0,"sticker":"determinism","type":"sticker","x":415,"y":687},"82":{"angle":0,"sticker":"figure2-happy","type":"sticker","x":535,"y":259},"51":{"angle":1.285576850147739,"type":"brick","x":638,"y":203},"83":{"type":"roundbumper","x":479,"y":172},"52":{"angle":1.5725992094569243,"type":"brick","x":649,"y":264},"84":{"angle":1.5563079558630348,"type":"brick","x":454,"y":409},"21":{"angle":1.733922353246146,"type":"board","x":120.5,"y":634},"53":{"angle":1.554787654939892,"type":"brick","x":725.9574526,"y":192},"22":{"angle":0,"type":"ballstand","x":47,"y":692.5},"54":{"angle":1.6046760202287975,"type":"brick","x":725.3560636,"y":255},"23":{"angle":0,"type":"cup","x":47,"y":624},"55":{"angle":1.6040262710556643,"type":"brick","x":725.3778462,"y":321},"56":{"angle":1.6472660728427282,"type":"brick","x":718,"y":376},"25":{"angle":-2.6146147429837017,"type":"brick","x":632,"y":42},"57":{"angle":1.8428949354253257,"type":"brick","x":705,"y":421},"26":{"angle":-0.23053249137264503,"type":"cushion","x":426,"y":580},"58":{"angle":2.176070508860141,"type":"brick","x":683,"y":461},"27":{"height":10,"type":"repulsor","width":150,"x":535,"y":571},"59":{"angle":2.505920736014636,"type":"brick","x":659,"y":482},"28":{"angle":0.30816104849525083,"type":"prism","x":185,"y":459},"29":{"angle":-0.43561258464786135,"type":"hammer","x":327,"y":627},"61":{"angle":-0.30107188277756797,"type":"brick","x":606,"y":505},"30":{"angle":-0.5387998975370444,"type":"hammer","x":252,"y":687.0000235},"31":{"angle":-1.0960297858772987,"type":"rightbumper","x":494,"y":606},"63":{"angle":-0.6523463521399867,"type":"brick","x":623,"y":306}}},"snapshot":{"balls":[{"age":613,"angle":-0.4011741578578949,"type":3,"va":29.668062210083008,"vx":2.011716842651367,"vy":-3.3718018531799316,"x":4.044715881347656,"y":-13.791244506835938},{"age":487,"angle":2.5880794525146484,"type":3,"va":27.535377502441406,"vx":-4.417487144470215,"vy":1.3891944885253906,"x":3.012819766998291,"y":-14.189727783203125},{"age":401,"angle":-0.7772265672683716,"type":3,"va":93.64543914794922,"vx":0.29498815536499023,"vy":-16.924407958984375,"x":14.027978897094727,"y":-5.287968158721924},{"age":321,"angle":-1.162333607673645,"type":3,"va":-30.821720123291016,"vx":20.384233474731445,"vy":26.768630981445312,"x":4.007174491882324,"y":-8.592314720153809},{"age":226,"angle":-1.0770232677459717,"type":3,"va":-6.29709529876709,"vx":0.872793972492218,"vy":-0.4898272454738617,"x":0.3580489754676819,"y":-7.066850662231445},{"age":200,"angle":2.682621955871582,"type":3,"va":-28.115488052368164,"vx":3.8900365829467773,"vy":-2.2485523223876953,"x":2.935481548309326,"y":-8.514575958251953},{"age":131,"angle":-2.9396755695343018,"type":3,"va":8.757660865783691,"vx":-5.867208003997803,"vy":-5.533279895782471,"x":2.642943859100342,"y":-3.6607272624969482},{"age":112,"angle":1.4813551902770996,"type":3,"va":-15.121659278869629,"vx":-5.253313064575195,"vy":-5.359241485595703,"x":3.1651763916015625,"y":-3.3579020500183105},{"age":13,"angle":0.6710758805274963,"type":3,"va":0.5446078181266785,"vx":-8.177528530359268e-2,"vy":-2.272958517074585,"x":7.286165237426758,"y":-0.5917906165122986}],"widgets":{"8":{"angle":2.0224783569574356e-2,"key":"8","va":-1.6098488122224808e-2,"vx":0,"vy":0,"x":2.4815914630889893,"y":-4.950429439544678}}}}