{"puzzle":{"reqTiles":["Up","Left"],"inputs":[{"x":0.65,"y":0.0,"balls":[{"type":4,"rate":1.0}]},{"x":0.0,"y":0.8,"balls":[{"type":1,"rate":1.0}]}],"outputs":[{"x":0.65,"y":1.0,"balls":[{"type":1,"rate":1.0}]},{"x":0.0,"y":0.2,"balls":[{"type":4,"rate":1.0}]}],"spec":{}},"blueprint":{"puzzle":"ff5c0723-e95f-579f-a3c2-58209af517d0","title":"buns versus squirrels","submittedAt":"2024-04-08T05:12:02.90449639Z","widgets":{"0":{"angle":-1.9700484516574952,"type":"fan","x":505,"y":267},"32":{"angle":0,"type":"cup","x":632,"y":149},"1":{"angle":-1.9852707516414718,"type":"fan","x":212,"y":358},"33":{"angle":0,"sticker":"figure1-happy","type":"sticker","x":558,"y":243},"2":{"angle":-1.994179667104281,"type":"fan","x":269,"y":346},"34":{"angle":0,"type":"cup","x":593,"y":161},"3":{"angle":-1.940246541474,"type":"fan","x":315,"y":339},"35":{"angle":0,"type":"board","x":611,"y":316},"4":{"angle":-1.9901170474667318,"type":"fan","x":365,"y":330},"36":{"angle":-0.6015321319944005,"type":"ballstand","x":588,"y":88.2424},"5":{"angle":-2.0300970432754375,"type":"fan","x":416,"y":312},"37":{"height":25,"type":"repulsor","width":25,"x":559.5,"y":48.5},"6":{"angle":-2.04747861148283,"type":"fan","x":463,"y":291},"7":{"angle":-2.0069830154082426,"type":"fan","x":157,"y":371},"39":{"height":25,"type":"attractor","width":25,"x":595.5,"y":155.5},"8":{"angle":-1.974742872670506,"type":"fan","x":117,"y":381},"40":{"height":37,"type":"attractor","width":37,"x":631,"y":148},"9":{"angle":-1.4836148620259895,"type":"fan","x":39.4037459,"y":713.3240867},"41":{"angle":3.113505290213157,"type":"fan","x":715.4561203,"y":701.8548081},"10":{"angle":0,"type":"fan","x":90,"y":702.5},"11":{"angle":1.025343575265309,"type":"fan","x":281,"y":574},"15":{"angle":0,"type":"board","x":482,"y":535},"16":{"angle":0,"type":"board","x":652.5,"y":535},"19":{"angle":0,"sticker":"knievel","type":"sticker","x":474,"y":457},"20":{"angle":0,"sticker":"figure2-sad","type":"sticker","x":646,"y":459},"21":{"angle":-0.6464891136251792,"type":"hammer","x":536,"y":430},"22":{"angle":-2.444658702829504,"type":"sword","x":588,"y":436},"23":{"angle":0,"sticker":"squobject","type":"sticker","x":431,"y":503},"24":{"angle":0,"sticker":"squobject","type":"sticker","x":473,"y":361},"25":{"angle":0,"sticker":"squobject","type":"sticker","x":524,"y":502},"26":{"angle":0,"sticker":"kingbun","type":"sticker","x":630,"y":371},"28":{"angle":0,"sticker":"kingbun","type":"sticker","x":598,"y":508},"29":{"angle":0,"sticker":"kingbun","type":"sticker","x":688,"y":503},"30":{"angle":0,"sticker":"kingbun","type":"sticker","x":660,"y":374},"31":{"angle":0,"sticker":"figure2-happy","type":"sticker","x":672,"y":243}}},"snapshot":{"balls":[{"age":348,"angle":2.756072998046875,"type":1,"va":-2.0063793659210205,"vx":0.5630320310592651,"vy":-0.6669135689735413,"x":9.488829612731934,"y":-14.516130447387695},{"age":335,"angle":7.029170542955399e-2,"type":4,"va":-2.871543914079666e-2,"vx":-2.273169994354248,"vy":0.1667834222316742,"x":1.1549686193466187,"y":-3.121922731399536},{"age":273,"angle":0.7823197245597839,"type":1,"va":0.4508684277534485,"vx":-4.746749997138977e-2,"vy":-4.1850343346595764e-2,"x":8.581021308898926,"y":-14.621347427368164},{"age":273,"angle":-0.10029920935630798,"type":4,"va":-2.9336137771606445,"vx":-2.09769344329834,"vy":-0.14187905192375183,"x":2.4775943756103516,"y":-2.904787063598633},{"age":205,"angle":-1.8378751277923584,"type":1,"va":-36.83702087402344,"vx":6.653045177459717,"vy":-0.15687698125839233,"x":7.426103115081787,"y":-14.62195873260498},{"age":199,"angle":2.8527421951293945,"type":4,"va":2.9287798404693604,"vx":-2.205113172531128,"vy":0.13898086547851562,"x":4.641960620880127,"y":-2.2903313636779785},{"age":117,"angle":1.2134497165679932,"type":1,"va":-2.1372008323669434,"vx":1.9614335298538208,"vy":-2.2751803398132324,"x":2.445499897003174,"y":-11.112449645996094},{"age":129,"angle":9.866473078727722e-2,"type":4,"va":-3.231564521789551,"vx":-1.530218243598938,"vy":-1.3216285705566406,"x":6.899319648742676,"y":-1.123640537261963},{"age":67,"angle":1.8115637302398682,"type":1,"va":-2.1194956302642822,"vx":1.627357840538025,"vy":1.40003502368927,"x":1.0129348039627075,"y":-11.249954223632812},{"age":23,"angle":-2.650094985961914,"type":1,"va":-1.98601233959198,"vx":0.859847903251648,"vy":-4.560257866978645e-2,"x":3.777361661195755e-2,"y":-11.874306678771973},{"age":44,"angle":-0.2911822199821472,"type":4,"va":-0.3809976875782013,"vx":-1.325613260269165e-2,"vy":-2.921100616455078,"x":9.6143159866333,"y":-0.833296537399292}],"widgets":{}}}