{"puzzle":{"reqTiles":["Up","Left"],"inputs":[{"x":0.2,"y":0.0,"balls":[{"type":2,"rate":0.26906331380208337}]},{"x":0.0,"y":0.65,"balls":[{"type":3,"rate":0.5791015625}]}],"outputs":[{"x":0.5,"y":1.0,"balls":[{"type":3,"rate":0.5791015625}]},{"x":0.0,"y":0.5,"balls":[{"type":2,"rate":0.26906331380208337}]}],"spec":{}},"blueprint":{"puzzle":"dc1f1e09-36e5-5a31-80d1-1c5480c4d1eb","title":"Inventory","submittedAt":"2024-05-04T20:20:03.334725444Z","widgets":{"0":{"angle":-4.3323293720448124e-2,"type":"board","x":121.5,"y":371},"32":{"angle":0,"type":"lefthook","x":471.848,"y":282.663},"1":{"angle":0,"type":"board","x":467,"y":369},"33":{"angle":0,"type":"anvil","x":94,"y":280},"2":{"angle":0,"type":"board","x":280,"y":369},"34":{"angle":0,"type":"fan","x":646,"y":81},"3":{"angle":0,"type":"board","x":652.5,"y":369},"35":{"angle":0,"type":"cushion","x":275,"y":464},"4":{"angle":0.25131947135750854,"type":"board","x":266.5,"y":709.52306},"36":{"type":"roundbumper","x":461,"y":463},"5":{"angle":-3.745239362168695e-2,"type":"board","x":106.5,"y":184},"37":{"angle":0,"type":"rightbumper","x":688,"y":460},"6":{"angle":0,"type":"board","x":279,"y":184},"38":{"angle":0,"type":"leftbumper","x":626,"y":459},"7":{"angle":0,"type":"board","x":466,"y":182},"39":{"height":10,"type":"attractor","width":150,"x":465,"y":649},"8":{"angle":0,"type":"board","x":652.5,"y":182},"40":{"height":10,"type":"repulsor","width":150,"x":93,"y":655},"9":{"angle":5.331454792205966e-2,"type":"board","x":87.8552662,"y":557},"41":{"angle":0,"type":"prism","x":90,"y":457},"10":{"angle":0,"type":"board","x":652.5,"y":558},"42":{"angle":0,"speed":25,"type":"spokedwheel","x":652.419,"y":275},"11":{"angle":0,"type":"board","x":466,"y":558},"43":{"angle":0,"catMass":2,"type":"catswat","x":111,"y":717},"12":{"angle":0,"type":"board","x":293,"y":558},"44":{"angle":0,"type":"ballstand","x":650,"y":659},"13":{"angle":1.565036062720537,"type":"board","x":187,"y":444.337},"45":{"angle":0,"type":"cup","x":279,"y":643},"14":{"angle":1.5611780723971347,"type":"board","x":373,"y":617.466},"15":{"angle":1.5637857420380052,"type":"board","x":561,"y":464.45},"47":{"angle":0,"sticker":"figure1-happy","type":"sticker","x":47,"y":673},"16":{"angle":1.5665263351828318,"type":"board","x":186,"y":274.607},"17":{"angle":1.559103921054347,"type":"board","x":560,"y":276},"18":{"angle":1.5656720432277098,"type":"board","x":372,"y":276},"19":{"angle":1.5697015627264712,"type":"board","x":558.749,"y":89.5098},"20":{"angle":1.5637215534204703,"type":"board","x":374,"y":89.703},"21":{"angle":1.5604909936459093,"type":"board","x":186,"y":87.5881102},"22":{"angle":1.5708669750978452,"type":"board","x":559,"y":652.4993648},"23":{"angle":1.5614264452868112,"type":"board","x":371,"y":465},"24":{"angle":1.5626067152158774,"type":"board","x":179,"y":652.4292681},"25":{"angle":-9.626623018459314e-2,"type":"brick","x":35.1401676,"y":389},"26":{"angle":0.8278833907841866,"type":"brick","x":399,"y":705.82708},"27":{"angle":-0.7309308457689888,"type":"sword","x":277,"y":279},"29":{"angle":0,"type":"brick","x":95,"y":90},"30":{"angle":-0.7679878134431186,"type":"hammer","x":277,"y":91},"31":{"angle":0,"type":"hook","x":471.637,"y":93.406763}}},"snapshot":{"balls":[{"age":623,"angle":-1.2232859134674072,"type":2,"va":-1.3377735614776611,"vx":0.21290482580661774,"vy":9.229781106114388e-3,"x":2.7933173179626465,"y":-7.06524658203125},{"age":377,"angle":0.8945029973983765,"type":3,"va":-0.8484190106391907,"vx":-0.4574807584285736,"vy":-1.075364351272583,"x":7.145495891571045,"y":-14.239411354064941},{"age":378,"angle":-0.12981627881526947,"type":2,"va":1.2345701456069946,"vx":-0.3419494330883026,"vy":-1.7967931032180786,"x":0.20838502049446106,"y":-3.7071690559387207},{"age":233,"angle":-0.8732892870903015,"type":3,"va":-8.350830078125,"vx":1.3316633701324463,"vy":-4.93987500667572e-2,"x":2.8284339904785156,"y":-10.858292579650879},{"age":162,"angle":-0.3537338674068451,"type":3,"va":-7.51816987991333,"vx":1.196107029914856,"vy":-2.704719826579094e-2,"x":2.1314244270324707,"y":-10.82103443145752},{"age":178,"angle":-0.22231970727443695,"type":2,"va":4.152292728424072,"vx":-0.6931893229484558,"vy":0.5584762692451477,"x":2.075373411178589,"y":-3.098040819168091},{"age":43,"angle":-1.4196945428848267,"type":3,"va":2.000060558319092,"vx":1.2327773571014404,"vy":0.23034833371639252,"x":0.16537882387638092,"y":-9.631240844726562}],"widgets":{"31":{"angle":0,"key":"31","va":0,"vx":0,"vy":0,"x":9.432740211486816,"y":-1.8681352138519287},"32":{"angle":-4.7036328002616616e-29,"key":"32","va":0,"vx":0,"vy":0,"x":9.436960220336914,"y":-5.653260231018066},"42":{"angle":0.5883526802062988,"key":"42","va":0,"vx":0,"vy":0,"x":13.048379898071289,"y":-5.5},"43":{"angle":0,"key":"43","va":0,"vx":0,"vy":0,"x":2.2200000286102295,"y":-14.34000015258789}}}}