{"puzzle":{"reqTiles":["Up"],"inputs":[{"x":0.5,"y":0.0,"balls":[{"type":3,"rate":0.6690006256103516}]}],"outputs":[{"x":0.8,"y":1.0,"balls":[{"type":3,"rate":0.6690006256103516}]}],"spec":{}},"blueprint":{"puzzle":"bbf9e775-ac05-5113-9a94-803987db3e70","title":"the first Pride was a riot","submittedAt":"2024-06-03T16:44:44.988543398Z","widgets":{"0":{"angle":0,"type":"prism","x":281,"y":396},"32":{"angle":1.0409144287066456,"type":"prism","x":441,"y":545},"64":{"angle":0.2630984217916542,"type":"brick","x":180,"y":684},"1":{"angle":1.072813352038932,"type":"prism","x":296,"y":289},"33":{"angle":2.1002704737842532,"type":"prism","x":242,"y":502},"65":{"angle":0.35450391977075835,"type":"brick","x":145,"y":675},"2":{"angle":2.107198134402062,"type":"prism","x":392,"y":248},"34":{"angle":3.1521382047968833,"type":"prism","x":185,"y":308},"3":{"angle":-3.1608418890809817,"type":"prism","x":478,"y":312},"35":{"angle":-2.087415040278954,"type":"prism","x":323,"y":162},"4":{"angle":-2.1008411646693044,"type":"prism","x":466,"y":419},"36":{"angle":-1.0226829997640987,"type":"prism","x":225,"y":204},"5":{"angle":-1.0499794670639697,"type":"prism","x":368,"y":461},"37":{"angle":-2.0757447904263584,"type":"prism","x":170,"y":416},"6":{"angle":1.0507509761316136,"type":"prism","x":441,"y":376},"38":{"angle":-3.1259147769379694,"type":"prism","x":330,"y":566},"7":{"angle":2.098108006135483,"type":"prism","x":390,"y":417},"39":{"angle":2.1051542029097496,"type":"prism","x":539,"y":503},"8":{"angle":-3.1339541482033897,"type":"prism","x":331,"y":395},"40":{"angle":1.052902311935254,"type":"prism","x":587,"y":292},"9":{"angle":-2.0897258921220416,"type":"prism","x":319,"y":332},"41":{"angle":0,"type":"prism","x":429,"y":144},"10":{"angle":-1.0287994696820608,"type":"prism","x":367,"y":291},"42":{"angle":0,"catMass":2,"type":"catswat","x":258.5,"y":717},"11":{"angle":0,"type":"prism","x":429,"y":312},"43":{"angle":-0.8257304210561405,"type":"brick","x":649,"y":705.855268},"12":{"angle":0,"type":"prism","x":430,"y":481},"44":{"angle":-0.7992851055065721,"type":"brick","x":667,"y":670},"13":{"angle":-1.0264092494599935,"type":"prism","x":221,"y":375},"45":{"angle":-0.7559366233966778,"type":"brick","x":706.000019,"y":630},"14":{"angle":-5.221102123154724,"type":"prism","x":441,"y":207},"46":{"angle":-0.4250551268495415,"type":"brick","x":703.4584475,"y":597},"15":{"angle":-1.0393938975895016,"type":"prism","x":516,"y":377},"47":{"angle":0.5594039276423047,"type":"brick","x":35.9816415,"y":563},"16":{"angle":-2.100854082079829,"type":"prism","x":319,"y":502},"48":{"angle":0.8567777760238481,"type":"brick","x":148,"y":694},"17":{"angle":2.485283020765866e-2,"type":"prism","x":287,"y":226},"49":{"angle":0.7390262398234132,"type":"brick","x":108,"y":652},"18":{"angle":1.0572198724536535,"type":"prism","x":292,"y":461},"50":{"angle":0.7243997729591418,"type":"brick","x":66,"y":613},"19":{"angle":4.1670880328178725,"type":"prism","x":466,"y":249},"51":{"angle":0.7679912247796178,"type":"brick","x":33.834814,"y":581},"20":{"angle":2.1049523288582717,"type":"prism","x":246,"y":332},"52":{"type":"roundbumper","x":247,"y":135},"21":{"angle":3.1753185328795412,"type":"prism","x":333,"y":226},"53":{"type":"roundbumper","x":501,"y":143},"22":{"angle":-3.115310561852263,"type":"prism","x":478,"y":481},"54":{"type":"roundbumper","x":634,"y":355},"23":{"angle":-4.197114288656645,"type":"prism","x":538,"y":334},"55":{"type":"roundbumper","x":515,"y":576},"24":{"angle":-3.113513383380108,"type":"prism","x":180,"y":480},"56":{"type":"roundbumper","x":260,"y":565},"25":{"angle":2.118024944145859,"type":"prism","x":391,"y":588},"57":{"type":"roundbumper","x":136,"y":350},"26":{"angle":1.0433118889835213,"type":"prism","x":590,"y":462},"58":{"type":"roundbumper","x":711,"y":568},"27":{"angle":-2.078749336481464,"type":"prism","x":174,"y":245},"59":{"type":"roundbumper","x":29,"y":521},"28":{"angle":-1.018562918289426,"type":"prism","x":371,"y":122},"60":{"angle":0,"speed":25,"type":"spokedwheel","x":381,"y":351},"29":{"angle":0,"type":"prism","x":574,"y":228},"61":{"angle":0.3415451334679211,"type":"brick","x":220,"y":695},"30":{"angle":-1.0614738088559368,"type":"prism","x":515,"y":206},"62":{"angle":0.3329921233597195,"type":"brick","x":209,"y":713},"31":{"angle":0,"type":"prism","x":576,"y":399},"63":{"angle":0.41472082626919243,"type":"brick","x":176,"y":699}}},"snapshot":{"balls":[{"age":1557,"angle":-3.0449941158294678,"type":3,"va":0.43295222520828247,"vx":-6.898986548185349e-2,"vy":1.2441887520253658e-9,"x":10.806294441223145,"y":-14.62130355834961},{"age":1397,"angle":1.686011791229248,"type":3,"va":-2.0453906059265137,"vx":0.8758495450019836,"vy":0.15667451918125153,"x":11.299159049987793,"y":-14.364157676696777},{"age":1342,"angle":-0.1744675636291504,"type":3,"va":-0.24837595224380493,"vx":3.905641660094261e-2,"vy":4.656612873077393e-10,"x":9.503750801086426,"y":-14.621604919433594},{"age":1237,"angle":2.395238161087036,"type":3,"va":-0.3068413734436035,"vx":0.12408889085054398,"vy":4.9138911068439484e-2,"x":9.351308822631836,"y":-14.342545509338379},{"age":1185,"angle":-2.360287666320801,"type":3,"va":1.0200244188308716,"vx":-0.16322527825832367,"vy":-1.7462298274040222e-10,"x":10.1467924118042,"y":-14.621310234069824},{"age":902,"angle":0.4084978997707367,"type":3,"va":0.16532772779464722,"vx":-2.657344937324524e-2,"vy":0,"x":8.531940460205078,"y":-14.62130355834961},{"age":820,"angle":-2.3197975158691406,"type":3,"va":1.0288190841674805,"vx":-0.1578129529953003,"vy":0,"x":10.466123580932617,"y":-14.62135124206543},{"age":694,"angle":2.6479549407958984,"type":3,"va":0.16646017134189606,"vx":-2.6374438777565956e-2,"vy":6.948539521545172e-10,"x":8.850942611694336,"y":-14.62130355834961},{"age":632,"angle":2.1861109733581543,"type":3,"va":0.16457116603851318,"vx":-2.637443318963051e-2,"vy":-6.948539521545172e-10,"x":9.170928955078125,"y":-14.62130355834961},{"age":450,"angle":-0.8097583055496216,"type":3,"va":6.561615943908691,"vx":-1.4354889392852783,"vy":-0.23866146802902222,"x":10.39561939239502,"y":-14.310280799865723},{"age":373,"angle":-2.932831287384033,"type":3,"va":-0.16095887124538422,"vx":2.5648703798651695e-2,"vy":1.2441887520253658e-9,"x":9.826045036315918,"y":-14.621301651000977},{"age":250,"angle":2.901320695877075,"type":3,"va":-7.494524955749512,"vx":-1.1695101261138916,"vy":-0.5538586378097534,"x":10.633161544799805,"y":-14.097834587097168},{"age":136,"angle":-1.4832301139831543,"type":3,"va":-20.88490867614746,"vx":-0.9036491513252258,"vy":0.7524753212928772,"x":8.79251480102539,"y":-5.417288303375244},{"age":68,"angle":3.0256235040724277e-3,"type":3,"va":0.13075503706932068,"vx":0.1357671022415161,"vy":-6.25625467300415,"x":7.618887424468994,"y":-2.1872894763946533}],"widgets":{"42":{"angle":0,"key":"42","va":0,"vx":0,"vy":0,"x":5.170000076293945,"y":-14.34000015258789},"60":{"angle":-2.0225563049316406,"key":"60","va":3.03704571723938,"vx":0,"vy":0,"x":7.619999885559082,"y":-7.019999980926514}}}}