{"puzzle":{"reqTiles":["Up"],"inputs":[{"x":0.8,"y":0.0,"balls":[{"type":4,"rate":1.0}]},{"x":1.0,"y":0.65,"balls":[{"type":2,"rate":0.5}]}],"outputs":[{"x":0.5,"y":1.0,"balls":[{"type":2,"rate":0.5}]},{"x":1.0,"y":0.8,"balls":[{"type":4,"rate":1.0}]}],"spec":{}},"blueprint":{"puzzle":"acf4f77a-5bd1-5b67-8a38-56f0029548bc","title":"Don't Cross The Streams","submittedAt":"2024-04-06T19:52:47.35935016Z","widgets":{"0":{"angle":-0.33101429856558484,"type":"board","x":567,"y":163},"33":{"angle":0.2615804405430092,"type":"board","x":621,"y":552},"34":{"angle":-5.133954500226994e-2,"type":"fan","x":406,"y":621.577},"35":{"angle":2.6787184860923503,"type":"prism","x":441,"y":477},"39":{"angle":-0.2299987990179861,"type":"board","x":652.7523535,"y":636},"40":{"angle":-0.4091994655249331,"type":"fan","x":478,"y":696.2459375},"9":{"angle":1.0816800860691077e-2,"type":"fan","x":272,"y":321},"10":{"angle":0,"type":"board","x":651,"y":441},"42":{"angle":0.540557096233035,"type":"sword","x":283,"y":686.999984},"11":{"angle":0.1961607937409501,"type":"board","x":560,"y":524},"43":{"angle":-1.857780954430015,"type":"hammer","x":39.1928,"y":517},"12":{"angle":1.0662238694838861,"type":"board","x":362,"y":658},"44":{"angle":2.678280934096383,"type":"fan","x":402,"y":400},"45":{"angle":1.3338569095864985,"type":"board","x":159,"y":536},"14":{"angle":0,"sticker":"determinism","type":"sticker","x":593,"y":380},"15":{"angle":4.675150763366096,"type":"board","x":472,"y":344},"16":{"angle":-1.575388067073759,"type":"board","x":401,"y":322},"17":{"angle":-0.1849752645856034,"type":"board","x":554,"y":438},"18":{"angle":0,"type":"board","x":325,"y":437},"19":{"angle":-0.1318276815363795,"type":"board","x":325,"y":519},"20":{"angle":3.4666756255959097,"type":"fan","x":398,"y":565},"21":{"angle":-2.6371252713377493,"type":"fan","x":701.3020605,"y":556},"22":{"angle":0,"type":"fan","x":351,"y":383},"23":{"angle":2.874001188287485,"type":"fan","x":707.421004,"y":413},"25":{"angle":0,"type":"board","x":652.5,"y":519},"26":{"angle":0.5819307954654824,"type":"board","x":242,"y":648.544},"27":{"angle":2.4547842255521557,"type":"anvil","x":160,"y":421}}},"snapshot":{"balls":[{"age":21,"angle":0.26561760902404785,"type":4,"va":-2.04638409614563,"vx":0.8627145886421204,"vy":4.408042132854462e-2,"x":14.79053783416748,"y":-11.86739730834961},{"age":364,"angle":-1.676900863647461,"type":4,"va":1.4225720167160034,"vx":0.2388925850391388,"vy":0.2180749475955963,"x":13.599922180175781,"y":-12.239856719970703},{"age":308,"angle":-2.519062042236328,"type":4,"va":29.672870635986328,"vx":1.4048595428466797,"vy":-4.586749076843262,"x":9.156636238098145,"y":-11.061982154846191},{"age":253,"angle":-2.8701508045196533,"type":4,"va":24.7647647857666,"vx":0.4242766201496124,"vy":-3.962137460708618,"x":9.094964981079102,"y":-6.969570636749268},{"age":203,"angle":-0.9032440781593323,"type":2,"va":-18.10321617126465,"vx":-3.84716534614563,"vy":-3.6884899139404297,"x":5.865722179412842,"y":-11.092580795288086},{"age":192,"angle":1.6917308568954468,"type":4,"va":9.763163566589355,"vx":-1.2838618755340576,"vy":-0.930425226688385,"x":9.479978561401367,"y":-3.5564041137695312},{"age":136,"angle":-2.5679574012756348,"type":4,"va":9.139549255371094,"vx":-1.336549162864685,"vy":-0.4593155086040497,"x":10.613180160522461,"y":-3.152007818222046},{"age":62,"angle":-3.0347726345062256,"type":2,"va":3.0937554836273193,"vx":-0.48139721155166626,"vy":0.6059353351593018,"x":14.309039115905762,"y":-10.03723430633545},{"age":68,"angle":-2.937638759613037,"type":4,"va":4.406376838684082,"vx":-4.7994233667850494e-2,"vy":-3.924665689468384,"x":11.782720565795898,"y":-2.064746618270874},{"age":27,"angle":-1.9423069432377815e-2,"type":4,"va":-0.5187928676605225,"vx":0.22305351495742798,"vy":-0.5417764782905579,"x":11.816659927368164,"y":-0.1551264524459839}],"widgets":{}}}