{"puzzle":{"reqTiles":["Up"],"inputs":[{"x":0.5,"y":0.0,"balls":[{"type":4,"rate":0.833251953125}]},{"x":1.0,"y":0.8,"balls":[{"type":3,"rate":0.7135009765625}]}],"outputs":[{"x":0.35,"y":1.0,"balls":[{"type":3,"rate":0.711669921875}]},{"x":1.0,"y":0.5,"balls":[{"type":4,"rate":0.833251953125}]}],"spec":{}},"blueprint":{"puzzle":"3360875b-5f47-5fcb-ac2c-ca7159f884b0","title":"this works better than bonkers","submittedAt":"2024-05-11T20:30:20.345636468Z","widgets":{"0":{"angle":-5.3465471200625496e-2,"type":"leftbumper","x":377,"y":100.5},"32":{"angle":-4.735717277482729e-2,"type":"brick","x":338,"y":724.9055905},"1":{"angle":1.1283516366207496,"type":"leftbumper","x":627,"y":694.359051},"33":{"angle":1.3944310066605758,"type":"board","x":358,"y":423},"2":{"angle":-1.7688652354705483e-2,"type":"brick","x":705.7665201,"y":623},"34":{"angle":1.1924666338360659,"type":"board","x":644,"y":133},"35":{"angle":1.3116994446475285,"type":"board","x":641,"y":141},"4":{"angle":0.30180952567295805,"type":"brick","x":41,"y":301},"36":{"angle":1.4953424691925017,"type":"board","x":651,"y":156},"5":{"angle":0.3098192262408085,"type":"brick","x":98,"y":321},"37":{"angle":1.600848124663765,"type":"board","x":650,"y":158},"6":{"angle":0.10940697872248968,"type":"brick","x":143,"y":332},"38":{"angle":1.1478920166624633,"type":"board","x":634,"y":113},"7":{"angle":3.7647655932766484e-2,"type":"brick","x":204,"y":337},"39":{"angle":0.9512998355140663,"type":"board","x":626,"y":92},"8":{"angle":7.403389901777843e-2,"type":"brick","x":265,"y":342},"40":{"angle":0.7454194762741579,"type":"board","x":620.5,"y":74},"9":{"angle":0,"type":"brick","x":318,"y":347},"41":{"angle":0.42564646008646717,"type":"board","x":601.5,"y":50},"10":{"angle":1.526525046863713,"type":"cushion","x":21.2954188,"y":41.8228276},"42":{"angle":0.10261017012641091,"type":"board","x":584,"y":39},"11":{"angle":1.530495578491114,"type":"cushion","x":21.1360478,"y":116},"43":{"angle":-4.288254649217699e-2,"type":"board","x":563,"y":34},"12":{"angle":0,"type":"fan","x":331,"y":428},"44":{"angle":-0.11976325426789955,"type":"board","x":544,"y":35},"13":{"angle":1.6137976524445325,"type":"cushion","x":718.7555059,"y":529},"45":{"angle":-0.2237964661374191,"type":"board","x":517,"y":36},"14":{"angle":0,"type":"cushion","x":699,"y":551},"46":{"angle":-0.3923992921888899,"type":"board","x":488,"y":41.776471},"47":{"angle":-0.6416958529409836,"type":"board","x":450.5,"y":59.5833005},"16":{"angle":-1.5769690878996765,"type":"fan","x":702.3556536,"y":561},"48":{"angle":-1.0171801007545942,"type":"board","x":65,"y":125},"17":{"angle":0,"type":"fan","x":683,"y":364},"49":{"angle":-0.8591609202656882,"type":"board","x":92,"y":88},"18":{"angle":-1.2265750314848394,"type":"board","x":691,"y":395},"50":{"angle":-0.6995124618898152,"type":"board","x":119,"y":63.2228415},"19":{"angle":1.5043990557938631,"type":"board","x":370,"y":533},"51":{"angle":-0.4696367980243723,"type":"board","x":151,"y":47.624772},"20":{"angle":2.1657203425495015,"type":"board","x":544,"y":606},"52":{"angle":-0.25524561706624754,"type":"board","x":172,"y":40},"21":{"angle":-0.34421971683790087,"type":"board","x":418,"y":702.000024},"53":{"angle":-1.161002538623695,"type":"board","x":415,"y":83.8410425},"22":{"angle":-0.6801243860456052,"type":"board","x":309,"y":667},"54":{"angle":1.5808272936997272,"type":"brick","x":400,"y":34.1337158},"23":{"angle":1.5764411522301787,"type":"board","x":597,"y":620},"55":{"angle":1.556518007774281,"type":"board","x":652,"y":387},"24":{"angle":-0.5415760671817632,"type":"board","x":450,"y":187},"56":{"angle":-0.8252694468264645,"type":"board","x":166,"y":164},"25":{"angle":1.5887848818367667,"type":"cushion","x":20.2343326,"y":189},"57":{"angle":-4.254196106056458e-2,"type":"board","x":298,"y":98},"26":{"angle":1.573816636117155,"type":"cushion","x":19.6237348,"y":260},"58":{"angle":1.561537332132774,"type":"board","x":589,"y":330},"27":{"angle":-1.53473082149646,"type":"brick","x":674,"y":656},"59":{"angle":1.574551867234114,"type":"board","x":588,"y":210},"28":{"angle":-9.85864355241427e-2,"type":"board","x":332,"y":220},"60":{"angle":-8.126519292544046e-2,"type":"brick","x":554,"y":140},"29":{"angle":3.226173391270138e-2,"type":"board","x":272,"y":20.183},"61":{"angle":1.5432386047369016,"type":"board","x":649,"y":318},"30":{"angle":-9.202338615933531e-2,"type":"board","x":214,"y":26},"62":{"angle":0,"type":"brick","x":488,"y":533},"31":{"angle":-1.0931472997646872,"type":"fan","x":549,"y":701.8916795},"63":{"angle":0,"type":"brick","x":488,"y":508}}},"snapshot":{"balls":[{"age":1392,"angle":1.1057523488998413,"type":4,"va":-8.82328987121582,"vx":1.3872636556625366,"vy":-0.3344342112541199,"x":6.063528537750244,"y":-6.471213340759277},{"age":1253,"angle":2.3443028330802917e-2,"type":4,"va":0.9338285326957703,"vx":-0.14414043724536896,"vy":1.5833212062716484e-2,"x":2.6375277042388916,"y":-6.184272766113281},{"age":1175,"angle":-2.0572729110717773,"type":4,"va":-6.3211750984191895,"vx":0.8725817799568176,"vy":-0.8043015599250793,"x":7.158828258514404,"y":-6.559314727783203},{"age":1122,"angle":-2.4149298667907715,"type":4,"va":0.9195075631141663,"vx":-0.13623058795928955,"vy":4.361126944422722e-2,"x":1.9526761770248413,"y":-5.967520713806152},{"age":928,"angle":-0.7242628931999207,"type":3,"va":1.955203652381897,"vx":-1.1228524446487427,"vy":-1.5250619649887085,"x":8.563498497009277,"y":-13.175005912780762},{"age":888,"angle":-1.8384459018707275,"type":4,"va":0.9131838083267212,"vx":-0.13548915088176727,"vy":4.337407276034355e-2,"x":2.3331146240234375,"y":-6.089335918426514},{"age":794,"angle":0.5419508218765259,"type":3,"va":-5.807621479034424,"vx":0.9234226942062378,"vy":3.725290298461914e-9,"x":6.519049167633057,"y":-6.511490821838379},{"age":777,"angle":0.40880051255226135,"type":4,"va":-6.155360698699951,"vx":0.39077311754226685,"vy":-2.8588788509368896,"x":7.365314960479736,"y":-7.269049167633057},{"age":656,"angle":1.642760157585144,"type":3,"va":-9.093412399291992,"vx":1.4369556903839111,"vy":-0.1065765768289566,"x":5.746105670928955,"y":-6.443583965301514},{"age":584,"angle":0.874727189540863,"type":3,"va":-5.906501293182373,"vx":0.9386709332466125,"vy":0,"x":6.838738441467285,"y":-6.511534690856934},{"age":491,"angle":-1.4958205223083496,"type":3,"va":-2.681105852127075,"vx":0.42666688561439514,"vy":-1.6070256009697914e-2,"x":4.334481716156006,"y":-6.3206305503845215},{"age":444,"angle":-2.223313331604004,"type":3,"va":-2.7047414779663086,"vx":0.4304490089416504,"vy":-1.621280610561371e-2,"x":4.655506610870361,"y":-6.3327226638793945},{"age":395,"angle":-0.6680461764335632,"type":3,"va":4.280913829803467,"vx":-0.4308679401874542,"vy":-1.6318923234939575,"x":3.5801589488983154,"y":-5.8203206062316895},{"age":366,"angle":-0.8162183165550232,"type":4,"va":-6.740697860717773,"vx":12.919387817382812,"vy":-3.913814067840576,"x":9.356521606445312,"y":-8.547080039978027},{"age":277,"angle":6.959042698144913e-2,"type":3,"va":-6.434980869293213,"vx":-2.0046844482421875,"vy":-0.19827567040920258,"x":5.900324821472168,"y":-4.133101463317871},{"age":292,"angle":-0.217502161860466,"type":4,"va":1.725258708000183,"vx":-0.2665877044200897,"vy":2.9283497482538223e-2,"x":3.00276517868042,"y":-6.224425792694092},{"age":179,"angle":2.8696513175964355,"type":3,"va":5.781662464141846,"vx":-0.830856442451477,"vy":-2.03452467918396,"x":13.208770751953125,"y":-12.27248764038086},{"age":197,"angle":-2.2993760108947754,"type":4,"va":-0.48937177658081055,"vx":7.60488212108612e-2,"vy":-2.864412497729063e-3,"x":3.80759596824646,"y":-6.300739765167236},{"age":115,"angle":-2.945406675338745,"type":3,"va":5.029621601104736,"vx":-0.7995287179946899,"vy":-1.4144593849778175e-2,"x":13.53510570526123,"y":-12.041666984558105},{"age":95,"angle":0.4689912796020508,"type":4,"va":-76.958740234375,"vx":2.14825177192688,"vy":-7.807722568511963,"x":0.9011955261230469,"y":-4.870294570922852},{"age":44,"angle":-2.6184029579162598,"type":3,