{"puzzle":{"reqTiles":["Up"],"inputs":[{"x":0.2,"y":0.0,"balls":[{"type":1,"rate":0.70068359375}]},{"x":1.0,"y":0.35,"balls":[{"type":4,"rate":0.833984375}]}],"outputs":[{"x":0.35,"y":1.0,"balls":[{"type":4,"rate":0.833984375}]},{"x":1.0,"y":0.65,"balls":[{"type":1,"rate":0.70068359375}]}],"spec":{}},"blueprint":{"puzzle":"f73ef623-f2a0-539a-8561-03727dd59386","title":"Classic bread and butter gravity sort -P","submittedAt":"2024-05-02T20:08:04.943443774Z","widgets":{"32":{"angle":0,"type":"cushion","x":675,"y":623},"1":{"angle":0,"type":"fan","x":84,"y":37.5},"33":{"angle":0,"type":"cushion","x":699,"y":622},"2":{"angle":0,"type":"board","x":192,"y":72},"34":{"angle":-1.710064503057612,"type":"cushion","x":678,"y":428},"3":{"angle":0,"type":"board","x":358,"y":75},"35":{"angle":1.2150313596114872,"type":"cushion","x":33.5596,"y":513},"4":{"angle":0.11747320564202648,"type":"board","x":523,"y":85},"37":{"angle":1.7951577958458766,"type":"cushion","x":40,"y":622},"38":{"angle":-1.5917460350028252,"type":"cushion","x":20.3546057,"y":463},"7":{"angle":-1.7786256799810753,"type":"board","x":648,"y":87.4741115},"8":{"angle":1.3536841608652528,"type":"board","x":620,"y":174},"9":{"angle":-3.0796807473045753,"type":"fan","x":714.224811,"y":331},"10":{"angle":-1.6029776737023587,"type":"fan","x":701.7632937,"y":639},"11":{"angle":-1.5214080280381712,"type":"fan","x":667,"y":640},"12":{"height":25,"type":"repulsor","width":25,"x":727.5,"y":289.5},"13":{"angle":0,"type":"fan","x":495,"y":478},"14":{"angle":-0.7468369115726,"type":"fan","x":607,"y":612},"15":{"angle":1.618636712565568,"type":"cushion","x":718.5616019,"y":549},"16":{"angle":-1.5055930183843604,"type":"cushion","x":708,"y":333},"17":{"angle":-0.15246850418865499,"type":"fan","x":506,"y":525},"18":{"angle":-0.5256007610424162,"type":"fan","x":542,"y":580},"19":{"angle":0,"type":"cushion","x":572,"y":575},"20":{"angle":-1.6923059696738332,"type":"fan","x":615,"y":712.127853},"21":{"angle":-1.7654772120156006,"type":"fan","x":565,"y":709.689451},"22":{"angle":-1.6000102969618926,"type":"fan","x":652,"y":702.477971},"23":{"angle":-1.6157556405713607,"type":"fan","x":701.4816863,"y":714.8383275},"24":{"angle":-3.2802608768581374,"type":"fan","x":711.5421765,"y":360},"25":{"angle":8.292140397435158e-2,"type":"cushion","x":697.5257612,"y":403},"26":{"angle":0.6082295537401554,"type":"cushion","x":531,"y":550},"27":{"angle":1.2314535114346201,"type":"cushion","x":511,"y":472},"28":{"angle":0.7080589467059735,"type":"fan","x":54,"y":543},"29":{"angle":0,"type":"fan","x":23.5,"y":702.5},"30":{"angle":2.9418242579487353,"type":"fan","x":522,"y":681},"31":{"height":142,"type":"repulsor","width":142,"x":482,"y":463}}},"snapshot":{"balls":[{"age":273,"angle":-2.236236572265625,"type":1,"va":-10.76163101196289,"vx":1.0477707386016846,"vy":0.5481683611869812,"x":13.988687515258789,"y":-9.471735000610352},{"age":161,"angle":-1.5384917259216309,"type":4,"va":3.295318603515625,"vx":-0.8495961427688599,"vy":-4.601532936096191,"x":3.944143533706665,"y":-11.478660583496094},{"age":215,"angle":2.424787759780884,"type":1,"va":-14.640875816345215,"vx":1.70902681350708,"vy":-7.780228614807129,"x":13.120092391967773,"y":-5.171992778778076},{"age":146,"angle":0.5108305215835571,"type":4,"va":12.957036972045898,"vx":-7.760372638702393,"vy":-2.7097902297973633,"x":8.338627815246582,"y":-6.584997177124023},{"age":118,"angle":-0.14517812430858612,"type":1,"va":-32.44746017456055,"vx":5.136184215545654,"vy":-0.8755544424057007,"x":9.349660873413086,"y":-1.2031832933425903},{"age":73,"angle":1.2122873067855835,"type":4,"va":-3.2415871620178223,"vx":-1.2743556499481201,"vy":0.24402600526809692,"x":14.266010284423828,"y":-5.168885707855225},{"age":61,"angle":1.5730985403060913,"type":1,"va":-9.230036735534668,"vx":5.426789283752441,"vy":0.4904029965400696,"x":4.204424858093262,"y":-1.0569840669631958}],"widgets":{}}}