{"puzzle":{"reqTiles":["Up"],"inputs":[{"x":0.2,"y":0.0,"balls":[{"type":3,"rate":1.0}]},{"x":1.0,"y":0.5,"balls":[{"type":2,"rate":0.83203125}]}],"outputs":[{"x":0.5,"y":1.0,"balls":[{"type":2,"rate":0.83203125}]},{"x":1.0,"y":0.65,"balls":[{"type":3,"rate":1.0}]}],"spec":{}},"blueprint":{"puzzle":"38460638-af33-502b-a87a-b26f8443c2d7","title":"BB Gun","submittedAt":"2024-04-11T15:23:54.74357036Z","widgets":{"0":{"angle":0,"type":"board","x":652.5,"y":354},"32":{"angle":-2.821424148786531,"type":"fan","x":468,"y":423},"1":{"angle":0,"type":"board","x":652.5,"y":389},"33":{"angle":-3.506277395390224,"type":"fan","x":520,"y":320},"2":{"angle":0,"type":"board","x":514,"y":389},"34":{"angle":-3.442601550299236,"type":"fan","x":489,"y":319},"3":{"angle":0,"type":"board","x":513,"y":353},"35":{"angle":-3.5038783876375312,"type":"fan","x":461,"y":319},"36":{"angle":-1.5673675130058387,"type":"fan","x":398,"y":523},"37":{"angle":-0.11487506442339104,"type":"fan","x":347,"y":520},"38":{"angle":-0.24665175018874672,"type":"fan","x":554,"y":538},"39":{"angle":-1.5893127288629054,"type":"fan","x":315,"y":506},"8":{"angle":2.829868364399704,"type":"fan","x":706.1312715,"y":320},"40":{"angle":-1.8012325001768483,"type":"board","x":28.747278,"y":253},"9":{"angle":2.7901188212528845,"type":"fan","x":678,"y":320},"41":{"angle":1.5600090740004164,"type":"board","x":9.9432993,"y":473},"10":{"angle":2.792409095606845,"type":"fan","x":646,"y":320},"42":{"angle":1.55981627986978,"type":"board","x":436,"y":202},"11":{"angle":-2.831473499079555,"type":"fan","x":706.1770705,"y":422},"43":{"angle":1.5388922623098733,"type":"board","x":434,"y":87.7425508},"12":{"angle":-2.8241816915494464,"type":"fan","x":677,"y":423},"44":{"angle":0,"type":"board","x":515,"y":278},"13":{"angle":-2.8252772329267066,"type":"fan","x":648,"y":424},"45":{"angle":0,"type":"board","x":652.5,"y":278},"14":{"angle":-2.8382388300813126,"type":"fan","x":618,"y":426},"15":{"angle":-2.8708016477363962,"type":"fan","x":586,"y":425},"47":{"angle":0,"sticker":"kingbun","type":"sticker","x":464,"y":251},"16":{"angle":-2.8373338411355515,"type":"fan","x":555,"y":426},"17":{"angle":2.8205228976550085,"type":"fan","x":614,"y":320},"18":{"angle":-3.4625240582652204,"type":"fan","x":583,"y":319},"19":{"angle":2.7980211689853047,"type":"fan","x":553,"y":320},"20":{"angle":-0.7792639370987933,"type":"brick","x":33.67586,"y":360},"21":{"angle":0.3789946144015874,"type":"board","x":184,"y":436},"22":{"angle":2.2758814781165714e-2,"type":"board","x":652.3178504,"y":506},"23":{"angle":7.048704507939882e-4,"type":"board","x":498,"y":503},"24":{"angle":0.2029367693557031,"type":"board","x":342,"y":484},"25":{"angle":0.8033976594239998,"type":"brick","x":33.3212155,"y":586.157},"26":{"angle":1.2659747939684967,"type":"board","x":374,"y":653.832643},"27":{"angle":0.7752740279854371,"type":"board","x":290,"y":520},"28":{"angle":0.313847842501784,"type":"board","x":261,"y":704.4265355},"29":{"angle":0.5197289679790799,"type":"board","x":133,"y":651},"30":{"angle":-2.7753534705374876,"type":"fan","x":526,"y":426},"31":{"angle":-2.7731740867936083,"type":"fan","x":496,"y":425}}},"snapshot":{"balls":[{"age":1073,"angle":-2.261169910430908,"type":2,"va":3.5109140872955322,"vx":0.6183193325996399,"vy":-3.9958624839782715,"x":4.652554988861084,"y":-13.560583114624023},{"age":1000,"angle":3.0611610412597656,"type":2,"va":6.468196392059326,"vx":5.709789276123047,"vy":1.1744718551635742,"x":1.3074973821640015,"y":-3.8866453170776367},{"age":7,"angle":-0.9669811129570007,"type":3,"va":-0.9066811800003052,"vx":0.7276407480239868,"vy":0.4047987461090088,"x":14.59929084777832,"y":-9.599881172180176},{"age":17,"angle":0.35649919509887695,"type":2,"va":-2.608337640762329,"vx":-3.60310897231102e-2,"vy":-1.2598780393600464,"x":7.417505741119385,"y":-14.755352020263672},{"age":263,"angle":0.5331687331199646,"type":3,"va":-4.928674697875977,"vx":0.8288533687591553,"vy":-1.4385067857801914e-2,"x":13.905247688293457,"y":-9.800451278686523},{"age":205,"angle":-0.7814090251922607,"type":2,"va":-0.12855955958366394,"vx":1.4859623908996582,"vy":3.008669376373291,"x":5.293389320373535,"y":-13.089101791381836},{"age":231,"angle":2.024034023284912,"type":3,"va":-38.86777877807617,"vx":6.155087947845459,"vy":-0.2006990611553192,"x":13.383230209350586,"y":-9.790579795837402},{"age":150,"angle":-1.2834193706512451,"type":2,"va":-136.2986297607422,"vx":25.86822509765625,"vy":-7.267488956451416,"x":6.473210334777832,"y":-13.127366065979004},{"age":150,"angle":-2.1987390518188477,"type":3,"va":-28.21654510498047,"vx":4.373367786407471,"vy":-0.9266118407249451,"x":6.521927356719971,"y":-9.270319938659668},{"age":87,"angle":1.9255845546722412,"type":2,"va":9.317583084106445,"vx":-7.213683128356934,"vy":1.1466816067695618e-3,"x":13.395432472229004,"y":-7.441650390625},{"age":83,"angle":2.7767891883850098,"type":3,"va":2.3919403553009033,"vx":-2.049555629491806e-2,"vy":-11.075764656066895,"x":2.939800262451172,"y":-6.342280387878418},{"age":37,"angle":-2.1926841735839844,"type":2,"va":5.272573947906494,"vx":-0.8383181691169739,"vy":0,"x":14.508661270141602,"y":-7.4414873123168945},{"age":45,"angle":-2.913760580122471e-2,"type":3,"va":-0.8159434199333191,"vx":-0.2665300667285919,"vy":-2.929503917694092,"x":2.9113171100616455,"y":-0.5816352367401123}],"widgets":{}}}