{"puzzle":{"reqTiles":["Up","Left"],"inputs":[{"x":0.2,"y":0.0,"balls":[{"type":4,"rate":0.833984375}]},{"x":0.0,"y":0.2,"balls":[{"type":1,"rate":0.72265625}]}],"outputs":[{"x":0.5,"y":1.0,"balls":[{"type":1,"rate":0.72265625}]},{"x":0.0,"y":0.65,"balls":[{"type":4,"rate":0.833984375}]}],"spec":{}},"blueprint":{"puzzle":"1a7b7b61-0790-5b3c-b4db-330bccb16154","title":"Hofstadterially Confusing","submittedAt":"2024-05-02T18:26:53.836487411Z","widgets":{"0":{"height":214,"type":"repulsor","width":214,"x":158,"y":590},"64":{"angle":0,"type":"brick","x":365,"y":369},"96":{"angle":0.940880718146062,"type":"brick","x":546,"y":432},"1":{"angle":1.5468914472522564,"type":"fan","x":38.0509861,"y":76},"65":{"angle":1.5847008540608303,"type":"brick","x":345,"y":346},"97":{"angle":1.6046435276940079,"type":"brick","x":571,"y":430},"2":{"angle":1.588322378499914,"type":"fan","x":37.9060672,"y":77},"66":{"angle":1.60282978394659,"type":"brick","x":390,"y":348},"98":{"angle":0.6517901974786929,"type":"brick","x":632,"y":440},"35":{"angle":1.5894826885470028,"type":"brick","x":443,"y":162},"67":{"angle":1.5621115639308212,"type":"brick","x":423,"y":349},"99":{"angle":2.255551212172159,"type":"brick","x":636,"y":423},"36":{"angle":-1.5266716224608514,"type":"brick","x":521,"y":166},"68":{"angle":0.9390206032074622,"type":"brick","x":441,"y":349},"100":{"angle":-1.5885379602965448,"type":"brick","x":613,"y":431},"5":{"angle":1.3999064979028863,"type":"board","x":23.7490685,"y":652.243994},"37":{"angle":1.6050363399011172,"type":"brick","x":561,"y":167},"69":{"angle":1.601650347241216,"type":"brick","x":461,"y":349},"6":{"height":46,"type":"repulsor","width":46,"x":23,"y":684},"38":{"angle":0,"type":"brick","x":619,"y":127},"70":{"angle":-1.5269868355791782,"type":"brick","x":493,"y":349},"7":{"angle":0.18746541380748677,"type":"board","x":87.644321,"y":714.8503925},"39":{"angle":1.600993935847549,"type":"brick","x":600,"y":160},"71":{"angle":0,"type":"brick","x":587,"y":366},"40":{"angle":0,"type":"brick","x":617,"y":185},"72":{"angle":1.5111927320447986,"type":"brick","x":534,"y":348},"9":{"angle":2.6884811210167254,"type":"fan","x":576.476,"y":630},"41":{"angle":0,"type":"brick","x":696,"y":125},"73":{"angle":0,"type":"brick","x":516,"y":355},"42":{"angle":0,"type":"brick","x":694,"y":188},"74":{"angle":0,"type":"brick","x":659,"y":367},"11":{"angle":0,"type":"rightbumper","x":28,"y":679},"43":{"angle":0,"type":"brick","x":695,"y":156},"75":{"angle":1.5688979687468665,"type":"brick","x":637,"y":346},"44":{"angle":1.5838043559893709,"type":"brick","x":675,"y":155},"76":{"angle":1.5516742620790738,"type":"brick","x":565,"y":346},"13":{"angle":1.5930411039617225,"type":"brick","x":14.2529241,"y":536},"45":{"angle":-1.5870237879612985,"type":"brick","x":270,"y":246},"77":{"angle":-1.5900634833634808,"type":"brick","x":707.728,"y":353},"14":{"height":313,"type":"repulsor","width":313,"x":388.5,"y":512.5},"46":{"angle":1.581188735126178,"type":"brick","x":311,"y":245},"78":{"angle":-1.2277242479371788,"type":"brick","x":715.849711,"y":333},"15":{"height":231,"type":"repulsor","width":231,"x":624.5,"y":516.5},"47":{"angle":0.9462108528179576,"type":"brick","x":327,"y":242},"79":{"angle":1.1114971031198693,"type":"brick","x":699,"y":332},"16":{"angle":1.5732023217146076,"type":"cushion","x":507,"y":698.9532062},"48":{"angle":1.5674828423541323,"type":"brick","x":347,"y":245},"80":{"angle":1.5589772673015934,"type":"brick","x":351,"y":421},"17":{"angle":1.5832777144922536,"type":"cushion","x":502,"y":631},"49":{"angle":0,"type":"brick","x":405,"y":226},"81":{"angle":0.3931836092702433,"type":"brick","x":284,"y":396},"18":{"angle":-3.141592653589793,"type":"fan","x":551,"y":702.5},"50":{"angle":1.5818621409409868,"type":"brick","x":406,"y":257},"82":{"angle":-0.39419639320755717,"type":"brick","x":288,"y":419},"19":{"angle":0,"type":"brick","x":391,"y":34},"51":{"angle":0,"type":"brick","x":481,"y":223},"83":{"angle":0.7231222769479991,"type":"brick","x":289,"y":435},"20":{"angle":-1.5706353461000984,"type":"brick","x":391,"y":56},"52":{"angle":0,"type":"brick","x":482,"y":252},"84":{"angle":-0.4103390195456052,"type":"brick","x":288,"y":460},"21":{"angle":-1.5533599896817671,"type":"brick","x":450,"y":55},"53":{"angle":0,"type":"brick","x":481,"y":282},"85":{"angle":1.5793700033427374,"type":"brick","x":264,"y":427},"22":{"angle":1.5822135351838307,"type":"brick","x":492,"y":54},"54":{"angle":1.5841833553191884,"type":"brick","x":461,"y":244},"86":{"angle":0,"type":"brick","x":371,"y":458},"23":{"angle":0,"type":"brick","x":471,"y":57},"55":{"angle":1.59759441641482,"type":"brick","x":531,"y":245},"87":{"angle":1.6097981342134369,"type":"brick","x":431,"y":444},"24":{"angle":1.594071566957936,"type":"brick","x":540,"y":55},"56":{"angle":0.972192691028511,"type":"brick","x":549,"y":243},"88":{"angle":0,"type":"brick","x":452,"y":408},"25":{"angle":0.6788623315130401,"type":"brick","x":389,"y":163},"57":{"angle":1.5754991317938267,"type":"brick","x":572,"y":244},"89":{"angle":0,"type":"brick","x":541,"y":131},"26":{"angle":0.6055201373262165,"type":"brick","x":615,"y":57},"58":{"angle":0,"type":"brick","x":625,"y":224},"90":{"angle":0,"type":"brick","x":514,"y":319},"27":{"angle":0,"type":"brick","x":617,"y":79},"59":{"angle":-1.57727594186856,"type":"brick","x":626,"y":253},"91":{"angle":0.5201901075097001,"type":"brick","x":466,"y":131},"28":{"angle":0,"type":"brick","x":615,"y":36},"60":{"angle":0,"type":"brick","x":697,"y":253},"92":{"angle":-0.228581851071244,"type":"brick","x":467,"y":161},"29":{"angle":0,"type":"brick","x":388,"y":137},"61":{"angle":1.5809661371755706,"type":"brick","x":309,"y":348},"93":{"angle":1.5659962640507692,"type":"brick","x":477,"y":448},"30":{"angle":0,"type":"brick","x":389,"y":185},"62":{"angle":0,"type":"brick","x":256,"y":349},"94":{"angle":0,"type":"brick","x":453,"y":448},"31":{"angle":3.153637904149123,"type":"brick","x":541,"y":171},"63":{"angle":0,"type":"brick","x":368,"y":327},"95":{"angle":1.5501991205287162,"type":"brick","x":526,"y":434}}},"snapshot":{"balls":[{"age":261,"angle":-0.42529866099357605,"type":1,"va":1.8579453229904175,"vx":-1.0329418182373047,"vy":-0.9855599403381348,"x":7.738424777984619,"y":-14.379512786865234},{"age":7,"angle":0.21363085508346558,"type":4,"va":-1.5833429098129272,"vx":-1.0313398838043213,"vy":-0.2170090228319168,"x":0.2049424946308136,"y":-9.542037963867188},{"age":185,"angle":-1.0730808973312378,"type":1,"va":-6.1563720703125,"vx":0.10459965467453003,"vy":1.7998950481414795,"x":9.55888557434082,"y":-14.50503921508789},{"age":205,"angle":1.5846381187438965,"type":4,"va":-2.757894515991211,"vx":-1.0503861904144287,"vy":-0.42622679471969604,"x":0.5417788028717041,"y":-9.013648986816406},{"age":121,"angle":2.379446506500244,"type":4,"va":1.2902843952178955,"vx":-7.971658371388912e-3,"vy":-4.740021228790283,"x":2.962974786758423,"y":-6.28579044342041},{"age":67,"angle":-2.2327322959899902,"type":1,"va":-2.207531452178955,"vx":0.4715799391269684,"vy":-1.391899585723877,"x":0.39140501618385315,"y":-3.225829839706421},{"age":77,"angle":-2.9999473094940186,"type":4,"va":-2.838918924331665,"vx":6.726043298840523e-3,"vy":-4.143474102020264,"x":2.97632098197937,"y":-2.6359105110168457},{"age":27,"angle":0.2549702525138855,"type":4,"va":0.797525942325592,"vx":-2.656429074704647e-3,"vy":-1.3796361684799194,"x":2.960561513900757,"y":-0.18031542003154755}],"widgets":{}}}