{"puzzle":{"reqTiles":["Up","Left"],"inputs":[{"x":0.2,"y":0.0,"balls":[{"type":2,"rate":0.520751953125}]},{"x":0.0,"y":0.2,"balls":[{"type":4,"rate":0.8125}]}],"outputs":[{"x":0.65,"y":1.0,"balls":[{"type":4,"rate":0.8125}]},{"x":0.0,"y":0.35,"balls":[{"type":2,"rate":0.520751953125}]}],"spec":{}},"blueprint":{"puzzle":"f4d2d500-3195-59a1-82b4-0ca54c8a3d6b","title":"Objective: 100% accuracy","submittedAt":"2024-04-24T21:35:23.662506498Z","widgets":{"32":{"angle":-0.284577958465577,"type":"board","x":596.548,"y":706.68518},"33":{"angle":-1.2329858405443512,"type":"board","x":702.565228,"y":607},"34":{"angle":0.40460698619290825,"type":"board","x":359,"y":541},"35":{"angle":0.4766867017096157,"type":"board","x":83.8231,"y":272},"36":{"angle":0.795784383907762,"type":"board","x":69,"y":367},"37":{"angle":0.48406302677044916,"type":"board","x":205,"y":468},"39":{"angle":0.2421235086097097,"type":"board","x":241,"y":331},"42":{"angle":3.6929590203078777,"type":"fan","x":470,"y":584},"11":{"angle":0,"type":"board","x":259,"y":184},"43":{"angle":4.129195524225585,"type":"fan","x":200,"y":503},"12":{"angle":0,"type":"board","x":87.556,"y":183},"44":{"angle":3.8868104796054745,"type":"fan","x":316,"y":560},"13":{"angle":1.3784976019776354,"type":"fan","x":41.355626,"y":80},"45":{"angle":4.265945931131288,"type":"fan","x":108,"y":454},"14":{"angle":0.8146553337262795,"type":"fan","x":43.460234,"y":79},"46":{"angle":2.8499475397277045,"type":"fan","x":242,"y":295},"15":{"angle":1.1355580179268783,"type":"fan","x":43.9676095,"y":74},"16":{"angle":0.48600462214000717,"type":"fan","x":38.3509785,"y":76},"48":{"angle":2.8725413670345197,"type":"fan","x":91,"y":236},"17":{"angle":0,"type":"board","x":430,"y":185},"49":{"angle":2.8128262175152914,"type":"fan","x":343,"y":311},"18":{"angle":0.620352764180159,"type":"board","x":263,"y":91},"50":{"angle":2.209981753521501,"type":"hammer","x":572,"y":499},"19":{"angle":0.5245827879358158,"type":"fan","x":67,"y":76},"51":{"angle":-0.22734306030357762,"type":"hammer","x":533,"y":518},"20":{"angle":0.7706693974664238,"type":"fan","x":307,"y":95},"52":{"angle":2.9351501944463245,"type":"fan","x":171,"y":276},"21":{"angle":0.3952193234969961,"type":"fan","x":318,"y":108},"53":{"angle":-1.7221753664767074,"type":"fan","x":49,"y":396},"22":{"angle":0,"type":"board","x":602,"y":185},"23":{"angle":5.979957266300508e-2,"type":"board","x":583,"y":143},"55":{"angle":-1.5865567580703637,"type":"board","x":729.6781335,"y":149},"24":{"angle":0,"type":"board","x":414,"y":138},"56":{"angle":3.0844052881738637,"type":"fan","x":295,"y":310},"25":{"angle":1.5571867040478018,"type":"hammer","x":688,"y":88},"57":{"angle":3.121495561327804,"type":"fan","x":132,"y":259},"26":{"angle":-0.8124594054460147,"type":"board","x":673.3471085,"y":289},"58":{"angle":-2.2969207339637396,"type":"fan","x":265,"y":539.333},"27":{"angle":0.7138995602667195,"type":"fan","x":548,"y":323},"59":{"angle":-2.0585221480533185,"type":"fan","x":154,"y":479.333},"28":{"angle":-0.8659056936395484,"type":"board","x":625,"y":249},"60":{"angle":3.7393615254115367,"type":"fan","x":381,"y":586},"29":{"angle":-0.2068938468575696,"type":"board","x":531.556,"y":592},"61":{"angle":0,"type":"hammer","x":391,"y":354},"30":{"angle":1.467496839504733,"type":"hammer","x":616,"y":484},"62":{"angle":2.9057058620788356,"type":"hammer","x":475,"y":313},"31":{"angle":1.406973543994312,"type":"board","x":446,"y":652.0927185},"63":{"angle":2.301047259583026,"type":"fan","x":504,"y":335}}},"snapshot":{"balls":[{"age":645,"angle":2.9304230213165283,"type":4,"va":2.8800244331359863,"vx":-1.2182791233062744,"vy":-3.359109163284302e-2,"x":10.044976234436035,"y":-14.220579147338867},{"age":12,"angle":2.345259189605713,"type":2,"va":2.5514841079711914,"vx":-1.2812912464141846,"vy":0.4472408592700958,"x":0.12880827486515045,"y":-5.215965747833252},{"age":454,"angle":-1.1720119714736938,"type":4,"va":27.76166534423828,"vx":-4.1632585525512695,"vy":0.7124122977256775,"x":11.416130065917969,"y":-13.886853218078613},{"age":486,"angle":0.4916240870952606,"type":2,"va":-10.875179290771484,"vx":-1.4325892925262451,"vy":4.439364433288574,"x":1.17389714717865,"y":-5.676985740661621},{"age":409,"angle":1.3264154195785522,"type":4,"va":43.48109436035156,"vx":-4.12883996963501,"vy":-3.8334386348724365,"x":12.978588104248047,"y":-11.689501762390137},{"age":328,"angle":1.4087045192718506,"type":4,"va":19.075803756713867,"vx":-0.9557056427001953,"vy":-2.753366708755493,"x":12.100637435913086,"y":-6.714760780334473},{"age":326,"angle":0.9190043210983276,"type":2,"va":56.306251525878906,"vx":-3.638890504837036,"vy":7.093585968017578,"x":7.2463154792785645,"y":-10.432260513305664},{"age":221,"angle":-1.1232867240905762,"type":4,"va":-7.363548129796982e-2,"vx":1.1355197057127953e-2,"vy":-1.6810983716197825e-9,"x":12.957296371459961,"y":-3.3613030910491943},{"age":231,"angle":-1.881340503692627,"type":2,"va":-48.35429000854492,"vx":10.748430252075195,"vy":0.34779801964759827,"x":10.475467681884766,"y":-3.356001138687134},{"age":144,"angle":1.8122926950454712,"type":4,"va":-30.437829971313477,"vx":1.600451111793518,"vy":-7.256624847650528e-2,"x":6.132935047149658,"y":-3.341200828552246},{"age":78,"angle":3.0156428813934326,"type":4,"va":-7.757418155670166,"vx":1.309787392616272,"vy":-1.9652522802352905,"x":0.4704519212245941,"y":-3.311110734939575},{"age":85,"angle":1.1934897899627686,"type":2,"va":-25.1557559967041,"vx":4.817464828491211,"vy":3.575551986694336,"x":4.694979190826416,"y":-2.1646997928619385}],"widgets":{}}}