{"puzzle":{"reqTiles":["Up"],"inputs":[{"x":0.2,"y":0.0,"balls":[{"type":2,"rate":0.5559895833333334}]}],"outputs":[{"x":0.35,"y":1.0,"balls":[{"type":2,"rate":0.5559895833333334}]}],"spec":{}},"blueprint":{"puzzle":"e5d16a33-a701-54f8-8935-2dfc4bd7756a","title":"Just like clockwork","submittedAt":"2024-04-12T16:43:04.329043126Z","widgets":{"32":{"angle":0.7307177917934474,"type":"leftbumper","x":352,"y":533},"33":{"angle":1.7099263187662885,"type":"board","x":397,"y":440},"65":{"angle":0,"speed":25,"type":"spokedwheel","x":638,"y":97},"97":{"angle":-1.8402451172275023,"type":"cushion","x":243,"y":44.711538},"34":{"angle":2.515425492425257,"type":"board","x":345,"y":179},"66":{"angle":0.7406666643569804,"type":"board","x":617.5,"y":204},"98":{"angle":1.5544369497186388,"type":"cushion","x":252,"y":120},"35":{"angle":1.5876997061794593,"type":"board","x":10.4776905,"y":287},"67":{"angle":0.9254586727753487,"type":"fan","x":503,"y":41.3290995},"99":{"angle":-0.1593368242745232,"catMass":2,"type":"catswat","x":239,"y":334},"36":{"angle":1.491944052406755,"type":"board","x":178,"y":295},"68":{"angle":1.5517471333944484,"type":"board","x":729.334929,"y":183},"100":{"angle":0,"sticker":"figure3-happy","type":"sticker","x":666,"y":640},"37":{"angle":3.803159360629977e-2,"type":"board","x":485,"y":142},"69":{"angle":1.5579500432822635,"type":"board","x":729.8767308,"y":288},"38":{"angle":-0.13970763028131505,"type":"board","x":264,"y":361},"70":{"angle":-0.21082123496311608,"type":"board","x":652.5539705,"y":383},"7":{"angle":-1.5768421787520475,"type":"sword","x":151,"y":187},"39":{"angle":8.717309970203956e-2,"type":"anvil","x":48.500007,"y":691},"71":{"angle":-0.9456844817894319,"type":"rightbumper","x":538,"y":395},"8":{"angle":1.2913057319051315,"type":"board","x":332,"y":310},"40":{"angle":0,"sticker":"figure2-sad","type":"sticker","x":164,"y":670.5},"41":{"angle":0,"type":"brick","x":38,"y":726.5},"43":{"angle":0.2193406748344532,"type":"sword","x":73.0538175,"y":668},"75":{"angle":0.6983536601494731,"type":"board","x":249,"y":598},"44":{"angle":0.7319709877620525,"type":"board","x":313,"y":567},"76":{"angle":0,"type":"brick","x":425,"y":726.5},"45":{"angle":1.6775535599193652,"type":"board","x":380,"y":574},"77":{"angle":0,"type":"brick","x":443,"y":700},"78":{"angle":0,"type":"brick","x":422,"y":674},"15":{"angle":0.11145278816168833,"type":"board","x":236,"y":222},"79":{"angle":0,"type":"brick","x":492,"y":726.5},"80":{"angle":0,"type":"brick","x":512,"y":700},"17":{"angle":0.8495851838077543,"type":"board","x":466,"y":346},"49":{"angle":0.734098384271164,"type":"board","x":161,"y":522},"81":{"angle":0,"type":"brick","x":492,"y":675},"50":{"angle":1.5023737367406451,"type":"cushion","x":313,"y":235},"82":{"angle":0,"type":"brick","x":447,"y":648},"51":{"angle":1.6026664831156232,"type":"cushion","x":416,"y":333},"83":{"angle":0.38350245942637035,"type":"board","x":398,"y":41.0862025},"84":{"angle":0,"sticker":"figure1-happy","type":"sticker","x":447,"y":569},"53":{"angle":4.778665452094774e-2,"type":"board","x":142,"y":726.8305342},"85":{"angle":0,"type":"board","x":462,"y":496},"54":{"angle":2.4622146224268233,"type":"board","x":352,"y":678.0212865},"86":{"angle":-0.7692253758352392,"type":"board","x":599,"y":441},"55":{"angle":-0.9557564029657376,"type":"fan","x":253,"y":253},"87":{"angle":0.7971555797283313,"type":"board","x":481,"y":431},"56":{"angle":-2.832051335297766e-3,"type":"board","x":270,"y":9.2477684},"88":{"angle":1.1944702448945332,"type":"board","x":568,"y":568},"57":{"angle":0,"type":"board","x":432,"y":9},"89":{"angle":0.6174948818336913,"type":"board","x":662,"y":682.000046},"58":{"angle":0,"type":"board","x":538,"y":9},"90":{"angle":0,"type":"anvil","x":597,"y":715},"59":{"angle":0.3142515549616502,"type":"fan","x":284,"y":42.9274975},"91":{"angle":0,"type":"brick","x":562,"y":676},"28":{"angle":0,"speed":25,"type":"spokedwheel","x":96.176,"y":358.001},"60":{"angle":1.5297646296506688,"type":"board","x":265,"y":87.7955068},"93":{"angle":0,"type":"brick","x":579,"y":650},"62":{"angle":1.5343294448334994,"type":"board","x":727.81584,"y":87.7699417},"94":{"angle":0,"type":"brick","x":512,"y":651},"31":{"angle":0,"type":"lefthook","x":207.623,"y":439.345},"63":{"angle":0,"type":"board","x":652.5,"y":9},"95":{"angle":0.11987275914456323,"type":"cup","x":23.659605,"y":181}}},"snapshot":{"balls":[{"age":1661,"angle":1.7722169160842896,"type":2,"va":-29.493959426879883,"vx":4.600011348724365,"vy":-3.307703971862793,"x":6.617751598358154,"y":-12.889684677124023},{"age":1477,"angle":2.7054481506347656,"type":2,"va":-6.843242168426514,"vx":2.289729118347168,"vy":3.0181593894958496,"x":2.144397020339966,"y":-10.975769996643066},{"age":1192,"angle":1.3954172134399414,"type":2,"va":5.7692551612854,"vx":0.6144204139709473,"vy":-0.11483468115329742,"x":0.18688619136810303,"y":-12.476605415344238},{"age":1125,"angle":-1.8672435283660889,"type":2,"va":-14.906932830810547,"vx":2.6075422763824463,"vy":1.1898677349090576,"x":2.7631678581237793,"y":-13.09874153137207},{"age":1042,"angle":-2.534741163253784,"type":2,"va":-6.879266262054443,"vx":1.0912153720855713,"vy":-5.2186060696840286e-2,"x":2.1981749534606934,"y":-14.167104721069336},{"age":705,"angle":-1.246407389640808,"type":2,"va":-4.958697408437729e-2,"vx":3.273051115684211e-4,"vy":4.277503176126629e-4,"x":1.161630392074585,"y":-6.576986789703369},{"age":568,"angle":0.5294250249862671,"type":2,"va":-24.613872528076172,"vx":3.511472463607788,"vy":-0.8720075488090515,"x":5.774904251098633,"y":-13.373891830444336},{"age":412,"angle":-2.355844020843506,"type":2,"va":5.877133458852768e-3,"vx":-5.86351566016674e-3,"vy":-1.0615331120789051e-4,"x":1.906166672706604,"y":-6.2014479637146},{"age":255,"angle":-1.4361413717269897,"type":2,"va":-2.715681865811348e-2,"vx":1.703951135277748e-2,"vy":-2.052413998171687e-3,"x":0.4224926829338074,"y":-3.76956844329834},{"age":151,"angle":-1.9527148008346558,"type":2,"va":-8.077176094055176,"vx":0.4424419403076172,"vy":-0.7186999320983887,"x":1.2553502321243286,"y":-6.067559242248535},{"age":51,"angle":1.0327689349651337e-2,"type":2,"va":-0.5525178909301758,"vx":-0.3375658094882965,"vy":-3.7705960273742676,"x":2.8700506687164307,"y":-0.8882867097854614}],"widgets":{"28":{"angle":0.2542913556098938,"key":"28","va":-1.2936769053339958e-4,"vx":0,"vy":0,"x":1.9235199689865112,"y":-7.160019874572754},"31":{"angle":-3.7972766906023026e-2,"key":"31","va":3.792480379343033e-2,"vx":0,"vy":0,"x":4.148650169372559,"y":-8.825602531433105},"65":{"angle":1.6954759359359741,"key":"65","va":6.662801265716553,"vx":0,"vy":0,"x":12.760000228881836,"y":-1.940000057220459},"99":{"angle":0.15933682024478912,"key":"99","va":0,"vx":0,"vy":0,"x":4.78000020980835,"y":-6.679999828338623}}}}