{"puzzle":{"reqTiles":["Up","Left"],"inputs":[{"x":0.2,"y":0.0,"balls":[{"type":1,"rate":0.671875}]},{"x":0.0,"y":0.65,"balls":[{"type":4,"rate":0.5}]}],"outputs":[{"x":0.8,"y":1.0,"balls":[{"type":4,"rate":0.5}]},{"x":0.0,"y":0.35,"balls":[{"type":1,"rate":0.671875}]}],"spec":{}},"blueprint":{"puzzle":"97af65f2-c5e1-53b3-aaaf-5c8fb4d81741","title":"thank god there are enough blues for the cat","submittedAt":"2024-04-10T11:26:45.722620843Z","widgets":{"0":{"angle":0.9491089396175955,"type":"board","x":58.277,"y":577},"32":{"angle":0,"type":"board","x":398,"y":716},"33":{"angle":0,"type":"board","x":231,"y":715},"2":{"angle":0.28243824951867363,"type":"fan","x":33.0200815,"y":609},"34":{"angle":0,"type":"board","x":87.5,"y":715},"3":{"angle":0.6382197161050486,"type":"board","x":117,"y":620},"35":{"angle":0,"type":"board","x":398,"y":731},"4":{"angle":0.34114704849875227,"type":"board","x":200,"y":656},"36":{"angle":0,"type":"board","x":258,"y":731},"5":{"angle":0.1598473200096988,"type":"board","x":304,"y":683},"37":{"angle":0,"type":"board","x":87.5,"y":731},"6":{"angle":0.11431429920305942,"type":"board","x":396,"y":695},"38":{"angle":0.7698440491526225,"type":"board","x":69.0908695,"y":590},"7":{"angle":0,"type":"fan","x":134,"y":689},"39":{"angle":0,"type":"board","x":87.5,"y":667},"8":{"angle":2.247511472488092e-3,"type":"rightbumper","x":129,"y":211},"40":{"angle":0,"type":"board","x":148,"y":667},"41":{"angle":0,"type":"board","x":87.5,"y":683},"10":{"angle":0,"type":"leftbumper","x":712,"y":145},"42":{"angle":0,"type":"board","x":236,"y":684},"43":{"angle":0,"type":"board","x":87.5,"y":700},"12":{"angle":1.5687723801349278,"type":"cushion","x":19.582945,"y":41.039386},"44":{"angle":0,"type":"board","x":183,"y":700},"13":{"angle":1.560238257805836,"type":"cushion","x":19.931786,"y":119},"45":{"angle":0.8715040599929283,"type":"board","x":63.209332,"y":628},"14":{"angle":-2.489088714141947,"type":"fan","x":150,"y":295},"46":{"angle":0.638360907840513,"type":"board","x":75.631895,"y":601},"15":{"angle":-1.739354982756598,"type":"fan","x":81.897,"y":439},"47":{"angle":0,"type":"board","x":87.5,"y":644},"16":{"angle":-1.5929045976451621,"type":"fan","x":38.010448,"y":440},"48":{"angle":0,"type":"board","x":87.5,"y":650},"17":{"angle":0.13912497676045768,"type":"board","x":276,"y":474},"49":{"angle":0,"type":"board","x":117,"y":654},"18":{"angle":0,"type":"board","x":442,"y":486},"50":{"angle":1.5408053219380184,"type":"board","x":27,"y":612},"19":{"angle":0,"type":"board","x":575,"y":547},"51":{"angle":1.5523875538365581,"type":"board","x":10.6091615,"y":596},"20":{"angle":0,"type":"board","x":652.5,"y":548},"52":{"angle":0.5897121659432725,"type":"board","x":77.7264355,"y":618},"21":{"angle":0,"catMass":2,"type":"catswat","x":522,"y":518},"53":{"angle":1.527996314709219,"type":"board","x":43,"y":637},"22":{"angle":-0.8282487484464859,"type":"board","x":674.2046555,"y":669.449047},"54":{"angle":1.5435303583393019,"type":"board","x":54,"y":652.2871857},"23":{"angle":1.384691235864487,"type":"board","x":178,"y":386},"24":{"angle":0,"sticker":"figure2-happy","type":"sticker","x":703.5,"y":467},"25":{"angle":0,"sticker":"figure1-happy","type":"sticker","x":403,"y":559},"29":{"angle":0,"sticker":"knievel","type":"sticker","x":468,"y":413},"31":{"angle":0,"type":"board","x":338,"y":699}}},"snapshot":{"balls":[{"age":1737,"angle":1.802051067352295,"type":4,"va":0,"vx":0,"vy":0,"x":10.127508163452148,"y":-14.62130355834961},{"age":1657,"angle":-1.370866298675537,"type":1,"va":0,"vx":0,"vy":0,"x":14.551241874694824,"y":-10.62130355834961},{"age":1605,"angle":-0.4652618169784546,"type":1,"va":-0.8676511645317078,"vx":0.13848529756069183,"vy":-4.94765117764473e-10,"x":13.737682342529297,"y":-10.621307373046875},{"age":1136,"angle":1.2758475542068481,"type":1,"va":-0.8676511645317078,"vx":0.13848529756069183,"vy":-4.94765117764473e-10,"x":13.418153762817383,"y":-10.621307373046875},{"age":690,"angle":1.8224852085113525,"type":1,"va":0.8827646374702454,"vx":-7.959791272878647e-2,"vy":0.15817660093307495,"x":0.18011808395385742,"y":-4.073243141174316},{"age":598,"angle":2.3710548877716064,"type":1,"va":-0.8362239003181458,"vx":0.13324861228466034,"vy":1.2223608791828156e-9,"x":13.097667694091797,"y":-10.601306915283203},{"age":439,"angle":-0.14096461236476898,"type":1,"va":-0.8136218190193176,"vx":0.12964707612991333,"vy":1.2223608791828156e-9,"x":12.777202606201172,"y":-10.601306915283203},{"age":343,"angle":1.5908846855163574,"type":1,"va":-8.398017883300781,"vx":-8.957317471504211e-2,"vy":-1.9678395986557007,"x":0.20862123370170593,"y":-3.7128217220306396},{"age":228,"angle":-1.7825515270233154,"type":4,"va":-18.547649383544922,"vx":2.572549693286419e-2,"vy":-0.3893488347530365,"x":11.183116912841797,"y":-14.093729019165039},{"age":259,"angle":2.5609958171844482,"type":1,"va":-27.966346740722656,"vx":-4.474470138549805,"vy":-11.808460235595703,"x":10.067378997802734,"y":-6.598024845123291},{"age":137,"angle":-1.9574638605117798,"type":4,"va":-16.14295768737793,"vx":13.25143051147461,"vy":-6.102916717529297,"x":4.553006649017334,"y":-12.97470474243164},{"age":136,"angle":-1.6854804754257202,"type":1,"va":1.0132063627243042,"vx":-31.302616119384766,"vy":6.014275550842285,"x":9.900875091552734,"y":-1.683030128479004},{"age":39,"angle":-2.195448398590088,"type":4,"va":-0.5480007529258728,"vx":0.9499143958091736,"vy":-0.24344243109226227,"x":0.13569477200508118,"y":-9.599589347839355}],"widgets":{"21":{"angle":0,"key":"21","va":0,"vx":0,"vy":0,"x":10.4399995803833,"y":-10.359999656677246}}}}