{"puzzle":{"reqTiles":["Up","Left"],"inputs":[{"x":0.5,"y":0.0,"balls":[{"type":2,"rate":0.4439798990885417}]},{"x":0.0,"y":0.5,"balls":[{"type":3,"rate":0.6615447998046875}]}],"outputs":[{"x":0.5,"y":1.0,"balls":[{"type":3,"rate":0.6615447998046875}]},{"x":0.0,"y":0.8,"balls":[{"type":2,"rate":0.4439798990885417}]}],"spec":{}},"blueprint":{"puzzle":"fa7a6271-594e-50fc-a70b-1f12ff36f013","title":"the maelstrom has you","submittedAt":"2024-05-21T00:46:53.503813038Z","widgets":{"0":{"angle":3.884682413893859e-2,"type":"brick","x":49,"y":404},"32":{"angle":0.22825230886929068,"type":"board","x":248,"y":698},"1":{"angle":1.6169574497009531,"type":"board","x":74,"y":229},"33":{"angle":0.4019639252221067,"type":"board","x":84.046759,"y":647},"2":{"angle":2.147626686247734,"type":"board","x":122,"y":78.25048},"34":{"angle":-1.9637136845804877,"type":"fan","x":106,"y":702.785},"3":{"angle":1.0591194898022958,"type":"leftbumper","x":122,"y":413},"35":{"angle":3.26312026206176,"type":"fan","x":513,"y":600},"4":{"angle":0,"type":"brick","x":34,"y":299},"36":{"angle":0.2903137024203791,"type":"board","x":405,"y":481},"5":{"angle":-3.260521063676807,"type":"board","x":224,"y":19.318124},"37":{"angle":-0.38142124343907974,"type":"board","x":655.4378525,"y":630},"6":{"angle":3.3503143857595608,"type":"board","x":269,"y":100},"38":{"angle":0.31046418576408025,"type":"board","x":504,"y":572},"7":{"angle":4.019814225066358,"type":"cushion","x":320,"y":44.0049235},"39":{"angle":-0.16017443296772088,"type":"board","x":652.1846775,"y":449},"8":{"angle":3.086947272743757,"type":"board","x":428,"y":113},"40":{"angle":-2.793958576288959,"type":"fan","x":591,"y":499},"9":{"angle":-0.427583801325772,"type":"fan","x":244,"y":157},"41":{"angle":2.868381211153479,"type":"fan","x":414,"y":590},"10":{"angle":-0.391017585893606,"type":"board","x":655.674164,"y":128},"42":{"angle":4.3081450291581405,"type":"fan","x":467,"y":605},"11":{"angle":1.5689153227006978,"type":"board","x":172,"y":325},"43":{"angle":1.574277803386366,"type":"board","x":9.304518,"y":481},"12":{"angle":3.5403299956199272,"type":"prism","x":443,"y":256},"44":{"angle":-0.3961558075147978,"type":"board","x":494,"y":695},"13":{"angle":-0.22855781352247972,"type":"cushion","x":558,"y":173},"45":{"angle":-0.23196829861849627,"type":"brick","x":412,"y":567},"14":{"angle":0.36382219819467265,"type":"prism","x":508,"y":248},"46":{"angle":-1.9850999658613513,"type":"fan","x":596,"y":674},"15":{"angle":-1.488111140023114,"type":"prism","x":543,"y":282},"47":{"angle":2.940719125163376,"type":"fan","x":634,"y":500},"16":{"angle":-2.5935352308122437,"type":"prism","x":484,"y":299},"48":{"angle":-2.055743909067387,"type":"prism","x":391,"y":272},"17":{"angle":0,"type":"prism","x":442,"y":273},"49":{"angle":-0.5256838661605349,"type":"board","x":94,"y":453},"18":{"angle":2.9385479840482986,"type":"prism","x":457,"y":330},"50":{"angle":2.922135988753392,"type":"fan","x":317,"y":555.833},"19":{"angle":-2.21818099857593,"type":"prism","x":500,"y":313},"51":{"angle":-0.5053282778392056,"type":"board","x":89.7939,"y":527},"20":{"angle":2.0946203568328152,"type":"prism","x":562,"y":332},"52":{"angle":-1.0824950519971859,"type":"board","x":291,"y":532},"21":{"angle":-0.7443211634253333,"type":"prism","x":426,"y":278},"53":{"angle":-1.641068534389767,"type":"fan","x":193,"y":709.925},"22":{"angle":1.322117329846339,"type":"prism","x":503,"y":347},"54":{"angle":1.658120921954896,"type":"brick","x":167,"y":452},"23":{"angle":1.7004001535658375,"type":"board","x":184,"y":162},"55":{"angle":-1.329131702471919,"type":"brick","x":346,"y":512},"24":{"angle":2.083840821847891,"type":"brick","x":331,"y":150},"56":{"angle":0.9979319791314931,"type":"prism","x":417,"y":338},"25":{"angle":2.553309190619756,"type":"brick","x":294,"y":194},"26":{"angle":2.825306525677639,"type":"brick","x":247,"y":218},"27":{"angle":2.9378277531212498,"type":"brick","x":212,"y":229},"28":{"angle":2.7693687052675675,"type":"cup","x":241,"y":184},"29":{"angle":-0.9554321323857843,"type":"prism","x":361,"y":271},"30":{"angle":-2.1357199117114667,"type":"prism","x":520,"y":362},"31":{"angle":2.3274484171786645,"type":"prism","x":421,"y":295}}},"snapshot":{"balls":[{"age":1623,"angle":-0.511429488658905,"type":3,"va":11.780216217041016,"vx":-1.7273093461990356,"vy":-0.7047695517539978,"x":13.137639045715332,"y":-12.223959922790527},{"age":1004,"angle":2.7744898796081543,"type":2,"va":20.997140884399414,"vx":-2.8959760665893555,"vy":2.2635326385498047,"x":4.107917785644531,"y":-13.407695770263672},{"age":916,"angle":-0.26132792234420776,"type":3,"va":-6.089987277984619,"vx":0.8900171518325806,"vy":-0.2594289183616638,"x":9.696847915649414,"y":-10.961552619934082},{"age":845,"angle":2.5464096069335938,"type":3,"va":16.51561164855957,"vx":-2.519557237625122,"vy":-1.5814673900604248,"x":11.32557201385498,"y":-12.814713478088379},{"age":871,"angle":-1.7967642545700073,"type":2,"va":3.021958351135254,"vx":-1.9808064699172974,"vy":2.5997893810272217,"x":10.134963035583496,"y":-6.914339065551758},{"age":765,"angle":-2.812560796737671,"type":3,"va":16.591629028320312,"vx":-2.8913748264312744,"vy":-1.1483761072158813,"x":10.872843742370605,"y":-12.956367492675781},{"age":786,"angle":-1.781097412109375,"type":2,"va":-0.3484092056751251,"vx":1.6795653104782104,"vy":1.6148903369903564,"x":3.275912046432495,"y":-13.18213939666748},{"age":652,"angle":-2.599543333053589,"type":3,"va":-9.580085754394531,"vx":1.0315299034118652,"vy":-2.0875461101531982,"x":8.544937133789062,"y":-5.397920608520508},{"age":641,"angle":-0.3054904043674469,"type":2,"va":1.0411791801452637,"vx":-1.1022281646728516,"vy":1.8168666362762451,"x":2.3083925247192383,"y":-11.795699119567871},{"age":535,"angle":-2.387445792555809e-2,"type":3,"va":18.046743392944336,"vx":1.1102436780929565,"vy":-4.570717811584473,"x":6.213560104370117,"y":-5.401093006134033},{"age":419,"angle":0.39476004242897034,"type":3,"va":12.4506196975708,"vx":-1.82508385181427,"vy":-0.791443407535553,"x":11.80706787109375,"y":-2.7328603267669678},{"age":451,"angle":1.4882805347442627,"type":2,"va":-8.793863296508789,"vx":-1.5583163499832153,"vy":1.3335471153259277,"x":8.567466735839844,"y":-7.779911518096924},{"age":374,"angle":-0.5889308452606201,"type":3,"va":3.9707179069519043,"vx":-0.6917944550514221,"vy":-0.6292259097099304,"x":7.708049774169922,"y":-5.242875576019287},{"age":301,"angle":2.200918436050415,"type":3,"va":19.32062530517578,"vx":-0.5211249589920044,"vy":-7.454288482666016,"x":9.144989967346191,"y":-5.399012088775635},{"age":293,"angle":1.744019865989685,"type":2,"va":-4.579251766204834,"vx":3.001420021057129,"vy":-0.6467450261116028,"x":8.105435371398926,"y":-4.148487567901611},{"age":225,"angle":0.7247342467308044,"type":3,"va":25.636180877685547,"vx":4.650888919830322,"vy":-1.282511830329895,"x":11.033774375915527,"y":-1.910062551498413},{"age":165,"angle":2.735349416732788,"type":2,"va":-18.88463592529297,"vx":0.7129710912704468,"vy":0.34047120809555054,"x":12.062981605529785,"y":-1.817680835723877},{"age":92,"angle":1.6938341856002808,"type":3,"va":-6.0362749099731445,"vx":0.9585128426551819,"vy":-3.72539758682251e-2,"x":0.807980477809906,"y":-7.644532203674316},{"age":43,"angle":2.228527307510376,"type":3,"va":-1.975199580192566,"vx":0.6121010780334473,"vy":-0.6286144852638245,"x":0.32192617654800415,"y":-7.568224906921387},{"age":57,"angle":-2.6848902702331543,"type":2,"va":-7.566237926483154,"vx":2.0916311740875244,"vy":2.7447853088378906,"x":7.854091167449951,"y":-1.4684380292892456}],"widgets":{}}}