{"puzzle":{"reqTiles":["Up","Left"],"inputs":[{"x":0.35,"y":0.0,"balls":[{"type":1,"rate":0.75}]},{"x":0.0,"y":0.65,"balls":[{"type":2,"rate":0.75}]}],"outputs":[{"x":0.65,"y":1.0,"balls":[{"type":2,"rate":0.75}]},{"x":0.0,"y":0.2,"balls":[{"type":1,"rate":0.75}]}],"spec":{}},"blueprint":{"puzzle":"647854b7-0177-544f-b4e1-1b9b4e00f7c8","title":"relentlessly rectilinear","submittedAt":"2024-04-08T01:05:22.620402773Z","widgets":{"0":{"angle":0,"type":"board","x":95,"y":509},"32":{"angle":0,"type":"board","x":501,"y":415},"1":{"angle":0,"type":"board","x":248,"y":509},"33":{"angle":0,"type":"board","x":523,"y":401},"2":{"angle":0,"type":"board","x":367,"y":512},"34":{"angle":0,"type":"board","x":546,"y":386},"3":{"angle":1.5770019208946369,"type":"board","x":506,"y":652.4458125},"35":{"angle":0,"type":"brick","x":244,"y":324},"4":{"angle":1.5876351520877738,"type":"board","x":506,"y":551},"5":{"angle":0,"type":"board","x":429,"y":463},"37":{"angle":1.5394358455574562,"type":"board","x":346,"y":652.2608523},"6":{"angle":0,"type":"board","x":94,"y":461},"38":{"angle":1.5585911787389997,"type":"board","x":344,"y":595},"7":{"angle":0,"type":"board","x":260,"y":460},"39":{"angle":1.5579474496527541,"type":"board","x":167,"y":591},"8":{"angle":1.5655413519831296,"type":"board","x":459,"y":592},"40":{"angle":1.5348131393547353,"type":"board","x":167,"y":652.2328339},"9":{"angle":1.5837266406100734,"type":"board","x":453,"y":644},"41":{"angle":0,"type":"board","x":87.5,"y":628},"10":{"angle":0,"type":"board","x":91,"y":170},"42":{"angle":0,"type":"board","x":255,"y":631},"11":{"angle":0,"type":"board","x":209,"y":172},"43":{"angle":1.6216748391436169,"type":"board","x":622,"y":652.1555156},"12":{"angle":1.5758773379932907,"type":"board","x":285,"y":87.5445914},"44":{"angle":1.5332688404166326,"type":"board","x":623,"y":481},"13":{"angle":3.1434986707408785,"type":"board","x":87.5169733,"y":121},"45":{"angle":1.5460683726412676,"type":"board","x":360,"y":266},"14":{"angle":0,"type":"board","x":157,"y":121},"46":{"angle":0,"type":"brick","x":321,"y":321},"15":{"angle":-1.5793188477218434,"type":"brick","x":229,"y":96},"47":{"angle":1.5793614278332562,"type":"board","x":359,"y":188},"16":{"angle":-1.563692415057757,"type":"brick","x":231,"y":37},"48":{"angle":0,"sticker":"kingbun","type":"sticker","x":302,"y":602},"49":{"angle":0,"sticker":"kingbun","type":"sticker","x":233,"y":603},"18":{"angle":-3.1285164758468054,"type":"fan","x":302,"y":143},"50":{"angle":0,"sticker":"kingbun","type":"sticker","x":318,"y":604},"51":{"angle":0,"sticker":"kingbun","type":"sticker","x":198,"y":602},"20":{"angle":0,"type":"brick","x":325,"y":121},"52":{"angle":0,"sticker":"kingbun","type":"sticker","x":217,"y":602},"21":{"angle":0,"type":"brick","x":325,"y":144},"53":{"angle":0,"sticker":"kingbun","type":"sticker","x":256,"y":603},"22":{"angle":0,"type":"brick","x":326,"y":168},"23":{"angle":0,"sticker":"determinism","type":"sticker","x":119,"y":60},"24":{"angle":1.5660059442764132,"type":"board","x":284,"y":261},"26":{"angle":-1.588651571934449,"type":"board","x":356,"y":376},"27":{"angle":1.5630400904935418,"type":"board","x":205,"y":383},"28":{"angle":0,"type":"board","x":285,"y":300},"29":{"angle":0,"type":"board","x":283,"y":345},"30":{"angle":0,"type":"board","x":455,"y":446},"31":{"angle":0,"type":"board","x":476,"y":430}}},"snapshot":{"balls":[{"age":941,"angle":0.7620555758476257,"type":2,"va":-4.584539413452148,"vx":0.7294191718101501,"vy":9.313225746154785e-10,"x":7.898913383483887,"y":-9.90144157409668},{"age":846,"angle":-1.1613903045654297,"type":2,"va":-4.664428234100342,"vx":0.7420160174369812,"vy":-9.313225746154785e-10,"x":7.391578197479248,"y":-9.901446342468262},{"age":797,"angle":0.672681987285614,"type":2,"va":-4.652353763580322,"vx":0.7322883009910583,"vy":-0.6112238168716431,"x":6.937333106994629,"y":-9.903675079345703},{"age":746,"angle":3.0021893978118896,"type":2,"va":-3.3411357402801514,"vx":0.5320518016815186,"vy":0,"x":6.57224178314209,"y":-9.841377258300781},{"age":632,"angle":-0.9123760461807251,"type":2,"va":-3.339801073074341,"vx":0.5317246913909912,"vy":-9.313225746154785e-10,"x":6.251456260681152,"y":-9.841377258300781},{"age":533,"angle":1.4541548490524292,"type":2,"va":-3.323960781097412,"vx":0.5292043685913086,"vy":4.656612873077393e-10,"x":5.924196720123291,"y":-9.841376304626465},{"age":468,"angle":-2.393857002258301,"type":2,"va":-4.800149917602539,"vx":0.7636148929595947,"vy":9.313225746154785e-10,"x":5.506475448608398,"y":-9.841455459594727},{"age":399,"angle":-0.5377091765403748,"type":2,"va":-4.339486598968506,"vx":0.6905308365821838,"vy":1.862645149230957e-9,"x":5.047023296356201,"y":-9.84142780303955},{"age":305,"angle":-2.3015918731689453,"type":2,"va":-4.161278247833252,"vx":0.6626425385475159,"vy":-2.075696836634222e-10,"x":3.383209466934204,"y":-9.841217041015625},{"age":226,"angle":2.5034947395324707,"type":2,"va":-5.246771812438965,"vx":0.8343259692192078,"vy":1.862645149230957e-9,"x":2.7580068111419678,"y":-9.841485023498535},{"age":188,"angle":-1.2197271585464478,"type":2,"va":-4.81213903427124,"vx":0.7654625773429871,"vy":1.862645149230957e-9,"x":2.1899094581604004,"y":-9.84145736694336},{"age":138,"angle":-0.5257513523101807,"type":1,"va":-0.8627471327781677,"vx":0.13269813358783722,"vy":6.249034049687907e-5,"x":0.5697617530822754,"y":-3.061306953430176},{"age":82,"angle":2.5059778690338135,"type":2,"va":-5.642704010009766,"vx":0.8969908356666565,"vy":-3.390014171600342e-7,"x":0.7145299315452576,"y":-9.841512680053711},{"age":79,"angle":0.10981844365596771,"type":1,"va":22.29469108581543,"vx":-8.59919548034668,"vy":-1.7624708414077759,"x":2.280064344406128,"y":-3.0769412517547607}],"widgets":{}}}