{"puzzle":{"reqTiles":["Up","Left"],"inputs":[{"x":0.2,"y":0.0,"balls":[{"type":1,"rate":0.5172017415364584}]},{"x":0.0,"y":0.65,"balls":[{"type":3,"rate":0.575439453125}]}],"outputs":[{"x":0.8,"y":1.0,"balls":[{"type":3,"rate":0.575439453125}]},{"x":0.0,"y":0.35,"balls":[{"type":1,"rate":0.5177510579427084}]}],"spec":{}},"blueprint":{"puzzle":"06d106bc-1f6e-5718-8f89-f21ab0113d27","title":"a little momentum helps","submittedAt":"2024-05-08T19:02:56.18297993Z","widgets":{"0":{"angle":-1.0299122823705649,"type":"fan","x":321,"y":654},"32":{"angle":1.7226456153588543,"type":"prism","x":498,"y":279},"1":{"angle":-0.557277916487686,"type":"board","x":580,"y":512},"33":{"angle":-1.4224085222828162,"type":"prism","x":492,"y":332},"2":{"angle":4.045035089849892e-2,"type":"board","x":497,"y":553},"34":{"angle":3.728268062860422,"type":"prism","x":281,"y":307},"3":{"angle":0.1230777339046713,"type":"board","x":272,"y":525},"35":{"angle":0.567285377069275,"type":"prism","x":236,"y":281},"4":{"angle":3.0829542877609587e-2,"type":"board","x":104,"y":512},"5":{"angle":-1.181336500055775,"type":"fan","x":533,"y":580},"6":{"angle":-0.772668673688679,"type":"fan","x":453,"y":584},"7":{"angle":-1.03424505002643,"type":"board","x":655.537,"y":429},"8":{"angle":-1.5689302326541523,"type":"board","x":675,"y":319},"9":{"angle":-1.2244678339893231,"type":"fan","x":593,"y":561},"10":{"angle":-1.477638437492841,"type":"fan","x":638,"y":532},"11":{"angle":-1.7643607889815072,"type":"fan","x":683,"y":460},"12":{"angle":3.4826437606551823,"type":"board","x":521,"y":115},"13":{"angle":-2.106528926040684,"type":"board","x":636,"y":207},"15":{"angle":1.571148285043036,"type":"board","x":9.0307828,"y":369},"16":{"angle":1.5720351072537222,"type":"board","x":9.108352,"y":142},"18":{"angle":0.10026720213217695,"type":"board","x":119,"y":702},"19":{"angle":7.430786979829883e-2,"type":"board","x":288,"y":718},"20":{"angle":3.072145168043324e-2,"type":"board","x":459,"y":728.3165455},"21":{"height":81,"type":"repulsor","width":81,"x":56,"y":311},"22":{"angle":0,"sticker":"knievel","type":"sticker","x":51,"y":358},"23":{"angle":8.335214688793297e-2,"type":"board","x":103,"y":428},"24":{"angle":-0.25012522813777543,"type":"board","x":343,"y":611},"25":{"angle":1.6706396260166119,"type":"board","x":51.7889,"y":600},"26":{"angle":0,"type":"hook","x":333.981,"y":427.571},"27":{"height":32,"type":"repulsor","width":32,"x":435,"y":414},"28":{"angle":-1.5746922524469134,"type":"brick","x":653,"y":705.9476787},"29":{"angle":0,"sticker":"kingbun","type":"sticker","x":652,"y":653},"30":{"angle":2.553880017171157,"type":"prism","x":421,"y":204},"31":{"angle":-0.5756587360294464,"type":"prism","x":380,"y":235}}},"snapshot":{"balls":[{"age":1065,"angle":-1.7263871431350708,"type":3,"va":-8.048699378967285,"vx":1.270435094833374,"vy":-0.12781035900115967,"x":3.9103002548217773,"y":-13.853870391845703},{"age":997,"angle":-2.971609354019165,"type":3,"va":-7.939436435699463,"vx":1.2433431148529053,"vy":-0.5377593636512756,"x":4.227833271026611,"y":-13.8961820602417},{"age":876,"angle":-2.6817305088043213,"type":3,"va":-8.305624961853027,"vx":1.3134535551071167,"vy":-9.777872264385223e-2,"x":4.820852756500244,"y":-13.950785636901855},{"age":771,"angle":-0.2429933100938797,"type":3,"va":-9.617761611938477,"vx":1.5187692642211914,"vy":-0.11306419968605042,"x":5.71551513671875,"y":-14.017457008361816},{"age":8,"angle":-1.5310548543930054,"type":1,"va":3.165656328201294,"vx":-0.9492549300193787,"vy":0.5683136582374573,"x":0.1821460872888565,"y":-5.215622901916504},{"age":635,"angle":-1.2517811059951782,"type":3,"va":-12.407509803771973,"vx":1.9502031803131104,"vy":-0.16783824563026428,"x":7.140089988708496,"y":-14.123727798461914},{"age":514,"angle":-0.44420892000198364,"type":3,"va":8.961935997009277,"vx":-1.355134129524231,"vy":-0.3160983622074127,"x":6.825167655944824,"y":-11.87963581085205},{"age":405,"angle":-3.073686122894287,"type":3,"va":-16.60613250732422,"vx":2.64534592628479,"vy":-0.7852116227149963,"x":7.368624687194824,"y":-10.41132926940918},{"age":377,"angle":0.9262557029724121,"type":1,"va":-67.10087585449219,"vx":-10.528322219848633,"vy":-4.392147541046143,"x":3.727630615234375,"y":-3.5728256702423096},{"age":309,"angle":0.7711067199707031,"type":3,"va":-13.321327209472656,"vx":2.0966455936431885,"vy":-0.2920539379119873,"x":5.595690727233887,"y":-10.178516387939453},{"age":234,"angle":-3.0525970458984375,"type":1,"va":-16.22529411315918,"vx":2.548736810684204,"vy":-0.3479957580566406,"x":6.848938465118408,"y":-10.333608627319336},{"age":172,"angle":-1.1446590423583984,"type":3,"va":-6.221649169921875,"vx":0.9880794286727905,"vy":-3.0472084879875183e-2,"x":2.0047149658203125,"y":-9.899068832397461},{"age":67,"angle":-3.020336151123047,"type":1,"va":3.2892391681671143,"vx":8.432198315858841e-3,"vy":-9.389325141906738,"x":2.9652371406555176,"y":-4.590509414672852}],"widgets":{"26":{"angle":1.667114265728742e-4,"key":"26","va":6.619879975914955e-3,"vx":0,"vy":0,"x":6.679504871368408,"y":-8.551702499389648}}}}