{"puzzle":{"reqTiles":["Up"],"inputs":[{"x":0.8,"y":0.0,"balls":[{"type":2,"rate":1.0}]}],"outputs":[{"x":0.2,"y":1.0,"balls":[{"type":2,"rate":1.0}]}],"spec":{}},"blueprint":{"puzzle":"1d116da9-2ce3-5893-9240-be66a0da77d9","title":"Double half pipe","submittedAt":"2024-04-06T21:30:32.633159211Z","widgets":{"32":{"angle":1.2902856150266313,"type":"fan","x":537,"y":38},"64":{"angle":1.4017224100127301,"type":"board","x":256,"y":210},"33":{"angle":1.6737887257790747,"type":"fan","x":493,"y":514},"65":{"angle":2.3314203360053143,"type":"brick","x":118,"y":101},"34":{"angle":1.2364417468044928,"type":"fan","x":532,"y":181},"66":{"angle":1.257682847343595,"type":"brick","x":113,"y":146},"35":{"angle":1.2739375563520714,"type":"fan","x":531,"y":123},"36":{"angle":1.1316080879638981,"type":"fan","x":531,"y":102},"5":{"angle":1.548773487900273,"type":"board","x":571,"y":104},"37":{"angle":1.3796828745340184,"type":"fan","x":538,"y":69},"6":{"angle":1.7767034477653567,"type":"board","x":546,"y":418},"38":{"angle":1.1904059662031254,"type":"brick","x":40,"y":590},"7":{"angle":1.8464684650466678,"type":"board","x":600,"y":452},"39":{"angle":-1.1018588658866815,"type":"prism","x":131,"y":659},"8":{"angle":1.6506280886224758,"type":"board","x":617,"y":288},"40":{"angle":1.3328927206775747,"type":"brick","x":21.132403,"y":524},"9":{"angle":1.6554004011383543,"type":"board","x":568,"y":268},"10":{"angle":1.5582911298857893,"type":"board","x":616,"y":115},"42":{"angle":3.1604586730563744,"type":"fan","x":571,"y":699.847677},"11":{"angle":2.058315384234169,"type":"board","x":555,"y":595},"12":{"angle":-0.56634247020504,"type":"brick","x":504,"y":689},"44":{"angle":4.428194898213457,"type":"fan","x":265,"y":706.928228},"13":{"angle":0,"type":"brick","x":450,"y":714},"14":{"angle":0.1346277976091696,"type":"brick","x":384,"y":714},"15":{"angle":0.39393545219317566,"type":"brick","x":324,"y":702},"16":{"angle":1.733463229840723,"type":"fan","x":650,"y":55},"17":{"angle":1.7539448798334105,"type":"fan","x":652,"y":118},"49":{"angle":1.5677069006104163,"type":"brick","x":13.6049585,"y":467},"18":{"angle":1.869942534187697,"type":"fan","x":649,"y":164},"19":{"angle":0.6532318866213661,"type":"brick","x":283,"y":682},"20":{"angle":0.9388737024518727,"type":"brick","x":245,"y":642},"21":{"angle":1.988707370938677,"type":"fan","x":653,"y":196},"53":{"angle":1.3972576784533723,"type":"board","x":212,"y":534},"22":{"angle":1.8935629892825037,"type":"fan","x":656,"y":238},"54":{"angle":1.4888769626923777,"type":"board","x":189,"y":362},"23":{"angle":1.925532133474233,"type":"fan","x":654,"y":270},"55":{"angle":1.2732679605872506,"type":"brick","x":235,"y":105},"24":{"angle":2.0235006281147223,"type":"fan","x":658,"y":316},"56":{"angle":0.9720353808097444,"type":"brick","x":215,"y":58},"57":{"angle":0,"type":"brick","x":150,"y":13.5},"26":{"angle":-1.2323775658109775,"type":"brick","x":190,"y":693},"58":{"angle":0.6662627602841704,"type":"brick","x":191,"y":31.6266175},"27":{"angle":-1.0243088612680085,"type":"brick","x":208,"y":646},"59":{"angle":-0.4740679592492689,"type":"brick","x":96,"y":27.5325105},"28":{"angle":1.085951032102761,"type":"brick","x":96,"y":692},"60":{"angle":-0.7216113584177004,"type":"brick","x":60,"y":53},"29":{"angle":1.038885998978851,"type":"brick","x":68,"y":643},"61":{"angle":-1.4912441383499015,"type":"brick","x":43,"y":101},"62":{"angle":1.5066890525330872,"type":"board","x":44,"y":208},"63":{"angle":1.5397483564445151,"type":"board","x":51,"y":358}}},"snapshot":{"balls":[{"age":815,"angle":-2.013916492462158,"type":2,"va":1.6321849822998047,"vx":2.2106001377105713,"vy":-6.558742046356201,"x":2.194502830505371,"y":-8.125536918640137},{"age":538,"angle":-2.8200597763061523,"type":2,"va":3.6792855262756348,"vx":0.17765487730503082,"vy":-2.34293270111084,"x":2.9353575706481934,"y":-13.991230964660645},{"age":430,"angle":-1.058236837387085,"type":2,"va":-2.7522776126861572,"vx":6.935617327690125e-2,"vy":-0.6310295462608337,"x":3.0855469703674316,"y":-14.455466270446777},{"age":18,"angle":2.260957717895508,"type":2,"va":1.3662853240966797,"vx":-0.366263210773468,"vy":-0.45505276322364807,"x":2.9418301582336426,"y":-14.786334037780762},{"age":276,"angle":-2.971752166748047,"type":2,"va":49.716861724853516,"vx":-5.709890365600586,"vy":0.25689488649368286,"x":5.215659141540527,"y":-6.252474308013916},{"age":206,"angle":0.10481361299753189,"type":2,"va":-1.6941256523132324,"vx":2.184084415435791,"vy":-1.850913166999817,"x":1.5707721710205078,"y":-2.4901552200317383},{"age":130,"angle":0.3436596095561981,"type":2,"va":127.6319351196289,"vx":-5.924715042114258,"vy":16.840904235839844,"x":3.671564817428589,"y":-1.0628033876419067},{"age":64,"angle":-0.35527145862579346,"type":2,"va":8.650901794433594,"vx":-0.5512505173683167,"vy":-19.16103744506836,"x":11.984012603759766,"y":-4.027379512786865}],"widgets":{}}}