{"puzzle":{"reqTiles":["Up"],"inputs":[{"x":0.5,"y":0.0,"balls":[{"type":2,"rate":0.5559895833333334}]}],"outputs":[{"x":0.8,"y":1.0,"balls":[{"type":2,"rate":0.5559895833333334}]}],"spec":{}},"blueprint":{"puzzle":"5b4db57c-fd6c-5298-81de-264c5f30357c","title":"Particle accelerator?","submittedAt":"2024-04-13T02:15:15.744007724Z","widgets":{"64":{"angle":-1.600393967790024,"type":"board","x":626,"y":390},"96":{"angle":-1.2673821279217496,"type":"fan","x":404,"y":576},"65":{"angle":-1.5974185041989415,"type":"board","x":631,"y":549},"34":{"angle":1.5562655659510638,"type":"board","x":539,"y":465},"66":{"angle":-1.5766922215713441,"type":"board","x":633,"y":652.4484252},"35":{"angle":1.5535296085507073,"type":"board","x":537,"y":309},"67":{"angle":-1.6044092267060577,"type":"board","x":559,"y":579.247},"36":{"angle":1.9491486592821596,"type":"board","x":439,"y":84.6360725},"68":{"angle":-1.6078514693329546,"type":"board","x":563,"y":652.2266056},"5":{"angle":-0.11628968967814163,"type":"board","x":317,"y":84},"37":{"angle":1.523116357756963,"type":"board","x":534,"y":180},"69":{"angle":1.7875120773344082,"type":"fan","x":657,"y":54},"6":{"angle":2.9954443751600777,"type":"fan","x":438,"y":40.522494},"38":{"angle":-1.3995673846334027,"type":"fan","x":422,"y":569},"70":{"angle":1.8158265896879369,"type":"fan","x":654,"y":140},"7":{"angle":2.871753894863747,"type":"board","x":238,"y":36},"39":{"angle":1.7460454146456847,"type":"board","x":408,"y":347},"71":{"angle":1.7030348733313703,"type":"fan","x":658,"y":118},"8":{"angle":-0.17962490223195415,"type":"board","x":182,"y":103},"40":{"angle":-1.2679055434039304,"type":"fan","x":363,"y":565},"72":{"angle":1.8118634836882568,"type":"fan","x":664,"y":83},"9":{"angle":-0.31399463866890287,"type":"board","x":117,"y":69},"41":{"angle":-1.0582475190545066,"type":"fan","x":353,"y":408},"73":{"angle":-1.0965183768832052,"type":"leftbumper","x":180,"y":377},"42":{"angle":-1.090295378645873,"type":"fan","x":370,"y":370},"74":{"angle":2.072773586942685,"type":"rightbumper","x":264,"y":419},"43":{"angle":-1.201067129375384,"type":"fan","x":380,"y":342},"75":{"angle":1.7607636934003796,"type":"fan","x":655,"y":175},"44":{"angle":-1.025922724377722,"type":"fan","x":383,"y":311},"76":{"angle":1.756335480169658,"type":"fan","x":661,"y":342},"13":{"angle":1.570828080304596,"type":"board","x":409,"y":87.5002852},"45":{"angle":0,"type":"fan","x":31,"y":516},"77":{"angle":1.7175576775893664,"type":"fan","x":662,"y":316},"14":{"angle":1.5948904665509616,"type":"board","x":408,"y":241},"46":{"angle":-1.2151069094132552,"type":"fan","x":389,"y":276},"78":{"angle":1.685829330462216,"type":"fan","x":655,"y":286},"47":{"angle":-0.952025290547675,"type":"fan","x":373,"y":245},"79":{"angle":1.7812297873924472,"type":"fan","x":652,"y":253},"48":{"angle":-0.3631831704838938,"type":"fan","x":335,"y":134},"80":{"angle":1.7667695370518974,"type":"fan","x":656,"y":208},"81":{"angle":0,"sticker":"squobject","type":"sticker","x":204,"y":713.5},"50":{"angle":0,"type":"board","x":165,"y":515},"82":{"angle":0,"sticker":"squobject","type":"sticker","x":475,"y":713.5},"19":{"angle":1.6387589741217035,"type":"leftbumper","x":49.2918081,"y":480},"51":{"angle":0,"type":"board","x":330,"y":527},"83":{"angle":0,"sticker":"squobject","type":"sticker","x":259,"y":713.5},"20":{"angle":1.5693584250297985,"type":"board","x":68.6239,"y":166},"52":{"angle":0,"type":"board","x":454,"y":526},"84":{"angle":0,"sticker":"squobject","type":"sticker","x":313,"y":713.5},"21":{"angle":1.5843770573304912,"type":"board","x":103,"y":197},"53":{"angle":0.8873801811980015,"type":"board","x":162,"y":343},"85":{"angle":0,"sticker":"squobject","type":"sticker","x":366,"y":713.5},"54":{"angle":0,"type":"board","x":300,"y":418},"86":{"angle":0,"sticker":"squobject","type":"sticker","x":422,"y":713.5},"87":{"angle":0,"sticker":"squobject","type":"sticker","x":29,"y":713.5},"24":{"angle":1.5775393600673489,"type":"fan","x":90,"y":23.7523149},"56":{"angle":1.548673385736982,"type":"cushion","x":540,"y":468},"88":{"angle":0,"sticker":"squobject","type":"sticker","x":87,"y":713.5},"57":{"angle":1.535456289913736,"type":"cushion","x":538,"y":405},"89":{"angle":0,"sticker":"squobject","type":"sticker","x":143,"y":713.5},"58":{"angle":1.5485712141905417,"type":"board","x":619,"y":95.6784},"90":{"angle":0,"catMass":2,"type":"catswat","x":534,"y":717},"27":{"height":404,"type":"attractor","width":404,"x":244.5,"y":296.5},"59":{"angle":-1.5929087487999694,"type":"board","x":621,"y":241},"91":{"angle":1.593330315144525,"type":"cushion","x":539,"y":436},"92":{"angle":-1.5763236001324954,"type":"board","x":557,"y":432},"61":{"angle":1.5402533587340304,"type":"board","x":553,"y":271},"93":{"angle":-1.2295098382800578,"type":"fan","x":382,"y":575},"62":{"angle":1.5272009937537585,"type":"board","x":549,"y":181},"94":{"angle":-1.1705542424230306,"type":"fan","x":367,"y":570},"31":{"height":10,"type":"repulsor","width":150,"x":109,"y":541},"63":{"angle":-0.3401006612216178,"type":"fan","x":332,"y":132},"95":{"angle":-1.4500653361207545,"type":"fan","x":439,"y":573}}},"snapshot":{"balls":[{"age":914,"angle":3.073101282119751,"type":2,"va":6.094752311706543,"vx":-0.8552632927894592,"vy":0.32905614376068115,"x":12.006381034851074,"y":-14.448320388793945},{"age":533,"angle":-1.4083716869354248,"type":2,"va":-12.056760787963867,"vx":-1.055652141571045,"vy":-1.8380154371261597,"x":11.929248809814453,"y":-13.819202423095703},{"age":441,"angle":-2.4135165214538574,"type":2,"va":-23.26345443725586,"vx":10.980607986450195,"vy":0.7176377773284912,"x":10.248013496398926,"y":-5.363175868988037},{"age":365,"angle":0.5998675227165222,"type":2,"va":5.524594783782959,"vx":-0.5264344215393066,"vy":-1.0224581956863403,"x":1.874111294746399,"y":-2.0235347747802734},{"age":234,"angle":-1.6997828483581543,"type":2,"va":-5.2126688957214355,"vx":0.8859132528305054,"vy":-9.741771221160889e-2,"x":3.530700206756592,"y":-1.7360591888427734},{"age":79,"angle":-2.3535079956054688,"type":2,"va":44.7593879699707,"vx":-6.131138324737549,"vy":5.823667347431183e-2,"x":3.7617850303649902,"y":-1.5918900966644287}],"widgets":{"90":{"angle":0,"key":"90","va":0,"vx":0,"vy":0,"x":10.680000305175781,"y":-14.34000015258789}}}}