{"puzzle":{"reqTiles":["Up"],"inputs":[{"x":0.35,"y":0.0,"balls":[{"type":2,"rate":0.4867095947265625}]},{"x":1.0,"y":0.35,"balls":[{"type":1,"rate":0.72119140625}]}],"outputs":[{"x":0.2,"y":1.0,"balls":[{"type":1,"rate":0.72265625}]},{"x":1.0,"y":0.65,"balls":[{"type":2,"rate":0.46434529622395837}]}],"spec":{}},"blueprint":{"puzzle":"79e38016-38a4-57d0-ae8c-207847fe6626","title":"bounce sorter","submittedAt":"2024-05-17T23:05:04.364118132Z","widgets":{"0":{"angle":-0.18877374325497182,"type":"board","x":335,"y":152},"32":{"angle":-9.176323357170069e-2,"type":"cushion","x":219,"y":174},"1":{"angle":-0.37727914589564576,"type":"cushion","x":273,"y":72},"33":{"angle":-0.17410396916599694,"type":"cushion","x":249,"y":171},"2":{"angle":1.5123458996279489,"type":"cushion","x":288,"y":42.0691074},"34":{"angle":0,"type":"cushion","x":291,"y":168},"3":{"angle":-0.1107033640876953,"type":"brick","x":704.7166745,"y":295},"35":{"angle":-1.8825705898764253,"type":"cushion","x":189,"y":75},"4":{"angle":-1.6430766269105894,"type":"rightbumper","x":650,"y":328},"36":{"angle":-1.0574775560751357,"type":"cushion","x":118,"y":694.7081955},"5":{"angle":0,"type":"cushion","x":426,"y":19.5},"6":{"angle":0,"type":"cushion","x":391,"y":19.5},"7":{"angle":-1.5798764481817003,"type":"cushion","x":422,"y":132},"8":{"angle":-0.5283502264035765,"type":"cushion","x":331,"y":45},"9":{"angle":-0.14238449408144843,"type":"board","x":229,"y":172},"10":{"angle":-0.8288136133506012,"type":"cushion","x":85,"y":148},"11":{"angle":1.793950652683328,"type":"cushion","x":51,"y":189},"12":{"angle":0.6879981655156704,"type":"cushion","x":72,"y":243},"13":{"angle":0.31126491031562886,"type":"cushion","x":114,"y":269},"14":{"angle":0.19717586000634055,"type":"board","x":158,"y":276},"15":{"angle":-1.945581808830252e-2,"type":"anvil","x":519,"y":609},"16":{"angle":1.0826074279044506,"type":"fan","x":211,"y":191},"17":{"angle":0,"type":"anvil","x":445,"y":610},"18":{"angle":0,"type":"board","x":608,"y":356},"20":{"angle":0.14247255589084212,"type":"cushion","x":690,"y":498},"21":{"angle":0.26292270668305734,"type":"cushion","x":658,"y":490},"22":{"angle":0,"type":"cushion","x":634,"y":365},"23":{"angle":0,"type":"cushion","x":692,"y":369},"24":{"angle":1.5369448775855463,"type":"cushion","x":719.1235285,"y":369},"25":{"angle":-7.555707808097194e-2,"type":"board","x":264,"y":724.420722},"26":{"angle":-7.561185220459754e-2,"type":"board","x":403,"y":714},"27":{"angle":-0.1263908223530897,"type":"board","x":567,"y":697},"28":{"angle":-0.8311788172925683,"type":"board","x":674.3760285,"y":635},"29":{"angle":1.5530316983013759,"type":"cushion","x":719.7747693,"y":539},"30":{"angle":1.5955294300029959,"type":"cushion","x":328,"y":58.4697},"31":{"angle":-0.22862146823654922,"type":"cushion","x":180,"y":180}}},"snapshot":{"balls":[{"age":765,"angle":-0.14936727285385132,"type":1,"va":28.10586166381836,"vx":-3.9526379108428955,"vy":0.3315940499305725,"x":12.220004081726074,"y":-13.493447303771973},{"age":668,"angle":-1.4950149059295654,"type":1,"va":19.44973373413086,"vx":-2.2741458415985107,"vy":-2.423846483230591,"x":13.353967666625977,"y":-12.343951225280762},{"age":621,"angle":-2.00692081451416,"type":1,"va":-37.97475814819336,"vx":5.966560363769531,"vy":-1.26535165309906,"x":13.571226119995117,"y":-10.63790512084961},{"age":593,"angle":-2.2126548290252686,"type":2,"va":1.3147603273391724,"vx":-0.20932543277740479,"vy":-2.3479301016777754e-3,"x":12.874914169311523,"y":-9.218977928161621},{"age":547,"angle":-3.121356725692749,"type":1,"va":-31.592409133911133,"vx":6.595029830932617,"vy":-9.21670150756836,"x":8.228716850280762,"y":-8.636368751525879},{"age":456,"angle":2.1728882789611816,"type":1,"va":14.888157844543457,"vx":-0.6560006737709045,"vy":-0.4880116581916809,"x":1.6872460842132568,"y":-4.149967193603516},{"age":463,"angle":0.5078917741775513,"type":2,"va":8.553464889526367,"vx":-1.336558222770691,"vy":0.19172023236751556,"x":13.998045921325684,"y":-9.457298278808594},{"age":407,"angle":-2.8148913383483887,"type":1,"va":-5.2415547370910645,"vx":0.6441981196403503,"vy":-0.5298801064491272,"x":1.8304822444915771,"y":-4.499653339385986},{"age":333,"angle":-2.8669772148132324,"type":1,"va":-13.153421401977539,"vx":1.9020811319351196,"vy":-0.8182265758514404,"x":2.3135833740234375,"y":-4.835567474365234},{"age":364,"angle":2.950432538986206,"type":2,"va":-30.534093856811523,"vx":6.627164840698242,"vy":-8.270075798034668,"x":7.455490589141846,"y":-7.692933082580566},{"age":305,"angle":-0.6006675958633423,"type":1,"va":0.8593803644180298,"vx":-0.1369389146566391,"vy":-5.238689482212067e-10,"x":5.885969638824463,"y":-2.833489179611206},{"age":254,"angle":-0.20984245836734772,"type":2,"va":-16.701778411865234,"vx":2.8000621795654297,"vy":-0.7803246378898621,"x":3.370544672012329,"y":-5.167099475860596},{"age":210,"angle":-1.801145315170288,"type":1,"va":-4.176980495452881,"vx":0.5616776943206787,"vy":0.19903895258903503,"x":6.892960548400879,"y":-2.64949107170105},{"age":139,"angle":-2.236001491546631,"type":2,"va":1.1949193477630615,"vx":-0.1895727813243866,"vy":-1.744501106441021e-2,"x":4.488429069519043,"y":-2.9412894248962402},{"age":79,"angle":0.7749923467636108,"type":1,"va":7.85486364364624,"vx":-1.2385375499725342,"vy":-0.13767500221729279,"x":13.866488456726074,"y":-5.494301795959473}],"widgets":{}}}