{"puzzle":{"reqTiles":["Up","Left"],"inputs":[{"x":0.5,"y":0.0,"balls":[{"type":1,"rate":0.70068359375}]},{"x":0.0,"y":0.65,"balls":[{"type":4,"rate":0.833251953125}]}],"outputs":[{"x":0.65,"y":1.0,"balls":[{"type":4,"rate":0.833251953125}]},{"x":0.0,"y":0.8,"balls":[{"type":1,"rate":0.70068359375}]}],"spec":{}},"blueprint":{"puzzle":"7b165476-a76b-5076-90f0-981fc031e97e","title":"air resistance is not negligable","submittedAt":"2024-05-13T11:15:22.615837082Z","widgets":{"0":{"angle":0,"type":"brick","x":34,"y":513},"32":{"angle":-0.16694552066592425,"type":"board","x":97,"y":603},"1":{"angle":0.1416686005369605,"type":"board","x":509,"y":258},"33":{"angle":-0.16667196072793275,"type":"board","x":556,"y":456},"2":{"angle":0.29771577075608335,"type":"board","x":353,"y":223},"34":{"angle":0.2329951376442431,"type":"brick","x":635,"y":478},"3":{"angle":0.16236312110501877,"type":"board","x":248,"y":83},"35":{"angle":0.7460600163444814,"type":"board","x":386,"y":673.9999665},"4":{"angle":-0.73484500054214,"type":"board","x":107,"y":124},"36":{"angle":-0.7822563158896773,"type":"board","x":557,"y":671.9389},"5":{"angle":-1.5475302093844348,"type":"board","x":46,"y":255},"37":{"angle":0,"sticker":"determinism","type":"sticker","x":226,"y":687},"6":{"angle":-1.5623371247620326,"type":"board","x":42,"y":420},"8":{"angle":-1.2447228644043142,"type":"fan","x":50,"y":217},"10":{"angle":-1.7661691200098566,"type":"fan","x":71,"y":387},"11":{"angle":-1.5857072702864023,"type":"fan","x":37.8462319,"y":528},"12":{"angle":0,"speed":-7,"type":"spokedwheel","x":482,"y":145},"13":{"angle":1.6394914007006438,"type":"board","x":276,"y":174},"14":{"angle":0,"type":"brick","x":620,"y":229},"17":{"angle":0.11465583425878134,"type":"board","x":611,"y":232},"18":{"angle":1.5003696889399634,"type":"cushion","x":632,"y":268},"19":{"angle":2.712865713604542e-2,"type":"fan","x":405,"y":322},"20":{"angle":0.11792391050130333,"catMass":2,"type":"catswat","x":290,"y":187},"21":{"angle":0.9745766447098352,"type":"brick","x":456,"y":35.714269},"22":{"angle":0,"type":"brick","x":486,"y":54},"24":{"angle":0.6251387798652559,"type":"brick","x":542,"y":74},"25":{"angle":-1.8637666713359016,"type":"brick","x":573,"y":121},"26":{"angle":-1.4132466818297358,"type":"brick","x":573,"y":167},"27":{"angle":-0.6635302453581303,"type":"brick","x":565,"y":201},"28":{"angle":-1.544240195343479,"type":"sword","x":641,"y":448},"29":{"angle":-0.2870977649348366,"type":"board","x":653.532845,"y":597},"30":{"angle":-0.2870977649348366,"type":"board","x":244,"y":553},"31":{"angle":-0.24880317211273742,"type":"board","x":400,"y":496}}},"snapshot":{"balls":[{"age":1419,"angle":0.43975281715393066,"type":4,"va":17.825498580932617,"vx":-1.9777942895889282,"vy":-2.015469551086426,"x":9.843052864074707,"y":-14.250475883483887},{"age":1304,"angle":1.0145976543426514,"type":4,"va":1.9188874959945679,"vx":-1.8975140992552042e-3,"vy":1.1363931894302368,"x":0.1800248771905899,"y":-2.496340036392212},{"age":13,"angle":0.5631061792373657,"type":4,"va":-1.1586617231369019,"vx":0.1588769406080246,"vy":-0.6807571053504944,"x":9.613783836364746,"y":-14.683234214782715},{"age":1189,"angle":-0.8252843022346497,"type":4,"va":8.591065406799316,"vx":-1.274810791015625,"vy":-0.37639743089675903,"x":12.229546546936035,"y":-11.835532188415527},{"age":1106,"angle":-0.81854647397995,"type":4,"va":-5.292989730834961,"vx":0.813022255897522,"vy":-0.11595772951841354,"x":9.991104125976562,"y":-4.791115760803223},{"age":1001,"angle":-0.27505385875701904,"type":4,"va":-10.765822410583496,"vx":1.6247941255569458,"vy":-0.2657682001590729,"x":8.962617874145508,"y":-4.641951084136963},{"age":901,"angle":-0.5908796787261963,"type":4,"va":8.4700288772583,"vx":-0.8217038512229919,"vy":-1.4948793649673462,"x":13.706836700439453,"y":-11.237130165100098},{"age":813,"angle":-2.022000789642334,"type":4,"va":-5.68276309967041,"vx":0.14226964116096497,"vy":-4.075901508331299,"x":7.128496170043945,"y":-4.021635055541992},{"age":714,"angle":2.4587953090667725,"type":4,"va":-5.130640983581543,"vx":0.7857441306114197,"vy":-0.12870918214321136,"x":6.724428653717041,"y":-1.6059801578521729},{"age":644,"angle":-0.5777996182441711,"type":4,"va":-5.114966869354248,"vx":0.7833827137947083,"vy":-0.12832187116146088,"x":6.33561897277832,"y":-1.5422900915145874},{"age":597,"angle":1.5853278636932373,"type":4,"va":-4.388545036315918,"vx":0.6724397540092468,"vy":-0.11014916747808456,"x":3.8978445529937744,"y":-1.142924189567566},{"age":623,"angle":1.4837287664413452,"type":1,"va":34.620582580566406,"vx":-5.241269111633301,"vy":-3.0543932914733887,"x":2.31707501411438,"y":-11.58364200592041},{"age":530,"angle":-0.5932422280311584,"type":4,"va":-5.212088108062744,"vx":0.7982543110847473,"vy":-0.13075827062129974,"x":5.716293811798096,"y":-1.4408481121063232},{"age":553,"angle":-2.4393036365509033,"type":1,"va":34.269134521484375,"vx":-5.198945999145508,"vy":-1.600411057472229,"x":3.2712721824645996,"y":-11.183541297912598},{"age":456,"angle":-2.9946184158325195,"type":4,"va":5.483985900878906,"vx":0.5782627463340759,"vy":2.375070810317993,"x":0.3080691397190094,"y":-2.8248422145843506},{"age":479,"angle":0.9256076812744141,"type":1,"va":15.460380554199219,"vx":-2.4152472019195557,"vy":-0.43901973962783813,"x":9.783434867858887,"y":-9.001973152160645},{"age":409,"angle":3.0187673568725586,"type":4,"va":4.484352111816406,"vx":0.29652440547943115,"vy":0.1758894920349121,"x":3.2056519985198975,"y":-1.0108932256698608},{"age":375,"angle":0.8987137079238892,"type":1,"va":7.208001136779785,"vx":-1.12376868724823,"vy":2.2752076387405396e-2,"x":12.110575675964355,"y":-8.601359367370605},{"age":291,"angle":1.1464290618896484,"type":4,"va":-9.504264831542969,"vx":-4.5973509550094604e-2,"vy":1.4269306659698486,"x":0.2786131799221039,"y":-3.16795015335083},{"age":291,"angle":1.1304799318313599,"type":1,"va":4.62891960144043,"vx":1.178618311882019,"vy":-6.447144031524658,"x":12.24454402923584,"y":-7.23921537399292},{"age":244,"angle":0.2715294361114502,"type":4,"va":-15.02835464477539,"vx":-1.609264612197876,"vy":2.7419700622558594,"x":0.24424123764038086,"y":-3.701634407043457},{"age":226,"angle":1.9320625066757202,"type":1,"va":-3.771879196166992,"vx":0.5943612456321716,"vy":-8.476985991001129e-2,"x":11.8828763961792,"y":-5.060833930969238},{"age":144,"angle":-1.156779170036316,"type":4,"va":-6.816555500030518,"vx":-1.8484152555465698,"vy":1.6042118072509766,"x":0.21954458951950073,"y":-4.567412853240967},{"age":79,"angle":-1.4618946313858032,"type":4,"va":3.2095448970794678,"vx":0.46071258187294006,"vy":1.4464318752288818,"x":0.4412706196308136,"y":-9.274469375610352},{"age":106,"angle":-2.077589988708496,"type":1,"va":-14.05820369720459,"vx":2.178640365600586,"vy":-0.4566943645477295,"x":8.450335502624512,"y":-4.521394729614258},{"age":31,"angle":-1.3897490501403809,"type":4,"va":0.9343826770782471,"vx":0.7798377275466919,"vy":1.2814347743988037,"x":3.767583519220352e-2,"y":-9.59420108795166}],"widgets":{"12":{"angle":3.080000638961792,"key":"12","va":-1.865600824356079,"vx":0,"vy":0,"x":9.640000343322754,"y":-2.9000000953674316},"20":{"angle":-0.11792390793561935,"key":"20","va":0,"vx":0,"vy":0,"x":5.800000190734863,"y":-3.740000009536743}}}}