{"puzzle":{"reqTiles":["Up","Left"],"inputs":[{"x":0.65,"y":0.0,"balls":[{"type":2,"rate":0.5559895833333334}]},{"x":0.0,"y":0.65,"balls":[{"type":3,"rate":0.75}]}],"outputs":[{"x":0.2,"y":1.0,"balls":[{"type":3,"rate":0.75}]},{"x":0.0,"y":0.2,"balls":[{"type":2,"rate":0.5559895833333334}]}],"spec":{}},"blueprint":{"puzzle":"fd3c0bb5-230c-5a33-b563-d8a3266c3ade","title":"Fishmolish","submittedAt":"2024-04-14T15:25:53.485725124Z","widgets":{"0":{"angle":-0.20454010314541535,"type":"anvil","x":500,"y":316},"32":{"angle":0,"type":"brick","x":609,"y":230},"1":{"angle":-0.7480626721717641,"type":"board","x":314,"y":317},"33":{"angle":0,"type":"rightbumper","x":341,"y":76},"3":{"angle":0,"type":"board","x":309,"y":372},"35":{"height":178,"type":"attractor","width":178,"x":89,"y":619.5},"4":{"angle":-0.1930322231457774,"type":"board","x":470,"y":358},"36":{"angle":0.29952108741733685,"type":"brick","x":38,"y":565},"5":{"angle":0.8053124462798349,"type":"board","x":67.116948,"y":147},"37":{"angle":-0.6020158044633456,"type":"brick","x":35.6678015,"y":630},"6":{"angle":1.5560440897276573,"type":"board","x":501,"y":95.5457},"38":{"height":10,"type":"attractor","width":150,"x":284,"y":665},"7":{"angle":1.5533294151554777,"type":"board","x":465,"y":90},"39":{"height":10,"type":"attractor","width":150,"x":338,"y":544},"8":{"angle":3.0230188734984154,"type":"brick","x":239,"y":368},"40":{"height":10,"type":"attractor","width":150,"x":602,"y":416},"9":{"angle":-1.9391349061641427,"type":"fan","x":141.499,"y":333},"41":{"height":10,"type":"attractor","width":150,"x":75,"y":447},"10":{"angle":-1.9171571170346513,"type":"fan","x":76,"y":305},"42":{"height":10,"type":"attractor","width":150,"x":556,"y":634},"11":{"angle":0.8485409606359963,"type":"board","x":64.5972655,"y":238},"43":{"height":10,"type":"attractor","width":150,"x":665,"y":162},"12":{"angle":1.5679714755517606,"type":"board","x":504,"y":258},"44":{"height":10,"type":"attractor","width":150,"x":467,"y":460},"45":{"height":10,"type":"attractor","width":150,"x":145,"y":75},"14":{"angle":0,"type":"brick","x":358,"y":261},"46":{"angle":0,"type":"brick","x":706,"y":494},"15":{"angle":-0.25322427972311184,"type":"board","x":104,"y":421},"47":{"angle":0,"type":"brick","x":679,"y":469},"16":{"angle":0,"type":"board","x":334,"y":127},"48":{"angle":0,"type":"brick","x":701,"y":443},"17":{"angle":-0.4811896690582079,"type":"board","x":191,"y":163},"49":{"angle":2.480711516482542e-2,"type":"brick","x":570,"y":725.6608016},"18":{"angle":-0.7977153652671339,"type":"board","x":591,"y":288},"50":{"angle":0.7873163196127141,"type":"brick","x":605,"y":706},"19":{"angle":0.5984188934785374,"type":"board","x":574,"y":178},"51":{"angle":-7.099900737861634e-2,"type":"brick","x":382,"y":702},"20":{"angle":1.020777026744296e-2,"type":"board","x":156,"y":372},"52":{"angle":9.494439122885164e-3,"type":"brick","x":362,"y":726.1778013},"21":{"angle":2.228235875934017,"type":"board","x":60.594581,"y":365},"53":{"angle":0,"type":"brick","x":34,"y":726.5},"22":{"angle":0,"type":"brick","x":161,"y":359},"54":{"angle":0.118840344567764,"type":"brick","x":38,"y":689},"23":{"angle":0,"type":"brick","x":108,"y":361},"24":{"angle":0,"type":"brick","x":129,"y":335},"25":{"angle":0,"type":"brick","x":145,"y":312},"26":{"angle":-2.1220061196614544e-3,"type":"brick","x":218,"y":396},"27":{"angle":-2.4067581998344294,"type":"fan","x":244,"y":403},"28":{"angle":0,"catMass":2,"type":"catswat","x":363,"y":228},"29":{"angle":0.9399004199490119,"type":"brick","x":360,"y":90},"30":{"angle":-0.8737749495422971,"type":"brick","x":325,"y":92},"31":{"type":"roundbumper","x":550,"y":194}}},"snapshot":{"balls":[{"age":751,"angle":1.4773820638656616,"type":2,"va":0.4054149389266968,"vx":-0.5467908382415771,"vy":0.12062627077102661,"x":3.4208552837371826,"y":-6.6714935302734375},{"age":25,"angle":-0.9192277789115906,"type":2,"va":-1.173455834388733,"vx":-0.4201066792011261,"vy":8.171474933624268e-2,"x":2.816663309931755e-2,"y":-2.979825019836426},{"age":217,"angle":2.9690608978271484,"type":2,"va":21.913427352905273,"vx":-6.040489196777344,"vy":4.798784255981445,"x":2.076324701309204,"y":-4.308237552642822},{"age":6,"angle":2.946263074874878,"type":3,"va":0,"vx":-3.612886369228363e-2,"vy":-0.7531422972679138,"x":2.996750593185425,"y":-14.569684982299805},{"age":104,"angle":-2.798901319503784,"type":2,"va":9.352373123168945,"vx":-3.043254852294922,"vy":5.098297595977783,"x":8.996652603149414,"y":-4.293424606323242},{"age":51,"angle":-2.0596375465393066,"type":3,"va":-0.1807115525007248,"vx":0.7947706580162048,"vy":-0.4904259145259857,"x":0.25153648853302,"y":-9.617928504943848},{"age":39,"angle":0.8260864615440369,"type":2,"va":3.56146502494812,"vx":-2.578112855553627e-2,"vy":-4.7201642990112305,"x":9.666570663452148,"y":-1.2829359769821167}],"widgets":{"28":{"angle":0,"key":"28","va":0,"vx":0,"vy":0,"x":7.260000228881836,"y":-4.559999942779541}}}}