{"puzzle":{"reqTiles":["Up"],"inputs":[{"x":0.35,"y":0.0,"balls":[{"type":1,"rate":0.7578125}]}],"outputs":[{"x":0.8,"y":1.0,"balls":[{"type":1,"rate":0.734375}]}],"spec":{}},"blueprint":{"puzzle":"d9363a48-6a03-555e-9e7d-930c171c930f","title":"maximum speed","submittedAt":"2024-04-11T07:01:06.833348104Z","widgets":{"32":{"angle":1.872404795768793,"type":"fan","x":507,"y":435},"4":{"angle":1.1936985607113202,"type":"board","x":267,"y":109},"5":{"angle":1.1068882648778815,"type":"board","x":338,"y":269},"6":{"angle":1.0934862917923014,"type":"board","x":415,"y":424},"7":{"angle":1.0556352847557295,"type":"board","x":492,"y":575},"8":{"angle":1.0822620607362925,"type":"board","x":532,"y":649},"9":{"angle":1.1667077922904194,"type":"board","x":313,"y":111},"10":{"angle":1.1323940718692462,"type":"board","x":380,"y":265},"11":{"angle":1.0908386672278332,"type":"board","x":454,"y":415},"12":{"angle":1.0879162995310132,"type":"board","x":530,"y":563},"13":{"angle":1.1315018886897854,"type":"board","x":574,"y":652},"14":{"angle":0.7267382260909919,"type":"fan","x":204,"y":43.639721},"15":{"angle":1.8596322484973673,"type":"fan","x":339,"y":33.2079},"16":{"angle":0.7518995230862757,"type":"fan","x":216,"y":94},"17":{"angle":0.7333233243515882,"type":"fan","x":239,"y":128},"18":{"angle":0.72329374253303,"type":"fan","x":254,"y":173},"19":{"angle":1.6642330695283543,"type":"fan","x":337,"y":79},"20":{"angle":0.7870113739303148,"type":"fan","x":277,"y":216},"21":{"angle":1.4801286333073174,"type":"fan","x":354,"y":113},"22":{"angle":0.8370422869768881,"type":"fan","x":338,"y":350},"23":{"angle":1.5306171064219656,"type":"fan","x":440,"y":307},"24":{"angle":0.7635983449716136,"type":"fan","x":440,"y":548},"25":{"angle":1.5798240641193482,"type":"fan","x":541,"y":507},"26":{"angle":1.6139795858746424,"type":"fan","x":378,"y":170},"27":{"angle":0.7930631260708376,"type":"fan","x":300,"y":276},"28":{"angle":1.8018058997594744,"type":"fan","x":416,"y":245},"29":{"angle":0.6173048168422255,"type":"fan","x":362,"y":409},"30":{"angle":1.7166336053596392,"type":"fan","x":476,"y":373},"31":{"angle":0.5885994402418442,"type":"fan","x":401,"y":471}}},"snapshot":{"balls":[{"age":141,"angle":2.7461390495300293,"type":1,"va":-2.837490849196911e-2,"vx":3.313222900032997e-2,"vy":-3.367769718170166e-2,"x":11.710912704467773,"y":-14.290480613708496},{"age":56,"angle":-2.840080738067627,"type":1,"va":-10.539502143859863,"vx":13.620057106018066,"vy":-26.79348373413086,"x":7.266913414001465,"y":-5.628083229064941}],"widgets":{}}}