{"puzzle":{"reqTiles":["Up"],"inputs":[{"x":0.65,"y":0.0,"balls":[{"type":1,"rate":0.75}]}],"outputs":[{"x":0.8,"y":1.0,"balls":[{"type":1,"rate":0.75}]}],"spec":{}},"blueprint":{"puzzle":"1bdae3dc-0ae4-5f68-89ad-7e5b0b21d984","title":"Don't Settle For Simple","submittedAt":"2024-04-07T22:57:30.774289908Z","widgets":{"0":{"angle":2.44438637720239,"type":"board","x":517,"y":139},"32":{"angle":0,"sticker":"figure1-happy","type":"sticker","x":233,"y":409},"1":{"angle":2.451911138556922,"type":"board","x":249,"y":481.05},"33":{"angle":2.53890620483667,"type":"hammer","x":150,"y":373},"2":{"angle":1.4101825230408704,"type":"board","x":633,"y":652.1868965},"34":{"angle":0,"type":"fan","x":23.494,"y":675},"3":{"angle":-1.9857385647290105e-2,"type":"board","x":369,"y":198},"35":{"angle":2.4212460692485003,"sticker":"kingbun","type":"sticker","x":280,"y":595},"4":{"angle":0,"type":"board","x":359,"y":140},"36":{"angle":1.0714911938953602,"sticker":"squobject","type":"sticker","x":375,"y":302},"5":{"angle":-1.5493204439405595,"type":"brick","x":430,"y":101},"37":{"angle":0.12048246600477369,"sticker":"cat","type":"sticker","x":546,"y":348},"6":{"angle":-1.6131046789241623,"type":"brick","x":559,"y":48},"38":{"angle":-3.879978552920837,"sticker":"determinism","type":"sticker","x":545,"y":193},"7":{"angle":0,"type":"lefthook","x":152.899,"y":207.863},"9":{"angle":1.1043091608258835,"type":"board","x":277,"y":339},"10":{"angle":1.0941904798580648,"type":"board","x":327,"y":286},"14":{"angle":-1.4672489521205023,"type":"board","x":368,"y":447},"15":{"type":"roundbumper","x":581,"y":551},"16":{"angle":-0.6096581012953669,"type":"board","x":282,"y":562},"18":{"angle":1.6085843139715317,"type":"board","x":165,"y":613},"19":{"angle":0,"type":"board","x":520,"y":512},"20":{"angle":1.583537002775833,"type":"leftbumper","x":222,"y":711.3971037},"21":{"angle":0,"type":"board","x":358,"y":731},"22":{"angle":-0.3891483387938986,"type":"board","x":352,"y":698.4753155},"23":{"angle":2.161413182414553,"type":"rightbumper","x":403,"y":531},"24":{"angle":-0.4210221538727111,"type":"rightbumper","x":470,"y":685.204648},"25":{"angle":0,"type":"brick","x":514,"y":726.5},"27":{"angle":0,"sticker":"figure2-sad","type":"sticker","x":546,"y":431},"28":{"angle":0.18569708444291483,"catMass":2,"type":"catswat","x":133,"y":164},"30":{"type":"roundbumper","x":399,"y":632}}},"snapshot":{"balls":[{"age":979,"angle":0.7572538256645203,"type":1,"va":-9.894553184509277,"vx":0.5901698470115662,"vy":-4.1077165603637695,"x":3.6492276191711426,"y":-12.879752159118652},{"age":907,"angle":-2.1711063385009766,"type":1,"va":63.01285934448242,"vx":6.627499103546143,"vy":15.80713939666748,"x":5.511610984802246,"y":-13.78235149383545},{"age":714,"angle":0.7841256856918335,"type":1,"va":9.646924018859863,"vx":0.7824288010597229,"vy":-4.1206183433532715,"x":4.04691743850708,"y":-12.89124870300293},{"age":595,"angle":2.3948843479156494,"type":1,"va":2.156895875930786,"vx":0.14086362719535828,"vy":-0.2728315591812134,"x":5.5400776863098145,"y":-4.518487930297852},{"age":506,"angle":2.4654364585876465,"type":1,"va":-2.66965913772583,"vx":1.3910229206085205,"vy":-5.693360328674316,"x":6.041622638702393,"y":-6.001431941986084},{"age":403,"angle":-2.4575302600860596,"type":1,"va":-1.3818384408950806,"vx":-4.2444653809070587e-4,"vy":-0.3401761054992676,"x":5.259315490722656,"y":-4.3755083084106445},{"age":294,"angle":3.0749478340148926,"type":1,"va":2.4437129497528076,"vx":-6.0728367418050766e-2,"vy":-0.4878883957862854,"x":4.951861381530762,"y":-4.296685695648193},{"age":229,"angle":0.5559605360031128,"type":1,"va":-5.28433895111084,"vx":-4.0123309940099716e-2,"vy":-3.340476378798485e-2,"x":4.634666442871094,"y":-4.274837970733643},{"age":175,"angle":0.5955671668052673,"type":1,"va":17.553686141967773,"vx":0.4910472631454468,"vy":-0.16543252766132355,"x":4.821637153625488,"y":-3.9933886528015137},{"age":62,"angle":-1.7274774312973022,"type":1,"va":22.571334838867188,"vx":-3.344860792160034,"vy":-1.7298634052276611,"x":9.286837577819824,"y":-3.1005234718322754}],"widgets":{"28":{"angle":-0.18569707870483398,"key":"28","va":0,"vx":0,"vy":0,"x":2.6600000858306885,"y":-3.2799999713897705},"7":{"angle":-0.17609304189682007,"key":"7","va":0.1466829478740692,"vx":0,"vy":0,"x":3.028325080871582,"y":-4.33489465713501}}}}