{"puzzle":{"reqTiles":["Up"],"inputs":[{"x":0.65,"y":0.0,"balls":[{"type":3,"rate":1.0}]}],"outputs":[{"x":0.35,"y":1.0,"balls":[{"type":3,"rate":1.0}]}],"spec":{}},"blueprint":{"puzzle":"ff66d671-40d2-5128-916c-7de751b3ff3b","title":"loops","submittedAt":"2024-04-08T20:31:02.647609231Z","widgets":{"64":{"angle":-0.1767355000005431,"type":"brick","x":358,"y":299},"1":{"angle":-1.5782380847104038,"type":"sword","x":475,"y":139},"33":{"angle":0.8313745422273267,"type":"brick","x":154,"y":297},"2":{"angle":-0.11272779328903487,"type":"board","x":390,"y":97},"66":{"angle":-8.626011550764015e-2,"type":"brick","x":384,"y":296},"3":{"angle":-0.5307700156471978,"type":"board","x":86,"y":151},"4":{"angle":-0.28166139445011734,"type":"board","x":235,"y":128},"5":{"angle":-0.8337066050385231,"type":"board","x":73.4758,"y":177},"69":{"angle":0,"sticker":"kingbun","type":"sticker","x":338,"y":269},"6":{"angle":1.7613730844030402,"type":"board","x":49,"y":233},"38":{"angle":2.1919752001755652,"type":"brick","x":428,"y":268},"70":{"angle":1.0585294010066049,"type":"brick","x":181,"y":341},"7":{"angle":1.0798093536000972,"type":"board","x":134,"y":545},"8":{"angle":1.1583858851975084,"type":"board","x":86,"y":437},"40":{"angle":1.2531481455541014,"type":"brick","x":142,"y":268},"9":{"angle":1.3652210639682991,"type":"board","x":48,"y":306},"41":{"angle":-0.5449042329654281,"type":"brick","x":179,"y":193},"10":{"angle":0.7066125510797296,"type":"brick","x":180,"y":630},"42":{"angle":1.7471718224444355,"type":"brick","x":143,"y":245},"11":{"angle":-0.684190691405648,"type":"brick","x":319,"y":650},"43":{"angle":2.2155155621329072,"type":"brick","x":158,"y":214},"12":{"angle":-0.13383742969419582,"type":"brick","x":309,"y":659},"44":{"angle":-9.528549129326278e-2,"type":"brick","x":209,"y":185},"13":{"angle":0.24478318419918818,"type":"brick","x":216,"y":653},"45":{"angle":0.3774433253843749,"type":"brick","x":236,"y":190},"14":{"angle":1.9221888017543283,"type":"brick","x":338,"y":624},"46":{"angle":1.4706928947298268,"type":"brick","x":271,"y":247},"15":{"angle":-1.619705233574427,"type":"brick","x":344,"y":600},"47":{"angle":1.0829379697448787,"type":"brick","x":257,"y":208},"16":{"angle":1.2451913014353486,"type":"brick","x":336,"y":565},"48":{"angle":1.7611036133417957,"type":"brick","x":270,"y":267},"17":{"angle":0.7170858278129881,"type":"brick","x":324,"y":551},"50":{"angle":6.206867826577708e-2,"type":"brick","x":306,"y":300},"19":{"angle":5.9597366122743294e-2,"type":"brick","x":297,"y":534},"20":{"angle":-0.36875456229889053,"type":"brick","x":268,"y":536},"21":{"angle":-0.8729187511330239,"type":"brick","x":258,"y":538},"53":{"angle":0.23820854072411005,"type":"brick","x":317,"y":356},"22":{"angle":-1.4088003281974442,"type":"brick","x":240,"y":562},"23":{"angle":1.4940183857557987,"type":"brick","x":236,"y":582},"55":{"angle":0,"type":"cushion","x":190,"y":444},"24":{"angle":0,"catMass":2,"type":"catswat","x":194,"y":402},"25":{"angle":0,"sticker":"figure2-happy","type":"sticker","x":446,"y":666},"57":{"angle":0.8412815825233333,"type":"board","x":270,"y":496},"58":{"angle":-0.4168277522735914,"type":"board","x":398,"y":696.345173},"27":{"angle":-4.726046563620193e-2,"type":"leftbumper","x":613,"y":314},"59":{"angle":-0.8846922373070537,"type":"board","x":529,"y":597},"60":{"angle":-5.2436326925511345,"type":"board","x":573,"y":660},"61":{"angle":-0.9652081716925421,"type":"board","x":626,"y":472},"30":{"angle":0.6319588316472199,"type":"brick","x":174,"y":319},"62":{"angle":3.7896936126442955,"type":"board","x":663,"y":553},"31":{"angle":0.19518415257457813,"type":"brick","x":269,"y":347},"63":{"angle":0.10216195323477782,"type":"brick","x":367,"y":364}}},"snapshot":{"balls":[{"age":1577,"angle":-2.5761847496032715,"type":3,"va":0,"vx":0,"vy":0,"x":1.2105942964553833,"y":-14.62130355834961},{"age":1433,"angle":1.5390890836715698,"type":3,"va":0,"vx":0,"vy":0,"x":1.5322418212890625,"y":-14.62130355834961},{"age":1304,"angle":-0.5005050897598267,"type":3,"va":0,"vx":0,"vy":0,"x":14.621075630187988,"y":-11.66578483581543},{"age":1029,"angle":-2.837167354300618e-3,"type":3,"va":0,"vx":0,"vy":0,"x":1.851403832435608,"y":-14.62130355834961},{"age":846,"angle":1.0645999908447266,"type":3,"va":0,"vx":0,"vy":0,"x":2.170647144317627,"y":-14.62130355834961},{"age":309,"angle":-3.069262981414795,"type":3,"va":-5.916012287139893,"vx":-0.9921506643295288,"vy":0.7578052282333374,"x":9.814014434814453,"y":-12.038644790649414},{"age":227,"angle":0.47434407472610474,"type":3,"va":-33.80093765258789,"vx":4.5031023025512695,"vy":0.5180928707122803,"x":6.462391376495361,"y":-10.188901901245117},{"age":146,"angle":0.6475718021392822,"type":3,"va":-66.78846740722656,"vx":1.7282135486602783,"vy":-16.626018524169922,"x":9.179642677307129,"y":-9.295755386352539},{"age":84,"angle":1.7536424398422241,"type":3,"va":-20.19498634338379,"vx":2.2812023162841797,"vy":-9.656639099121094,"x":11.378854751586914,"y":-5.863884925842285}],"widgets":{"24":{"angle":0,"key":"24","va":0,"vx":0,"vy":0,"x":3.880000114440918,"y":-8.039999961853027}}}}