{"puzzle":{"reqTiles":["Up"],"inputs":[{"x":0.5,"y":0.0,"balls":[{"type":4,"rate":0.84375}]}],"outputs":[{"x":0.2,"y":1.0,"balls":[{"type":4,"rate":0.84375}]}],"spec":{}},"blueprint":{"puzzle":"b1f4ad89-670e-56f5-9d5f-a103f211c9f5","title":"magic cup","submittedAt":"2024-04-19T21:02:08.11992346Z","widgets":{"0":{"angle":-0.23534580321980442,"type":"cup","x":373,"y":370},"32":{"angle":0,"type":"board","x":523,"y":653},"1":{"angle":-1.8026483969032547,"type":"fan","x":412,"y":516},"33":{"angle":0,"type":"brick","x":472,"y":700},"2":{"angle":-1.9682849555008706,"type":"fan","x":327,"y":660},"34":{"angle":0,"type":"brick","x":589,"y":675},"3":{"angle":0,"sticker":"figure2-sad","type":"sticker","x":411,"y":367},"35":{"angle":0,"type":"brick","x":587,"y":701},"4":{"angle":0.1566077684834092,"sticker":"kingbun","type":"sticker","x":415,"y":283},"36":{"angle":0,"type":"brick","x":553,"y":726.5},"5":{"angle":-0.9301400809603815,"sticker":"figure3-happy","type":"sticker","x":301,"y":522},"37":{"angle":-0.3932320834583159,"type":"board","x":516,"y":568},"6":{"angle":0,"type":"board","x":469,"y":446},"7":{"angle":-1.592812127481943,"type":"board","x":382,"y":524},"8":{"angle":1.6485652151528596,"type":"board","x":435,"y":525},"9":{"angle":0.9033263969124946,"type":"cushion","x":410,"y":510},"10":{"angle":0,"type":"brick","x":423,"y":491},"11":{"angle":0,"type":"board","x":385,"y":660},"12":{"angle":0,"type":"board","x":360,"y":611},"13":{"angle":1.991687437104707,"type":"board","x":471,"y":530},"14":{"angle":0,"type":"board","x":514,"y":501},"15":{"angle":1.9141673624851552,"type":"board","x":390,"y":654.5778455},"16":{"angle":1.2913888608139272,"type":"board","x":293,"y":653.4112635},"17":{"angle":0,"type":"brick","x":331,"y":676},"18":{"angle":0,"type":"brick","x":330,"y":643},"19":{"angle":0,"type":"brick","x":408,"y":548},"20":{"angle":0,"type":"brick","x":417,"y":457},"21":{"angle":0,"type":"brick","x":406,"y":592},"22":{"angle":0,"type":"brick","x":610,"y":726.5},"23":{"angle":0,"type":"brick","x":475,"y":726.5},"24":{"angle":0,"type":"brick","x":479,"y":674},"25":{"angle":-1.5538862725564175,"type":"board","x":507,"y":652.1726912},"26":{"angle":-1.5526085924029616,"type":"board","x":591,"y":579},"27":{"angle":1.5366436302596291,"type":"board","x":439,"y":652.2436976},"28":{"angle":0,"type":"brick","x":331,"y":701},"29":{"angle":0,"type":"brick","x":335,"y":726.5},"30":{"angle":0,"catMass":2,"type":"catswat","x":34.5,"y":717},"31":{"angle":1.0849872411968944,"type":"hammer","x":637,"y":669.411565}}},"snapshot":{"balls":[{"age":386,"angle":1.2432794570922852,"type":4,"va":0.2431393265724182,"vx":-0.19637960195541382,"vy":-4.433323383331299,"x":2.9074296951293945,"y":-12.973569869995117},{"age":298,"angle":-2.6250977516174316,"type":4,"va":-0.6116700172424316,"vx":-1.6710823774337769,"vy":-0.8899917602539062,"x":3.667677640914917,"y":-9.385586738586426},{"age":218,"angle":0.6794312000274658,"type":4,"va":-3.596235513687134,"vx":-0.4071475565433502,"vy":-3.1719970703125,"x":5.862829685211182,"y":-7.219812870025635},{"age":128,"angle":-6.419890373945236e-2,"type":4,"va":9.025820344686508e-2,"vx":-0.1985451877117157,"vy":-3.8044028282165527,"x":7.55891227722168,"y":-5.932408332824707},{"age":85,"angle":3.0692601203918457,"type":4,"va":2.195730209350586,"vx":-1.7214583232998848e-2,"vy":-4.545958042144775,"x":7.329519271850586,"y":-4.315665245056152}],"widgets":{"30":{"angle":0,"key":"30","va":0,"vx":0,"vy":0,"x":0.6899999976158142,"y":-14.34000015258789}}}}