{"puzzle":{"reqTiles":["Up","Left"],"inputs":[{"x":0.35,"y":0.0,"balls":[{"type":2,"rate":1.0}]},{"x":0.0,"y":0.5,"balls":[{"type":4,"rate":1.0}]}],"outputs":[{"x":0.65,"y":1.0,"balls":[{"type":4,"rate":1.0}]},{"x":0.0,"y":0.35,"balls":[{"type":2,"rate":1.0}]}],"spec":{}},"blueprint":{"puzzle":"1cf2ade4-5f51-552c-9f57-31a4b40886f3","title":"Diabolical Simplicity","submittedAt":"2024-04-07T05:51:06.617977131Z","widgets":{"0":{"angle":-0.7095749661361515,"type":"board","x":255.3780742,"y":155.7342754},"1":{"angle":2.78065876030453,"type":"board","x":108.7683689,"y":244.2119248},"2":{"angle":0.3818605614186436,"type":"board","x":84.5518695,"y":468.6055605},"3":{"angle":0.23458142673480967,"type":"board","x":256.4427876,"y":523.504041},"4":{"angle":0.9023331558412074,"type":"board","x":397.4633228,"y":619.2757012},"5":{"angle":-3.086187627322379,"type":"fan","x":432.9088745,"y":49.8075131},"6":{"angle":2.2165220168570827,"type":"fan","x":591.7803745,"y":570.9411133},"7":{"angle":1.5819953532470057,"type":"brick","x":320.9534248,"y":342.2841006},"8":{"angle":0,"type":"brick","x":416.1988755,"y":249.847688},"9":{"angle":-0.6875976978857018,"type":"brick","x":350.5448398,"y":277.6576687},"10":{"angle":0.6826047516168983,"type":"brick","x":484.0876758,"y":277.7909629},"11":{"angle":0.71591398210961,"type":"brick","x":347.075438,"y":411.5736499},"12":{"angle":0,"type":"brick","x":416.9397148,"y":446.1383298},"13":{"angle":2.324373740591753,"type":"brick","x":488.0710146,"y":413.2308003},"14":{"angle":1.5387435424841691,"type":"brick","x":513.9437773,"y":343.3499238},"15":{"angle":0,"speed":25,"type":"spokedwheel","x":417.0798604,"y":347.3025996},"16":{"angle":0,"type":"prism","x":418.3937378,"y":191.5333252},"17":{"angle":1.584565351491352,"type":"prism","x":570.9852715,"y":346.3816729},"18":{"angle":-1.5574122701344686,"type":"prism","x":261.7502734,"y":343.7195},"19":{"angle":3.1372422515074843,"type":"prism","x":420.1308379,"y":501.1734902},"20":{"angle":-0.3932298105884766,"sticker":"kingbun","type":"sticker","x":140.3601128,"y":200.9109253},"21":{"angle":-0.7172077753389667,"sticker":"kingbun","type":"sticker","x":222.2131855,"y":147.4810366},"22":{"angle":-0.6843710461676541,"sticker":"kingbun","type":"sticker","x":286.7575625,"y":94.8031374},"23":{"angle":0.3741174914468389,"sticker":"squobject","type":"sticker","x":108.2905127,"y":442.8225286},"24":{"angle":0.25498975170696503,"sticker":"squobject","type":"sticker","x":247.6842998,"y":484.6168877},"25":{"angle":0.8422467340687918,"sticker":"squobject","type":"sticker","x":430.3757246,"y":606.5279502}}},"snapshot":{"balls":[{"age":11,"angle":-1.2323920726776123,"type":4,"va":4.792356491088867,"vx":-1.0569485425949097,"vy":-1.1633135080337524,"x":9.572415351867676,"y":-14.703631401062012},{"age":433,"angle":1.5863667726516724,"type":4,"va":-16.917789459228516,"vx":1.639838695526123,"vy":-2.1279208660125732,"x":7.828122615814209,"y":-11.686199188232422},{"age":387,"angle":2.8730950355529785,"type":4,"va":-7.503839015960693,"vx":0.8577817678451538,"vy":-1.3859376907348633,"x":7.068524360656738,"y":-10.676535606384277},{"age":293,"angle":-2.8732476234436035,"type":4,"va":-8.261045455932617,"vx":1.2434148788452148,"vy":-0.29715386033058167,"x":5.072597980499268,"y":-10.108731269836426},{"age":241,"angle":-1.6894227266311646,"type":4,"va":-9.882990837097168,"vx":1.4855304956436157,"vy":-0.3550150990486145,"x":3.942577838897705,"y":-9.838700294494629},{"age":198,"angle":-1.0722042322158813,"type":4,"va":-11.262384414672852,"vx":1.6120857000350952,"vy":-0.647371232509613,"x":3.01455020904541,"y":-9.539046287536621},{"age":250,"angle":-0.31431618332862854,"type":2,"va":13.003813743591309,"vx":0.8830483555793762,"vy":-1.5109214782714844,"x":0.8744080662727356,"y":-4.937105178833008},{"age":128,"angle":-0.34849849343299866,"type":4,"va":-8.413457870483398,"vx":1.3009350299835205,"vy":-0.41311541199684143,"x":1.0211325883865356,"y":-8.714534759521484},{"age":166,"angle":0.4821633994579315,"type":2,"va":-4.52116060256958,"vx":0.2183787077665329,"vy":-0.13720300793647766,"x":0.3740512728691101,"y":-5.175454616546631},{"age":131,"angle":-2.9680659770965576,"type":2,"va":14.869194984436035,"vx":-1.749961495399475,"vy":-1.9210134744644165,"x":0.5701399445533752,"y":-4.491070747375488},{"age":73,"angle":-2.9740023612976074,"type":4,"va":-2.657585859298706,"vx":0.29883822798728943,"vy":-0.8482258319854736,"x":0.43686598539352417,"y":-7.7754106521606445},{"age":80,"angle":-2.560150146484375,"type":2,"va":30.586833953857422,"vx":-5.0328369140625,"vy":-0.6693934202194214,"x":3.381563425064087,"y":-3.943268299102783}],"widgets":{"15":{"angle":-2.2872183322906494,"key":"15","va":6.662801265716553,"vx":0,"vy":0,"x":8.341597557067871,"y":-6.946052074432373}}}}