{"puzzle":{"reqTiles":["Up"],"inputs":[{"x":0.35,"y":0.0,"balls":[{"type":1,"rate":0.5177510579427084}]}],"outputs":[{"x":0.65,"y":1.0,"balls":[{"type":1,"rate":0.541900634765625}]}],"spec":{}},"blueprint":{"puzzle":"d23c6adc-4cf2-5c91-abc7-93f28b3bbe40","title":"HarrXXXV","submittedAt":"2024-05-22T14:40:50.382778373Z","widgets":{"0":{"angle":0.38198084511916763,"type":"rightbumper","x":337,"y":331},"32":{"angle":0,"type":"cushion","x":119,"y":617},"64":{"angle":-1.583934690871196,"type":"cushion","x":20.0369769,"y":444},"1":{"angle":-0.377242523921492,"type":"leftbumper","x":435,"y":500},"33":{"angle":-1.5116034855984053e-2,"type":"cushion","x":149,"y":628},"65":{"angle":-1.5754879369342623,"type":"cushion","x":19.6921386,"y":523},"2":{"angle":0.2870638485942587,"type":"rightbumper","x":337,"y":422},"34":{"angle":0,"type":"cushion","x":186,"y":638},"66":{"angle":1.5154311667731162,"type":"cushion","x":21.738943,"y":283},"3":{"angle":-0.30627931397789476,"type":"leftbumper","x":423,"y":592},"35":{"type":"roundbumper","x":385,"y":711},"67":{"angle":0,"sticker":"figure2-happy","type":"sticker","x":324,"y":667.5},"4":{"angle":0.32949248295862127,"type":"rightbumper","x":350,"y":516},"36":{"angle":0,"type":"board","x":547,"y":468},"68":{"angle":0,"sticker":"figure1-happy","type":"sticker","x":114,"y":573},"5":{"angle":-0.3822781244966703,"type":"leftbumper","x":413,"y":685.4837125},"37":{"angle":1.0588427409777135,"type":"board","x":594,"y":402},"6":{"angle":0.33642514171393356,"type":"rightbumper","x":323,"y":55.956},"38":{"angle":-1.2043276709564337,"type":"board","x":517,"y":389},"7":{"angle":-0.4028136517738145,"type":"leftbumper","x":459,"y":230},"39":{"angle":0.9510118831667308,"type":"board","x":513,"y":253},"8":{"angle":0.40588663216886856,"type":"rightbumper","x":327,"y":152},"40":{"angle":-1.4539918397801959,"type":"board","x":491,"y":322},"72":{"angle":0,"type":"brick","x":105,"y":675},"9":{"angle":-0.3298880841084607,"type":"leftbumper","x":451,"y":315},"41":{"angle":-1.4661911868151607,"type":"board","x":470,"y":481},"73":{"angle":0,"type":"brick","x":143,"y":700},"10":{"angle":0.4094013392004947,"type":"rightbumper","x":335,"y":241},"74":{"angle":0,"type":"brick","x":163,"y":726.5},"11":{"angle":-0.3923163674201869,"type":"leftbumper","x":443,"y":406},"43":{"angle":-0.2841724540079213,"type":"board","x":534,"y":647},"75":{"angle":0,"type":"brick","x":75,"y":701},"12":{"angle":0.9213620616762352,"type":"board","x":185,"y":430},"44":{"angle":0.8046888576913106,"type":"board","x":556,"y":550},"76":{"angle":0,"type":"brick","x":99,"y":726.5},"13":{"angle":-1.1278580421225153,"type":"board","x":171.5,"y":303},"45":{"angle":0,"type":"board","x":534,"y":619},"77":{"angle":0,"type":"brick","x":34,"y":726.5},"14":{"angle":0.9313512977621047,"type":"board","x":271,"y":536},"46":{"angle":0.8488392514599383,"type":"board","x":546,"y":536},"78":{"angle":0,"type":"brick","x":103,"y":655},"15":{"angle":-1.0710379099095426,"type":"board","x":260,"y":422},"47":{"angle":-1.5336633994886142,"type":"board","x":620,"y":537},"79":{"angle":0.13016380374573935,"sticker":"figure3-happy","type":"sticker","x":672,"y":576},"16":{"angle":0.9536834031496215,"type":"board","x":258,"y":298},"48":{"angle":0,"type":"cushion","x":226,"y":651},"80":{"angle":-1.6595451759099475,"type":"cushion","x":716.9428113,"y":182},"17":{"angle":-1.062297958284027,"type":"board","x":248,"y":160},"49":{"angle":-0.31776107782971325,"type":"cushion","x":694.960003,"y":651},"81":{"angle":-1.6000487029218173,"type":"cushion","x":719.3091739,"y":263},"18":{"angle":-1.597972060064517,"type":"board","x":294.5,"y":174},"50":{"angle":0,"type":"cushion","x":663,"y":673},"82":{"angle":-1.5434593885370722,"type":"cushion","x":719.3866195,"y":342},"19":{"angle":-1.6406928644079288,"type":"board","x":306,"y":345},"51":{"angle":0,"type":"cushion","x":632,"y":694},"83":{"angle":-1.5429170232929257,"type":"cushion","x":719.3646777,"y":420},"20":{"angle":-1.6181418760780382,"type":"board","x":322,"y":520},"52":{"angle":0,"type":"cushion","x":593,"y":708},"84":{"angle":-1.6128947850798931,"type":"cushion","x":718.7917551,"y":501},"21":{"angle":-1.405400773091306,"type":"board","x":451,"y":641},"53":{"angle":0,"type":"cushion","x":544,"y":720.5},"85":{"angle":-1.531357201453842,"type":"cushion","x":718.8985779,"y":580},"22":{"angle":0.41655601691483335,"type":"board","x":297,"y":604},"54":{"angle":0,"type":"cushion","x":261,"y":664},"86":{"angle":-0.32322906177723587,"type":"leftbumper","x":467,"y":140},"23":{"angle":0.36282310419896474,"type":"board","x":163,"y":547},"55":{"angle":0,"type":"cushion","x":299,"y":677},"24":{"angle":-0.10683630680434739,"type":"board","x":162,"y":505},"56":{"angle":0,"type":"cushion","x":332,"y":689},"88":{"angle":-1.5649206627594423,"type":"cushion","x":681,"y":44},"25":{"angle":-1.1299623104270153,"type":"board","x":109,"y":446},"89":{"angle":-1.5118482333643732,"type":"cushion","x":718.1183975,"y":95},"26":{"angle":0,"type":"board","x":220,"y":366},"90":{"angle":1.2064597306562288,"type":"board","x":525,"y":244},"91":{"angle":0,"type":"ballstand","x":38,"y":644},"92":{"angle":0,"sticker":"cat","type":"sticker","x":18,"y":693},"29":{"angle":0.35051682325493166,"type":"cushion","x":45.2029635,"y":580},"30":{"angle":0,"type":"cushion","x":66,"y":594},"62":{"angle":0.264155462265784,"type":"rightbumper","x":363,"y":593},"31":{"angle":0,"type":"cushion","x":88,"y":606},"63":{"angle":1.5213642833950518,"type":"cushion","x":21.5020835,"y":362}}},"snapshot":{"balls":[{"age":850,"angle":2.3057544231414795,"type":1,"va":-4.87797737121582,"vx":0.49126332998275757,"vy":0.10159114003181458,"x":14.06515884399414,"y":-2.7551472187042236},{"age":615,"angle":-2.0963337421417236,"type":1,"va":11.621274948120117,"vx":-0.8938604593276978,"vy":0.33330440521240234,"x":9.548768043518066,"y":-14.405961990356445},{"age":520,"angle":1.4149187803268433,"type":1,"va":-27.867740631103516,"vx":2.34977650642395,"vy":-7.467227458953857,"x":13.96412467956543,"y":-10.629725456237793},{"age":358,"angle":1.7676477432250977,"type":1,"va":45.39273452758789,"vx":-2.101855516433716,"vy":-10.117570877075195,"x":13.044057846069336,"y":-5.733735084533691},{"age":280,"angle":2.8349521160125732,"type":1,"va":9.324735641479492,"vx":1.4397938251495361,"vy":-11.267768859863281,"x":8.597877502441406,"y":-3.047253370285034},{"age":165,"angle":4.677759110927582e-2,"type":1,"va":-15.20036506652832,"vx":2.3055057525634766,"vy":-0.725997269153595,"x":2.1832122802734375,"y":-11.528481483459473},{"age":46,"angle":0.18437038362026215,"type":1,"va":2.2677069529891014e-2,"vx":-0.5199176669120789,"vy":-2.0821168422698975,"x":5.117218017578125,"y":-0.45685094594955444}],"widgets":{}}}