{"puzzle":{"reqTiles":["Up"],"inputs":[{"x":0.65,"y":0.0,"balls":[{"type":1,"rate":0.7333984375}]},{"x":1.0,"y":0.65,"balls":[{"type":4,"rate":0.8125}]}],"outputs":[{"x":0.5,"y":1.0,"balls":[{"type":4,"rate":0.8125}]},{"x":1.0,"y":0.8,"balls":[{"type":1,"rate":0.7333984375}]}],"spec":{}},"blueprint":{"puzzle":"3685d8d2-a80a-535f-a5ea-0552f6b43d3b","title":"Raindrops and sunshine","submittedAt":"2024-04-15T04:49:21.80091702Z","widgets":{"0":{"angle":10.898360677766663,"type":"fan","x":676.462125,"y":560.6300806},"32":{"angle":0.4108340987863228,"type":"cushion","x":252.8794785,"y":540.382782},"1":{"angle":-1.736737612534951,"type":"fan","x":596.4062361,"y":519.9200042},"33":{"angle":0.5278773606094174,"type":"cushion","x":180.7589402,"y":503.7644653},"2":{"angle":-1.6956730324863858,"type":"fan","x":539.2517361,"y":452.4987944},"34":{"angle":0.5396578251233903,"type":"cushion","x":113.761092,"y":461.9767278},"3":{"angle":-1.6598072482865247,"type":"fan","x":400.4354556,"y":463.6998347},"35":{"angle":6.073934231823718e-2,"type":"board","x":652.115032,"y":633.2212695},"4":{"angle":-1.681268214168362,"type":"fan","x":303.7054708,"y":401.2331069},"5":{"angle":-1.7266041897956768,"type":"fan","x":243.5386694,"y":340.7047666},"37":{"angle":0.9194076866817625,"type":"cushion","x":58.0132198,"y":407.2652722},"6":{"angle":-2.1761400103700357,"type":"fan","x":560.0445139,"y":559.9836431},"38":{"angle":-0.6216421512939662,"type":"fan","x":625.032875,"y":680.7443584},"7":{"angle":-1.7059329868866706,"type":"fan","x":161.7747868,"y":314.8566777},"39":{"angle":0,"type":"fan","x":327.3104556,"y":643.5602334},"8":{"angle":-1.7551594789197902,"type":"fan","x":120.5918306,"y":261.6535181},"40":{"angle":0.5351509283678393,"type":"board","x":79.856499,"y":536.290125},"9":{"type":"roundbumper","x":528.0020361,"y":131.5504194},"41":{"angle":-0.2545081500510849,"type":"board","x":177.645112,"y":622.02005},"10":{"type":"roundbumper","x":433.5825292,"y":132.4122056},"42":{"angle":0.12699744204605676,"type":"board","x":331.6299055,"y":614.6961931},"11":{"type":"roundbumper","x":413.2923889,"y":105.0558624},"43":{"angle":0.3590223511912709,"type":"board","x":88.6495146,"y":681.2554541},"12":{"type":"roundbumper","x":381.4509264,"y":113.4568972},"44":{"angle":0,"type":"fan","x":37.6225378,"y":702.5},"13":{"type":"roundbumper","x":380.2455292,"y":63.2678604},"45":{"angle":0,"sticker":"figure3-happy","type":"sticker","x":190.2009029,"y":451.6372681},"14":{"type":"roundbumper","x":353.0245514,"y":29},"15":{"type":"roundbumper","x":555.122757,"y":101.3940277},"16":{"type":"roundbumper","x":560.1450806,"y":69.2991867},"17":{"type":"roundbumper","x":593.8951694,"y":57.4520181},"18":{"type":"roundbumper","x":568.9843597,"y":29},"52":{"angle":0,"sticker":"kingbun","type":"sticker","x":447.1428375,"y":720},"21":{"type":"roundbumper","x":428.4602056,"y":43.0011111},"22":{"type":"roundbumper","x":421.9312056,"y":90.1931125},"23":{"type":"roundbumper","x":539.7548167,"y":90.4084764},"24":{"type":"roundbumper","x":535.5356833,"y":38.6930958},"25":{"type":"roundbumper","x":401.7410431,"y":32.6808624},"27":{"angle":0.7603714054006884,"type":"cushion","x":409.9769264,"y":648.0837319},"28":{"angle":0,"type":"cushion","x":480.1891917,"y":669.1937583},"29":{"angle":-0.6081311845050503,"type":"cushion","x":547.7910723,"y":647.4379722},"30":{"angle":1.5791170541833677,"type":"cushion","x":557.0308889,"y":522.9356611},"31":{"angle":0.15740204484066994,"type":"cushion","x":323.3926917,"y":561.9225278}}},"snapshot":{"balls":[{"age":1784,"angle":0.40776097774505615,"type":4,"va":1.479681372642517,"vx":-0.16452451050281525,"vy":-0.2996578514575958,"x":6.363806247711182,"y":-14.619522094726562},{"age":1715,"angle":-1.89598548412323,"type":4,"va":-0.17990893125534058,"vx":-0.5784656405448914,"vy":0.5288490056991577,"x":6.005529880523682,"y":-3.074418544769287},{"age":1660,"angle":-2.4869027137756348,"type":1,"va":6.638461351394653e-2,"vx":4.388467222452164e-2,"vy":-7.283254526555538e-3,"x":10.751158714294434,"y":-12.449719429016113},{"age":1574,"angle":-2.933778762817383,"type":4,"va":1.64259672164917,"vx":1.0395373106002808,"vy":-0.3307543396949768,"x":14.480878829956055,"y":-11.676080703735352},{"age":1476,"angle":-2.7729814052581787,"type":4,"va":-12.821983337402344,"vx":-0.8953334093093872,"vy":-0.8090274930000305,"x":0.8606099486351013,"y":-1.2748826742172241},{"age":1447,"angle":-1.220606803894043,"type":1,"va":0.11372776329517365,"vx":8.344052731990814e-2,"vy":3.4816768020391464e-3,"x":10.197946548461914,"y":-12.951858520507812},{"age":1384,"angle":1.3883349895477295,"type":4,"va":6.892645359039307,"vx":-1.0337249040603638,"vy":-0.2689218819141388,"x":2.8012893199920654,"y":-12.28622817993164},{"age":1289,"angle":-0.8697303533554077,"type":4,"va":-4.330809116363525,"vx":0.671369731426239,"vy":-4.0826499462127686e-2,"x":12.524980545043945,"y":-12.293766975402832},{"age":1217,"angle":0.6084821224212646,"type":4,"va":14.399316787719727,"vx":-1.0184822082519531,"vy":2.1427485942840576,"x":3.1773834228515625,"y":-1.659532070159912},{"age":1162,"angle":0.6902331113815308,"type":4,"va":5.84580659866333,"vx":-0.7684923410415649,"vy":0.15337814390659332,"x":5.575704097747803,"y":-3.7301504611968994},{"age":1176,"angle":2.98901629447937,"type":1,"va":0.18063846230506897,"vx":9.462310373783112e-2,"vy":5.817920435220003e-3,"x":9.894661903381348,"y":-12.860976219177246},{"age":1101,"angle":-0.43951958417892456,"type":4,"va":-3.1009817123413086,"vx":-0.4669145345687866,"vy":0.46009087562561035,"x":5.6617045402526855,"y":-4.042735576629639},{"age":1030,"angle":-1.1705988645553589,"type":4,"va":-3.522388458251953,"vx":-0.6285372376441956,"vy":-0.6214859485626221,"x":4.313121318817139,"y":-2.126882791519165},{"age":1066,"angle":-0.11932084709405899,"type":1,"va":0.287169873714447,"vx":0.1072755977511406,"vy":-2.9588118195533752e-6,"x":9.577431678771973,"y":-12.857532501220703},{"age":982,"angle":-1.4401808977127075,"type":4,"va":4.5775017738342285,"vx":-0.6208240389823914,"vy":-1.1190332174301147,"x":4.215403079986572,"y":-1.808724045753479},{"age":935,"angle":2.4179842472076416,"type":4,"va":3.996295388787985e-3,"vx":-1.4082499055767528e-11,"vy":-5.0075113904313184e-6,"x":0.17958992719650269,"y":-9.519837379455566},{"age":843,"angle":1.8300390243530273,"type":4,"va":-3.9323575496673584,"vx":-1.2793940305709839,"vy":2.6875879764556885,"x":2.1119065284729004,"y":-0.6513960361480713},{"age":770,"angle":2.8775594234466553,"type":4,"va":16.014280319213867,"vx":-0.7952740788459778,"vy":-0.14491242170333862,"x":1.1886948347091675,"y":-1.2784039974212646},{"age":678,"angle":2.0676512718200684,"type":4,"va":7.984427452087402,"vx":-1.622256875038147,"vy":4.784822463989258,"x":7.312538146972656,"y":-3.598595380783081},{"age":707,"angle":-0.6773980259895325,"type":1,"va":-25.640174865722656,"vx":5.295046329498291,"vy":-2.4109928607940674,"x":8.52782917022705,"y":-12.106575012207031},{"age":604,"angle":-1.0552475452423096,"type":4,"va":2.5983405113220215,"vx":0.35251420736312866,"vy":0.2642248570919037,"x":14.604534149169922,"y":-8.605734825134277},{"age":643,"angle":-5.6743886321783066e-2,"type":1,"va":9.267198294401169e-2,"vx":4.982069879770279e-2,"vy":-1.5800684690475464e-2,"x":10.489745140075684,"y":-12.631852149963379},{"age":550,"angle":-1.49008309841156,"type":4,"va":-3.3508994579315186,"vx":-0.4223342835903168,"vy":0.6811432242393494,"x":7.28531551361084,"y":-5.395036220550537},{"age":546,"angle":2.5374794006347656,"type":1,"va":-20.499755859375,"vx":-0.4644509553909302,"vy":8.832863718271255e-2,"x":8.537171363830566,"y":-1.285354495048523},{"age":463,"angle":1.6359308958053589,"type":4,"va":12.39798641204834,"vx":0.11324703693389893,"vy":1.284117579460144,"x":10.126875877380371,"y":-5.368489742279053},{"age":453,"angle":1.2689565420150757,"type":1,"va":5.5365972220897675e-2,"vx":6.952350586652756e-2,"vy":-9.38158668577671e-3,"x":10.171415328979492,"y":-12.635587692260742},{"age":367,"angle":2.8841025829315186,