{"puzzle":{"reqTiles":["Up"],"inputs":[{"x":0.2,"y":0.0,"balls":[{"type":4,"rate":1.0}]}],"outputs":[{"x":0.2,"y":1.0,"balls":[{"type":4,"rate":1.0}]}],"spec":{}},"blueprint":{"puzzle":"8304a621-2d1b-524d-ad6a-24082f6c4fe5","title":"sword dodge","submittedAt":"2024-04-06T21:14:51.59889294Z","widgets":{"0":{"angle":-2.5588096016199517,"type":"sword","x":644.583,"y":443},"32":{"angle":8.17929444680414,"type":"sword","x":46.1821359,"y":194},"1":{"angle":0.4478860453262637,"type":"board","x":193,"y":656},"33":{"angle":0,"type":"sword","x":489,"y":319},"34":{"angle":1.6121062093128284,"type":"sword","x":214,"y":109},"35":{"angle":0.38636131768353177,"type":"sword","x":492,"y":334},"4":{"angle":-1.5204063864585955,"type":"fan","x":299,"y":714.644685},"36":{"angle":1.468493168923611,"type":"sword","x":264,"y":148},"5":{"angle":0,"type":"fan","x":215,"y":494},"37":{"angle":1.1633571689860247,"type":"sword","x":324,"y":197},"6":{"angle":-1.6051042583959128,"type":"fan","x":605,"y":511},"38":{"angle":1.4624841436132687,"type":"sword","x":408,"y":142},"7":{"angle":3.2380962203311925,"type":"fan","x":713,"y":302},"39":{"angle":-1.5186088980800556,"type":"sword","x":201,"y":284},"8":{"angle":-2.294079028355132,"type":"fan","x":396,"y":358},"40":{"angle":-1.5303964751508232,"type":"sword","x":227,"y":302},"9":{"angle":0,"type":"fan","x":23.496,"y":702.5},"41":{"angle":-1.7597450509298884,"type":"sword","x":281,"y":316},"10":{"angle":3.071281229478812,"type":"fan","x":235,"y":700.9419792},"42":{"angle":-2.085970449965161,"type":"sword","x":350,"y":345},"11":{"angle":1.390854116040631,"type":"fan","x":131,"y":638},"43":{"angle":1.6437128519916162,"type":"sword","x":495,"y":149},"12":{"angle":1.0027231288991902,"type":"brick","x":29.6655208,"y":649},"44":{"angle":1.7637297626901545,"type":"sword","x":558,"y":180},"13":{"angle":-1.1793708733554313,"type":"sword","x":395,"y":315},"45":{"angle":2.6780227618177666,"type":"sword","x":649,"y":272},"14":{"angle":-0.8141786231917155,"type":"sword","x":434,"y":301},"15":{"angle":-0.16516916415909522,"type":"sword","x":457,"y":296},"16":{"angle":0.8551880763151003,"type":"sword","x":310,"y":384},"17":{"angle":2.420148195102196,"type":"sword","x":624.502,"y":221},"18":{"angle":-5.246788452904459,"type":"sword","x":352,"y":357},"19":{"angle":0.9019431016985966,"type":"sword","x":270,"y":423},"20":{"angle":-2.344676292703156,"type":"sword","x":630,"y":472},"21":{"angle":-2.843329807960182,"type":"sword","x":650.684,"y":401.413},"22":{"angle":-0.8405411210604353,"type":"sword","x":478,"y":484},"23":{"angle":-3.179368672509208,"type":"sword","x":664,"y":338},"24":{"angle":-1.443390748580352,"type":"sword","x":448,"y":480},"25":{"angle":0.5799072365880109,"type":"sword","x":456,"y":327.118},"26":{"angle":-1.7580143363228478,"type":"sword","x":405,"y":521},"27":{"angle":-2.0549644893135133,"type":"sword","x":385,"y":553},"28":{"angle":-2.5263359531853498,"type":"sword","x":385,"y":592},"29":{"angle":-3.055394844003168,"type":"sword","x":366,"y":621},"30":{"angle":-3.093611479164329,"type":"sword","x":359,"y":670},"31":{"angle":-1.2531967295764022,"type":"sword","x":539,"y":494}}},"snapshot":{"balls":[{"age":1784,"angle":0.30975690484046936,"type":4,"va":-0.14172177016735077,"vx":-1.8025598791382436e-9,"vy":-1.3961082324385643e-2,"x":0.17802463471889496,"y":-12.251440048217773},{"age":1040,"angle":-2.392298698425293,"type":4,"va":-17.156343460083008,"vx":-6.027944013476372e-2,"vy":-4.8361992835998535,"x":0.4779455363750458,"y":-11.842788696289062},{"age":663,"angle":1.3354390859603882,"type":4,"va":21.138765335083008,"vx":-2.46282696723938,"vy":-1.2603890895843506,"x":1.9510629177093506,"y":-14.53825569152832},{"age":551,"angle":-2.5857677459716797,"type":4,"va":-17.18391990661621,"vx":-0.8181947469711304,"vy":-3.9713523387908936,"x":0.7659401297569275,"y":-5.663436412811279},{"age":501,"angle":1.4973082542419434,"type":4,"va":-18.348026275634766,"vx":-3.25419545173645,"vy":-1.1908276081085205,"x":1.992403268814087,"y":-3.5909955501556396},{"age":429,"angle":1.2003366947174072,"type":4,"va":-18.601972579956055,"vx":-1.9197453260421753,"vy":-2.494682788848877,"x":7.96781063079834,"y":-5.014142990112305},{"age":378,"angle":-2.384289503097534,"type":4,"va":-17.08715057373047,"vx":0.8206163644790649,"vy":5.8871169090271,"x":11.40804672241211,"y":-7.800015926361084},{"age":310,"angle":1.2206025123596191,"type":4,"va":-17.433027267456055,"vx":7.945298194885254,"vy":5.251094341278076,"x":7.987548351287842,"y":-8.519425392150879},{"age":261,"angle":0.6371583938598633,"type":4,"va":-12.754045486450195,"vx":1.6474546194076538,"vy":-1.1698330640792847,"x":4.051139831542969,"y":-12.794872283935547},{"age":177,"angle":-1.3383649587631226,"type":4,"va":-0.40949127078056335,"vx":-2.8910196851938963e-4,"vy":-4.886863708496094,"x":2.929103136062622,"y":-11.680828094482422},{"age":94,"angle":-0.44779548048973083,"type":4,"va":-0.162602961063385,"vx":-2.6019925717264414e-3,"vy":-4.5108642578125,"x":2.9494566917419434,"y":-4.096978664398193},{"age":24,"angle":-2.9794620350003242e-2,"type":4,"va":-2.523242712020874,"vx":0.12453950941562653,"vy":-0.9669721126556396,"x":2.964874744415283,"y":-8.623866736888885e-2}],"widgets":{}}}