{"puzzle":{"reqTiles":["Up","Left"],"inputs":[{"x":0.65,"y":0.0,"balls":[{"type":4,"rate":0.828125}]},{"x":0.0,"y":0.5,"balls":[{"type":3,"rate":0.564453125}]}],"outputs":[{"x":0.35,"y":1.0,"balls":[{"type":3,"rate":0.564453125}]},{"x":0.0,"y":0.2,"balls":[{"type":4,"rate":0.828125}]}],"spec":{}},"blueprint":{"puzzle":"460fbcd5-450e-5747-9495-079eca55b6f9","title":"green go, yellow slow","submittedAt":"2024-04-24T10:53:10.72619333Z","widgets":{"0":{"angle":0,"speed":25,"type":"spokedwheel","x":453,"y":175},"32":{"angle":-1.5761154255664123,"type":"rightbumper","x":319,"y":652},"64":{"angle":0,"type":"ballstand","x":150,"y":151},"33":{"angle":-1.5620246219504539,"type":"brick","x":283,"y":705.8828755},"65":{"angle":0,"type":"board","x":129,"y":207},"2":{"angle":-1.5637700230875387,"type":"brick","x":570,"y":248},"34":{"type":"roundbumper","x":109,"y":658},"66":{"angle":1.5798869854599569,"type":"brick","x":55,"y":233},"3":{"angle":0.9567044272894129,"type":"board","x":320,"y":213},"35":{"type":"roundbumper","x":205,"y":656},"67":{"angle":1.542068600048667,"type":"rightbumper","x":68,"y":304},"4":{"angle":-0.22644948009277716,"type":"board","x":270,"y":145},"36":{"angle":0,"type":"board","x":152,"y":731},"5":{"angle":-0.23305752948008157,"type":"board","x":555,"y":278},"37":{"angle":0,"type":"board","x":149,"y":719},"6":{"angle":9.0740318311326e-2,"type":"brick","x":407,"y":295},"38":{"angle":-1.5617056681298362,"type":"brick","x":13.8085245,"y":304},"7":{"angle":-1.5663988856139643,"type":"board","x":369,"y":365},"39":{"angle":-1.5621758506827594,"type":"brick","x":361,"y":705.884883},"8":{"angle":-1.5820979192048688,"type":"board","x":567,"y":129},"40":{"angle":0.24505003477713538,"type":"board","x":451,"y":576},"72":{"angle":-1.5596402747637406,"type":"brick","x":80,"y":525},"41":{"angle":0.2124475987392758,"type":"board","x":494,"y":533},"73":{"angle":0,"type":"brick","x":34,"y":498},"10":{"angle":-3.128758008562632,"type":"fan","x":545,"y":339},"42":{"angle":0,"type":"fan","x":382,"y":624},"74":{"angle":0,"type":"brick","x":34,"y":521},"11":{"angle":-1.7386414559713617,"type":"fan","x":172,"y":243},"43":{"angle":-1.5638132000821805,"type":"fan","x":686,"y":716.2386989},"75":{"angle":0,"type":"brick","x":34,"y":544},"12":{"angle":-7.52009844433934e-2,"type":"brick","x":34.9182014,"y":169},"44":{"angle":1.4134855399377075,"type":"board","x":646,"y":355},"76":{"angle":0,"type":"brick","x":325,"y":702},"13":{"angle":-0.10625036772159517,"type":"brick","x":91,"y":164},"45":{"angle":1.574710469101765,"type":"board","x":477,"y":438},"77":{"angle":0,"type":"brick","x":327,"y":726.5},"14":{"angle":1.5815737914064572,"type":"leftbumper","x":47.7990094,"y":467},"46":{"angle":-1.5819452332161104,"type":"board","x":710,"y":516},"78":{"angle":0,"type":"brick","x":325,"y":686},"15":{"angle":-1.5617340027320992,"type":"leftbumper","x":134,"y":291},"47":{"angle":1.440607274160747,"type":"board","x":700,"y":350},"79":{"angle":0,"type":"board","x":560,"y":360},"16":{"angle":0.3712301873415842,"type":"leftbumper","x":189,"y":546},"48":{"angle":1.5984363260578929,"type":"board","x":661,"y":522},"17":{"angle":0,"type":"rightbumper","x":122,"y":535},"49":{"angle":-1.2775020084301074,"type":"fan","x":610,"y":572},"18":{"angle":1.9519930959105817e-2,"type":"brick","x":66,"y":567},"50":{"angle":-1.2864726442736143,"type":"fan","x":617,"y":466},"19":{"angle":1.559813590216642,"type":"rightbumper","x":226,"y":292},"51":{"angle":-1.8307811384553936,"type":"board","x":666.646,"y":183},"20":{"angle":-1.5670337128589928,"type":"leftbumper","x":319,"y":292},"52":{"angle":-1.5576416073238042,"type":"brick","x":649.054,"y":70},"21":{"angle":-1.321008064857089,"type":"board","x":242,"y":429},"53":{"angle":-1.5912045290560037,"type":"brick","x":725.8089768,"y":571},"22":{"angle":0,"type":"brick","x":64,"y":265},"54":{"angle":-2.1979201032337836,"type":"fan","x":695.8453145,"y":131},"23":{"angle":0,"type":"brick","x":34,"y":265},"55":{"angle":-1.2895969734956994,"type":"fan","x":602,"y":328},"24":{"angle":-1.566150457399619,"type":"brick","x":207,"y":192},"56":{"angle":-1.5390933025920919,"type":"brick","x":649,"y":34.4108509},"25":{"angle":-1.5729893057355704,"type":"brick","x":207,"y":233},"57":{"angle":0,"type":"board","x":570,"y":431},"26":{"angle":-1.5486896320020438,"type":"board","x":420,"y":435},"58":{"angle":0,"sticker":"knievel","type":"sticker","x":454,"y":669.5},"27":{"angle":-1.540568901867732,"type":"board","x":365,"y":537},"28":{"angle":-1.5393425854102327,"type":"brick","x":362,"y":654},"60":{"angle":0.21892686617084886,"sticker":"kingbun","type":"sticker","x":446,"y":496},"29":{"angle":0,"type":"brick","x":34,"y":567},"61":{"angle":0,"sticker":"squobject","type":"sticker","x":264,"y":240},"30":{"angle":1.5649824388130544,"type":"rightbumper","x":47.6619806,"y":606},"62":{"angle":-0.33069151308570005,"type":"sword","x":528,"y":662},"31":{"angle":1.598639240841946,"type":"leftbumper","x":48.2610704,"y":710.6884973},"63":{"angle":-1.838564263105496,"type":"board","x":603,"y":171}}},"snapshot":{"balls":[{"age":1806,"angle":1.43181574344635,"type":3,"va":-0.2303496152162552,"vx":-0.8310902118682861,"vy":-1.059380054473877,"x":5.143959999084473,"y":-14.024145126342773},{"age":1466,"angle":-0.3703732490539551,"type":3,"va":-50.34982681274414,"vx":-5.006815433502197,"vy":4.1316237449646,"x":5.069273471832275,"y":-9.312898635864258},{"age":1014,"angle":1.8985241651535034,"type":4,"va":-6.0283989906311035,"vx":-0.9713719487190247,"vy":0.5197991132736206,"x":1.87376070022583,"y":-0.7061615586280823},{"age":880,"angle":-0.5177305340766907,"type":4,"va":-6.463293075561523,"vx":0.8576503992080688,"vy":0.6545979976654053,"x":9.601682662963867,"y":-5.564846038818359},{"age":845,"angle":3.124225616455078,"type":3,"va":-2.7033767700195312,"vx":1.0967384576797485,"vy":-1.7022520303726196,"x":5.1468305587768555,"y":-14.4585599899292},{"age":759,"angle":-2.0529396533966064,"type":4,"va":1.9767175912857056,"vx":-0.30655062198638916,"vy":-2.309640869498253e-2,"x":0.5169809460639954,"y":-2.963961362838745},{"age":20,"angle":1.844842791557312,"type":4,"va":-7.4214186668396,"vx":-1.251089096069336,"vy":0.17428135871887207,"x":5.4168205708265305e-2,"y":-2.9511823654174805},{"age":656,"angle":2.4757065773010254,"type":4,"va":2.0174944400787354,"vx":-0.31237906217575073,"vy":-2.3535585030913353e-2,"x":0.8749682307243347,"y":-2.9369843006134033},{"age":569,"angle":2.104098081588745,"type":4,"va":1.9002705812454224,"vx":-0.29453739523887634,"vy":-2.2191477939486504e-2,"x":1.2063820362091064,"y":-2.911834478378296},{"age":525,"angle":4.6990301460027695e-2,"type":4,"va":2.608177661895752,"vx":-0.40304508805274963,"vy":-4.298564791679382e-2,"x":1.5662473440170288,"y":-2.875977039337158},{"age":486,"angle":2.182119846343994,"type":4,"va":-11.732900619506836,"vx":1.44153892993927,"vy":-0.1917833685874939,"x":8.158473014831543,"y":-10.728376388549805},{"age":399,"angle":0.7782378792762756,"type":3,"va":-18.790428161621094,"vx":-4.268004894256592,"vy":-2.8186323642730713,"x":4.52992582321167,"y":-6.852066993713379},{"age":408,"angle":-2.056847095489502,"type":4,"va":-1.9936996698379517,"vx":-0.30992817878723145,"vy":-2.428322844207287e-2,"x":0.6761555075645447,"y":-2.6882951259613037},{"age":370,"angle":1.3379628658294678,"type":4,"va":-2.808445453643799,"vx":-0.41274935007095337,"vy":-1.2305878400802612,"x":1.3964678049087524,"y":-2.606302499771118},{"age":287,"angle":0.813940703868866,"type":3,"va":37.04876708984375,"vx":-2.1531713008880615,"vy":-1.968806505203247,"x":4.3440704345703125,"y":-13.876996994018555},{"age":264,"angle":-3.0969672203063965,"type":4,"va":-5.030007839202881,"vx":-1.0473500490188599,"vy":0.8882774114608765,"x":2.4745538234710693,"y":-0.9298201203346252},{"age":167,"angle":1.3452377319335938,"type":3,"va":7.645063877105713,"vx":9.869963645935059,"vy":20.455188751220703,"x":1.0446299314498901,"y":-7.785633087158203},{"age":179,"angle":-0.5638330578804016,"type":4,