{"puzzle":{"reqTiles":["Up"],"inputs":[{"x":0.35,"y":0.0,"balls":[{"type":4,"rate":1.0}]}],"outputs":[{"x":0.2,"y":1.0,"balls":[{"type":4,"rate":1.0}]}],"spec":{}},"blueprint":{"puzzle":"2c31fae2-80ec-583a-be82-fd2c619be3a8","title":"Catch the lemons","submittedAt":"2024-04-08T20:05:38.929766401Z","widgets":{"0":{"angle":0,"type":"fan","x":115,"y":37.5},"32":{"angle":0,"type":"board","x":498,"y":345},"33":{"angle":0,"type":"board","x":195,"y":346},"34":{"angle":-0.6255419975781198,"type":"board","x":76.201358,"y":392},"35":{"angle":0,"type":"board","x":338,"y":345},"36":{"angle":0.5878281248825769,"type":"board","x":354,"y":398},"5":{"angle":3.152906357096399,"type":"fan","x":561,"y":702.2365351},"37":{"angle":0.5935532330751273,"type":"board","x":218,"y":397},"6":{"angle":0,"type":"brick","x":81,"y":726.5},"38":{"angle":0.5312431921525935,"type":"board","x":80.000029,"y":403},"7":{"angle":0,"type":"brick","x":79,"y":671},"39":{"angle":0,"type":"board","x":87.5,"y":346},"8":{"angle":0,"type":"brick","x":78,"y":698},"40":{"angle":0.4872509729153004,"type":"board","x":499,"y":398},"9":{"angle":2.7787918116896604,"type":"fan","x":666.701,"y":567},"41":{"angle":1.5507989928217465,"type":"board","x":149,"y":366},"10":{"angle":-1.5368150438477467e-2,"catMass":2,"type":"catswat","x":570,"y":245},"42":{"angle":1.5690624750429778,"type":"board","x":288,"y":366},"11":{"angle":-1.699139339775112,"type":"fan","x":699.800649,"y":520},"43":{"angle":1.5581730025362865,"type":"board","x":426,"y":365},"12":{"angle":0,"type":"brick","x":548,"y":278},"44":{"angle":0,"type":"board","x":349,"y":288},"13":{"angle":0,"type":"brick","x":336,"y":219},"45":{"angle":0,"type":"board","x":202,"y":288},"14":{"angle":0,"type":"brick","x":406,"y":236},"46":{"angle":0,"type":"board","x":87.5,"y":288},"15":{"angle":0,"type":"brick","x":477,"y":258},"47":{"angle":-0.43785236786882475,"type":"board","x":83.061555,"y":254},"16":{"angle":0,"sticker":"figure1-happy","type":"sticker","x":495,"y":180},"48":{"angle":-0.47973428218035585,"type":"board","x":226,"y":254},"17":{"angle":0,"sticker":"figure2-happy","type":"sticker","x":432,"y":154},"49":{"angle":0.4110524286749342,"type":"board","x":230,"y":251},"50":{"angle":0.5142087092868283,"type":"board","x":80.611289,"y":256},"51":{"angle":1.547679058410603,"type":"board","x":424,"y":337},"20":{"angle":0,"type":"board","x":217,"y":216},"52":{"angle":0,"type":"board","x":427,"y":287},"21":{"angle":0,"type":"board","x":87.5,"y":216},"53":{"angle":1.5639568733862073,"type":"fan","x":149,"y":469},"22":{"angle":3.139625340887766,"type":"board","x":498,"y":443},"54":{"angle":-1.5722169594495328,"type":"fan","x":335,"y":263},"55":{"angle":-1.5191979606064039,"type":"fan","x":479,"y":302},"24":{"angle":0,"type":"board","x":332,"y":442},"56":{"angle":-1.5683874019186737,"type":"fan","x":408,"y":288},"25":{"angle":0,"type":"board","x":165,"y":442},"26":{"angle":0,"type":"board","x":87.5,"y":441},"27":{"angle":4.711931220719964,"type":"board","x":575,"y":365},"28":{"angle":-1.5569557888931982,"type":"fan","x":549,"y":327},"29":{"angle":-0.6261564630147357,"type":"board","x":501,"y":393},"30":{"angle":-0.6241512294621527,"type":"board","x":360,"y":393},"31":{"angle":-0.6337214723603503,"type":"board","x":214,"y":397}}},"snapshot":{"balls":[{"age":1704,"angle":2.0859289169311523,"type":4,"va":1.1621589660644531,"vx":-0.3916798532009125,"vy":-4.06219482421875,"x":12.203405380249023,"y":-8.049988746643066},{"age":1408,"angle":-0.9767781496047974,"type":4,"va":1.8873482942581177,"vx":0.11301692575216293,"vy":6.20950311422348e-2,"x":11.334362030029297,"y":-2.277331829071045},{"age":1076,"angle":-2.774232864379883,"type":4,"va":-0.5462582111358643,"vx":-4.2359307408332825e-2,"vy":0.1489492952823639,"x":10.894515037536621,"y":-2.443563222885132},{"age":1007,"angle":-1.965859293937683,"type":4,"va":40.39674377441406,"vx":-3.9389586448669434,"vy":-1.4005122184753418,"x":2.7034404277801514,"y":-14.262848854064941},{"age":976,"angle":-3.021998405456543,"type":4,"va":-1.8442422151565552,"vx":0.3216589391231537,"vy":-5.382741242647171e-2,"x":10.672110557556152,"y":-1.5521663427352905},{"age":891,"angle":-8.17980021238327e-2,"type":4,"va":-0.7670666575431824,"vx":5.833751708269119e-2,"vy":-4.5009589195251465,"x":12.276195526123047,"y":-6.268935680389404},{"age":848,"angle":-1.6537175178527832,"type":4,"va":-2.5684759616851807,"vx":-6.361222743988037,"vy":-7.272318363189697,"x":11.818464279174805,"y":-11.403472900390625},{"age":811,"angle":-0.975864589214325,"type":4,"va":0.947738528251648,"vx":0.10872269421815872,"vy":0.12231619656085968,"x":10.347672462463379,"y":-1.2768702507019043},{"age":769,"angle":-1.1545964479446411,"type":4,"va":1.1175545454025269,"vx":0.1840982586145401,"vy":-1.6798425912857056,"x":12.00090217590332,"y":-2.5125019550323486},{"age":704,"angle":-0.45721110701560974,"type":4,"va":1.5596645884215832e-2,"vx":0.1404857486486435,"vy":0.14470535516738892,"x":11.631549835205078,"y":-2.3960416316986084},{"age":674,"angle":2.2558250427246094,"type":4,"va":-0.7994068264961243,"vx":0.2567649185657501,"vy":5.043308436870575e-2,"x":11.762466430664062,"y":-2.1038568019866943},{"age":585,"angle":1.2210276126861572,"type":4,"va":0.7218578457832336,"vx":-4.0466781705617905e-2,"vy":0.10295656323432922,"x":10.94314956665039,"y":-2.120450496673584},{"age":519,"angle":-0.9619365334510803,"type":4,"va":-2.4998550415039062,"vx":0.5471435785293579,"vy":-1.1306732892990112,"x":10.917156219482422,"y":-1.3349828720092773},{"age":451,"angle":0.6807445287704468,"type":4,"va":-0.3427906930446625,"vx":0.20391912758350372,"vy":7.188381999731064e-2,"x":10.346048355102539,"y":-1.5979325771331787},{"age":403,"angle":-2.2105908393859863,"type":4,"va":-0.39145100116729736,"vx":0.2946808934211731,"vy":0.10087499767541885,"x":10.045734405517578,"y":-1.8122518062591553},{"age":363,"angle":0.5688996911048889,"type":4,"va":0.5448735952377319,"vx":0.1972457468509674,"vy":-3.3332422375679016e-2,"x":10.040839195251465,"y":-1.4899728298187256},{"age":299,"angle":-0.4751008152961731,"type":4,"va":0.22773130238056183,"vx":0.32406771183013916,"vy":-5.5927351117134094e-2,"x":9.610015869140625,"y":-1.889172077178955},{"age":224,"angle":2.1170105934143066,"type":4,"va":0.27143964171409607,"vx":0.17329378426074982,"vy":-1.6430869698524475e-2,"x":9.735880851745605,"y":-1.5952932834625244},{"age":178,"angle":1.769856333732605,"type":4,"va":1.6056172847747803,"vx":0.13005010783672333,"vy":-0.11575256288051605,"x":9.305465698242188,"y":-1.7350574731826782},{"age":128,"angle":-1.7458800077438354,"type":4,"va":4.609546661376953,"vx":0.5779215693473816,"vy":0.1554909646511078,"x":9.148015975952148,"y":-1.401780128479004},{"age":62,"angle":2.3816006183624268,"type":4,"va":7.492738246917725,"vx":3.652303457260132,"vy":-1.8779059648513794,"x":5.806852340698242,"y":-0.6737723350524902}],"widgets":{"10":{"angle":1.5368150547146797e-2,"key":"10","va":0,"vx":0,"vy":0,"x":11.399999618530273,"y":-4.900000095367432}}}}