{"puzzle":{"reqTiles":["Up"],"inputs":[{"x":0.35,"y":0.0,"balls":[{"type":3,"rate":1.0}]},{"x":1.0,"y":0.35,"balls":[{"type":4,"rate":1.0}]}],"outputs":[{"x":0.35,"y":1.0,"balls":[{"type":4,"rate":1.0}]},{"x":1.0,"y":0.65,"balls":[{"type":3,"rate":1.0}]}],"spec":{}},"blueprint":{"puzzle":"757f4371-643d-5d44-bdea-e3d0b8363aad","title":"Many fan make light green work","submittedAt":"2024-04-08T01:36:13.366575774Z","widgets":{"32":{"angle":-0.6186624917744743,"type":"brick","x":317,"y":449},"64":{"angle":-0.6071145253316348,"type":"fan","x":94,"y":547},"33":{"angle":-0.4495578964642383,"type":"brick","x":275,"y":472},"65":{"angle":-0.633023800532098,"type":"fan","x":95,"y":537},"34":{"angle":-0.30226056212977714,"type":"brick","x":225,"y":490},"66":{"angle":-0.5540755642510564,"type":"fan","x":96,"y":543},"35":{"angle":-0.16827115193183406,"type":"brick","x":190,"y":498},"67":{"angle":-0.5950090983298225,"type":"fan","x":106,"y":529},"36":{"angle":0,"type":"brick","x":143,"y":500},"37":{"angle":0.1534170295577391,"type":"brick","x":118,"y":498},"38":{"angle":0.3034778820693396,"type":"brick","x":92,"y":490},"39":{"angle":0.5251338350170106,"type":"brick","x":65,"y":477},"40":{"angle":0.8328137283242862,"type":"brick","x":49,"y":462},"41":{"angle":1.068198304092925,"type":"brick","x":36,"y":442},"42":{"angle":1.241223948781999,"type":"brick","x":27.9057,"y":422},"43":{"angle":1.3056154182989363,"type":"brick","x":21.9389635,"y":396},"44":{"angle":1.4343322410170165,"type":"brick","x":17.9998845,"y":370},"45":{"angle":1.5051953477469182,"type":"brick","x":15.6997941,"y":332},"46":{"angle":0,"type":"brick","x":213,"y":13.5},"78":{"angle":-0.725862142864794,"type":"fan","x":237,"y":525},"47":{"angle":0,"type":"brick","x":300,"y":13.5},"79":{"angle":-0.8923294829382561,"type":"fan","x":226,"y":525},"48":{"angle":1.5350895268785,"type":"brick","x":14.7051733,"y":283},"80":{"angle":-0.7711710619898571,"type":"fan","x":205,"y":530},"17":{"angle":-0.9163937477983564,"type":"brick","x":31.406352,"y":222},"49":{"angle":1.5736310784032694,"type":"brick","x":13.5961684,"y":235},"81":{"angle":-0.7166604871466576,"type":"fan","x":192,"y":534},"18":{"angle":0.1624230470633828,"type":"brick","x":58,"y":226},"50":{"angle":1.6934973010600682,"type":"brick","x":17.559869,"y":225},"19":{"angle":0.28393332942371025,"type":"brick","x":60,"y":229},"51":{"angle":2.0230924888338206,"type":"brick","x":27.00161,"y":222},"83":{"angle":-0.9006952486401222,"type":"fan","x":261,"y":512},"20":{"angle":-0.20092324805918332,"type":"brick","x":39,"y":227},"84":{"angle":-0.9374035418870198,"type":"fan","x":242,"y":520},"21":{"angle":-0.6974159224263523,"type":"brick","x":34.7313625,"y":224},"85":{"angle":-0.9156342033775787,"type":"fan","x":208,"y":532},"22":{"angle":0.5554787350030395,"type":"brick","x":94,"y":303},"86":{"angle":-0.8165377064366616,"type":"fan","x":170,"y":530},"23":{"angle":0.3080815845262756,"type":"brick","x":111,"y":302},"87":{"angle":-0.20565614444539757,"type":"brick","x":703.959647,"y":294},"24":{"angle":9.552049594319417e-2,"type":"brick","x":128,"y":300},"88":{"angle":2.3196954035001462e-2,"type":"sword","x":441,"y":311},"25":{"angle":-0.17126584087329072,"type":"brick","x":151,"y":294},"57":{"angle":-0.6506500880670931,"type":"fan","x":117,"y":544},"89":{"angle":2.739014584235096,"type":"fan","x":703.686531,"y":330},"26":{"angle":-0.3485556545872642,"type":"brick","x":170,"y":284},"58":{"angle":-0.8169092406509224,"type":"fan","x":114,"y":543},"27":{"angle":-0.5026818953180653,"type":"brick","x":200,"y":267},"59":{"angle":-0.7205994716836089,"type":"fan","x":111,"y":552},"28":{"angle":-0.7518636932327537,"type":"brick","x":224,"y":244},"60":{"angle":-0.7052936101360119,"type":"fan","x":110,"y":552},"92":{"angle":0.3623378653844414,"type":"brick","x":698,"y":504},"29":{"angle":-0.9155606933663047,"type":"brick","x":246,"y":217},"61":{"angle":-0.7885593752064403,"type":"fan","x":111,"y":552},"93":{"angle":3.1374627995413595,"type":"fan","x":614.345,"y":702.4032863},"30":{"angle":-1.1294989328415155,"type":"brick","x":270,"y":172},"62":{"angle":-0.7171592918052658,"type":"fan","x":112,"y":552},"94":{"angle":-0.6049801020067523,"type":"board","x":662.9113985,"y":629},"31":{"angle":-1.3468734202123724,"type":"brick","x":289,"y":112},"63":{"angle":-0.7031208249906394,"type":"fan","x":111,"y":554}}},"snapshot":{"balls":[{"age":1709,"angle":2.2058358192443848,"type":4,"va":-0.3174154460430145,"vx":4.9363087862730026e-2,"vy":-8.361483727625796e-11,"x":1.2629141807556152,"y":-14.62130355834961},{"age":1373,"angle":2.7116453647613525,"type":3,"va":0.9126856327056885,"vx":-0.14610067009925842,"vy":-2.7371843316359445e-6,"x":6.915626049041748,"y":-14.621308326721191},{"age":1093,"angle":-0.15217995643615723,"type":4,"va":-0.3208497166633606,"vx":4.992036893963814e-2,"vy":-8.361483727625796e-11,"x":1.5853859186172485,"y":-14.62130355834961},{"age":1049,"angle":-0.5393090844154358,"type":3,"va":0.912754476070404,"vx":-0.1469896137714386,"vy":-6.409137313312385e-6,"x":7.234685897827148,"y":-14.621307373046875},{"age":505,"angle":-1.8869918584823608,"type":3,"va":-0.16548530757427216,"vx":2.6369990780949593e-2,"vy":1.2441887520253658e-9,"x":0.7219527363777161,"y":-14.621301651000977},{"age":457,"angle":0.20734897255897522,"type":3,"va":-5.821407794952393,"vx":0.8329378366470337,"vy":-0.3223901093006134,"x":14.40548038482666,"y":-9.790484428405762},{"age":15,"angle":0.5977063179016113,"type":3,"va":0.2899376153945923,"vx":0.7676600813865662,"vy":0.25413069128990173,"x":14.718637466430664,"y":-9.680622100830078},{"age":15,"angle":1.3958818912506104,"type":3,"va":2.503655433654785,"vx":0.799003005027771,"vy":-5.2758920937776566e-2,"x":14.71631908416748,"y":-9.563640594482422},{"age":10,"angle":5.188158247619867e-3,"type":4,"va":-4.193710803985596,"vx":-0.12232295423746109,"vy":-1.9115103483200073,"x":5.178308963775635,"y":-14.693317413330078},{"age":190,"angle":2.928650140762329,"type":4,"va":6.142319679260254,"vx":-6.590303897857666,"vy":-6.885337829589844,"x":7.642251491546631,"y":-10.420492172241211},{"age":240,"angle":1.6146057844161987,"type":3,"va":-45.847755432128906,"vx":7.5039262771606445,"vy":-4.779544830322266,"x":11.730975151062012,"y":-7.439134120941162},{"age":203,"angle":0.23845918476581573,"type":3,"va":-44.964107513427734,"vx":8.394149780273438,"vy":3.098253011703491,"x":4.351993560791016,"y":-9.402544975280762},{"age":153,"angle":2.2765510082244873,"type":4,"va":5.91598653793335,"vx":-0.8982739448547363,"vy":-0.18738645315170288,"x":13.333870887756348,"y":-5.597777366638184},{"age":169,"angle":2.5596132278442383,"type":3,"va":-34.39250564575195,"vx":5.3135457038879395,"vy":-1.4967761039733887,"x":2.236135482788086,"y":-9.468101501464844},{"age":57,"angle":1.3927356004714966,"type":4,"va":-0.1801214963197708,"vx":-0.44950371980667114,"vy":-0.6601630449295044,"x":14.499773025512695,"y":-5.255093574523926},{"age":93,"angle":-0.8881540298461914,"type":3,"va":20.584850311279297,"vx":-3.245063304901123,"vy":-5.811657428741455,"x":4.567204475402832,"y":-3.8787286281585693},{"age":18,"angle":3.300391882658005e-2,"type":3,"va":-8.21334171295166,"vx":1.1920928955078125e-7,"vy":-1.5691882371902466,"x":5.178403854370117,"y":-5.775634944438934e-2}],"widgets":{}}}