{"puzzle":{"reqTiles":["Up"],"inputs":[{"x":0.8,"y":0.0,"balls":[{"type":1,"rate":0.5}]}],"outputs":[{"x":0.2,"y":1.0,"balls":[{"type":1,"rate":0.5}]}],"spec":{}},"blueprint":{"puzzle":"37d862ff-28cf-5d01-bc45-e31d9ad3adeb","title":"the baseball player","submittedAt":"2024-04-06T23:10:29.532385654Z","widgets":{"0":{"angle":0,"type":"hook","x":544.354,"y":520.719},"3":{"angle":2.160489039759525,"type":"rightbumper","x":670,"y":498},"4":{"angle":1.1473862697459538,"type":"leftbumper","x":657,"y":551},"6":{"angle":-1.3594243684732297,"sticker":"figure3-happy","type":"sticker","x":599,"y":535},"7":{"angle":-1.487656667995635,"type":"board","x":613,"y":98},"8":{"angle":0.8064539928210781,"type":"board","x":666.307,"y":233},"9":{"angle":-1.6986228954887297,"sticker":"figure2-sad","type":"sticker","x":546,"y":92},"10":{"angle":-0.5020992174845657,"type":"board","x":258,"y":689.9999715},"11":{"angle":1.0755877974177053,"type":"board","x":63.5,"y":658.73444},"12":{"angle":-0.23578872434226786,"type":"board","x":410,"y":629},"14":{"angle":-1.1599158828923135,"type":"board","x":685,"y":374},"15":{"angle":1.264808261985887,"type":"board","x":655,"y":653.853251},"16":{"angle":1.4992765061832727,"type":"board","x":15.2296498,"y":502}}},"snapshot":{"balls":[{"age":283,"angle":1.9976569414138794,"type":1,"va":26.237281799316406,"vx":-0.5910938382148743,"vy":-0.37804025411605835,"x":1.9287149906158447,"y":-13.4100923538208},{"age":211,"angle":-1.141545057296753,"type":1,"va":13.561149597167969,"vx":-1.54359769821167,"vy":-3.394481897354126,"x":13.37702751159668,"y":-7.165082931518555},{"age":68,"angle":0.14854951202869415,"type":1,"va":-1.7524102702736855e-2,"vx":-0.4762883484363556,"vy":-6.097968578338623,"x":11.593561172485352,"y":-2.107875108718872}],"widgets":{"0":{"angle":0.18117479979991913,"key":"0","va":-0.3709411025047302,"vx":0,"vy":0,"x":10.91817855834961,"y":-10.596832275390625}}}}