{"puzzle":{"reqTiles":["Up","Left"],"inputs":[{"x":0.5,"y":0.0,"balls":[{"type":2,"rate":0.5559895833333334}]},{"x":0.0,"y":0.2,"balls":[{"type":1,"rate":0.7578125}]}],"outputs":[{"x":0.5,"y":1.0,"balls":[{"type":1,"rate":0.7578125}]},{"x":0.0,"y":0.5,"balls":[{"type":2,"rate":0.5559895833333334}]}],"spec":{}},"blueprint":{"puzzle":"34b659a9-7833-5ba2-abad-94a7429ef4e4","title":"Blues ","submittedAt":"2024-04-11T20:24:46.401627435Z","widgets":{"0":{"angle":0.20499339916159462,"type":"board","x":87.499974,"y":191},"32":{"angle":-1.5231681141730269,"type":"board","x":568,"y":467},"1":{"angle":-0.1947822652880976,"type":"board","x":652.412648,"y":365},"33":{"angle":-1.0000705373822372,"type":"board","x":522.5,"y":620},"2":{"angle":0.18171677533042666,"type":"board","x":573,"y":282},"34":{"angle":-0.25624856039888183,"type":"board","x":127,"y":709.1167305},"3":{"angle":0.16403661480953652,"type":"board","x":419,"y":254},"4":{"angle":0.18087399801406762,"type":"board","x":255,"y":225},"36":{"angle":0,"type":"fan","x":120,"y":702.5},"37":{"angle":-1.7041191869119745,"type":"fan","x":49,"y":521},"6":{"angle":-1.7326159846710247,"type":"cushion","x":714.149074,"y":384},"38":{"angle":1.968004147496246,"type":"board","x":42.1482425,"y":655.8307075},"7":{"angle":4.337544486489502,"type":"fan","x":544,"y":461},"39":{"angle":-3.5869986045710562,"type":"fan","x":491,"y":696.034286},"8":{"angle":-1.4312676499608483e-2,"type":"board","x":226,"y":481},"9":{"angle":-1.5834267677363383,"type":"board","x":87,"y":553},"11":{"angle":0.40344736282509613,"type":"board","x":131,"y":660},"12":{"angle":0,"type":"board","x":87.5,"y":327},"13":{"angle":-1.570467040265474,"type":"board","x":83,"y":325},"14":{"angle":-3.1448825536824128,"type":"fan","x":88,"y":371},"17":{"angle":3.831801633092765,"type":"board","x":198,"y":261},"18":{"angle":-0.7547179860685534,"type":"board","x":69.9068345,"y":258},"19":{"angle":0,"type":"board","x":180,"y":327},"20":{"angle":-0.4016095469733916,"type":"board","x":339,"y":295},"21":{"angle":0.1557603002598747,"type":"cushion","x":354,"y":245},"22":{"angle":-1.2503029812975537,"type":"board","x":281,"y":558},"23":{"angle":0.9817409459507493,"type":"board","x":203,"y":558},"24":{"angle":0.8760871061296078,"type":"board","x":77.828,"y":667.017542},"25":{"angle":-0.22627868639452536,"type":"board","x":345,"y":621},"26":{"angle":0.8071210056332312,"type":"board","x":373,"y":537},"27":{"angle":1.078242980623603,"type":"board","x":464,"y":658.645407},"28":{"angle":0.27618960279688587,"type":"board","x":390,"y":654},"29":{"angle":0.3185557889520882,"type":"board","x":654.0834575,"y":414},"30":{"angle":-1.2171342038875177,"type":"board","x":56.3911,"y":541},"31":{"angle":-0.3248916925208817,"type":"board","x":643,"y":472}}},"snapshot":{"balls":[{"age":19,"angle":-1.3547431230545044,"type":1,"va":-2.324242353439331,"vx":-6.351269781589508e-2,"vy":-0.9702048897743225,"x":7.369941711425781,"y":-14.775508880615234},{"age":772,"angle":1.5237057209014893,"type":1,"va":1.6486964225769043,"vx":-0.8493987321853638,"vy":0.5418866872787476,"x":8.195378303527832,"y":-14.509881019592285},{"age":721,"angle":-0.5331223607063293,"type":1,"va":-1.763554334640503,"vx":1.0764012336730957,"vy":0.30010199546813965,"x":6.800658702850342,"y":-14.264317512512207},{"age":653,"angle":1.6298191547393799,"type":1,"va":-11.99343490600586,"vx":1.9919281005859375,"vy":-0.8092278242111206,"x":3.464785099029541,"y":-13.00275993347168},{"age":537,"angle":-1.3712660074234009,"type":1,"va":18.05588150024414,"vx":-5.638540744781494,"vy":-1.7049423456192017,"x":7.221040725708008,"y":-7.145267486572266},{"age":440,"angle":-0.38351312279701233,"type":1,"va":10.992897987365723,"vx":-1.7051818370819092,"vy":-0.33640748262405396,"x":13.27886962890625,"y":-6.9097208976745605},{"age":391,"angle":-0.5231267213821411,"type":1,"va":14.128371238708496,"vx":-2.197972297668457,"vy":-0.4663279056549072,"x":12.611104011535645,"y":-7.041561603546143},{"age":396,"angle":-0.8239569664001465,"type":2,"va":34.53871154785156,"vx":-5.840506553649902,"vy":0.8296124935150146,"x":0.1925947666168213,"y":-8.727688789367676},{"age":320,"angle":-3.3331919461488724e-2,"type":1,"va":-21.62857437133789,"vx":3.3762471675872803,"vy":-0.6857693791389465,"x":11.498242378234863,"y":-5.303802490234375},{"age":331,"angle":-2.0740158557891846,"type":2,"va":23.289470672607422,"vx":-5.271754741668701,"vy":0.6175378561019897,"x":10.023224830627441,"y":-7.437343120574951},{"age":254,"angle":2.829878330230713,"type":1,"va":-26.942960739135742,"vx":4.190144062042236,"vy":-0.723548173904419,"x":10.045412063598633,"y":-5.013847351074219},{"age":207,"angle":-1.6222935914993286,"type":1,"va":-23.91060447692871,"vx":3.756438970565796,"vy":0.3650169372558594,"x":6.8351359367370605,"y":-4.342563629150391},{"age":159,"angle":-1.5679867267608643,"type":1,"va":-19.949474334716797,"vx":3.1167616844177246,"vy":-0.6318508982658386,"x":3.9412381649017334,"y":-3.9448304176330566},{"age":171,"angle":-1.3775918632745743e-2,"type":2,"va":-25.129291534423828,"vx":3.927506923675537,"vy":-0.7711866497993469,"x":12.803201675415039,"y":-5.543220043182373},{"age":39,"angle":-2.0989761352539062,"type":1,"va":-0.4145623743534088,"vx":0.7490319609642029,"vy":0.23534369468688965,"x":0.12208880484104156,"y":-2.9872825145721436},{"age":37,"angle":-0.8347894549369812,"type":2,"va":-2.2098448276519775,"vx":-2.4068305268883705e-2,"vy":-3.639317035675049,"x":7.39503288269043,"y":-0.7416558861732483}],"widgets":{}}}