{"puzzle":{"reqTiles":["Up"],"inputs":[{"x":0.5,"y":0.0,"balls":[{"type":2,"rate":0.5555013020833334}]}],"outputs":[{"x":0.65,"y":1.0,"balls":[{"type":2,"rate":0.5555013020833334}]}],"spec":{}},"blueprint":{"puzzle":"8fbe125f-9634-5ed9-a7cd-42452e854335","title":"Semi JUMP","submittedAt":"2024-04-23T15:52:56.588391302Z","widgets":{"0":{"angle":0.16818156248433963,"type":"board","x":411,"y":49},"32":{"angle":-0.5554130013395433,"type":"brick","x":325,"y":518},"1":{"angle":0.16867808482399133,"type":"board","x":578,"y":79},"33":{"angle":3.528089638775172,"type":"fan","x":187,"y":318},"2":{"angle":-0.7897016827972456,"type":"board","x":672.0037255,"y":154},"34":{"angle":0.14907053366192546,"type":"board","x":216.5,"y":677},"35":{"angle":-0.8898024442243715,"type":"board","x":579,"y":666.3510435},"36":{"angle":-0.3952887000137367,"type":"board","x":84.2181025,"y":689},"37":{"angle":-0.29630835458627225,"type":"board","x":653.6852435,"y":594},"6":{"angle":-0.7742578956867519,"type":"board","x":452,"y":405},"38":{"angle":-0.11678717989282866,"type":"board","x":173,"y":582},"39":{"angle":-0.41972954653182476,"type":"rightbumper","x":44.9264395,"y":685.2126835},"8":{"angle":-0.7545474559323634,"type":"board","x":366,"y":485},"40":{"angle":-2.886223147006038,"type":"fan","x":186,"y":319},"41":{"angle":0.25581723130658607,"type":"board","x":365,"y":709.152237},"10":{"angle":-0.7936328161107393,"type":"board","x":559,"y":287},"42":{"angle":-1.6353762486368957,"type":"fan","x":123,"y":579},"11":{"angle":-2.273198551245791e-2,"type":"brick","x":193,"y":550},"43":{"angle":0.4272650715584994,"type":"board","x":83.363372,"y":243},"12":{"angle":0.4000264539600124,"type":"brick","x":138,"y":539},"44":{"angle":-2.8735979635749143,"type":"fan","x":183,"y":352},"13":{"angle":-9.188632775811371e-2,"type":"brick","x":250,"y":546},"45":{"angle":-3.459143362813667,"catMass":2,"type":"catswat","x":589,"y":588},"46":{"angle":0,"speed":25,"type":"spokedwheel","x":629.143149,"y":371},"16":{"angle":-1.9456400415573956,"type":"brick","x":59,"y":450},"48":{"angle":1.0071681950510685,"type":"board","x":236,"y":347},"17":{"angle":0.8943894851101656,"type":"brick","x":91,"y":502},"49":{"angle":0,"sticker":"figure3-happy","type":"sticker","x":165,"y":218},"50":{"angle":0,"sticker":"kingbun","type":"sticker","x":214,"y":516},"19":{"angle":-0.3420986227933242,"type":"brick","x":305,"y":533},"25":{"angle":1.547785878007672,"type":"brick","x":49,"y":387},"31":{"angle":0.36317010345814393,"type":"board","x":116,"y":253}}},"snapshot":{"balls":[{"age":1118,"angle":0.8467928767204285,"type":2,"va":-9.814449310302734,"vx":1.5366227626800537,"vy":-0.230780228972435,"x":4.712399959564209,"y":-13.255345344543457},{"age":996,"angle":1.6207013130187988,"type":2,"va":16.579715728759766,"vx":-2.2988343238830566,"vy":-3.836958646774292,"x":1.473716378211975,"y":-11.973490715026855},{"age":872,"angle":-0.43285176157951355,"type":2,"va":4.344261169433594,"vx":1.1632359027862549,"vy":-2.7688093185424805,"x":9.23023796081543,"y":-11.968489646911621},{"age":765,"angle":0.8133556246757507,"type":2,"va":20.469663619995117,"vx":11.363687515258789,"vy":-6.447195053100586,"x":10.023592948913574,"y":-13.870878219604492},{"age":697,"angle":0.507016658782959,"type":2,"va":31.199567794799805,"vx":1.0512045621871948,"vy":-8.608206748962402,"x":2.9154105186462402,"y":-12.811513900756836},{"age":638,"angle":-1.7690083980560303,"type":2,"va":0.28147101402282715,"vx":-1.65998375415802,"vy":-1.4818872213363647,"x":1.292887568473816,"y":-5.421519756317139},{"age":576,"angle":-0.17646750807762146,"type":2,"va":-26.40431785583496,"vx":-2.2780749797821045,"vy":2.1525344848632812,"x":9.357154846191406,"y":-12.234057426452637},{"age":489,"angle":-1.8738017082214355,"type":2,"va":-20.652990341186523,"vx":1.1496158838272095,"vy":-3.9896180629730225,"x":0.6082390546798706,"y":-6.686100959777832},{"age":429,"angle":-2.8616275787353516,"type":2,"va":50.18061065673828,"vx":-1.006837248802185,"vy":8.905323028564453,"x":2.427849531173706,"y":-9.92707633972168},{"age":363,"angle":0.7902258634567261,"type":2,"va":27.3577938079834,"vx":-5.423193454742432,"vy":-4.915111541748047,"x":10.164861679077148,"y":-5.989622592926025},{"age":223,"angle":-2.1692943572998047,"type":2,"va":-19.772624969482422,"vx":3.1022984981536865,"vy":-0.5778633952140808,"x":11.885251998901367,"y":-1.2924041748046875},{"age":167,"angle":1.0024341344833374,"type":2,"va":-13.751349449157715,"vx":2.1527233123779297,"vy":-0.39078259468078613,"x":9.502602577209473,"y":-0.8545181155204773},{"age":20,"angle":0.19705255329608917,"type":2,"va":2.7776055335998535,"vx":-0.12455924600362778,"vy":-1.4001942873001099,"x":7.398442268371582,"y":-0.14258502423763275}],"widgets":{"45":{"angle":-2.8240418434143066,"key":"45","va":0,"vx":0,"vy":0,"x":11.779999732971191,"y":-11.760000228881836},"46":{"angle":2.5799436569213867,"key":"46","va":6.662801265716553,"vx":0,"vy":0,"x":12.582862854003906,"y":-7.420000076293945}}}}