{"puzzle":{"reqTiles":["Up","Left"],"inputs":[{"x":0.2,"y":0.0,"balls":[{"type":1,"rate":0.7218017578125}]},{"x":0.0,"y":0.65,"balls":[{"type":2,"rate":0.520751953125}]}],"outputs":[{"x":0.8,"y":1.0,"balls":[{"type":2,"rate":0.520751953125}]},{"x":0.0,"y":0.8,"balls":[{"type":1,"rate":0.717041015625}]}],"spec":{}},"blueprint":{"puzzle":"e0c89efb-ca6c-512b-adad-cce902669d61","title":"and it would have worked if not for those meddling balls bouncing into each other.","submittedAt":"2024-04-25T13:01:05.75283588Z","widgets":{"33":{"angle":1.5608357691780324,"type":"leftbumper","x":359,"y":432},"2":{"height":170,"type":"repulsor","width":170,"x":211.5,"y":655},"34":{"angle":-1.5591211679565227,"type":"board","x":306,"y":158},"35":{"angle":1.7749463958919203,"type":"board","x":308,"y":87.5076268},"4":{"angle":0,"type":"fan","x":367,"y":702.5},"37":{"angle":0.2395043735485053,"type":"board","x":87.137399,"y":640},"6":{"angle":-2.412839046537105,"type":"fan","x":333,"y":696.3752225},"38":{"angle":-2.8738544657572502,"type":"fan","x":228,"y":659},"7":{"height":54,"type":"attractor","width":54,"x":589,"y":713},"8":{"height":65,"type":"repulsor","width":65,"x":707.5,"y":707.5},"40":{"angle":0,"sticker":"knievel","type":"sticker","x":161,"y":577},"41":{"angle":0,"sticker":"cat","type":"sticker","x":499,"y":131},"42":{"angle":0,"catMass":2,"type":"catswat","x":34.5,"y":717},"43":{"angle":0,"sticker":"kingbun","type":"sticker","x":382,"y":542},"44":{"angle":-0.6141032461603213,"sticker":"kingbun","type":"sticker","x":378,"y":546},"13":{"type":"roundbumper","x":349,"y":711},"45":{"angle":-1.5793110730272635,"sticker":"kingbun","type":"sticker","x":377,"y":555},"46":{"angle":-2.4200933776014826,"sticker":"kingbun","type":"sticker","x":384,"y":559},"47":{"angle":-3.1314162699183345,"sticker":"kingbun","type":"sticker","x":390,"y":557},"48":{"angle":-3.9076640948146792,"sticker":"kingbun","type":"sticker","x":392,"y":549},"49":{"angle":-4.690420038564768,"sticker":"kingbun","type":"sticker","x":392,"y":546},"50":{"angle":0.7088404187139369,"sticker":"kingbun","type":"sticker","x":388,"y":543},"51":{"angle":0,"sticker":"figure1-happy","type":"sticker","x":353,"y":627},"23":{"angle":1.5779928220019142,"type":"board","x":503,"y":231},"24":{"angle":1.5772341004318826,"type":"board","x":501,"y":408},"25":{"angle":1.5642452800792477,"type":"board","x":503,"y":580},"28":{"angle":-1.3187894449297357,"type":"fan","x":42.175503,"y":522},"30":{"angle":1.5369281918539237,"type":"leftbumper","x":447,"y":472}}},"snapshot":{"balls":[{"age":652,"angle":0.8760073781013489,"type":2,"va":-3.233475923538208,"vx":-0.6836586594581604,"vy":-0.102039635181427,"x":12.070084571838379,"y":-14.376991271972656},{"age":407,"angle":2.033360481262207,"type":1,"va":7.008828639984131,"vx":2.6842637062072754,"vy":1.4431591033935547,"x":3.9839324951171875,"y":-4.829005718231201},{"age":346,"angle":2.4620299339294434,"type":2,"va":-8.045727729797363,"vx":1.2501963376998901,"vy":4.743036270141602,"x":10.394590377807617,"y":-14.51761245727539},{"age":272,"angle":2.7206807136535645,"type":2,"va":-3.2608368396759033,"vx":6.2371015548706055,"vy":-12.000844955444336,"x":14.551671028137207,"y":-7.0621018409729},{"age":205,"angle":2.469609022140503,"type":2,"va":-43.95999526977539,"vx":-7.033517360687256,"vy":-12.406984329223633,"x":7.882474899291992,"y":-0.5260868072509766},{"age":18,"angle":0.9383574724197388,"type":1,"va":4.883163928985596,"vx":-0.8745511770248413,"vy":-0.26946786046028137,"x":0.11500810086727142,"y":-11.858426094055176},{"age":65,"angle":-1.2886605262756348,"type":2,"va":4.19690465927124,"vx":2.352893829345703,"vy":2.8059375286102295,"x":0.6246533393859863,"y":-9.347506523132324},{"age":88,"angle":2.52375864982605,"type":1,"va":-3.0831611156463623,"vx":7.713166065514088e-3,"vy":-11.695357322692871,"x":2.961322546005249,"y":-7.099954605102539}],"widgets":{"42":{"angle":0,"key":"42","va":0,"vx":0,"vy":0,"x":0.6899999976158142,"y":-14.34000015258789}}}}