{"puzzle":{"reqTiles":["Up"],"inputs":[{"x":0.5,"y":0.0,"balls":[{"type":2,"rate":1.0}]}],"outputs":[{"x":0.2,"y":1.0,"balls":[{"type":2,"rate":1.0}]}],"spec":{}},"blueprint":{"puzzle":"a8ac135e-608f-510e-b82a-6713b145c226","title":"⚔️🔴☢️","submittedAt":"2024-04-06T18:15:34.623789251Z","widgets":{"0":{"angle":0,"type":"leftbumper","x":374,"y":73},"32":{"angle":6.0532019782107635e-2,"sticker":"figure1-sad","type":"sticker","x":48,"y":152},"1":{"angle":1.5806150488225814,"sticker":"knievel","type":"sticker","x":470,"y":73},"2":{"angle":-0.16968502807919777,"type":"board","x":261,"y":133},"34":{"type":"roundbumper","x":711,"y":29},"3":{"angle":1.5609207636927205,"type":"fan","x":140,"y":33.8692},"35":{"angle":1.1368429574010002,"type":"sword","x":648,"y":122},"4":{"angle":1.5917511303749865,"type":"board","x":99,"y":135},"36":{"angle":2.043959905488881,"type":"sword","x":659,"y":120},"6":{"angle":-1.5707963267948966,"type":"fan","x":139,"y":236},"7":{"angle":0.992863334384819,"type":"fan","x":62.5,"y":54},"8":{"angle":0.2662520491509258,"type":"board","x":253,"y":255},"40":{"height":10,"type":"repulsor","width":150,"x":655,"y":129},"9":{"angle":0.49741410083304766,"type":"board","x":259,"y":194},"42":{"angle":0,"type":"prism","x":431,"y":676},"11":{"angle":1.5250747435071978,"type":"rightbumper","x":222,"y":30.1417655},"43":{"angle":0,"type":"prism","x":531,"y":676},"44":{"angle":0,"type":"prism","x":482,"y":592},"13":{"angle":0.16720728887195704,"type":"anvil","x":380,"y":303},"14":{"angle":8.047101126546055e-2,"type":"anvil","x":471,"y":355},"15":{"angle":0.1280495992044327,"type":"anvil","x":540,"y":414},"17":{"angle":-1.0343948862667247,"type":"brick","x":711.0204705,"y":285},"18":{"angle":2.242105614819718,"type":"sword","x":677,"y":348},"19":{"angle":3.324938987352941,"type":"fan","x":649,"y":502},"20":{"angle":1.63710949075839,"type":"cushion","x":647,"y":442},"21":{"angle":0.19739555984988005,"type":"board","x":560,"y":526},"22":{"angle":0.1315341561482944,"type":"board","x":404,"y":501},"23":{"angle":1.1209172108575565,"type":"board","x":86,"y":655},"25":{"angle":-0.9374484678831728,"type":"anvil","x":291,"y":649},"26":{"angle":-2.8907441865810735,"type":"fan","x":639,"y":520},"27":{"angle":-0.9788624195200581,"type":"board","x":282,"y":558},"28":{"angle":-0.9728308033235782,"type":"hammer","x":214,"y":671.431952},"29":{"angle":1.1250267617116256,"type":"board","x":45.846311,"y":572},"30":{"angle":1.6216812546244297,"type":"rightbumper","x":48.8626934,"y":243},"31":{"angle":-0.5718629448418907,"sticker":"figure3-happy","type":"sticker","x":438,"y":381}}},"snapshot":{"balls":[{"age":18,"angle":-2.98772931098938,"type":2,"va":1.6039748191833496,"vx":-0.3886853754520416,"vy":-0.6068665385246277,"x":2.946796178817749,"y":-14.759407997131348},{"age":1525,"angle":-2.1888644695281982,"type":2,"va":-11.926642417907715,"vx":-1.5572209358215332,"vy":-0.21336430311203003,"x":2.610778331756592,"y":-14.204656600952148},{"age":1315,"angle":-1.1924989223480225,"type":2,"va":10.901107788085938,"vx":-0.47954845428466797,"vy":-1.6302756071090698,"x":12.434857368469238,"y":-8.600263595581055},{"age":1210,"angle":1.821916103363037,"type":2,"va":-8.012893676757812,"vx":1.3038257360458374,"vy":9.445178508758545e-2,"x":11.083297729492188,"y":-7.643980979919434},{"age":1174,"angle":2.3091702461242676,"type":2,"va":24.131593704223633,"vx":-0.6972789764404297,"vy":-7.033782958984375,"x":0.44427239894866943,"y":-9.122618675231934},{"age":972,"angle":1.3733551502227783,"type":2,"va":13.64499282836914,"vx":-3.0955471992492676,"vy":1.4948039054870605,"x":2.03468918800354,"y":-12.605454444885254},{"age":899,"angle":-1.3957573175430298,"type":2,"va":-38.409263610839844,"vx":6.269308090209961,"vy":-1.2121425867080688,"x":8.142387390136719,"y":-5.404505729675293},{"age":792,"angle":-1.3034965991973877,"type":2,"va":50.85625457763672,"vx":-9.242847442626953,"vy":-4.4203925132751465,"x":1.1900465488433838,"y":-9.305384635925293},{"age":713,"angle":0.6849762201309204,"type":2,"va":-6.241308689117432,"vx":-1.3011643886566162,"vy":1.5950819253921509,"x":3.367236375808716,"y":-14.123580932617188},{"age":585,"angle":2.590301275253296,"type":2,"va":-11.941744804382324,"vx":-3.5514426231384277,"vy":-5.630263805389404,"x":2.671077013015747,"y":-2.7494401931762695},{"age":563,"angle":0.10184874385595322,"type":2,"va":17.431682586669922,"vx":-11.770892143249512,"vy":-0.6806904673576355,"x":9.515983581542969,"y":-9.06935977935791},{"age":527,"angle":-1.9284743070602417,"type":2,"va":-1.4415080547332764,"vx":0.9683495759963989,"vy":-5.393340587615967,"x":8.553396224975586,"y":-1.8961068391799927},{"age":455,"angle":0.19675825536251068,"type":2,"va":58.064693450927734,"vx":13.000151634216309,"vy":-3.4387154579162598,"x":5.564987659454346,"y":-1.899747371673584},{"age":395,"angle":-1.6103830337524414,"type":2,"va":43.49375534057617,"vx":-9.124505996704102,"vy":11.614882469177246,"x":3.4882171154022217,"y":-2.0432815551757812},{"age":333,"angle":-2.0915639400482178,"type":2,"va":-25.10909080505371,"vx":4.225727081298828,"vy":-0.8753527998924255,"x":11.591883659362793,"y":-6.172740936279297},{"age":266,"angle":0.9627787470817566,"type":2,"va":-93.2155532836914,"vx":-4.971063137054443,"vy":-29.486173629760742,"x":3.3272862434387207,"y":-1.4467041492462158},{"age":185,"angle":1.6921998262405396,"type":2,"va":1.4577924013137817,"vx":-0.6259416341781616,"vy":0.23696263134479523,"x":6.556128978729248,"y":-1.7997236251831055},{"age":143,"angle":-2.2072365283966064,"type":2,"va":48.843746185302734,"vx":-1.8006482124328613,"vy":-9.72627067565918,"x":6.188530921936035,"y":-1.9728100299835205},{"age":110,"angle":-0.2872966527938843,"type":2,"va":20.370145797729492,"vx":5.845522403717041,"vy":-2.7445359230041504,"x":3.163703441619873,"y":-1.7217187881469727},{"age":55,"angle":1.162846326828003,"type":2,"va":-10.324538230895996,"vx":-14.813383102416992,"vy":-20.86687660217285,"x":4.715945243835449,"y":-1.223954200744629},{"age":23,"angle":0.12529072165489197,"type":2,"va":0.3166992664337158,"vx":-0.19744285941123962,"vy":-0.7115908861160278,"x":7.429683208465576,"y":-0.10961788147687912}],"widgets":{}}}