{"puzzle":{"reqTiles":["Up","Left"],"inputs":[{"x":0.5,"y":0.0,"balls":[{"type":2,"rate":0.5294392903645834}]},{"x":0.0,"y":0.8,"balls":[{"type":1,"rate":0.717041015625}]}],"outputs":[{"x":0.8,"y":1.0,"balls":[{"type":1,"rate":0.717041015625}]},{"x":0.0,"y":0.65,"balls":[{"type":2,"rate":0.5294392903645834}]}],"spec":{}},"blueprint":{"puzzle":"a4fcf729-6f14-57cc-afa6-41f90a932064","title":"Fun With AntiGravity","submittedAt":"2024-05-01T01:58:02.943302775Z","widgets":{"0":{"height":10,"type":"repulsor","width":150,"x":76,"y":589},"32":{"angle":-0.5491162461251955,"type":"cushion","x":463,"y":489},"64":{"angle":0.8816812776463179,"sticker":"figure3-happy","type":"sticker","x":74.6741165,"y":422},"65":{"angle":-0.5114458510761701,"sticker":"figure2-happy","type":"sticker","x":670,"y":112},"2":{"height":10,"type":"repulsor","width":150,"x":652,"y":166},"66":{"angle":0.5017952687469088,"sticker":"figure1-happy","type":"sticker","x":283,"y":114},"67":{"angle":2.356459563102499,"sticker":"knievel","type":"sticker","x":621,"y":135},"4":{"angle":1.3010342762806937,"type":"board","x":601.488,"y":647.169},"68":{"angle":0,"type":"rightbumper","x":28,"y":675},"69":{"angle":0,"type":"brick","x":34,"y":726.5},"72":{"angle":0,"sticker":"figure2-sad","type":"sticker","x":667,"y":670.5},"12":{"height":10,"type":"repulsor","width":150,"x":297,"y":75},"77":{"angle":0.2940051493331826,"type":"cushion","x":44.891557,"y":580},"14":{"height":10,"type":"repulsor","width":150,"x":560,"y":382},"15":{"height":10,"type":"repulsor","width":150,"x":638,"y":285},"16":{"height":10,"type":"repulsor","width":150,"x":646,"y":75},"80":{"height":169,"type":"repulsor","width":169,"x":571.5,"y":555.5},"17":{"height":10,"type":"repulsor","width":150,"x":176,"y":585},"18":{"height":10,"type":"repulsor","width":150,"x":266,"y":564},"82":{"angle":0,"sticker":"squobject","type":"sticker","x":572,"y":548},"19":{"height":10,"type":"repulsor","width":150,"x":376,"y":529},"83":{"angle":0,"catMass":2,"type":"catswat","x":149,"y":717},"20":{"height":10,"type":"repulsor","width":150,"x":481,"y":478},"53":{"angle":0,"type":"cushion","x":699,"y":289},"22":{"height":10,"type":"repulsor","width":150,"x":75,"y":382},"23":{"angle":0,"type":"cushion","x":96,"y":587},"24":{"angle":-0.11370597003199934,"type":"cushion","x":168,"y":583},"25":{"angle":-0.21270020532305234,"type":"cushion","x":247,"y":568},"26":{"angle":-0.2349300890701958,"type":"cushion","x":323,"y":548},"27":{"angle":-0.3348946951842252,"type":"cushion","x":392,"y":524},"28":{"angle":0,"type":"cushion","x":640,"y":287},"60":{"angle":0,"sticker":"determinism","type":"sticker","x":464.5,"y":687},"29":{"angle":-1.2153748607183346,"type":"cushion","x":593,"y":311},"30":{"angle":-1.1048014920066522,"type":"cushion","x":562,"y":379},"31":{"angle":-0.7834363196919063,"type":"cushion","x":522,"y":443}}},"snapshot":{"balls":[{"age":1263,"angle":2.9063217639923096,"type":1,"va":5.081223487854004,"vx":0.12161290645599365,"vy":-1.0385555028915405,"x":11.171480178833008,"y":-14.319391250610352},{"age":7,"angle":1.9148664474487305,"type":1,"va":-2.155400276184082,"vx":0.4425863027572632,"vy":-0.8031704425811768,"x":11.775406837463379,"y":-14.596247673034668},{"age":603,"angle":-1.2221884727478027,"type":1,"va":2.6559596061706543,"vx":-8.823911845684052e-2,"vy":-1.3647031784057617,"x":10.838958740234375,"y":-14.634511947631836},{"age":310,"angle":-1.1146554946899414,"type":1,"va":5.9349630028009415e-3,"vx":6.498567759990692e-3,"vy":-9.54257994890213e-2,"x":2.563385009765625,"y":-14.279474258422852},{"age":206,"angle":1.4530805349349976,"type":2,"va":-4.182264804840088,"vx":-0.8775877356529236,"vy":9.500709176063538e-2,"x":0.4608628749847412,"y":-9.918684005737305},{"age":108,"angle":2.2247300148010254,"type":1,"va":11.415152549743652,"vx":-1.8131433725357056,"vy":-5.3738199174404144e-2,"x":1.7068899869918823,"y":-14.62159252166748},{"age":38,"angle":-2.9887430667877197,"type":1,"va":-2.0925087928771973,"vx":-1.9815561771392822,"vy":-1.8977657556533813,"x":0.41990670561790466,"y":-12.44550895690918},{"age":43,"angle":1.0605603456497192,"type":2,"va":1.815201759338379,"vx":1.2846342325210571,"vy":-0.14713388681411743,"x":7.667697429656982,"y":-0.39142200350761414}],"widgets":{"83":{"angle":0,"key":"83","va":0,"vx":0,"vy":0,"x":2.9800000190734863,"y":-14.34000015258789}}}}