{"puzzle":{"reqTiles":["Up"],"inputs":[{"x":0.2,"y":0.0,"balls":[{"type":1,"rate":0.5177510579427084}]},{"x":1.0,"y":0.65,"balls":[{"type":3,"rate":0.6615447998046875}]}],"outputs":[{"x":0.35,"y":1.0,"balls":[{"type":3,"rate":0.6648635864257813}]},{"x":1.0,"y":0.2,"balls":[{"type":1,"rate":0.5177510579427084}]}],"spec":{}},"blueprint":{"puzzle":"dfa656bf-0d41-57b2-b36c-63063c863961","title":"Maxwell's hell","submittedAt":"2024-05-24T18:42:00.790289913Z","widgets":{"0":{"angle":1.629942566527162,"type":"board","x":113,"y":97},"32":{"angle":1.5741282968287056,"type":"board","x":174,"y":217},"64":{"angle":-0.7331358553545135,"type":"fan","x":229,"y":237},"1":{"angle":1.613563371211566,"type":"board","x":174,"y":95},"33":{"angle":0.9619386570500189,"type":"board","x":227,"y":365},"65":{"angle":-0.48924692431103883,"type":"fan","x":209,"y":212},"34":{"angle":0.8035501630897259,"type":"fan","x":84,"y":287},"66":{"angle":-0.6607815941770806,"type":"fan","x":222,"y":277},"35":{"angle":1.26860131181209,"type":"fan","x":83,"y":33.595721},"67":{"angle":1.6030285082446765,"type":"board","x":427,"y":207},"36":{"angle":0,"type":"brick","x":362,"y":49},"68":{"angle":0.10139206845453398,"type":"fan","x":246,"y":76},"37":{"angle":-1.6201659578972942,"type":"fan","x":381,"y":614},"69":{"angle":0.11982292105923213,"type":"fan","x":242,"y":88},"38":{"angle":1.1110177721470174,"type":"fan","x":66,"y":187},"70":{"angle":0,"type":"fan","x":245,"y":73},"39":{"angle":1.778238464741385,"type":"fan","x":201,"y":162},"71":{"angle":0.11525685495494856,"type":"fan","x":243,"y":80},"40":{"angle":0.998129944089058,"type":"fan","x":81,"y":125},"72":{"angle":0.6320464901509066,"type":"board","x":75.913943,"y":631},"41":{"angle":2.026822022561154,"type":"fan","x":205,"y":68.6129},"73":{"angle":0.46121090810827153,"type":"board","x":157,"y":688},"42":{"angle":0,"type":"cushion","x":364,"y":574},"74":{"angle":0,"type":"board","x":124,"y":457},"43":{"angle":1.407095874291033,"type":"cushion","x":300,"y":696.370214},"75":{"angle":0,"type":"board","x":87.5,"y":457},"44":{"angle":-1.5874272206381532,"type":"fan","x":351,"y":613},"76":{"angle":0,"sticker":"figure1-sad","type":"sticker","x":448,"y":676.5},"45":{"angle":-1.554354612286679,"type":"fan","x":355,"y":615},"77":{"angle":0,"sticker":"figure2-happy","type":"sticker","x":545,"y":667.5},"46":{"angle":-1.6058440586387803,"type":"fan","x":351,"y":614.5},"78":{"angle":0,"sticker":"figure3-happy","type":"sticker","x":641,"y":686.5},"47":{"angle":-1.5894333865645118,"type":"fan","x":374,"y":612},"79":{"angle":-1.651480314543445,"type":"fan","x":588,"y":406},"48":{"angle":-1.5822866996728762,"type":"fan","x":364,"y":611.5},"80":{"angle":-1.9255419873149415,"type":"fan","x":547,"y":425},"49":{"angle":0,"type":"fan","x":238,"y":112},"81":{"angle":-1.325382117411261,"type":"fan","x":495,"y":431},"50":{"angle":0,"type":"fan","x":238,"y":158},"82":{"angle":2.239861036015003,"type":"fan","x":696.0089795,"y":611},"51":{"angle":0,"type":"fan","x":234,"y":136},"83":{"angle":1.5204238934968237,"type":"fan","x":590,"y":591},"52":{"angle":0,"type":"fan","x":238,"y":142},"84":{"angle":0,"type":"prism","x":531,"y":287},"53":{"angle":0,"type":"fan","x":239,"y":176},"85":{"angle":0,"catMass":2,"type":"catswat","x":537,"y":300},"54":{"angle":0.2202095429207618,"type":"board","x":511,"y":148},"55":{"angle":9.715082314954795e-2,"type":"board","x":652.0395796,"y":168},"56":{"angle":-0.3296023992337013,"type":"board","x":301,"y":74},"57":{"angle":0,"type":"board","x":453,"y":50},"26":{"angle":-0.20499339916159462,"type":"board","x":652.5,"y":530},"58":{"angle":0,"type":"board","x":610,"y":48},"27":{"angle":0,"type":"board","x":387,"y":567},"59":{"angle":0.38359261066970685,"type":"board","x":655.490689,"y":79},"28":{"angle":2.9893135265402573,"type":"board","x":517,"y":554},"60":{"angle":1.5810000542888516,"type":"board","x":251,"y":276},"29":{"angle":0,"type":"board","x":222,"y":567},"61":{"angle":1.61826202090146,"type":"board","x":427,"y":383},"30":{"angle":0.8670147206629086,"type":"board","x":154,"y":394},"62":{"angle":1.6084872900564025,"type":"board","x":429,"y":270},"31":{"angle":1.5544864036601713,"type":"board","x":109,"y":245},"63":{"angle":1.2818697998252182,"type":"board","x":245,"y":350}}},"snapshot":{"balls":[{"age":1089,"angle":-0.6343931555747986,"type":1,"va":2.6419060230255127,"vx":9.143739938735962e-3,"vy":0.6426503658294678,"x":14.397359848022461,"y":-3.0605807304382324},{"age":655,"angle":-2.244027853012085,"type":1,"va":-0.5404582619667053,"vx":8.586318790912628e-2,"vy":-8.36796686053276e-3,"x":14.080751419067383,"y":-3.121051549911499},{"age":516,"angle":0.3345758020877838,"type":3,"va":-11.2140531539917,"vx":0.3388722538948059,"vy":0.6375056505203247,"x":5.369696140289307,"y":-14.278284072875977},{"age":507,"angle":1.7646633386611938,"type":1,"va":-0.5117535591125488,"vx":8.121290057897568e-2,"vy":-7.915097288787365e-3,"x":13.763099670410156,"y":-3.0900919437408447},{"age":448,"angle":-0.8814958930015564,"type":3,"va":-27.652313232421875,"vx":3.5425984859466553,"vy":-2.6594560146331787,"x":3.137805223464966,"y":-13.387543678283691},{"age":370,"angle":-2.7023956775665283,"type":1,"va":-0.45943641662597656,"vx":7.28718563914299e-2,"vy":-7.101680617779493e-3,"x":13.445324897766113,"y":-3.059121608734131},{"age":327,"angle":-3.046337604522705,"type":3,"va":22.751296997070312,"vx":-3.6062397956848145,"vy":-2.7724950313568115,"x":1.6650325059890747,"y":-11.3998384475708},{"age":248,"angle":-2.2601845264434814,"type":3,"va":22.60416603088379,"vx":-3.5851383209228516,"vy":-2.6543028652668e-3,"x":8.208765983581543,"y":-11.00263786315918},{"age":234,"angle":2.2602295875549316,"type":1,"va":10.899079322814941,"vx":-1.6872371435165405,"vy":-0.35080331563949585,"x":13.124862670898438,"y":-10.238935470581055},{"age":182,"angle":-0.22590623795986176,"type":3,"va":16.95012664794922,"vx":-2.651914358139038,"vy":-0.43908852338790894,"x":11.61660385131836,"y":-10.541972160339355},{"age":69,"angle":-2.123487710952759,"type":3,"va":0.7636752724647522,"vx":-0.6953997611999512,"vy":-0.14458343386650085,"x":14.211098670959473,"y":-10.012649536132812},{"age":74,"angle":0.5550316572189331,"type":1,"va":0.9917289614677429,"vx":-0.2420579493045807,"vy":-17.82196807861328,"x":2.840424060821533,"y":-4.707756042480469},{"age":21,"angle":2.574141263961792,"type":3,"va":1.915692925453186,"vx":-0.8755471706390381,"vy":-7.973244041204453e-2,"x":14.745805740356445,"y":-9.653533935546875}],"widgets":{"85":{"angle":0,"key":"85","va":0,"vx":0,"vy":0,"x":10.739999771118164,"y":-6}}}}