{"puzzle":{"reqTiles":["Up"],"inputs":[{"x":0.65,"y":0.0,"balls":[{"type":3,"rate":1.0}]}],"outputs":[{"x":0.5,"y":1.0,"balls":[{"type":3,"rate":1.0}]}],"spec":{}},"blueprint":{"puzzle":"25114148-53ac-56af-920b-ebb3da869491","title":"Feline kickball practice","submittedAt":"2024-04-08T22:57:46.698444331Z","widgets":{"32":{"angle":0,"sticker":"kingbun","type":"sticker","x":658,"y":294},"1":{"angle":6.287305136227283,"type":"fan","x":292.553,"y":702.4034824},"33":{"angle":0.1284893860318729,"sticker":"cat","type":"sticker","x":351,"y":559},"2":{"angle":0,"type":"fan","x":415,"y":37.5},"34":{"angle":-0.25635862866167597,"type":"board","x":257,"y":294},"3":{"angle":3.1311004655011367,"type":"fan","x":716.1078388,"y":111},"35":{"angle":-2.61412050945827e-2,"type":"board","x":213,"y":70},"4":{"angle":0.11953550503833262,"type":"fan","x":30.15068,"y":204},"36":{"angle":0,"sticker":"figure1-sad","type":"sticker","x":170,"y":577},"5":{"angle":2.9717105166075757,"type":"fan","x":700.478,"y":293},"37":{"angle":0,"type":"board","x":113,"y":651},"6":{"angle":-8.260481159585426e-2,"type":"board","x":452,"y":167.525},"38":{"angle":0,"type":"anvil","x":49,"y":715},"7":{"angle":7.068359178443694e-2,"type":"board","x":303,"y":259},"39":{"angle":1.0386593365394603,"type":"board","x":657.5,"y":405},"8":{"angle":-0.12481096177037351,"type":"board","x":289,"y":183},"40":{"angle":0.6441759672123074,"type":"board","x":629,"y":214},"9":{"angle":0.1468670960427577,"type":"fan","x":28.734709,"y":441.5},"41":{"angle":3.2564040840261294e-2,"type":"board","x":359,"y":72},"10":{"angle":-3.6240509169288306,"type":"fan","x":701.7839355,"y":493.208},"11":{"angle":9.863099873635917e-2,"type":"board","x":134.961,"y":245.011},"12":{"angle":9.288280301469351e-2,"type":"board","x":472,"y":274},"13":{"angle":-8.68444985236376e-2,"type":"board","x":621.364,"y":155},"14":{"angle":6.352196740105755,"type":"board","x":510,"y":81.5622},"15":{"angle":-0.16758095879447704,"type":"board","x":603,"y":334.289},"16":{"angle":-0.18606342759049535,"type":"board","x":473,"y":361},"17":{"angle":-0.21637121285055808,"type":"board","x":327,"y":395},"18":{"angle":0.12274624432586823,"type":"board","x":128,"y":484},"19":{"angle":0.11310378417316323,"type":"board","x":297,"y":503},"20":{"angle":9.423632362977379e-2,"type":"board","x":466,"y":520},"21":{"angle":4.040992399418724e-3,"type":"board","x":283.5,"y":652},"22":{"angle":-0.6080765919104252,"type":"board","x":481,"y":667.339},"23":{"angle":-0.5856717363877918,"type":"board","x":623,"y":573},"24":{"angle":0,"sticker":"squobject","type":"sticker","x":49,"y":317},"25":{"angle":0,"sticker":"kingbun","type":"sticker","x":454,"y":720},"26":{"angle":-6.282846324727715,"catMass":2,"type":"catswat","x":360.102,"y":621},"27":{"angle":4.567302832474069e-2,"catMass":2,"type":"catswat","x":95,"y":209},"28":{"angle":2.4044883254036713,"type":"board","x":117.5,"y":369},"29":{"angle":-0.7622059754463102,"type":"board","x":69.5047335,"y":129},"30":{"angle":0,"type":"board","x":284,"y":587},"31":{"angle":0.11143134285412938,"catMass":2,"type":"catswat","x":77,"y":445}}},"snapshot":{"balls":[{"age":2,"angle":-1.841863989830017,"type":3,"va":0.14045493304729462,"vx":-0.6529306173324585,"vy":-0.5594764351844788,"x":7.51180362701416,"y":-14.537540435791016},{"age":926,"angle":1.3195908069610596,"type":3,"va":36.08005142211914,"vx":-4.680955410003662,"vy":-3.339057207107544,"x":8.00635051727295,"y":-14.058890342712402},{"age":866,"angle":1.9058583974838257,"type":3,"va":9.5248384475708,"vx":-1.6378192901611328,"vy":0.417056679725647,"x":7.5606913566589355,"y":-14.161181449890137},{"age":792,"angle":2.1603424549102783,"type":3,"va":15.430302619934082,"vx":-1.670642614364624,"vy":-0.9999752044677734,"x":7.151139259338379,"y":-13.903950691223145},{"age":713,"angle":4.395878687500954e-2,"type":3,"va":-19.559106826782227,"vx":3.0814900398254395,"vy":-0.410322904586792,"x":6.9166412353515625,"y":-9.831064224243164},{"age":634,"angle":-2.881652593612671,"type":3,"va":6.658942222595215,"vx":-10.648456573486328,"vy":-3.2406790256500244,"x":6.6487932205200195,"y":-7.457661151885986},{"age":592,"angle":-1.970894694328308,"type":3,"va":46.95146942138672,"vx":-9.759398460388184,"vy":-3.06192946434021,"x":3.8081860542297363,"y":-8.199946403503418},{"age":536,"angle":0.1078067421913147,"type":3,"va":8.237837791442871,"vx":11.89674186706543,"vy":-0.8530795574188232,"x":6.261373519897461,"y":-4.853667736053467},{"age":467,"angle":2.145826816558838,"type":3,"va":15.638357162475586,"vx":-2.457005023956299,"vy":-0.3409668803215027,"x":5.943941116333008,"y":-3.2986624240875244},{"age":427,"angle":1.5327743291854858,"type":3,"va":16.981294631958008,"vx":-2.665330410003662,"vy":-0.3670998215675354,"x":4.960585117340088,"y":-3.422072172164917},{"age":354,"angle":0.8700019717216492,"type":3,"va":16.3734188079834,"vx":-2.582780599594116,"vy":-0.24651017785072327,"x":8.930399894714355,"y":-3.02032208442688},{"age":289,"angle":-1.3885449171066284,"type":3,"va":15.013957977294922,"vx":-2.382248640060425,"vy":-0.2393154501914978,"x":11.044203758239746,"y":-2.8810088634490967},{"age":223,"angle":-1.5222187042236328,"type":3,"va":6.541634559631348,"vx":-1.0652542114257812,"vy":-9.043946117162704e-2,"x":12.427431106567383,"y":-2.7602603435516357},{"age":140,"angle":-0.8350523114204407,"type":3,"va":-13.407395362854004,"vx":1.9679794311523438,"vy":-1.4894423484802246,"x":12.270390510559082,"y":-1.5304358005523682},{"age":93,"angle":1.6410059928894043,"type":3,"va":-11.583745956420898,"vx":1.8477683067321777,"vy":-0.12617546319961548,"x":10.754586219787598,"y":-1.3305250406265259},{"age":20,"angle":0.31450146436691284,"type":3,"va":3.8217382431030273,"vx":-2.6658326387405396e-2,"vy":-1.1066186428070068,"x":9.620759010314941,"y":-9.197553992271423e-2}],"widgets":{"26":{"angle":-3.3903124858625233e-4,"key":"26","va":0,"vx":0,"vy":0,"x":7.202040195465088,"y":-12.420000076293945},"27":{"angle":-4.5673027634620667e-2,"key":"27","va":0,"vx":0,"vy":0,"x":1.899999976158142,"y":-4.179999828338623},"31":{"angle":-0.11143134534358978,"key":"31","va":0,"vx":0,"vy":0,"x":1.5399999618530273,"y":-8.899999618530273}}}}