{"puzzle":{"reqTiles":["Up"],"inputs":[{"x":0.65,"y":0.0,"balls":[{"type":2,"rate":0.828125}]}],"outputs":[{"x":0.5,"y":1.0,"balls":[{"type":2,"rate":0.828125}]}],"spec":{}},"blueprint":{"puzzle":"748cc5e3-0907-52cd-9031-ce18597e7e8a","title":"trust but verify","submittedAt":"2024-04-08T07:16:22.853849173Z","widgets":{"32":{"angle":0,"type":"board","x":364,"y":310},"33":{"angle":0,"type":"fan","x":191,"y":310},"34":{"angle":-3.138750194365461,"type":"board","x":454,"y":312},"35":{"angle":3.1379974746570944,"type":"fan","x":705,"y":348},"36":{"angle":0,"type":"board","x":629,"y":562},"37":{"angle":0,"type":"board","x":652.5,"y":561},"38":{"angle":-1.5465304893860436,"type":"board","x":542,"y":487},"39":{"angle":-1.5618395535212037,"type":"board","x":498,"y":475},"40":{"angle":-3.139141554963735,"type":"fan","x":704,"y":348},"42":{"angle":-1.5680204423776596,"type":"cushion","x":320,"y":698.9460343},"43":{"angle":-3.161615870617382,"type":"fan","x":624,"y":702.0369853},"44":{"angle":0,"type":"board","x":418,"y":554},"45":{"angle":-2.3832089300849777e-3,"type":"board","x":87.5211864,"y":553},"46":{"angle":0,"type":"board","x":253,"y":553},"15":{"angle":-3.1310524282431595,"type":"fan","x":569,"y":93},"47":{"angle":0,"sticker":"knievel","type":"sticker","x":206,"y":474},"16":{"angle":0,"type":"board","x":290,"y":126},"48":{"angle":0,"sticker":"figure2-happy","type":"sticker","x":626,"y":481},"17":{"angle":-3.1327119677993727,"type":"fan","x":573,"y":92},"18":{"angle":0,"type":"board","x":87.5,"y":127},"50":{"angle":0,"type":"rightbumper","x":28,"y":501},"19":{"angle":0,"type":"board","x":202,"y":126},"20":{"angle":-0.8523734868229431,"type":"board","x":315,"y":189},"52":{"angle":-1.5600125589111586,"type":"cushion","x":421,"y":360},"21":{"angle":-0.8920096922311064,"type":"board","x":387,"y":201},"53":{"angle":-0.1459663335015757,"type":"board","x":412,"y":462},"22":{"angle":0,"type":"board","x":422,"y":275},"54":{"type":"roundbumper","x":428,"y":509},"23":{"angle":0,"type":"board","x":536,"y":276},"55":{"angle":1.5642091612354234,"type":"rightbumper","x":49,"y":161},"24":{"angle":0,"type":"board","x":652.5,"y":276},"56":{"angle":0,"type":"leftbumper","x":311,"y":512},"25":{"angle":0,"catMass":2,"type":"catswat","x":397,"y":245},"57":{"type":"roundbumper","x":170,"y":212},"26":{"angle":-0.23022400443674323,"sticker":"figure3-happy","type":"sticker","x":121,"y":91},"58":{"type":"roundbumper","x":76,"y":339},"27":{"angle":0.4202618569812467,"type":"cushion","x":45.388262,"y":94},"59":{"type":"roundbumper","x":256,"y":398},"28":{"angle":0,"sticker":"cat","type":"sticker","x":392,"y":250},"60":{"angle":1.5786005056987782,"type":"cushion","x":318,"y":618},"29":{"angle":0,"sticker":"kingbun","type":"sticker","x":598,"y":250},"61":{"type":"roundbumper","x":134,"y":665},"31":{"angle":-1.884269959521618,"type":"cushion","x":266,"y":280},"63":{"angle":0,"type":"cup","x":570,"y":425}}},"snapshot":{"balls":[{"age":449,"angle":2.655949592590332,"type":2,"va":-9.600495338439941,"vx":1.0580158233642578,"vy":-2.127997875213623,"x":7.397814750671387,"y":-14.504066467285156},{"age":408,"angle":-1.7864185571670532,"type":2,"va":-16.08943748474121,"vx":0.9749611020088196,"vy":-3.1676533222198486,"x":6.900951862335205,"y":-13.616462707519531},{"age":305,"angle":-2.093599319458008,"type":2,"va":-14.569817543029785,"vx":-3.0140037536621094,"vy":-3.924241065979004,"x":10.299745559692383,"y":-8.899747848510742},{"age":224,"angle":3.0819709300994873,"type":2,"va":-24.100791931152344,"vx":3.864966869354248,"vy":-0.8670457005500793,"x":9.360072135925293,"y":-5.90194034576416},{"age":145,"angle":-3.124201774597168,"type":2,"va":3.105107307434082,"vx":1.0469244718551636,"vy":0.3356063961982727,"x":6.490242958068848,"y":-5.744912624359131},{"age":48,"angle":-0.14878882467746735,"type":2,"va":-0.32552096247673035,"vx":-5.897133827209473,"vy":-5.798770904541016,"x":9.118910789489746,"y":-1.8139910697937012}],"widgets":{"25":{"angle":0,"key":"25","va":0,"vx":0,"vy":0,"x":7.940000057220459,"y":-4.900000095367432}}}}