{"puzzle":{"reqTiles":["Up"],"inputs":[{"x":0.35,"y":0.0,"balls":[{"type":2,"rate":1.0}]}],"outputs":[{"x":0.35,"y":1.0,"balls":[{"type":2,"rate":1.0}]}],"spec":{}},"blueprint":{"puzzle":"95c2e9fc-6686-5dc0-9a24-874cb945c8be","title":"Hands free 2 - replusive","submittedAt":"2024-04-06T22:09:22.799992151Z","widgets":{"1":{"height":195,"type":"repulsor","width":195,"x":97.5,"y":642.5},"2":{"height":222,"type":"repulsor","width":222,"x":459.5,"y":629},"3":{"height":237,"type":"repulsor","width":237,"x":612,"y":390},"4":{"angle":0,"sticker":"figure2-sad","type":"sticker","x":615,"y":440},"5":{"height":57,"type":"repulsor","width":57,"x":28.5,"y":527.5},"6":{"angle":0,"sticker":"figure1-happy","type":"sticker","x":39,"y":566},"7":{"angle":0,"sticker":"figure3-happy","type":"sticker","x":487,"y":654},"8":{"angle":0,"sticker":"squobject","type":"sticker","x":99,"y":638}}},"snapshot":{"balls":[{"age":183,"angle":1.2461994886398315,"type":2,"va":-21.95965003967285,"vx":-5.031120300292969,"vy":1.0270042419433594,"x":2.326392650604248,"y":-9.28834056854248},{"age":94,"angle":0.2993927001953125,"type":2,"va":0.47351571917533875,"vx":0.23937299847602844,"vy":-11.015729904174805,"x":5.42097806930542,"y":-6.340002536773682}],"widgets":{}}}