{"puzzle":{"reqTiles":["Up"],"inputs":[{"x":0.65,"y":0.0,"balls":[{"type":4,"rate":1.0}]}],"outputs":[{"x":0.2,"y":1.0,"balls":[{"type":4,"rate":1.0}]}],"spec":{}},"blueprint":{"puzzle":"8d516f84-d30a-51db-aacf-f5b892e6f51f","title":"Defiance Apparatus","submittedAt":"2024-04-08T06:18:53.240800929Z","widgets":{"64":{"angle":-1.5847295591164647,"type":"cushion","x":693,"y":572},"65":{"angle":-1.567168311817176,"type":"cushion","x":694,"y":698.9295406},"66":{"angle":-1.567799495461029,"type":"cushion","x":693,"y":633},"35":{"angle":1.5602036977098985,"type":"fan","x":153,"y":582},"67":{"angle":-0.36548874072869936,"type":"cushion","x":231,"y":534},"99":{"angle":0,"speed":25,"type":"spokedwheel","x":630.992178,"y":342},"36":{"angle":1.5434950388999538,"type":"fan","x":152,"y":543},"68":{"angle":1.177776131129828,"type":"cushion","x":236,"y":496},"100":{"angle":-1.017901093144321,"type":"cushion","x":66,"y":505},"37":{"angle":1.5602032506731782,"type":"fan","x":151,"y":506},"69":{"angle":1.4757401277045954,"type":"cushion","x":217,"y":425},"101":{"angle":5.711522737339836e-3,"type":"cushion","x":41.1107181,"y":412},"70":{"angle":1.621930005458046,"type":"cushion","x":213,"y":347},"71":{"angle":1.742317482716054,"type":"cushion","x":220,"y":272},"40":{"angle":-2.6521386588358875,"type":"fan","x":492,"y":233},"72":{"angle":1.902082244878931,"type":"cushion","x":239,"y":199},"41":{"angle":0.6739687436596645,"type":"fan","x":309,"y":116},"73":{"angle":2.1342756998084167,"type":"cushion","x":269,"y":130},"42":{"angle":-3.008035013418602,"type":"fan","x":472,"y":314},"74":{"angle":2.242831201622257,"type":"cushion","x":314,"y":68},"43":{"angle":0.378521662865318,"type":"fan","x":266,"y":213},"75":{"angle":2.36006846189656,"type":"cushion","x":337,"y":44.0798695},"44":{"angle":3.9756826451899783,"type":"fan","x":541,"y":180},"76":{"angle":1.5723221379699097,"type":"cushion","x":202,"y":509},"45":{"angle":0.8577867196612124,"type":"fan","x":381,"y":45.3046},"77":{"angle":1.5461998936488304,"type":"cushion","x":203,"y":441},"46":{"angle":-3.26733778719367,"type":"fan","x":473,"y":393},"78":{"angle":0,"type":"cushion","x":151,"y":413},"47":{"angle":6.1349277253249346e-2,"type":"fan","x":241,"y":318},"79":{"angle":-1.5637284620836223,"type":"cushion","x":98,"y":515},"48":{"angle":-9.56208854715337e-2,"type":"fan","x":242,"y":420},"80":{"angle":-1.5802922738143512,"type":"cushion","x":98,"y":439},"49":{"angle":-0.46842014218765593,"type":"fan","x":267,"y":521},"81":{"angle":0.5630959117030487,"type":"cushion","x":58,"y":527},"50":{"angle":2.5939224707063424,"type":"fan","x":505,"y":474},"83":{"angle":0,"catMass":2,"type":"catswat","x":145,"y":376},"53":{"angle":-1.5820504794506434,"type":"cushion","x":491,"y":350},"22":{"height":297,"type":"attractor","width":297,"x":148.5,"y":591.5},"54":{"angle":-1.336782927341805,"type":"cushion","x":500,"y":275},"55":{"angle":-0.8233762941070949,"type":"cushion","x":535,"y":215},"56":{"angle":-1.9621758962765068,"type":"cushion","x":507,"y":429},"57":{"angle":-0.43104786157391967,"type":"cushion","x":592,"y":172},"58":{"angle":-6.888598781682698e-2,"type":"cushion","x":659,"y":156},"59":{"angle":-2.388534942892813,"type":"cushion","x":549,"y":489},"60":{"angle":-1.5860057968063868,"type":"cushion","x":703,"y":127},"61":{"angle":-1.5892361197046792,"type":"cushion","x":701,"y":48},"62":{"angle":0.4621746066371116,"type":"cushion","x":599,"y":521},"63":{"angle":0.10329584952446257,"type":"cushion","x":665,"y":540}}},"snapshot":{"balls":[{"age":1398,"angle":-1.6435303688049316,"type":4,"va":3.9875569343566895,"vx":0.2306089997291565,"vy":0.12521427869796753,"x":3.001516580581665,"y":-13.580523490905762},{"age":583,"angle":1.3361592292785645,"type":4,"va":-2.5960395336151123,"vx":0.5575050115585327,"vy":-0.19112271070480347,"x":2.7784879207611084,"y":-13.815674781799316},{"age":509,"angle":-1.654155969619751,"type":4,"va":1.969727873802185,"vx":-7.44926643371582,"vy":4.719492793083191e-2,"x":3.076462507247925,"y":-14.22948932647705},{"age":476,"angle":-5.938538908958435e-2,"type":4,"va":0.21374541521072388,"vx":0.3240095376968384,"vy":0.17374476790428162,"x":3.1062912940979004,"y":-13.892011642456055},{"age":388,"angle":-1.906788945198059,"type":4,"va":-0.6811662316322327,"vx":0.42866167426109314,"vy":0.2891668677330017,"x":2.8934524059295654,"y":-14.128833770751953},{"age":341,"angle":0.5336412787437439,"type":4,"va":0.4461486339569092,"vx":0.16737137734889984,"vy":0.22538433969020844,"x":2.5739614963531494,"y":-14.163374900817871},{"age":266,"angle":-2.7872846126556396,"type":4,"va":0.3005232810974121,"vx":-0.24276898801326752,"vy":0.21805834770202637,"x":2.927415132522583,"y":-14.447039604187012},{"age":195,"angle":2.7206108570098877,"type":4,"va":22.662202835083008,"vx":-2.3641130924224854,"vy":3.819236993789673,"x":3.443929672241211,"y":-14.148885726928711},{"age":154,"angle":1.721047282218933,"type":4,"va":3.4314777851104736,"vx":5.7546820640563965,"vy":-2.249119758605957,"x":8.214716911315918,"y":-9.544623374938965},{"age":102,"angle":-1.8091901540756226,"type":4,"va":2.964615821838379,"vx":-1.6148444414138794,"vy":-5.83426570892334,"x":7.330348014831543,"y":-5.289697170257568},{"age":18,"angle":2.3924026638269424e-2,"type":4,"va":1.8330124616622925,"vx":1.0323808528482914e-2,"vy":-0.8774183392524719,"x":9.628981590270996,"y":-1.4613568782806396e-3}],"widgets":{"83":{"angle":0,"key":"83","va":0,"vx":0,"vy":0,"x":2.9000000953674316,"y":-7.519999980926514},"99":{"angle":1.9836487770080566,"key":"99","va":6.662801265716553,"vx":0,"vy":0,"x":12.619843482971191,"y":-6.840000152587891}}}}