{"puzzle":{"reqTiles":["Up"],"inputs":[{"x":0.8,"y":0.0,"balls":[{"type":1,"rate":0.75}]}],"outputs":[{"x":0.35,"y":1.0,"balls":[{"type":1,"rate":0.75}]}],"spec":{}},"blueprint":{"puzzle":"0891560c-2a8e-5d3f-8f67-9f498b786ff0","title":"THE cat-inator","submittedAt":"2024-04-07T22:20:00.985290566Z","widgets":{"32":{"angle":0,"catMass":2,"type":"catswat","x":218,"y":282},"33":{"angle":0,"catMass":2,"type":"catswat","x":214,"y":326},"34":{"angle":0,"catMass":2,"type":"catswat","x":224,"y":104},"35":{"angle":0,"type":"brick","x":218,"y":68},"4":{"angle":-2.2752382405866913,"catMass":2,"type":"catswat","x":618,"y":501},"5":{"angle":-2.380315643485904,"catMass":2,"type":"catswat","x":648,"y":461},"37":{"angle":0,"sticker":"cat","type":"sticker","x":214,"y":40},"6":{"angle":-2.3823079558532423,"catMass":2,"type":"catswat","x":409,"y":693},"38":{"angle":0,"sticker":"cat","type":"sticker","x":112,"y":623},"7":{"angle":-2.4790343638856043,"catMass":2,"type":"catswat","x":452,"y":662},"39":{"angle":0,"sticker":"determinism","type":"sticker","x":88,"y":683},"8":{"angle":-2.3555745102155754,"catMass":2,"type":"catswat","x":699.346419,"y":424},"40":{"angle":0,"sticker":"cat","type":"sticker","x":47,"y":620},"9":{"angle":-3.1456033361158067,"catMass":2,"type":"catswat","x":705.4080306,"y":370},"41":{"angle":-4.0896892200732395,"sticker":"figure3-happy","type":"sticker","x":649,"y":588.151},"10":{"angle":-3.142348095131844,"catMass":2,"type":"catswat","x":705.4826249,"y":308},"42":{"angle":-0.7183809533140787,"type":"board","x":481,"y":675.6345395},"11":{"angle":-3.2303590990676843,"catMass":2,"type":"catswat","x":703.5968788,"y":250.872},"43":{"angle":-0.7053256226681033,"type":"board","x":614,"y":564},"12":{"angle":-2.252567030195473,"catMass":2,"type":"catswat","x":500,"y":616},"13":{"angle":-2.5814397731630523,"catMass":2,"type":"catswat","x":539,"y":579},"45":{"angle":-0.767027526840288,"type":"board","x":670.7560305,"y":499},"14":{"angle":-2.4690287153791064,"catMass":2,"type":"catswat","x":577,"y":536},"46":{"angle":0.43597564943012007,"type":"cushion","x":694.5994695,"y":538},"15":{"angle":0,"catMass":2,"type":"catswat","x":203,"y":620},"47":{"angle":0,"sticker":"figure2-happy","type":"sticker","x":693.5,"y":667.5},"16":{"angle":0,"catMass":2,"type":"catswat","x":202,"y":667},"48":{"angle":0,"sticker":"cat","type":"sticker","x":570,"y":637},"17":{"angle":0,"catMass":2,"type":"catswat","x":203,"y":717},"49":{"height":25,"type":"attractor","width":25,"x":609.5,"y":633.5},"18":{"angle":-3.859048817708659,"catMass":2,"type":"catswat","x":667,"y":40.012778},"50":{"angle":-1.039015190868278,"type":"prism","x":558,"y":675.5317355},"19":{"angle":-3.1769761097139444,"catMass":2,"type":"catswat","x":704.7079467,"y":60},"20":{"angle":-3.135298995421419,"catMass":2,"type":"catswat","x":704.239577,"y":111},"21":{"angle":-3.196853098103467,"catMass":2,"type":"catswat","x":704.2823041,"y":153},"22":{"angle":-3.1745409828734004,"catMass":2,"type":"catswat","x":704.7610583,"y":202},"23":{"angle":-3.1314410495011367,"catMass":2,"type":"catswat","x":372,"y":716.6509727},"24":{"angle":0,"catMass":2,"type":"catswat","x":214,"y":377},"25":{"angle":0,"catMass":2,"type":"catswat","x":210,"y":423},"26":{"angle":0,"catMass":2,"type":"catswat","x":213,"y":466},"27":{"angle":0,"catMass":2,"type":"catswat","x":206,"y":521},"28":{"angle":0,"catMass":2,"type":"catswat","x":207,"y":572},"29":{"angle":0,"catMass":2,"type":"catswat","x":220,"y":150},"30":{"angle":0,"catMass":2,"type":"catswat","x":219,"y":198},"31":{"angle":0,"catMass":2,"type":"catswat","x":217,"y":242}}},"snapshot":{"balls":[{"age":293,"angle":0.8663772940635681,"type":1,"va":-7.305281162261963,"vx":1.120766043663025,"vy":-0.16018368303775787,"x":6.362948417663574,"y":-14.618843078613281},{"age":231,"angle":-2.935446262359619,"type":1,"va":3.5960731506347656,"vx":0.2620506286621094,"vy":-2.447843074798584,"x":7.204899311065674,"y":-12.351776123046875},{"age":174,"angle":-0.4052743911743164,"type":1,"va":-6.348654270172119,"vx":0.42894446849823,"vy":0.4827878475189209,"x":5.98008918762207,"y":-14.351448059082031},{"age":79,"angle":2.9275665283203125,"type":1,"va":-4.122458457946777,"vx":-5.930938571691513e-2,"vy":-8.574052810668945,"x":11.753085136413574,"y":-3.889296770095825}],"widgets":{"10":{"angle":-3.1408374309539795,"key":"10","va":0,"vx":0,"vy":0,"x":14.109652519226074,"y":-6.159999847412109},"11":{"angle":-3.052826404571533,"key":"11","va":0,"vx":0,"vy":0,"x":14.071937561035156,"y":-5.017439842224121},"12":{"angle":2.2525670528411865,"key":"12","va":0,"vx":0,"vy":0,"x":10,"y":-12.319999694824219},"13":{"angle":2.581439733505249,"key":"13","va":0,"vx":0,"vy":0,"x":10.779999732971191,"y":-11.579999923706055},"14":{"angle":2.4690287113189697,"key":"14","va":0,"vx":0,"vy":0,"x":11.539999961853027,"y":-10.720000267028809},"15":{"angle":0,"key":"15","va":0,"vx":0,"vy":0,"x":4.059999942779541,"y":-12.399999618530273},"16":{"angle":0,"key":"16","va":0,"vx":0,"vy":0,"x":4.039999961853027,"y":-13.34000015258789},"17":{"angle":0,"key":"17","va":0,"vx":0,"vy":0,"x":4.059999942779541,"y":-14.34000015258789},"18":{"angle":-2.4241366386413574,"key":"18","va":0,"vx":0,"vy":0,"x":13.34000015258789,"y":-0.800255537033081},"19":{"angle":-3.1062092781066895,"key":"19","va":0,"vx":0,"vy":0,"x":14.094159126281738,"y":-1.2000000476837158},"20":{"angle":3.13529896736145,"key":"20","va":0,"vx":0,"vy":0,"x":14.08479118347168,"y":-2.2200000286102295},"21":{"angle":-3.086332321166992,"key":"21","va":0,"vx":0,"vy":0,"x":14.08564567565918,"y":-3.059999942779541},"22":{"angle":-3.108644485473633,"key":"22","va":0,"vx":0,"vy":0,"x":14.095221519470215,"y":-4.039999961853027},"23":{"angle":3.131441116333008,"key":"23","va":0,"vx":0,"vy":0,"x":7.440000057220459,"y":-14.333019256591797},"24":{"angle":0,"key":"24","va":0,"vx":0,"vy":0,"x":4.28000020980835,"y":-7.539999961853027},"25":{"angle":0,"key":"25","va":0,"vx":0,"vy":0,"x":4.199999809265137,"y":-8.460000038146973},"26":{"angle":0,"key":"26","va":0,"vx":0,"vy":0,"x":4.260000228881836,"y":-9.319999694824219},"27":{"angle":0,"key":"27","va":0,"vx":0,"vy":0,"x":4.119999885559082,"y":-10.420000076293945},"28":{"angle":0,"key":"28","va":0,"vx":0,"vy":0,"x":4.139999866485596,"y":-11.4399995803833},"29":{"angle":0,"key":"29","va":0,"vx":0,"vy":0,"x":4.400000095367432,"y":-3},"30":{"angle":0,"key":"30","va":0,"vx":0,"vy":0,"x":4.380000114440918,"y":-3.9600000381469727},"31":{"angle":0,"key":"31","va":0,"vx":0,"vy":0,"x":4.340000152587891,"y":-4.840000152587891},"32":{"angle":0,"key":"32","va":0,"vx":0,"vy":0,"x":4.360000133514404,"y":-5.639999866485596},"33":{"angle":0,"key":"33","va":0,"vx":0,"vy":0,"x":4.28000020980835,"y":-6.519999980926514},"34":{"angle":0,"key":"34","va":0,"vx":0,"vy":0,"x":4.480000019073486,"y":-2.0799999237060547},"4":{"angle":2.275238275527954,"key":"4","va":0,"vx":0,"vy":0,"x":12.359999656677246,"y":-10.020000457763672},"5":{"angle":2.3803155422210693,"key":"5","va":0,"vx":0,"vy":0,"x":12.960000038146973,"y":-9.220000267028809},"6":{"angle":2.382308006286621,"key":"6","va":0,"vx":0,"vy":0,"x":8.180000305175781,"y":-13.859999656677246},"7":{"angle":2.479034423828125,"key":"7","va":0,"vx":0,"vy":0,"x":9.039999961853027,"y":-13.239999771118164},"8":{"angle":2.355574607849121,"key":"8","va":0,"vx":0,"vy":0,"x":13.98692798614502,"y":-8.479999542236328},"9":{"angle":-3.1375820636749268,"key":"9","va":0,"vx":0,"vy":0,"x":14.108160972595215,"y":-7.400000095367432}}}}