{"puzzle":{"reqTiles":["Up"],"inputs":[{"x":0.65,"y":0.0,"balls":[{"type":4,"rate":1.0}]}],"outputs":[{"x":0.5,"y":1.0,"balls":[{"type":4,"rate":1.0}]}],"spec":{}},"blueprint":{"puzzle":"f2d7129c-bd3b-550f-84ec-2a06aa9973e2","title":"Do a flip","submittedAt":"2024-04-08T05:07:01.047281171Z","widgets":{"32":{"angle":-1.4153110946581235,"type":"fan","x":545,"y":559},"1":{"angle":2.3875446513986813,"type":"board","x":542,"y":145},"33":{"angle":0.680930703647008,"type":"board","x":542,"y":253},"2":{"angle":1.0655382084793403,"type":"board","x":550,"y":271},"34":{"angle":2.2747814345680624,"type":"sword","x":448,"y":673.6384655},"3":{"angle":1.4865084359809253,"type":"board","x":573,"y":322},"35":{"angle":1.4514140747239352,"type":"fan","x":177,"y":218},"4":{"angle":-0.5718270435366188,"type":"board","x":515,"y":525},"36":{"angle":1.1507000159417975,"type":"board","x":243,"y":554},"5":{"angle":-0.29463559171785797,"type":"board","x":461,"y":555},"37":{"angle":0,"speed":25,"type":"spokedwheel","x":388,"y":361},"6":{"angle":-0.19037689987853984,"type":"board","x":336,"y":170},"38":{"angle":-1.4759095703054237,"type":"board","x":576,"y":408},"39":{"angle":2.1371761628297783,"type":"fan","x":318,"y":141},"8":{"angle":1.6960913998927891,"type":"board","x":167,"y":376},"40":{"angle":-2.5104631567129707,"type":"sword","x":440,"y":669},"41":{"angle":0.8342297586246671,"type":"fan","x":126,"y":490},"10":{"angle":-4.4379839006804915e-3,"type":"board","x":381,"y":583},"11":{"angle":1.1191121752673712,"type":"board","x":201,"y":612},"12":{"angle":0.7190720710244507,"type":"board","x":257,"y":675.5931345},"13":{"angle":2.452133774223506,"type":"fan","x":407,"y":121},"14":{"angle":2.731801019234811,"type":"fan","x":582,"y":124},"15":{"angle":3.4879986958249347,"type":"fan","x":626,"y":294},"16":{"angle":4.178906403863196,"type":"fan","x":616,"y":450},"17":{"angle":5.268970974638789,"type":"fan","x":471,"y":591},"18":{"angle":0.343297468273393,"type":"board","x":359,"y":565},"19":{"angle":0.7337875048573064,"type":"board","x":269,"y":529},"20":{"angle":5.608189843831952,"type":"fan","x":362,"y":612},"22":{"angle":6.181387037955992,"type":"fan","x":277,"y":588},"24":{"angle":-1.0549211742989348,"type":"board","x":553,"y":471.744},"25":{"angle":-0.6295666887598491,"type":"board","x":253,"y":212},"26":{"angle":-1.1212737305021958,"type":"board","x":197,"y":279},"30":{"angle":7.253574919461526,"type":"fan","x":116,"y":322},"31":{"angle":1.3832537063884573,"type":"board","x":162,"y":476}}},"snapshot":{"balls":[{"age":543,"angle":-3.0985748767852783,"type":4,"va":-51.075653076171875,"vx":-1.4332224130630493,"vy":-1.18076491355896,"x":7.462505340576172,"y":-14.347160339355469},{"age":413,"angle":1.5502874851226807,"type":4,"va":-22.009876251220703,"vx":0.9984066486358643,"vy":-2.151380777359009,"x":6.59813117980957,"y":-13.780426979064941},{"age":352,"angle":0.6549882888793945,"type":4,"va":-2.76524019241333,"vx":0.7914875745773315,"vy":-0.4900369346141815,"x":7.022319316864014,"y":-14.321685791015625},{"age":315,"angle":-0.7572662234306335,"type":4,"va":-54.63017272949219,"vx":8.466228485107422,"vy":-14.557746887207031,"x":5.092315196990967,"y":-12.437519073486328},{"age":265,"angle":-1.4280197620391846,"type":4,"va":-8.409866333007812,"vx":0.5099085569381714,"vy":-0.7197501063346863,"x":3.8219590187072754,"y":-9.05837345123291},{"age":221,"angle":1.8617717027664185,"type":4,"va":-103.3989028930664,"vx":-15.887410163879395,"vy":-9.663314819335938,"x":7.787118434906006,"y":-3.6048896312713623},{"age":137,"angle":-1.3356423377990723,"type":4,"va":3.8826372623443604,"vx":-0.15665456652641296,"vy":-0.8336910605430603,"x":3.9097414016723633,"y":-9.3621244430542},{"age":86,"angle":2.8974673748016357,"type":4,"va":-2.860403060913086,"vx":-7.631194591522217,"vy":-7.189729690551758,"x":7.315680980682373,"y":-4.999550819396973},{"age":24,"angle":-0.2963341176509857,"type":4,"va":2.5695040225982666,"vx":-0.10884436964988708,"vy":-0.8388777375221252,"x":9.617722511291504,"y":-8.48117396235466e-2}],"widgets":{"37":{"angle":1.6606451272964478,"key":"37","va":6.662801265716553,"vx":0,"vy":0,"x":7.760000228881836,"y":-7.21999979019165}}}}