{"puzzle":{"reqTiles":["Up"],"inputs":[{"x":0.2,"y":0.0,"balls":[{"type":4,"rate":0.8330078125}]},{"x":1.0,"y":0.65,"balls":[{"type":2,"rate":0.5294392903645834}]}],"outputs":[{"x":0.5,"y":1.0,"balls":[{"type":2,"rate":0.5294392903645834}]},{"x":1.0,"y":0.5,"balls":[{"type":4,"rate":0.8330078125}]}],"spec":{}},"blueprint":{"puzzle":"caaa77de-b447-59a6-a296-ceb752c486e2","title":"Corporate Art","submittedAt":"2024-05-07T11:38:00.11671342Z","widgets":{"0":{"angle":0.5372097124780565,"type":"board","x":388,"y":193},"32":{"angle":-0.50036281502155,"type":"board","x":110,"y":476},"1":{"angle":0.531195129649073,"type":"board","x":256,"y":113},"33":{"angle":-2.590922617178032,"type":"prism","x":84,"y":444},"2":{"angle":0.5353730623657583,"type":"board","x":660.151717,"y":357},"34":{"angle":1.5143743584508849,"type":"prism","x":403,"y":639},"3":{"angle":0.5478635315018352,"type":"board","x":528,"y":277},"35":{"angle":0.5150516185928499,"type":"board","x":113,"y":394},"4":{"angle":-0.5814826350476895,"type":"board","x":523,"y":657.043},"36":{"angle":1.5836736024680194,"type":"board","x":40,"y":435},"5":{"angle":-0.6104667924936645,"type":"board","x":663.145,"y":563},"37":{"angle":1.4859529570677756,"type":"board","x":343,"y":644},"6":{"angle":2.540263554006235,"type":"board","x":408,"y":683.0765815},"38":{"angle":0.4541879383766666,"type":"board","x":408,"y":598},"7":{"angle":-0.584620882031759,"type":"board","x":482,"y":684.2049485},"39":{"angle":-1.5938914355510803,"type":"prism","x":270,"y":244},"8":{"angle":-0.5814038541246794,"type":"board","x":545,"y":590},"40":{"angle":0.5131964372204298,"type":"board","x":266,"y":288},"9":{"angle":-0.6005401289529486,"type":"board","x":662.7239955,"y":509},"41":{"angle":-0.5221930677900334,"type":"board","x":263,"y":202},"10":{"angle":0.5562623197298886,"type":"board","x":160,"y":53.844515},"42":{"angle":-2.623897653869791,"type":"prism","x":235,"y":339},"11":{"angle":0.5381506565221871,"type":"board","x":658.254,"y":311},"43":{"angle":1.5572650998036588,"type":"board","x":194,"y":323},"12":{"angle":0.546238637896343,"type":"board","x":527,"y":234},"44":{"angle":-0.486498122945186,"type":"board","x":268,"y":365},"13":{"angle":0.546447256683724,"type":"board","x":382,"y":145},"45":{"angle":2.6347620302518577,"type":"prism","x":438,"y":132},"14":{"angle":0.5494073550899155,"type":"board","x":239,"y":57},"46":{"angle":1.5816962850356568,"type":"board","x":479,"y":117},"15":{"angle":3.6454375701676,"type":"prism","x":675.8909885,"y":442},"47":{"angle":-0.5059111372613059,"type":"board","x":404,"y":74},"16":{"angle":1.5632854696602014,"type":"board","x":638,"y":437},"48":{"angle":1.554006058977992,"type":"prism","x":572,"y":523},"17":{"angle":4.730032863664148,"type":"prism","x":682.133,"y":275},"49":{"angle":-0.4856045208400801,"type":"prism","x":380,"y":234},"18":{"angle":-0.5239497633918607,"type":"board","x":659.735389,"y":232},"50":{"angle":2.652926602725879,"type":"prism","x":139,"y":532},"19":{"angle":0.5062772021820359,"type":"prism","x":598,"y":420},"51":{"angle":-0.4695763932882255,"type":"prism","x":381,"y":233},"20":{"angle":-0.5077462703960613,"type":"prism","x":540,"y":335},"52":{"angle":1.6064235988995526,"type":"prism","x":143,"y":91},"21":{"angle":1.569077789315176,"type":"prism","x":571,"y":523},"53":{"angle":1.5900956054048916,"type":"board","x":82,"y":87.6574079},"22":{"angle":1.531119933298672,"type":"board","x":508,"y":524},"54":{"angle":-0.48411393217581006,"type":"board","x":151,"y":133},"23":{"angle":1.5711736225813475,"type":"board","x":501,"y":351},"55":{"angle":1.567463181847068,"type":"prism","x":542,"y":122},"24":{"angle":0.5774831536552368,"type":"board","x":572,"y":476},"56":{"angle":0.5490309654292633,"type":"board","x":546,"y":76},"25":{"angle":-0.526537562321576,"type":"board","x":570,"y":390},"57":{"angle":-0.5732794159587794,"type":"board","x":556,"y":165},"26":{"angle":-0.5015208834531748,"type":"prism","x":380,"y":235},"58":{"angle":-1.573362901266773,"type":"prism","x":682,"y":276},"27":{"angle":1.5739313524623262,"type":"board","x":334,"y":249},"28":{"angle":-0.4962616955586544,"type":"board","x":406,"y":291},"29":{"angle":2.669164903652821,"type":"prism","x":138,"y":532},"30":{"angle":0.5556595589933999,"type":"board","x":107,"y":563},"31":{"angle":1.5829540120002197,"type":"board","x":180,"y":514}}},"snapshot":{"balls":[{"age":361,"angle":2.957073926925659,"type":4,"va":-16.083036422729492,"vx":2.1490042209625244,"vy":-1.3005307912826538,"x":13.903755187988281,"y":-7.162230968475342},{"age":315,"angle":-2.6470839977264404,"type":4,"va":-15.55431079864502,"vx":2.0637786388397217,"vy":-1.2850693464279175,"x":12.008481979370117,"y":-6.027425289154053},{"age":255,"angle":1.737918734550476,"type":2,"va":2.096806764602661,"vx":-0.6055775284767151,"vy":-0.6489401459693909,"x":7.53900671005249,"y":-14.511141777038574},{"age":260,"angle":0.4474755525588989,"type":4,"va":-12.684383392333984,"vx":1.6760611534118652,"vy":-1.1027783155441284,"x":9.749996185302734,"y":-4.648394584655762},{"age":177,"angle":0.4390758275985718,"type":4,"va":-15.476513862609863,"vx":2.0878818035125732,"vy":-1.2846531867980957,"x":7.283786773681641,"y":-3.1796741485595703},{"age":110,"angle":0.12057629227638245,"type":2,"va":15.779605865478516,"vx":-2.1238720417022705,"vy":-1.5145817995071411,"x":13.658596992492676,"y":-10.569103240966797},{"age":131,"angle":-2.30891489982605,"type":4,"va":-15.105170249938965,"vx":2.0237021446228027,"vy":-1.2147830724716187,"x":5.7930073738098145,"y":-2.26294207572937},{"age":41,"angle":2.5549380779266357,"type":2,"va":1.9628962278366089,"vx":-0.5936741828918457,"vy":-0.6586208939552307,"x":14.466215133666992,"y":-9.799193382263184},{"age":49,"angle":0.47126126289367676,"type":4,"va":-3.8718209266662598,"vx":0.974641740322113,"vy":0.1676975041627884,"x":3.0348141193389893,"y":-0.5195714831352234}],"widgets":{}}}