{"puzzle":{"reqTiles":["Up"],"inputs":[{"x":0.2,"y":0.0,"balls":[{"type":3,"rate":1.0}]}],"outputs":[{"x":0.35,"y":1.0,"balls":[{"type":3,"rate":1.0}]}],"spec":{}},"blueprint":{"puzzle":"8ff0f163-ba57-5a56-aa90-02b7fbb385fe","title":"Bounce Grouse","submittedAt":"2024-04-06T20:37:09.075420451Z","widgets":{"32":{"angle":1.5593324880361008,"type":"brick","x":577,"y":118},"33":{"angle":-0.6998161419728537,"type":"board","x":421,"y":676.000037},"34":{"angle":-0.6840181606089222,"type":"board","x":549,"y":568},"3":{"type":"roundbumper","x":662,"y":424},"35":{"angle":-0.8490518591932912,"type":"board","x":668.222898,"y":459},"4":{"type":"roundbumper","x":623,"y":467},"36":{"angle":0.648154569158882,"type":"board","x":103,"y":680},"5":{"type":"roundbumper","x":583,"y":502},"6":{"type":"roundbumper","x":548,"y":536},"7":{"type":"roundbumper","x":503,"y":575},"8":{"type":"roundbumper","x":462,"y":608},"9":{"type":"roundbumper","x":420,"y":643},"10":{"type":"roundbumper","x":374,"y":679},"11":{"type":"roundbumper","x":331,"y":711},"12":{"type":"roundbumper","x":29,"y":585},"13":{"type":"roundbumper","x":62,"y":616},"14":{"type":"roundbumper","x":104,"y":646},"15":{"type":"roundbumper","x":148,"y":678},"16":{"type":"roundbumper","x":189,"y":711},"18":{"angle":3.121632484815363,"type":"rightbumper","x":511,"y":48.0494009},"19":{"angle":3.107752676111789,"type":"rightbumper","x":550,"y":125},"20":{"angle":3.1073373893805734,"type":"rightbumper","x":587,"y":195},"21":{"angle":3.1421963518247864,"type":"rightbumper","x":672,"y":357},"22":{"angle":3.1215238571054598,"type":"rightbumper","x":630,"y":273},"24":{"angle":1.5714189384404347,"type":"cushion","x":265,"y":547},"25":{"angle":1.5704176245471297,"type":"cushion","x":266,"y":468},"26":{"angle":1.571797964837351,"type":"cushion","x":264,"y":391},"27":{"angle":0,"sticker":"squobject","type":"sticker","x":563,"y":53},"28":{"angle":0,"type":"board","x":651.5,"y":86},"29":{"angle":0,"type":"anvil","x":659,"y":53},"30":{"angle":1.563970156605454,"type":"brick","x":625,"y":193},"31":{"angle":0,"type":"board","x":652.5,"y":153}}},"snapshot":{"balls":[{"age":1568,"angle":1.9121246337890625,"type":3,"va":-38.51833724975586,"vx":4.374678611755371,"vy":-10.863384246826172,"x":2.254857063293457,"y":-4.511472702026367},{"age":1198,"angle":2.214890956878662,"type":3,"va":10.814699172973633,"vx":3.453375816345215,"vy":-11.738044738769531,"x":3.2594335079193115,"y":-10.159804344177246},{"age":1401,"angle":-2.657684963196516e-3,"type":3,"va":-65.61454772949219,"vx":0.19537830352783203,"vy":-3.835949420928955,"x":6.712288856506348,"y":-0.4889519214630127},{"age":937,"angle":0.8143219947814941,"type":3,"va":5.559535026550293,"vx":0.8693684339523315,"vy":-3.463426113128662,"x":5.8446269035339355,"y":-0.2595372200012207},{"age":899,"angle":1.451411247253418,"type":3,"va":-29.244552612304688,"vx":2.9884543418884277,"vy":-5.962281703948975,"x":2.2946701049804688,"y":-5.413041114807129},{"age":590,"angle":2.9837095737457275,"type":3,"va":8.93521499633789,"vx":26.341625213623047,"vy":30.528179168701172,"x":3.620208978652954,"y":-11.647496223449707},{"age":537,"angle":-1.9377503395080566,"type":3,"va":6.750024318695068,"vx":1.8850629329681396,"vy":-11.34766960144043,"x":2.356811761856079,"y":-9.618971824645996},{"age":451,"angle":0.25790029764175415,"type":3,"va":-3.6912789344787598,"vx":2.015294313430786,"vy":18.332077026367188,"x":7.9174699783325195,"y":-8.71627426147461},{"age":329,"angle":0.8382776379585266,"type":3,"va":-46.5861930847168,"vx":-1.374915361404419,"vy":2.6685452461242676,"x":4.589588165283203,"y":-7.71881103515625},{"age":241,"angle":-0.6784698367118835,"type":3,"va":-15.313319206237793,"vx":6.789911270141602,"vy":-7.879199981689453,"x":6.00762414932251,"y":-4.5517120361328125},{"age":189,"angle":2.0426769256591797,"type":3,"va":47.780494689941406,"vx":3.1553232669830322,"vy":-2.4599251747131348,"x":3.2811782360076904,"y":-1.0193403959274292},{"age":122,"angle":-1.160573124885559,"type":3,"va":-4.294910430908203,"vx":5.1494340896606445,"vy":17.050573348999023,"x":3.891920566558838,"y":-10.084166526794434},{"age":33,"angle":-0.7349010705947876,"type":3,"va":-2.3171074390411377,"vx":-1.1802656576037407e-2,"vy":-2.3268845081329346,"x":2.959564447402954,"y":-0.3501785099506378}],"widgets":{}}}