{"puzzle":{"reqTiles":["Up","Left"],"inputs":[{"x":0.8,"y":0.0,"balls":[{"type":3,"rate":0.57177734375}]},{"x":0.0,"y":0.35,"balls":[{"type":1,"rate":0.541900634765625}]}],"outputs":[{"x":0.8,"y":1.0,"balls":[{"type":1,"rate":0.541900634765625}]},{"x":0.0,"y":0.8,"balls":[{"type":3,"rate":0.575439453125}]}],"spec":{}},"blueprint":{"puzzle":"f459aa67-aff3-5640-a665-ad0299e1ce23","title":"A normal amount of spinning things","submittedAt":"2024-05-08T21:56:40.332436043Z","widgets":{"32":{"angle":1.5584265130773582,"type":"board","x":694,"y":507},"33":{"angle":0,"type":"board","x":652.5,"y":116},"34":{"angle":-0.8238612797128162,"type":"brick","x":706.9946755,"y":647},"3":{"angle":0,"type":"leftbumper","x":594,"y":75},"35":{"angle":-1.692519018283752,"type":"fan","x":674.801,"y":683.195},"4":{"angle":0,"type":"board","x":278,"y":84},"36":{"angle":0,"speed":25,"type":"spokedwheel","x":464,"y":303},"5":{"angle":-0.908508392263695,"type":"board","x":125,"y":74.5356695},"37":{"angle":0,"speed":25,"type":"spokedwheel","x":602,"y":373},"6":{"angle":-0.9245961114075844,"type":"board","x":148,"y":147},"38":{"angle":-1.2633988536720746,"type":"fan","x":610,"y":560},"7":{"angle":-1.030666362679289,"type":"board","x":66,"y":149},"39":{"angle":1.558827506883994,"type":"board","x":640,"y":569},"8":{"angle":0.26339763254550097,"type":"board","x":98,"y":314},"40":{"angle":0.48193825195762596,"type":"board","x":617,"y":273},"41":{"angle":-1.1727709043885688,"type":"board","x":265,"y":536},"10":{"angle":-0.9254351304196218,"type":"board","x":117,"y":188},"42":{"angle":0,"speed":25,"type":"spokedwheel","x":337,"y":386},"11":{"angle":1.6241857467275913,"type":"board","x":231,"y":381},"43":{"angle":0.6659093104899867,"type":"board","x":196,"y":633},"12":{"angle":-0.9885518621935937,"type":"fan","x":73,"y":330},"44":{"angle":0,"type":"board","x":379,"y":474},"13":{"angle":-1.2699332571768256,"type":"fan","x":139,"y":350},"45":{"angle":0,"type":"board","x":413,"y":532},"14":{"angle":1.5506088360645967,"type":"board","x":234,"y":262},"46":{"angle":-1.0873541635836264,"type":"board","x":296,"y":601},"15":{"angle":0,"type":"board","x":87.5,"y":393},"47":{"angle":-1.0996018537472994,"type":"fan","x":233,"y":686},"16":{"angle":-1.4522619882820635,"type":"board","x":163,"y":417},"48":{"angle":1.12856739081083,"type":"fan","x":441,"y":429},"17":{"angle":-0.4037616362696347,"type":"board","x":84.000045,"y":527},"49":{"angle":-1.094385714700615,"type":"fan","x":231,"y":700},"50":{"angle":5.449145624073116e-2,"type":"board","x":545,"y":481},"19":{"angle":0,"type":"board","x":328,"y":82},"51":{"angle":2.1444614866300173,"type":"brick","x":431,"y":571},"20":{"angle":0.20400840045359736,"type":"board","x":487,"y":98},"52":{"angle":-1.702980663687248,"type":"board","x":590,"y":624},"53":{"angle":0,"speed":25,"type":"spokedwheel","x":504,"y":631.456458},"22":{"angle":-1.2357625901698954,"type":"fan","x":126,"y":342},"54":{"angle":1.5115576455942485,"type":"brick","x":411,"y":627},"23":{"angle":-0.37868692684437827,"type":"board","x":99,"y":582},"55":{"angle":0,"type":"brick","x":508,"y":535},"24":{"angle":1.9162046475244976,"type":"board","x":210,"y":478},"56":{"angle":1.4464413322481362,"type":"brick","x":580,"y":526},"25":{"angle":0,"type":"fan","x":23.5,"y":140},"57":{"angle":1.1322008815995313,"type":"brick","x":428,"y":688},"26":{"angle":0,"type":"board","x":326,"y":184},"58":{"angle":0,"type":"brick","x":470,"y":722},"27":{"angle":0.2376883913121651,"type":"board","x":491,"y":203},"59":{"angle":0,"type":"brick","x":515,"y":726.5},"28":{"angle":0.26089745528848163,"type":"board","x":620,"y":237},"60":{"angle":1.2530739479924582,"type":"fan","x":504,"y":433},"29":{"angle":-1.5472026069363916,"type":"board","x":694,"y":338},"61":{"angle":-0.6607454612083957,"type":"board","x":311,"y":236},"62":{"angle":1.6410512906815693,"type":"fan","x":280,"y":214}}},"snapshot":{"balls":[{"age":1306,"angle":-0.10605625063180923,"type":1,"va":-3.6913514137268066,"vx":-1.6850043535232544,"vy":-0.3457518219947815,"x":11.599159240722656,"y":-14.166376113891602},{"age":998,"angle":0.6645250916481018,"type":1,"va":-33.346466064453125,"vx":4.199639797210693,"vy":-4.2361063957214355,"x":9.089309692382812,"y":-13.40578842163086},{"age":871,"angle":-1.3989875316619873,"type":1,"va":-0.21790584921836853,"vx":1.9179727882146835e-2,"vy":-1.7758145928382874e-2,"x":14.623823165893555,"y":-12.247411727905273},{"age":717,"angle":-2.8995730876922607,"type":1,"va":-7.713225841522217,"vx":1.2238863706588745,"vy":1.862645149230957e-9,"x":7.768457412719727,"y":-10.301613807678223},{"age":10,"angle":-3.1415438652038574,"type":3,"va":-0.9056663513183594,"vx":-0.5527538657188416,"vy":0.6110261678695679,"x":0.17311444878578186,"y":-11.854899406433105},{"age":548,"angle":-0.6692841649055481,"type":1,"va":-31.582622528076172,"vx":-8.599470138549805,"vy":-2.450544834136963,"x":6.4801554679870605,"y":-5.245603561401367},{"age":408,"angle":-1.3094303607940674,"type":1,"va":-33.389739990234375,"vx":-3.9928412437438965,"vy":0.9440689086914062,"x":12.380378723144531,"y":-5.922486305236816},{"age":341,"angle":1.5306144952774048,"type":1,"va":-21.637741088867188,"vx":0.19986644387245178,"vy":-4.281964302062988,"x":14.249074935913086,"y":-6.1975250244140625},{"age":267,"angle":-4.535442218184471e-2,"type":1,"va":-22.30934715270996,"vx":2.3766281604766846,"vy":-0.2610759735107422,"x":8.710453033447266,"y":-3.071984052658081},{"age":248,"angle":-2.320371150970459,"type":3,"va":1.7155629396438599,"vx":-0.9957354068756104,"vy":-2.4935858249664307,"x":4.130802154541016,"y":-6.700362205505371},{"age":163,"angle":-0.5259486436843872,"type":1,"va":42.05093765258789,"vx":5.992483139038086,"vy":-5.414987087249756,"x":7.9910712242126465,"y":-3.320848226547241},{"age":128,"angle":2.876274585723877,"type":1,"va":-8.306846618652344,"vx":8.75330638885498,"vy":8.203835487365723,"x":3.590963125228882,"y":-4.027193069458008},{"age":95,"angle":1.501979112625122,"type":3,"va":-7.967164993286133,"vx":0.7548869252204895,"vy":-9.997467696666718e-2,"x":0.7600969076156616,"y":-4.93958044052124},{"age":32,"angle":2.61889910697937,"type":1,"va":-1.9740843772888184,"vx":0.789476752281189,"vy":-0.38326793909072876,"x":0.20022860169410706,"y":-5.2566728591918945}],"widgets":{"36":{"angle":2.55163311958313,"key":"36","va":6.635399341583252,"vx":0,"vy":0,"x":9.279999732971191,"y":-6.059999942779541},"37":{"angle":-1.549480676651001,"key":"37","va":5.825368404388428,"vx":0,"vy":0,"x":12.039999961853027,"y":-7.460000038146973},"42":{"angle":-0.41471365094184875,"key":"42","va":6.665157318115234,"vx":0,"vy":0,"x":6.739999771118164,"y":-7.71999979019165},"53":{"angle":-1.6108753681182861,"key":"53","va":5.705613136291504,"vx":0,"vy":0,"x":10.079999923706055,"y":-12.629129409790039}}}}