{"puzzle":{"reqTiles":["Up","Left"],"inputs":[{"x":0.5,"y":0.0,"balls":[{"type":2,"rate":0.26906331380208337}]},{"x":0.0,"y":0.35,"balls":[{"type":3,"rate":0.564453125}]}],"outputs":[{"x":0.5,"y":1.0,"balls":[{"type":3,"rate":0.564453125}]},{"x":0.0,"y":0.2,"balls":[{"type":2,"rate":0.3585205078125}]}],"spec":{}},"blueprint":{"puzzle":"805495ce-0b9b-5f73-815b-911845be22e5","title":"quivering whiskers","submittedAt":"2024-05-01T10:11:36.303069727Z","widgets":{"32":{"angle":3.157662155200732,"type":"leftbumper","x":362,"y":452},"1":{"angle":0.27351153375355375,"type":"brick","x":36.3755613,"y":687.821},"33":{"type":"roundbumper","x":338,"y":329},"65":{"angle":0,"sticker":"kingbun","type":"sticker","x":187,"y":521},"34":{"height":10,"type":"repulsor","width":150,"x":339,"y":325},"66":{"angle":0,"sticker":"cat","type":"sticker","x":480,"y":555},"35":{"angle":0,"type":"lefthook","x":176.433,"y":237.45},"67":{"height":10,"type":"attractor","width":150,"x":339,"y":326},"37":{"angle":0,"type":"hook","x":501.319,"y":246.864},"38":{"angle":0,"type":"brick","x":543,"y":145},"7":{"angle":0,"type":"brick","x":103,"y":698},"39":{"angle":0,"type":"brick","x":475,"y":584},"8":{"angle":0,"type":"brick","x":173,"y":702},"40":{"angle":0,"type":"lefthook","x":188.602,"y":470.267},"9":{"angle":0,"type":"brick","x":237,"y":702},"41":{"angle":0,"type":"brick","x":198,"y":552},"10":{"angle":0,"type":"brick","x":302,"y":706},"42":{"angle":0,"type":"hook","x":480.327,"y":480.596},"11":{"angle":-0.24644831484471247,"type":"brick","x":377,"y":79},"12":{"angle":-0.22662995873191577,"type":"brick","x":316,"y":95},"44":{"angle":0,"type":"sword","x":450,"y":326},"13":{"angle":-0.2978204094353178,"type":"brick","x":261,"y":109},"45":{"angle":3.141271976996825,"type":"sword","x":222,"y":333},"14":{"angle":-0.20556478216299465,"type":"brick","x":196,"y":125},"46":{"angle":-1.562604304483771,"type":"sword","x":338,"y":152},"15":{"angle":-0.18619967577602786,"type":"brick","x":134,"y":140},"47":{"angle":1.5647946536222679,"type":"sword","x":339,"y":518},"16":{"angle":-0.18471574581722108,"type":"brick","x":71,"y":152},"48":{"angle":0,"sticker":"squobject","type":"sticker","x":542,"y":108},"17":{"angle":-0.24917135958818395,"type":"brick","x":36.2718854,"y":162},"49":{"angle":0,"sticker":"determinism","type":"sticker","x":668.507,"y":687.005},"18":{"angle":-1.477042441140178,"type":"brick","x":422,"y":700},"50":{"angle":0,"sticker":"determinism","type":"sticker","x":668.507,"y":587},"19":{"angle":0,"type":"rightbumper","x":389,"y":283},"51":{"angle":0,"sticker":"determinism","type":"sticker","x":668.507,"y":488},"20":{"angle":-3.1277320508249704,"type":"rightbumper","x":336,"y":286},"52":{"angle":0,"sticker":"determinism","type":"sticker","x":668.507,"y":395},"21":{"angle":0,"type":"rightbumper","x":321,"y":289},"53":{"angle":0,"sticker":"determinism","type":"sticker","x":668.507,"y":301},"22":{"angle":0,"type":"rightbumper","x":364,"y":223},"54":{"angle":0,"sticker":"determinism","type":"sticker","x":668.507,"y":207},"55":{"angle":0,"sticker":"determinism","type":"sticker","x":668.507,"y":113},"24":{"angle":3.14231481306874,"type":"leftbumper","x":393,"y":372},"56":{"angle":0,"sticker":"determinism","type":"sticker","x":668.507,"y":52.995},"25":{"angle":6.222728172856591,"type":"leftbumper","x":341,"y":374},"57":{"angle":0,"sticker":"determinism","type":"sticker","x":668.507,"y":164},"58":{"angle":0,"sticker":"determinism","type":"sticker","x":668.507,"y":262},"27":{"angle":-1.4645547327010589e-2,"type":"leftbumper","x":312,"y":226},"59":{"angle":0,"sticker":"determinism","type":"sticker","x":668.507,"y":359},"28":{"angle":0,"type":"leftbumper","x":283,"y":293},"60":{"angle":0,"sticker":"determinism","type":"sticker","x":668.507,"y":446},"29":{"angle":-3.1182243384434796,"type":"leftbumper","x":333,"y":378},"61":{"angle":0,"sticker":"determinism","type":"sticker","x":668.507,"y":537},"30":{"angle":3.1704459622091883,"type":"rightbumper","x":279,"y":377},"62":{"angle":0,"sticker":"determinism","type":"sticker","x":668.507,"y":642},"31":{"angle":3.152487645174599,"type":"rightbumper","x":313,"y":448},"63":{"angle":3.1544821298403143,"sticker":"determinism","type":"sticker","x":667.8296735,"y":686.0883169}}},"snapshot":{"balls":[{"age":331,"angle":0.6832241415977478,"type":3,"va":1.9780811071395874,"vx":-0.8698047399520874,"vy":-0.16653576493263245,"x":7.776676177978516,"y":-14.368810653686523},{"age":237,"angle":-2.851101875305176,"type":3,"va":-8.553683280944824,"vx":1.3560223579406738,"vy":3.725290298461914e-9,"x":5.112801551818848,"y":-13.611653327941895},{"age":228,"angle":-2.6766934394836426,"type":2,"va":-0.6681344509124756,"vx":-0.17035609483718872,"vy":0.10551148653030396,"x":0.821088433265686,"y":-2.5944318771362305},{"age":143,"angle":-0.9420086741447449,"type":3,"va":-18.253435134887695,"vx":3.7121031284332275,"vy":2.2021684646606445,"x":1.5266695022583008,"y":-12.98715591430664},{"age":44,"angle":-2.5805935859680176,"type":3,"va":1.8285856246948242,"vx":1.2530207633972168,"vy":0.21255847811698914,"x":0.17705020308494568,"y":-5.185222148895264},{"age":29,"angle":-0.4328904449939728,"type":2,"va":3.929476737976074,"vx":-8.450230211019516e-2,"vy":-1.0268739461898804,"x":7.433895111083984,"y":-9.651516377925873e-2}],"widgets":{"35":{"angle":0,"key":"35","va":0,"vx":0,"vy":0,"x":3.5286600589752197,"y":-4.749000072479248},"37":{"angle":-2.5816824287176132e-2,"key":"37","va":-37.164710998535156,"vx":0,"vy":0,"x":10.024707794189453,"y":-4.910953044891357},"40":{"angle":-1.4361845329403877e-2,"key":"40","va":12.107080459594727,"vx":0,"vy":0,"x":3.770765781402588,"y":-9.420023918151855},"42":{"angle":0.3114873170852661,"key":"42","va":-14.262513160705566,"vx":0,"vy":0,"x":9.680217742919922,"y":-9.9205322265625}}}}