{"puzzle":{"reqTiles":["Up"],"inputs":[{"x":0.2,"y":0.0,"balls":[{"type":2,"rate":1.0}]}],"outputs":[{"x":0.35,"y":1.0,"balls":[{"type":2,"rate":1.0}]}],"spec":{}},"blueprint":{"puzzle":"850d8866-d42c-5bf6-a541-616e2f77cc23","title":"the squirrel armada","submittedAt":"2024-04-07T01:36:13.079266142Z","widgets":{"0":{"angle":0.48331727740042707,"type":"sword","x":143,"y":180},"1":{"angle":-1.1635354223658092,"type":"sword","x":452,"y":270},"2":{"angle":1.0330936180459813,"type":"sword","x":140,"y":407},"3":{"angle":-0.9705371977178382,"type":"sword","x":510,"y":495},"4":{"angle":1.0360879460885066,"type":"sword","x":114,"y":669.4035965},"5":{"angle":1.9649285905628031,"type":"sword","x":341,"y":667.4170985},"6":{"angle":4.230141007345391,"type":"sword","x":49.9720485,"y":556},"7":{"angle":-0.5066678446058263,"sticker":"squobject","type":"sticker","x":63,"y":618},"8":{"angle":2.210339090610698,"sticker":"squobject","type":"sticker","x":126,"y":349},"9":{"angle":0.26755154760996,"sticker":"squobject","type":"sticker","x":417,"y":310},"10":{"angle":0.45606402748254404,"sticker":"squobject","type":"sticker","x":470,"y":526},"11":{"angle":1.9117707231048473,"sticker":"squobject","type":"sticker","x":103,"y":140},"12":{"angle":1.9583785974944161,"type":"fan","x":403,"y":350},"13":{"angle":2.201941637323521,"type":"fan","x":452,"y":560},"14":{"angle":4.2215270542189725,"type":"fan","x":97,"y":327},"15":{"angle":3.775687832587464,"type":"fan","x":62.5,"y":127},"16":{"angle":1.3619975095556094,"type":"fan","x":79.5,"y":653.5},"17":{"angle":3.5930235774458654,"sticker":"squobject","type":"sticker","x":375,"y":627},"18":{"angle":0,"sticker":"cat","type":"sticker","x":582,"y":723.5},"19":{"angle":0,"sticker":"kingbun","type":"sticker","x":623,"y":720},"20":{"angle":-0.9801671923713761,"type":"fan","x":391,"y":589},"21":{"angle":0,"sticker":"figure2-happy","type":"sticker","x":679,"y":667.5},"22":{"angle":2.832429286867898,"type":"sword","x":592,"y":612},"23":{"angle":3.889001998227144,"type":"sword","x":669,"y":573}}},"snapshot":{"balls":[{"age":1607,"angle":-0.8288222551345825,"type":2,"va":0.6113446950912476,"vx":-9.73590537905693e-2,"vy":-8.731149137020111e-11,"x":3.536346673965454,"y":-14.621305465698242},{"age":1434,"angle":-1.3329432010650635,"type":2,"va":-1.681617259979248,"vx":0.2589316964149475,"vy":0,"x":3.206293821334839,"y":-14.627683639526367},{"age":1392,"angle":2.720979690551758,"type":2,"va":0,"vx":0,"vy":0,"x":13.886835098266602,"y":-11.576845169067383},{"age":1340,"angle":-3.000657081604004,"type":2,"va":0,"vx":0,"vy":0,"x":14.62221622467041,"y":-12.261263847351074},{"age":1253,"angle":0.41300129890441895,"type":2,"va":0,"vx":0,"vy":0,"x":14.621123313903809,"y":-11.8251371383667},{"age":1206,"angle":2.4492435455322266,"type":2,"va":0,"vx":0,"vy":0,"x":14.390165328979492,"y":-12.043499946594238},{"age":1138,"angle":-2.6036667823791504,"type":2,"va":4.743422567844391e-2,"vx":-7.5586168095469475e-3,"vy":1.2441887520253658e-9,"x":3.869955062866211,"y":-14.621301651000977},{"age":947,"angle":1.5780636072158813,"type":2,"va":3.031172037124634,"vx":-0.40029433369636536,"vy":2.3567540645599365,"x":9.381781578063965,"y":-14.202914237976074},{"age":719,"angle":-1.8065747022628784,"type":2,"va":-7.600180625915527,"vx":-3.8450891971588135,"vy":-0.537963330745697,"x":13.999031066894531,"y":-14.544986724853516},{"age":531,"angle":1.9316285848617554,"type":2,"va":-12.554588317871094,"vx":1.1626060009002686,"vy":-1.3950566053390503,"x":4.359619140625,"y":-14.275320053100586},{"age":474,"angle":0.5865585803985596,"type":2,"va":-1.5765637159347534,"vx":0.6178495287895203,"vy":2.7896766662597656,"x":3.199493646621704,"y":-14.311991691589355},{"age":438,"angle":0.14702464640140533,"type":2,"va":13.991740226745605,"vx":-5.48294734954834,"vy":-1.8131920099258423,"x":5.3635454177856445,"y":-12.649582862854004},{"age":371,"angle":-2.3699281215667725,"type":2,"va":-11.729147911071777,"vx":-6.290323257446289,"vy":2.7008280754089355,"x":6.077337741851807,"y":-11.482352256774902},{"age":304,"angle":1.4023427963256836,"type":2,"va":11.40377426147461,"vx":-7.351760387420654,"vy":-4.87053108215332,"x":2.900517463684082,"y":-10.327388763427734},{"age":228,"angle":2.666213035583496,"type":2,"va":8.67515754699707,"vx":4.225532531738281,"vy":-7.845475673675537,"x":4.1546630859375,"y":-10.152152061462402},{"age":159,"angle":1.3885655403137207,"type":2,"va":17.375410079956055,"vx":-6.714006423950195,"vy":-3.131377696990967,"x":6.604940414428711,"y":-6.04326057434082},{"age":101,"angle":-1.3306498527526855,"type":2,"va":-16.212804794311523,"vx":4.342122554779053,"vy":0.6096009016036987,"x":4.641950607299805,"y":-2.2398033142089844},{"age":63,"angle":0.15082895755767822,"type":2,"va":-15.750273704528809,"vx":4.700594425201416,"vy":4.035356521606445,"x":3.153757095336914,"y":-3.184950351715088}],"widgets":{}}}