{"puzzle":{"reqTiles":["Up","Left"],"inputs":[{"x":0.5,"y":0.0,"balls":[{"type":1,"rate":0.72265625}]},{"x":0.0,"y":0.5,"balls":[{"type":2,"rate":0.4860026041666667}]}],"outputs":[{"x":0.5,"y":1.0,"balls":[{"type":2,"rate":0.4860026041666667}]},{"x":0.0,"y":0.65,"balls":[{"type":1,"rate":0.70068359375}]}],"spec":{}},"blueprint":{"puzzle":"0ef6e9b0-7a9f-5f4f-aba8-15eae978f64c","title":"not this way","submittedAt":"2024-04-18T20:05:46.289639893Z","widgets":{"32":{"angle":0.7798917198889608,"type":"board","x":559,"y":321},"64":{"angle":0,"catMass":2,"type":"catswat","x":138,"y":717},"33":{"angle":0.5834511634953907,"type":"board","x":535,"y":379},"65":{"angle":3.0969057757087435,"catMass":2,"type":"catswat","x":596,"y":715.4817631},"66":{"angle":3.1090773422371316,"catMass":2,"type":"catswat","x":664,"y":689},"67":{"angle":0,"type":"brick","x":642,"y":726.5},"36":{"angle":0.7559366233966778,"type":"brick","x":33.999981,"y":427},"68":{"angle":0,"type":"brick","x":706,"y":674},"37":{"angle":-3.1405921536735013,"type":"brick","x":34.0135111,"y":515},"69":{"angle":0,"type":"brick","x":706,"y":700},"38":{"angle":2.2196079925606003,"type":"fan","x":212,"y":233},"70":{"angle":-0.8121684929675015,"type":"board","x":139,"y":359},"7":{"angle":-1.5672461715804322,"type":"sword","x":370,"y":132},"71":{"angle":-0.7517733731588719,"type":"board","x":186,"y":313},"8":{"angle":0,"sticker":"figure2-happy","type":"sticker","x":403,"y":250},"40":{"angle":3.157416613172735,"type":"board","x":198,"y":498},"72":{"angle":1.5799958961002902,"type":"anvil","x":515,"y":184},"41":{"angle":0.1307909956219576,"type":"board","x":227,"y":448},"73":{"angle":0.8130695517050659,"type":"anvil","x":662,"y":385},"10":{"angle":0,"type":"brick","x":373,"y":328},"42":{"angle":-5.136403805132338e-3,"type":"board","x":218,"y":430},"74":{"angle":0.8089895006757151,"type":"anvil","x":607,"y":329},"11":{"angle":0.14165426114207832,"type":"brick","x":436,"y":333},"43":{"angle":-0.5877771072465914,"type":"board","x":208,"y":377},"75":{"angle":0.7712845540057894,"type":"anvil","x":555,"y":277},"12":{"angle":-0.11615978918988593,"type":"brick","x":310,"y":332},"44":{"angle":2.7963093027273547,"type":"fan","x":276,"y":381},"76":{"angle":-0.7734632525156248,"type":"anvil","x":90,"y":361},"13":{"angle":-1.5880559594229384,"type":"anvil","x":516,"y":219.925},"45":{"angle":0,"type":"brick","x":49,"y":514},"77":{"angle":-0.76350385227467,"type":"anvil","x":144,"y":310},"46":{"angle":0,"catMass":2,"type":"catswat","x":34.5,"y":647},"78":{"angle":-0.75060048299142,"type":"anvil","x":204,"y":256},"15":{"angle":1.5724264379769801,"type":"anvil","x":232,"y":215},"47":{"angle":3.111679801735647,"catMass":2,"type":"catswat","x":704.8275214,"y":641.978},"79":{"angle":-1.5633565556303006,"type":"anvil","x":231,"y":82},"16":{"angle":1.5597624752035708,"type":"anvil","x":232,"y":132},"48":{"angle":0,"sticker":"determinism","type":"sticker","x":372,"y":401},"80":{"angle":-1.603113644448267,"type":"anvil","x":232,"y":168},"17":{"angle":1.5577041150632844,"type":"anvil","x":232,"y":46.823301},"49":{"angle":0,"sticker":"figure1-sad","type":"sticker","x":236,"y":676.5},"81":{"angle":1.5685073465293227,"type":"anvil","x":516,"y":93},"18":{"angle":-1.5998861941223876,"type":"anvil","x":512,"y":47.2074705},"50":{"angle":0,"sticker":"figure2-sad","type":"sticker","x":507,"y":670.5},"19":{"angle":-1.5954097697126577,"type":"anvil","x":514,"y":137},"51":{"angle":0,"type":"brick","x":268,"y":361},"20":{"angle":-3.160009604062642,"type":"fan","x":715.8134025,"y":477},"21":{"angle":-3.14684714167532,"type":"fan","x":706.303,"y":494},"53":{"angle":0,"type":"brick","x":473,"y":408},"22":{"angle":-3.1378424536422083,"type":"fan","x":706.36,"y":461},"54":{"angle":0,"type":"brick","x":473,"y":386},"23":{"angle":-3.146827523177044,"type":"fan","x":706.304,"y":478},"55":{"angle":0,"type":"brick","x":472,"y":361},"24":{"angle":-8.055922061542452e-2,"type":"board","x":465,"y":455},"56":{"angle":0,"type":"brick","x":268,"y":407},"25":{"angle":5.8039293047243874e-2,"type":"board","x":300,"y":457},"57":{"angle":0,"type":"brick","x":268,"y":386},"26":{"angle":0,"type":"board","x":603,"y":498},"58":{"angle":0,"type":"brick","x":706,"y":726.5},"27":{"angle":0,"type":"board","x":310,"y":498},"59":{"angle":0,"type":"brick","x":34,"y":680},"28":{"angle":0,"type":"board","x":481,"y":498},"60":{"angle":0,"type":"brick","x":100,"y":726.5},"29":{"angle":-8.462970886627531e-2,"type":"board","x":516,"y":446},"61":{"angle":0,"type":"brick","x":34,"y":704},"30":{"angle":0,"type":"board","x":524,"y":430},"62":{"angle":0,"type":"brick","x":34,"y":726.5},"31":{"angle":0.8367276776469931,"type":"board","x":624,"y":390},"63":{"angle":0,"catMass":2,"type":"catswat","x":74,"y":691}}},"snapshot":{"balls":[{"age":1012,"angle":-1.1109659671783447,"type":2,"va":-33.62128448486328,"vx":-10.077773094177246,"vy":-2.471743583679199,"x":3.61979341506958,"y":-14.310687065124512},{"age":425,"angle":-1.8224481344223022,"type":2,"va":-2.8340723514556885,"vx":0.44741761684417725,"vy":-0.8129078149795532,"x":5.970949172973633,"y":-14.629549026489258},{"age":279,"angle":4.5783971436321735e-3,"type":2,"va":-26.37997817993164,"vx":2.7029733657836914,"vy":-5.549807548522949,"x":2.928506851196289,"y":-13.649869918823242},{"age":282,"angle":-2.650320529937744,"type":1,"va":37.26639938354492,"vx":-11.387672424316406,"vy":-1.4822609424591064,"x":0.501209020614624,"y":-9.704357147216797},{"age":99,"angle":-3.001124143600464,"type":2,"va":-14.90794849395752,"vx":1.9961034059524536,"vy":-3.7426114082336426,"x":1.7159500122070312,"y":-9.030729293823242},{"age":114,"angle":1.1560094356536865,"type":1,"va":3.8468832969665527,"vx":-0.96293705701828,"vy":-6.841864109039307,"x":6.703860759735107,"y":-3.508317232131958}],"widgets":{"46":{"angle":0,"key":"46","va":0,"vx":0,"vy":0,"x":0.6899999976158142,"y":-12.9399995803833},"47":{"angle":-3.111679792404175,"key":"47","va":0,"vx":0,"vy":0,"x":14.096549987792969,"y":-12.839559555053711},"63":{"angle":0,"key":"63","va":0,"vx":0,"vy":0,"x":1.4800000190734863,"y":-13.819999694824219},"64":{"angle":0,"key":"64","va":0,"vx":0,"vy":0,"x":2.759999990463257,"y":-14.34000015258789},"65":{"angle":-3.0969057083129883,"key":"65","va":0,"vx":0,"vy":0,"x":11.920000076293945,"y":-14.309635162353516},"66":{"angle":-3.1090774536132812,"key":"66","va":0,"vx":0,"vy":0,"x":13.279999732971191,"y":-13.779999732971191}}}}