{"puzzle":{"reqTiles":["Up","Left"],"inputs":[{"x":0.5,"y":0.0,"balls":[{"type":3,"rate":0.5791015625}]},{"x":0.0,"y":0.2,"balls":[{"type":1,"rate":0.541900634765625}]}],"outputs":[{"x":0.65,"y":1.0,"balls":[{"type":1,"rate":0.541900634765625}]},{"x":0.0,"y":0.35,"balls":[{"type":3,"rate":0.57177734375}]}],"spec":{}},"blueprint":{"puzzle":"1aeeace9-b102-5673-933b-94ec5994b5ea","title":"klack,klack,klack","submittedAt":"2024-05-03T13:09:37.397490538Z","widgets":{"32":{"angle":-1.5789618892010886,"type":"fan","x":232,"y":530},"33":{"angle":-1.6698201717079655,"type":"fan","x":254,"y":559},"35":{"angle":-2.1976808408007744,"type":"fan","x":154,"y":414},"36":{"angle":2.923803030012784,"type":"fan","x":207,"y":272},"37":{"angle":-2.2333878991930796,"type":"fan","x":150,"y":416},"6":{"angle":0,"type":"hook","x":464.478375,"y":276.708746},"38":{"angle":3.0897714168484947,"type":"fan","x":270,"y":336},"7":{"angle":0,"speed":25,"type":"spokedwheel","x":588.000027,"y":338.000008},"39":{"angle":2.98956577314166,"type":"fan","x":255,"y":306},"40":{"angle":-1.6385468100772596,"type":"fan","x":184,"y":468},"41":{"angle":-2.0435432046985764,"type":"fan","x":180,"y":442},"10":{"angle":-0.2453173144169074,"type":"board","x":87.066026,"y":110},"42":{"angle":-1.1829251680603527,"type":"fan","x":332,"y":596},"11":{"angle":-0.20499339916159462,"type":"board","x":87.5,"y":167},"43":{"angle":-1.4802380061290359,"type":"fan","x":126,"y":414},"12":{"angle":-0.7474972070840182,"type":"fan","x":66,"y":219},"44":{"angle":-1.512757410907428,"type":"fan","x":180,"y":460},"13":{"angle":0.5027766132525796,"type":"fan","x":38.661577,"y":89},"45":{"angle":-1.7125027697176245,"type":"fan","x":202,"y":491},"14":{"angle":-0.8666862169432781,"type":"fan","x":43.794916,"y":209},"46":{"angle":0.6207784065349486,"type":"board","x":112,"y":344},"15":{"angle":1.471748582359844,"type":"brick","x":682,"y":374},"47":{"angle":0.4983707667896004,"type":"board","x":136,"y":281},"16":{"angle":0,"type":"brick","x":706,"y":404},"48":{"angle":0.30511457462007635,"type":"brick","x":36.485069,"y":224},"17":{"angle":-0.7559366233966778,"type":"brick","x":706,"y":338},"49":{"angle":0.5917623254441577,"type":"brick","x":35.7492435,"y":300},"50":{"angle":-2.229387325779886,"type":"fan","x":145,"y":412},"51":{"angle":4.1057311415789615,"type":"fan","x":70,"y":357},"20":{"angle":1.4331529599529234,"type":"board","x":434,"y":652.092672},"52":{"angle":3.0025007361419123,"type":"fan","x":159,"y":244},"21":{"angle":1.2377309063260444,"type":"brick","x":417,"y":540},"53":{"angle":-2.0917568016377595,"type":"fan","x":107,"y":374},"22":{"angle":-0.8059661591899715,"type":"board","x":575,"y":670.637024},"54":{"angle":2.805314393710325,"type":"fan","x":200,"y":266},"23":{"angle":-0.4994195391247028,"type":"board","x":334,"y":497},"24":{"angle":0.9939178885016957,"type":"board","x":225,"y":463},"25":{"angle":1.0577296978988628,"type":"board","x":252,"y":379},"26":{"angle":-1.9723792363584338,"type":"fan","x":302,"y":539},"27":{"angle":-1.4589822060872324,"type":"fan","x":324,"y":555},"28":{"angle":-1.997642341769993,"type":"fan","x":308,"y":538},"29":{"angle":-2.0024754487270275,"type":"fan","x":307,"y":533},"30":{"angle":-1.4738179201539463,"type":"fan","x":191,"y":492},"31":{"angle":-1.4566756892907144,"type":"fan","x":209,"y":507}}},"snapshot":{"balls":[{"age":934,"angle":0.3422907590866089,"type":1,"va":0.43427854776382446,"vx":-8.96763950586319e-2,"vy":-8.157404139637947e-3,"x":11.107701301574707,"y":-6.04161262512207},{"age":783,"angle":-2.247713804244995,"type":1,"va":9.084108352661133,"vx":-1.3389822244644165,"vy":-1.2010990381240845,"x":10.205615997314453,"y":-7.001303672790527},{"age":12,"angle":0.8982837200164795,"type":1,"va":-5.731046199798584,"vx":5.042394623160362e-2,"vy":-2.0115950107574463,"x":9.611613273620605,"y":-14.734301567077637},{"age":413,"angle":-1.0160887241363525,"type":1,"va":-3.5121357440948486,"vx":0.5132625102996826,"vy":-0.1206982210278511,"x":11.987903594970703,"y":-5.828795909881592},{"age":349,"angle":-0.8358132839202881,"type":3,"va":1.706634521484375,"vx":-0.30674758553504944,"vy":0.21633440256118774,"x":0.6693583130836487,"y":-5.452761650085449},{"age":261,"angle":2.3404436111450195,"type":1,"va":-3.5338497161865234,"vx":9.780547767877579e-2,"vy":-1.4603164196014404,"x":11.919548988342285,"y":-5.396947383880615},{"age":258,"angle":0.5113193988800049,"type":3,"va":14.273728370666504,"vx":-2.8960859775543213,"vy":-1.197879672050476,"x":12.03350830078125,"y":-12.037482261657715},{"age":179,"angle":0.9773792028427124,"type":1,"va":21.21462631225586,"vx":-3.2472879886627197,"vy":-5.6424174308776855,"x":13.891463279724121,"y":-4.48190450668335},{"age":164,"angle":1.201453447341919,"type":3,"va":18.05202865600586,"vx":4.512135982513428,"vy":4.890793800354004,"x":6.176112174987793,"y":-9.254549980163574},{"age":123,"angle":-1.6183905601501465,"type":1,"va":21.126991271972656,"vx":2.946603536605835,"vy":1.6161975860595703,"x":1.0270719528198242,"y":-3.1049838066101074},{"age":36,"angle":-2.4376275539398193,"type":1,"va":-0.6612634062767029,"vx":0.8144121766090393,"vy":0.14917348325252533,"x":8.527007699012756e-2,"y":-2.9866631031036377},{"age":41,"angle":-0.21930328011512756,"type":3,"va":-4.685035705566406,"vx":-8.097386918962002e-3,"vy":-1.962852954864502,"x":7.341614246368408,"y":-0.3347785472869873}],"widgets":{"6":{"angle":0.2834397554397583,"key":"6","va":-0.22247067093849182,"vx":0,"vy":0,"x":9.352450370788574,"y":-5.816222667694092},"7":{"angle":2.7618470191955566,"key":"7","va":4.955345019698143e-2,"vx":0,"vy":0,"x":11.760000228881836,"y":-6.760000228881836}}}}