{"puzzle":{"reqTiles":["Up"],"inputs":[{"x":0.2,"y":0.0,"balls":[{"type":4,"rate":0.5}]},{"x":1.0,"y":0.35,"balls":[{"type":1,"rate":0.671875}]}],"outputs":[{"x":0.65,"y":1.0,"balls":[{"type":1,"rate":0.625}]},{"x":1.0,"y":0.8,"balls":[{"type":4,"rate":0.5}]}],"spec":{}},"blueprint":{"puzzle":"1d3a79ac-db0f-582f-b357-3af4c8475f4f","title":"Chim Chim Cher-ee","submittedAt":"2024-04-10T18:42:20.878166067Z","widgets":{"0":{"angle":1.1789543782595657,"type":"board","x":98,"y":89.3051},"32":{"angle":-1.5296968504659514,"type":"board","x":216,"y":647.184},"1":{"angle":-1.1774742258261512,"type":"board","x":202,"y":89},"33":{"angle":1.5800726797209168,"type":"board","x":224,"y":652.420278},"2":{"angle":0.3991959920272443,"type":"board","x":202,"y":384},"34":{"angle":1.5936733527532185,"type":"board","x":213,"y":652.31705},"3":{"angle":1.5853350354303979,"type":"board","x":169,"y":249},"35":{"angle":0.4103694264081061,"type":"board","x":421,"y":594},"4":{"angle":1.5502949700733755,"type":"board","x":132,"y":250},"36":{"angle":0,"type":"prism","x":102,"y":645},"5":{"angle":0.43275090712114217,"type":"board","x":360,"y":454},"37":{"angle":-3.1379792998485545,"type":"prism","x":103,"y":671},"6":{"angle":-0.5637912802631307,"type":"board","x":661.2323825,"y":357},"38":{"angle":-0.5724923679439913,"type":"prism","x":95,"y":649},"7":{"angle":1.4622743840578312,"type":"board","x":589,"y":482},"39":{"angle":0.5522661327020526,"type":"prism","x":113,"y":648.199},"8":{"angle":1.431347130970461,"type":"board","x":544,"y":466},"40":{"height":10,"type":"repulsor","width":150,"x":102,"y":659},"9":{"angle":0.7437017399390102,"type":"board","x":498,"y":551},"10":{"angle":-0.1537363361553091,"type":"fan","x":508,"y":619},"42":{"height":10,"type":"attractor","width":150,"x":420,"y":75},"11":{"angle":-0.15969481203013086,"type":"board","x":556,"y":691},"43":{"height":10,"type":"attractor","width":150,"x":478,"y":93},"44":{"height":10,"type":"attractor","width":150,"x":436,"y":134},"13":{"angle":-1.5390863269309576,"type":"anvil","x":632,"y":658},"14":{"angle":0,"catMass":2,"type":"catswat","x":273,"y":717},"15":{"angle":2.4173360295080912,"type":"board","x":71.500011,"y":398},"16":{"angle":1.5648040334592164,"type":"board","x":9.5241678,"y":542},"17":{"angle":1.5775402257474487,"type":"board","x":9.5898816,"y":652.4413177},"18":{"angle":-0.7593428603736598,"type":"board","x":69.6587925,"y":396},"19":{"angle":0.36478212172563773,"type":"board","x":246,"y":355},"20":{"angle":0.4087867408088531,"type":"board","x":390,"y":415},"21":{"angle":0.7777778680677709,"type":"board","x":495,"y":485},"22":{"angle":2.201643195891207,"type":"board","x":579,"y":310},"23":{"angle":0,"type":"board","x":90,"y":555},"24":{"angle":0,"type":"board","x":255,"y":555},"25":{"angle":0,"type":"board","x":411,"y":554},"26":{"angle":0,"sticker":"figure3-happy","type":"sticker","x":239,"y":317},"27":{"angle":0,"sticker":"squobject","type":"sticker","x":58,"y":516},"28":{"angle":0,"sticker":"squobject","type":"sticker","x":115,"y":516},"29":{"angle":0,"sticker":"kingbun","type":"sticker","x":240,"y":436},"30":{"angle":0,"type":"ballstand","x":243,"y":501}}},"snapshot":{"balls":[{"age":728,"angle":2.333632469177246,"type":1,"va":-7.495783805847168,"vx":1.1846239566802979,"vy":0,"x":7.6362457275390625,"y":-14.621682167053223},{"age":589,"angle":2.410220146179199,"type":1,"va":-3.5407755374908447,"vx":0.557591438293457,"vy":0,"x":8.282832145690918,"y":-14.621789932250977},{"age":504,"angle":0.2447049617767334,"type":1,"va":-3.482520818710327,"vx":0.5572413802146912,"vy":1.862645149230957e-9,"x":7.964371681213379,"y":-14.620344161987305},{"age":529,"angle":0.6886974573135376,"type":4,"va":1.6266682147979736,"vx":-0.15863247215747833,"vy":0.1164122000336647,"x":14.521018981933594,"y":-14.44291877746582},{"age":456,"angle":-2.574949897825718e-2,"type":4,"va":-18.702377319335938,"vx":12.944372177124023,"vy":-1.2380175590515137,"x":12.787564277648926,"y":-11.702217102050781},{"age":396,"angle":-2.455963373184204,"type":1,"va":4.021209239959717,"vx":0.8556031584739685,"vy":0.17664968967437744,"x":7.798977851867676,"y":-14.348485946655273},{"age":304,"angle":2.2243316173553467,"type":1,"va":17.80457305908203,"vx":-1.585254192352295,"vy":0.791000247001648,"x":8.252054214477539,"y":-14.282713890075684},{"age":302,"angle":-0.11554107815027237,"type":4,"va":-12.409156799316406,"vx":1.7499439716339111,"vy":-0.8342106342315674,"x":6.787219047546387,"y":-8.51652717590332},{"age":257,"angle":-1.5428556203842163,"type":1,"va":17.556123733520508,"vx":-2.7964792251586914,"vy":-0.3587598204612732,"x":10.766085624694824,"y":-13.52407455444336},{"age":162,"angle":1.2314029932022095,"type":1,"va":7.939574718475342,"vx":-0.9654395580291748,"vy":-0.8338267803192139,"x":11.266834259033203,"y":-7.857291221618652},{"age":161,"angle":-1.498582124710083,"type":4,"va":-5.271042823791504,"vx":0.7537009716033936,"vy":-0.31794583797454834,"x":3.2556822299957275,"y":-6.981698513031006},{"age":66,"angle":-2.913426637649536,"type":1,"va":4.504001617431641,"vx":-0.9419468641281128,"vy":-1.2665234804153442,"x":14.308206558227539,"y":-5.388643741607666},{"age":40,"angle":-1.0490055084228516,"type":4,"va":-2.5706982612609863,"vx":2.8723906725645065e-2,"vy":-2.9904911518096924,"x":2.9720370769500732,"y":-0.8718487620353699}],"widgets":{"14":{"angle":0,"key":"14","va":0,"vx":0,"vy":0,"x":5.460000038146973,"y":-14.34000015258789}}}}