{"puzzle":{"reqTiles":["Up","Left"],"inputs":[{"x":0.65,"y":0.0,"balls":[{"type":1,"rate":0.875}]},{"x":0.0,"y":0.8,"balls":[{"type":2,"rate":0.5559895833333334}]}],"outputs":[{"x":0.65,"y":1.0,"balls":[{"type":2,"rate":0.5559895833333334}]},{"x":0.0,"y":0.2,"balls":[{"type":1,"rate":0.875}]}],"spec":{}},"blueprint":{"puzzle":"7681ade2-7fb5-530f-839e-532f0f1bff61","title":"The Snail","submittedAt":"2024-04-09T22:45:23.843865261Z","widgets":{"0":{"angle":-1.5807898061025742,"type":"board","x":532,"y":234.586},"32":{"angle":-2.5379378790502445,"type":"fan","x":235,"y":519},"1":{"angle":0,"type":"board","x":368,"y":366},"33":{"angle":-1.7698525758144679,"type":"fan","x":71,"y":370},"2":{"angle":-0.7952465962989365,"type":"board","x":491,"y":323},"34":{"angle":-1.8449637779145553,"type":"fan","x":123,"y":439},"3":{"angle":-0.724250000748147,"type":"board","x":237,"y":102},"35":{"angle":-2.1475252110050675,"type":"fan","x":176,"y":478},"4":{"angle":1.5328708241153912,"type":"board","x":180,"y":229},"36":{"angle":-2.3721729451987836,"type":"fan","x":319,"y":541},"5":{"angle":0.6592216772403859,"type":"board","x":243,"y":334},"37":{"angle":-3.0318704351080443,"type":"fan","x":501,"y":525},"6":{"angle":0,"type":"board","x":371,"y":45},"38":{"angle":-3.489202362762562,"type":"fan","x":649,"y":401},"7":{"angle":0,"speed":-495,"type":"spokedwheel","x":417,"y":274},"39":{"angle":-4.16347483908057,"type":"fan","x":695.7476665,"y":201},"40":{"angle":1.3518412306044616,"type":"fan","x":627,"y":60},"9":{"angle":-1.1611022088612069,"type":"fan","x":149,"y":280},"41":{"angle":0.8717143830609366,"type":"fan","x":565,"y":42.119488},"10":{"angle":-1.9112129975059173,"type":"fan","x":222,"y":361},"42":{"angle":-3.1892315866973946,"type":"fan","x":558,"y":492},"11":{"angle":-2.5790491041639263,"type":"fan","x":332,"y":404},"43":{"angle":-3.4020546724415857,"type":"fan","x":612,"y":459},"12":{"angle":-2.9460586390008925,"type":"fan","x":479,"y":387},"44":{"angle":-2.7412850988973734,"type":"fan","x":407,"y":539},"13":{"angle":-3.6276301138115667,"type":"fan","x":566,"y":285},"45":{"angle":-1.6724135744759094,"type":"fan","x":39.6904245,"y":319},"14":{"angle":-4.250234464712574,"type":"fan","x":573,"y":212},"46":{"angle":1.4288992721907332,"type":"fan","x":650,"y":100},"15":{"angle":-2.2802697726938552,"type":"fan","x":271,"y":390},"47":{"angle":-4.1862347056696185,"type":"fan","x":691,"y":257},"16":{"angle":-2.7905376096587475,"type":"fan","x":409,"y":409},"48":{"angle":-3.8494486855530288,"type":"fan","x":689,"y":332},"17":{"angle":-3.413656088029036,"type":"fan","x":528,"y":348},"49":{"angle":0.5930025618815252,"type":"board","x":77.590452,"y":80},"18":{"angle":-0.3160373510701185,"type":"fan","x":159,"y":106},"19":{"angle":-0.6435419371767236,"type":"fan","x":135,"y":162},"51":{"angle":-0.32019148350038235,"type":"board","x":578,"y":703.917},"20":{"angle":-1.1181998527499766,"type":"fan","x":142,"y":224},"52":{"angle":8.175373849309549e-2,"type":"board","x":372,"y":723.8845738},"21":{"angle":-1.5703969350903217,"type":"fan","x":181,"y":325},"53":{"angle":0.2662236967857022,"type":"board","x":238,"y":704},"22":{"angle":0,"type":"fan","x":202,"y":69},"54":{"angle":0.3418838571274223,"type":"board","x":85.4533045,"y":652},"23":{"angle":0,"type":"fan","x":214,"y":67},"24":{"angle":0.6404267752705398,"type":"board","x":589,"y":106},"56":{"angle":1.0067724339155526,"type":"board","x":54.3827115,"y":532},"25":{"angle":-1.0438288627540981,"type":"board","x":625.5,"y":362},"57":{"angle":-1.0568422452109414,"type":"board","x":689.145637,"y":611},"26":{"angle":-1.628944764584134,"type":"board","x":655,"y":219},"58":{"angle":0,"speed":-687,"type":"spokedwheel","x":266,"y":240},"27":{"angle":-0.5184158226440213,"type":"board","x":522,"y":464},"59":{"angle":0,"speed":-436,"type":"spokedwheel","x":371,"y":130},"28":{"angle":0,"type":"board","x":380,"y":506},"29":{"angle":0.5439449571965432,"type":"board","x":237,"y":468},"30":{"angle":0.8405656524354596,"type":"board","x":121,"y":370},"31":{"angle":1.111469040429353,"type":"board","x":46.8598465,"y":260}}},"snapshot":{"balls":[{"age":1616,"angle":-0.8890579342842102,"type":1,"va":0,"vx":0,"vy":0,"x":10.91296672821045,"y":-1.0513650178909302},{"age":1478,"angle":-1.650812029838562,"type":1,"va":-3.0729188919067383,"vx":-0.18453076481819153,"vy":-1.0679529905319214,"x":0.47245609760284424,"y":-2.5218493938446045},{"age":569,"angle":0.21886278688907623,"type":1,"va":-1.9200677871704102,"vx":0.9591348171234131,"vy":-2.2593462467193604,"x":0.8197365999221802,"y":-2.467251777648926},{"age":469,"angle":2.4332075119018555,"type":2,"va":10.075647354125977,"vx":-1.513948678970337,"vy":-0.5020308494567871,"x":11.976780891418457,"y":-13.58371353149414},{"age":495,"angle":-2.763288736343384,"type":1,"va":-6.836885452270508,"vx":0.9759653210639954,"vy":2.409698963165283,"x":2.068171739578247,"y":-5.8466796875},{"age":345,"angle":1.9662967920303345,"type":2,"va":11.538033485412598,"vx":-2.6764118671417236,"vy":-1.9429365396499634,"x":9.466078758239746,"y":-14.420774459838867},{"age":232,"angle":-5.541574954986572e-2,"type":2,"va":-31.71796417236328,"vx":5.012619972229004,"vy":-0.4602528214454651,"x":8.945298194885254,"y":-14.262015342712402},{"age":234,"angle":-1.3871283531188965,"type":1,"va":13.995593070983887,"vx":2.3193631172180176,"vy":-1.9737091064453125,"x":0.6266478300094604,"y":-2.7989182472229004},{"age":139,"angle":-1.016230821609497,"type":2,"va":-22.730634689331055,"vx":3.4107179641723633,"vy":-1.2632758617401123,"x":3.196040630340576,"y":-13.21033763885498},{"age":143,"angle":-2.3726565837860107,"type":1,"va":466.6217956542969,"vx":-29.54092788696289,"vy":69.62371063232422,"x":1.6578702926635742,"y":-5.883460998535156},{"age":94,"angle":-1.9365322589874268,"type":2,"va":-12.008397102355957,"vx":1.788450837135315,"vy":-0.6564892530441284,"x":1.1424814462661743,"y":-12.479393005371094},{"age":56,"angle":-2.2866759300231934,"type":1,"va":4.594090938568115,"vx":0.12712827324867249,"vy":-7.969089508056641,"x":9.650912284851074,"y":-3.3299050331115723},{"age":11,"angle":-0.2746979296207428,"type":1,"va":-3.969416379928589,"vx":0.1567225605249405,"vy":-1.1003143787384033,"x":9.61917495727539,"y":-6.622880697250366e-2}],"widgets":{"58":{"angle":0.17851845920085907,"key":"58","va":-178.7451934814453,"vx":0,"vy":0,"x":5.320000648498535,"y":-4.800000190734863},"59":{"angle":1.3814280033111572,"key":"59","va":-116.23287963867188,"vx":0,"vy":0,"x":7.420000076293945,"y":-2.5999999046325684},"7":{"angle":2.8136091232299805,"key":"7","va":-129.28961181640625,"vx":0,"vy":0,"x":8.34000015258789,"y":-5.480000019073486}}}}