{"puzzle":{"reqTiles":["Up","Left"],"inputs":[{"x":0.65,"y":0.0,"balls":[{"type":3,"rate":0.703125}]},{"x":0.0,"y":0.65,"balls":[{"type":2,"rate":0.5559895833333334}]}],"outputs":[{"x":0.2,"y":1.0,"balls":[{"type":2,"rate":0.5559895833333334}]},{"x":0.0,"y":0.8,"balls":[{"type":3,"rate":0.703125}]}],"spec":{}},"blueprint":{"puzzle":"842f5fa3-bca2-5fd5-82d7-62f32a11b0da","title":"[design Approved by the Squirrel Council. See subsection 45B red-green-ball-sort-design 2BA-LL]","submittedAt":"2024-04-12T15:10:41.36244701Z","widgets":{"64":{"angle":0,"sticker":"kingbun","type":"sticker","x":656,"y":637},"1":{"angle":-0.2593317444006847,"type":"board","x":86.882102,"y":593},"65":{"angle":0,"type":"leftbumper","x":712,"y":326},"2":{"angle":-1.5835707065144868,"type":"fan","x":130.248,"y":616},"34":{"angle":0,"catMass":2,"type":"catswat","x":580,"y":338},"66":{"angle":0,"type":"leftbumper","x":712,"y":324},"3":{"angle":-1.473283500258707,"type":"fan","x":39.6097599,"y":656},"67":{"angle":-0.6820823483530637,"type":"board","x":370,"y":303},"4":{"angle":3.1327658131587874,"type":"fan","x":466,"y":702.2940296},"68":{"angle":3.118646064886284,"type":"rightbumper","x":710.9174955,"y":48.1299563},"37":{"angle":0,"type":"leftbumper","x":712,"y":323},"69":{"angle":1.5785262782958136,"type":"board","x":482,"y":652.4330573},"6":{"angle":0,"type":"brick","x":34,"y":532},"38":{"angle":-0.23665457050790317,"type":"board","x":287,"y":482},"70":{"angle":1.5060720453793042,"type":"board","x":474,"y":485},"7":{"angle":1.546342364854311,"type":"brick","x":114,"y":705.6800694},"71":{"angle":0,"sticker":"squobject","type":"sticker","x":109,"y":33},"8":{"angle":3.131855819468484,"type":"fan","x":464,"y":630},"72":{"angle":0,"sticker":"squobject","type":"sticker","x":164,"y":26.5},"9":{"angle":3.1501363151883024,"type":"fan","x":463,"y":565},"41":{"angle":-1.2267165977678727,"type":"fan","x":293,"y":529},"73":{"angle":0,"sticker":"squobject","type":"sticker","x":134,"y":46},"42":{"angle":0,"type":"brick","x":203,"y":726.5},"74":{"angle":0,"sticker":"squobject","type":"sticker","x":69,"y":35},"43":{"angle":0,"type":"brick","x":261,"y":726.5},"75":{"angle":0,"sticker":"squobject","type":"sticker","x":120,"y":50},"44":{"angle":0,"type":"brick","x":293,"y":726.5},"76":{"angle":0,"sticker":"squobject","type":"sticker","x":101,"y":52},"13":{"angle":0,"type":"brick","x":190,"y":565},"45":{"angle":0,"type":"brick","x":421,"y":726.5},"77":{"angle":0,"sticker":"squobject","type":"sticker","x":107,"y":68},"46":{"angle":1.7502620961225726,"type":"board","x":365,"y":482},"78":{"angle":0,"sticker":"squobject","type":"sticker","x":65,"y":713.5},"47":{"angle":1.5897769184019723,"type":"brick","x":114,"y":637},"79":{"angle":0,"sticker":"squobject","type":"sticker","x":83,"y":50},"16":{"angle":0,"type":"brick","x":189,"y":543},"48":{"angle":0.3416230038240639,"type":"board","x":512,"y":280},"80":{"angle":0,"sticker":"squobject","type":"sticker","x":613,"y":469},"17":{"angle":1.5685972099881056,"type":"brick","x":211,"y":531},"49":{"angle":0,"type":"brick","x":356,"y":726.5},"81":{"angle":0,"sticker":"squobject","type":"sticker","x":580,"y":468},"18":{"angle":-1.5795102604403581,"type":"fan","x":191,"y":559},"82":{"angle":0,"sticker":"squobject","type":"sticker","x":547,"y":468},"19":{"angle":0,"type":"brick","x":34,"y":556},"83":{"angle":0,"sticker":"squobject","type":"sticker","x":53,"y":63},"20":{"angle":0,"type":"brick","x":34,"y":519},"84":{"angle":0,"sticker":"squobject","type":"sticker","x":519,"y":467},"21":{"angle":0,"type":"fan","x":23.5,"y":410},"85":{"angle":0,"sticker":"squobject","type":"sticker","x":62,"y":85},"22":{"angle":0,"type":"fan","x":23.5,"y":342},"86":{"angle":0,"sticker":"squobject","type":"sticker","x":74,"y":101},"23":{"angle":0,"type":"fan","x":23.5,"y":280},"87":{"angle":0,"type":"board","x":549,"y":502},"24":{"angle":0,"type":"fan","x":23.5,"y":147},"88":{"angle":0,"sticker":"squobject","type":"sticker","x":42,"y":713.5},"25":{"angle":0,"type":"fan","x":23.5,"y":214},"57":{"angle":0,"type":"board","x":602,"y":731},"26":{"angle":1.5817419103657033,"type":"board","x":57,"y":362},"58":{"angle":0,"type":"board","x":606,"y":666},"27":{"angle":1.8644396027689927,"type":"board","x":82,"y":197},"59":{"angle":1.604244650382148,"type":"brick","x":616,"y":705.567539},"28":{"angle":-0.6564968932183061,"type":"board","x":178,"y":60.53449},"60":{"angle":1.5662879846472428,"type":"brick","x":672,"y":705.9394759},"29":{"angle":-1.313166039299671,"type":"board","x":442,"y":472},"61":{"angle":1.6170595892192547,"type":"brick","x":538,"y":705.4120495},"30":{"angle":-0.11984439735658589,"type":"board","x":546,"y":377},"62":{"angle":0,"sticker":"cat","type":"sticker","x":560,"y":642},"31":{"angle":0,"type":"board","x":652.5,"y":369},"63":{"angle":0,"type":"ballstand","x":611,"y":611}}},"snapshot":{"balls":[{"age":1080,"angle":-1.6482617855072021,"type":3,"va":7.153308391571045,"vx":-1.094486951828003,"vy":-0.25499242544174194,"x":1.2690026760101318,"y":-11.634132385253906},{"age":532,"angle":0.5565935373306274,"type":3,"va":32.297367095947266,"vx":0.26214614510536194,"vy":-1.5793957710266113,"x":2.304115056991577,"y":-11.09827995300293},{"age":463,"angle":-2.338606834411621,"type":2,"va":12.939976692199707,"vx":5.363232135772705,"vy":3.6364996433258057,"x":4.396818161010742,"y":-8.069188117980957},{"age":344,"angle":-1.5357320308685303,"type":2,"va":-28.707082748413086,"vx":1.7231191396713257,"vy":2.6053078174591064,"x":4.746474266052246,"y":-6.651859283447266},{"age":360,"angle":0.42988190054893494,"type":3,"va":3.2412972450256348,"vx":-0.49124860763549805,"vy":-9.18232798576355e-2,"x":6.936314582824707,"y":-9.00310230255127},{"age":274,"angle":1.5600602626800537,"type":2,"va":-17.459842681884766,"vx":-1.4122192859649658,"vy":-2.6627511978149414,"x":7.474496841430664,"y":-6.96991491317749},{"age":238,"angle":-0.8325358033180237,"type":3,"va":-39.06639862060547,"vx":-0.6313675045967102,"vy":-0.9571561813354492,"x":2.067889928817749,"y":-11.31457233428955},{"age":179,"angle":2.3776161670684814,"type":2,"va":-6.149452209472656,"vx":1.1374876499176025,"vy":2.3820767402648926,"x":3.606781244277954,"y":-8.249701499938965},{"age":141,"angle":2.9726409912109375,"type":3,"va":-23.11028480529785,"vx":3.4583685398101807,"vy":-2.276193857192993,"x":12.3974027633667,"y":-6.066425800323486},{"age":94,"angle":-1.0017508268356323,"type":3,"va":-16.486238479614258,"vx":2.3496313095092773,"vy":1.1342147588729858,"x":10.145264625549316,"y":-5.111583709716797},{"age":34,"angle":-1.7682441473007202,"type":2,"va":-0.800499439239502,"vx":1.0186882019042969,"vy":-0.17849040031433105,"x":0.10289285331964493,"y":-9.599126815795898}],"widgets":{"34":{"angle":0,"key":"34","va":0,"vx":0,"vy":0,"x":11.600000381469727,"y":-6.760000228881836}}}}