{"puzzle":{"reqTiles":["Up","Left"],"inputs":[{"x":0.65,"y":0.0,"balls":[{"type":3,"rate":1.0}]},{"x":0.0,"y":0.65,"balls":[{"type":2,"rate":0.8359375}]}],"outputs":[{"x":0.8,"y":1.0,"balls":[{"type":2,"rate":0.8359375}]},{"x":0.0,"y":0.2,"balls":[{"type":3,"rate":1.0}]}],"spec":{}},"blueprint":{"puzzle":"62fe562d-2cad-5377-b0f8-b0492b40e1d9","title":"A Game of swords","submittedAt":"2024-04-09T07:29:48.649504814Z","widgets":{"32":{"angle":-1.8072114471540004,"type":"sword","x":456,"y":527},"33":{"angle":-2.1261990639878627,"type":"sword","x":516,"y":507},"34":{"angle":-2.5084760756046203,"type":"sword","x":615,"y":432},"3":{"type":"roundbumper","x":247,"y":463},"35":{"angle":-2.67931447540874,"type":"sword","x":646,"y":379},"4":{"type":"roundbumper","x":130,"y":297},"36":{"angle":-2.261531654403703,"type":"sword","x":574,"y":476},"5":{"type":"roundbumper","x":359,"y":531},"37":{"angle":0,"type":"fan","x":212,"y":702.5},"6":{"type":"roundbumper","x":549,"y":501},"38":{"angle":-2.5680085430669957,"type":"sword","x":670.2011525,"y":318},"7":{"type":"roundbumper","x":489,"y":528},"39":{"type":"roundbumper","x":161,"y":361},"8":{"type":"roundbumper","x":296,"y":504},"40":{"angle":-0.6154784670715532,"type":"sword","x":188,"y":384},"9":{"type":"roundbumper","x":203,"y":414},"10":{"angle":0.1843495354397417,"type":"anvil","x":50.294779,"y":583},"11":{"angle":-4.361602874557279,"type":"sword","x":517,"y":72.907683},"12":{"angle":1.2457146423942418,"type":"sword","x":441,"y":73.0355895},"13":{"angle":-3.5387732758404993,"type":"sword","x":74,"y":151},"14":{"type":"roundbumper","x":667,"y":356},"15":{"type":"roundbumper","x":639,"y":413},"16":{"type":"roundbumper","x":602,"y":463},"17":{"angle":-2.5208890331703593,"type":"hammer","x":131,"y":513},"18":{"type":"roundbumper","x":113,"y":234},"19":{"type":"roundbumper","x":100,"y":172},"20":{"type":"roundbumper","x":422,"y":538},"21":{"type":"roundbumper","x":704,"y":299},"22":{"angle":0,"type":"anvil","x":160,"y":685},"23":{"angle":-0.7061633650989877,"type":"hammer","x":74,"y":643},"24":{"angle":-2.829028715478275,"type":"hammer","x":308,"y":699.275835},"25":{"angle":-0.5305488085792376,"type":"sword","x":152,"y":326},"26":{"angle":-0.2909791273827495,"type":"sword","x":126,"y":264},"27":{"angle":-0.11588732709785986,"type":"sword","x":111,"y":201},"28":{"angle":-0.7195469913197439,"type":"sword","x":232,"y":434},"29":{"angle":-0.9191115170767175,"type":"sword","x":277,"y":477},"30":{"angle":-1.5001464188683942,"type":"sword","x":393,"y":528},"31":{"angle":-1.1194886982433745,"type":"sword","x":332,"y":512}}},"snapshot":{"balls":[{"age":1749,"angle":-0.8853545784950256,"type":2,"va":-0.9466232061386108,"vx":0.15177999436855316,"vy":-4.674234241247177e-2,"x":12.923354148864746,"y":-14.620246887207031},{"age":1677,"angle":0.8734937906265259,"type":2,"va":-0.41155484318733215,"vx":6.558025628328323e-2,"vy":1.2441887520253658e-9,"x":10.751232147216797,"y":-14.62130355834961},{"age":1710,"angle":-1.7478002309799194,"type":3,"va":-14.570029258728027,"vx":-1.717916488647461,"vy":1.811145305633545,"x":1.6216163635253906,"y":-2.3665125370025635},{"age":1650,"angle":1.233338713645935,"type":2,"va":-0.10082390159368515,"vx":1.6066040843725204e-2,"vy":-7.770722731947899e-9,"x":0.26356831192970276,"y":-14.62130355834961},{"age":1590,"angle":0.9816708564758301,"type":3,"va":2.959714889526367,"vx":8.282526016235352,"vy":2.9348177909851074,"x":4.201528549194336,"y":-4.217066287994385},{"age":1541,"angle":2.979468822479248,"type":3,"va":-20.409229278564453,"vx":-1.9405689239501953,"vy":-3.332259178161621,"x":8.24413776397705,"y":-5.103010654449463},{"age":1461,"angle":-2.8745713233947754,"type":2,"va":5.036498546600342,"vx":-3.69838809967041,"vy":9.313225746154785e-10,"x":2.2231740951538086,"y":-14.621428489685059},{"age":1466,"angle":-2.2356057167053223,"type":3,"va":14.61205768585205,"vx":-0.9328600168228149,"vy":-4.827456951141357,"x":7.20925235748291,"y":-9.663379669189453},{"age":1425,"angle":-0.7823513150215149,"type":3,"va":0,"vx":0,"vy":0,"x":2.2549550533294678,"y":-2.4143381118774414},{"age":1296,"angle":-1.4725494384765625,"type":2,"va":0.6620034575462341,"vx":-6.182679533958435e-2,"vy":-4.656612873077393e-10,"x":14.61775016784668,"y":-14.621274948120117},{"age":1236,"angle":-0.2520480453968048,"type":3,"va":-6.635042667388916,"vx":-0.5514411926269531,"vy":2.7719297409057617,"x":1.0382193326950073,"y":-2.7597968578338623},{"age":1037,"angle":-3.0873610973358154,"type":2,"va":-2.7677195072174072,"vx":0.44079160690307617,"vy":3.287568688392639e-7,"x":1.2641433477401733,"y":-14.621352195739746},{"age":1035,"angle":0.1180633157491684,"type":3,"va":-25.426372528076172,"vx":-3.557790756225586,"vy":-8.274097442626953,"x":4.022662162780762,"y":-3.6181626319885254},{"age":867,"angle":-3.0584452152252197,"type":2,"va":-8.102291077375412e-2,"vx":1.3163277879357338e-2,"vy":1.2441887520253658e-9,"x":10.091300010681152,"y":-14.621301651000977},{"age":839,"angle":-1.299629807472229,"type":3,"va":-28.946176528930664,"vx":-4.115756988525391,"vy":-5.668873310089111,"x":2.5828633308410645,"y":-1.774597406387329},{"age":782,"angle":2.3298215866088867,"type":2,"va":-0.11143073439598083,"vx":1.7985306680202484e-2,"vy":1.2441887520253658e-9,"x":10.41977596282959,"y":-14.621301651000977},{"age":701,"angle":-1.942931890487671,"type":3,"va":46.1837272644043,"vx":-1.1661701202392578,"vy":-10.127948760986328,"x":14.30104923248291,"y":-5.118144512176514},{"age":616,"angle":1.264991283416748,"type":2,"va":-1.1059746742248535,"vx":0.1890639364719391,"vy":-9.313225746154785e-10,"x":9.440563201904297,"y":-14.621500968933105},{"age":592,"angle":2.9361181259155273,"type":2,"va":-0.3217770755290985,"vx":5.127468705177307e-2,"vy":1.2441887520253658e-9,"x":14.166147232055664,"y":-14.621302604675293},{"age":562,"angle":-2.0443482398986816,"type":2,"va":4.80824613571167,"vx":-0.34374547004699707,"vy":9.313225746154785e-10,"x":3.500357151031494,"y":-14.621499061584473},{"age":544,"angle":2.7793188095092773,"type":3,"va":38.57498550415039,"vx":-4.965810775756836,"vy":-5.321346759796143,"x":4.784309387207031,"y":-6.7235002517700195},{"age":495,"angle":-0.4435127079486847,"type":2,"va":-0.10845278948545456,"vx":2.064301259815693e-2,"vy":-3.2014213502407074e-10,"x":9.769383430480957,"y":-14.62130355834961},{"age":403,"angle":2.680065870285034,"type":2,"va":5.922313213348389,"vx":-0.5544707179069519,"vy":-0.16334445774555206,"x":9.365560531616211,"y":-14.312337875366211},{"age":401,"angle":2.151048183441162,"type":3,"va":-4.2797112464904785,"vx":9.89494800567627,"vy":2.7051286697387695,"x":4.687206745147705,"y":-4.3299126625061035},{"age":310,"angle":1.7755309343338013,"type":2,"va":20.638996124267578,"vx":3.200605630874634,"vy":-9.005039930343628e-3,"x":5.055875778198242,"y":-12.86266040802002},{"age":340,"angle":2.882228374481201,"type":3,"va":-19.076669692993164,"vx":2.8051598072052,"vy":-5.886049747467041,"x":0.9932788610458374,"y":-1.7863084077835083},{"age":264,"angle":-1.8677914142608643,"type":2,"va":-2.9770631790161133,"vx":-2.778235673904419,"vy":3.1010355949401855,"x":4.679190635681152,"y":-12.552263259887695},{"age":272,"angle":-1.947741150856018,"type":3,"va":9.687849044799805,"vx":-2.7001068592071533,"vy":-5.547480583190918,"x":3.952563762664795,"y":-2.0345873832702637},{"age":212,"angle":-1.956851601600647,"type":3,"va":-6.6943817138671875,"vx":-2.7794904708862305,"vy":-5.554383277893066,"x":3.8075625896453857,"y":-1.7383419275283813},{"age":170,"angle":-0.7115272283554077,"type":2,"va":-11.561176300048828,"vx":2.192197322845459,"vy":-5.8759379386901855,"x":3.3728270530700684,"y":-12.696307182312012},{"age":158,"angle":2.028400421142578,"type":3,"va":-85.02103424072266,"vx":-2.987936019897461,"vy":12.770151138305664,"x":6.44358491897583,"y":-6.842137336730957},{"age":97,"angle":-0.8696416616439819,"type":2,"va":-7.162209510803223,"vx":1.582544207572937,"vy":0.4736296534538269,"x":1.0124828815460205,"y":-10.526122093200684},{"age":101,