{"puzzle":{"reqTiles":["Up"],"inputs":[{"x":0.5,"y":0.0,"balls":[{"type":3,"rate":1.0}]},{"x":1.0,"y":0.8,"balls":[{"type":2,"rate":1.0}]}],"outputs":[{"x":0.5,"y":1.0,"balls":[{"type":2,"rate":1.0}]},{"x":1.0,"y":0.35,"balls":[{"type":3,"rate":1.0}]}],"spec":{}},"blueprint":{"puzzle":"0d2f6c30-9023-5d58-b771-3a194c017262","title":"probably definitely probably","submittedAt":"2024-04-06T19:48:47.425818974Z","widgets":{"32":{"height":10,"type":"attractor","width":150,"x":372,"y":638},"33":{"angle":-0.181768931243757,"type":"board","x":236,"y":715.3309},"34":{"angle":0.13976713237240576,"type":"board","x":166.5,"y":700},"35":{"angle":-0.8069758384008072,"type":"board","x":508,"y":670.5824135},"36":{"angle":1.5737510797772858,"type":"fan","x":367,"y":494},"37":{"angle":1.60243614608724,"type":"fan","x":369,"y":487},"38":{"angle":1.55103329649353,"type":"fan","x":369,"y":491},"39":{"angle":1.5655314297894007,"type":"fan","x":370,"y":490},"8":{"angle":-0.4514971281767924,"type":"rightbumper","x":338,"y":296},"40":{"angle":0,"sticker":"squobject","type":"sticker","x":560,"y":713.5},"9":{"angle":0.6345038135394343,"sticker":"determinism","type":"sticker","x":142,"y":109},"41":{"angle":0,"type":"prism","x":145,"y":588},"10":{"angle":-0.8044128861346024,"type":"rightbumper","x":415,"y":334},"47":{"angle":9.177986531903627e-2,"type":"brick","x":79,"y":197},"48":{"angle":0,"sticker":"figure3-happy","type":"sticker","x":93,"y":155},"49":{"angle":0,"speed":25,"type":"spokedwheel","x":472,"y":105.074837},"19":{"angle":0.2576479481482358,"type":"board","x":650,"y":256},"51":{"angle":1.558604975602036,"type":"fan","x":78,"y":246},"20":{"angle":-0.4022449109833215,"type":"board","x":522,"y":313},"52":{"angle":1.6407345283475847,"type":"fan","x":167,"y":251},"21":{"angle":1.228442366128664,"type":"board","x":266,"y":189},"22":{"angle":1.4899781187135401,"type":"board","x":230,"y":87.9409727},"54":{"angle":1.5822100042314244,"type":"rightbumper","x":161,"y":239},"23":{"angle":-1.5521404106260905,"type":"brick","x":591,"y":275},"55":{"angle":-1.5479126089036939,"type":"leftbumper","x":69,"y":239},"24":{"angle":-2.6676173651953157,"type":"fan","x":637,"y":649},"56":{"angle":1.567207116796623,"type":"fan","x":374,"y":488},"25":{"angle":0,"type":"board","x":650,"y":609},"57":{"angle":1.5658965466738353,"type":"fan","x":368,"y":492},"26":{"angle":0.6123290298050744,"type":"board","x":502,"y":568},"58":{"angle":1.4206175012670503,"type":"brick","x":39,"y":174},"28":{"type":"roundbumper","x":343,"y":368},"29":{"angle":-2.603437968687006,"type":"fan","x":634,"y":652},"61":{"angle":0.13048603600472103,"type":"board","x":87.9271985,"y":689},"30":{"angle":-2.5887084413688197,"type":"fan","x":634,"y":653},"62":{"angle":4.711229167948443e-2,"type":"fan","x":25.23997,"y":701.4348972},"31":{"angle":-2.5466846921842934,"type":"fan","x":626,"y":655}}},"snapshot":{"balls":[{"age":973,"angle":-2.5759406089782715,"type":2,"va":-0.7670944333076477,"vx":0.1497454196214676,"vy":1.4416451565921307e-2,"x":5.610881328582764,"y":-14.621291160583496},{"age":931,"angle":0.378021240234375,"type":2,"va":-51.574317932128906,"vx":11.925745964050293,"vy":11.787894248962402,"x":3.994406223297119,"y":-10.394034385681152},{"age":785,"angle":1.416200041770935,"type":2,"va":-4.965156078338623,"vx":0.7619656324386597,"vy":-0.9469814896583557,"x":7.532638072967529,"y":-14.332304954528809},{"age":722,"angle":-1.535918116569519,"type":2,"va":-9.824949264526367,"vx":-2.711517095565796,"vy":3.177006244659424,"x":7.551041603088379,"y":-13.429012298583984},{"age":649,"angle":1.457803726196289,"type":2,"va":-3.9598476886749268,"vx":3.8088133335113525,"vy":-12.036078453063965,"x":5.8061041831970215,"y":-13.692094802856445},{"age":572,"angle":1.3161054849624634,"type":2,"va":6.57255744934082,"vx":0.7905716300010681,"vy":-0.22141176462173462,"x":0.27997326850891113,"y":-2.066005229949951},{"age":503,"angle":-1.1035771369934082,"type":2,"va":-51.048152923583984,"vx":0.1408815085887909,"vy":2.4689278602600098,"x":8.751206398010254,"y":-12.302444458007812},{"age":436,"angle":0.21544326841831207,"type":2,"va":19.653167724609375,"vx":-3.9767470359802246,"vy":4.805621147155762,"x":4.459833145141602,"y":-12.493854522705078},{"age":425,"angle":2.052086353302002,"type":3,"va":-5.642945289611816,"vx":0.585828959941864,"vy":-0.1543651670217514,"x":14.162192344665527,"y":-5.087223052978516},{"age":16,"angle":-0.9093405604362488,"type":2,"va":2.6014750003814697,"vx":-0.49661383032798767,"vy":-0.540013313293457,"x":7.3857340812683105,"y":-14.727082252502441},{"age":315,"angle":1.9345452785491943,"type":2,"va":-17.465383529663086,"vx":3.030362367630005,"vy":-5.142918109893799,"x":0.9593765139579773,"y":-12.388540267944336},{"age":311,"angle":8.864695578813553e-2,"type":3,"va":-6.888763427734375,"vx":0.6010951995849609,"vy":-0.42997607588768005,"x":14.466292381286621,"y":-5.1795172691345215},{"age":243,"angle":2.3785314559936523,"type":2,"va":4.115204334259033,"vx":-7.948153018951416,"vy":2.8622941970825195,"x":12.064099311828613,"y":-11.735191345214844},{"age":217,"angle":-0.7872188687324524,"type":3,"va":1.980399489402771,"vx":0.5955888032913208,"vy":-0.8039932250976562,"x":14.40723705291748,"y":-4.940838813781738},{"age":154,"angle":2.1319937705993652,"type":2,"va":5.30940580368042,"vx":-0.8444051742553711,"vy":0,"x":12.888516426086426,"y":-11.841489791870117},{"age":169,"angle":-2.712245464324951,"type":3,"va":-8.640363693237305,"vx":1.1630470752716064,"vy":-0.43082696199417114,"x":11.35438060760498,"y":-1.319706916809082},{"age":133,"angle":2.5338492393493652,"type":3,"va":-41.35127639770508,"vx":-6.616121768951416,"vy":-5.03795862197876,"x":12.073484420776367,"y":-1.2715258598327637},{"age":79,"angle":3.0438292026519775,"type":2,"va":4.200642108917236,"vx":-0.6684309244155884,"vy":1.862645149230957e-9,"x":14.221731185913086,"y":-11.84142017364502},{"age":76,"angle":-3.092930316925049,"type":3,"va":2.8587536811828613,"vx":1.8199630081653595e-2,"vy":-10.728104591369629,"x":7.417265892028809,"y":-5.950903415679932},{"age":28,"angle":-0.731086015701294,"type":3,"va":-2.3514087200164795,"vx":1.6549082472920418e-2,"vy":-3.0203046798706055,"x":7.402900218963623,"y":-0.534371554851532}],"widgets":{"49":{"angle":-1.308849811553955,"key":"49","va":3.6583595275878906,"vx":0,"vy":0,"x":9.4399995803833,"y":-2.101496696472168}}}}