{"puzzle":{"reqTiles":["Up","Left"],"inputs":[{"x":0.8,"y":0.0,"balls":[{"type":1,"rate":1.0}]},{"x":0.0,"y":0.2,"balls":[{"type":2,"rate":0.75}]}],"outputs":[{"x":0.2,"y":1.0,"balls":[{"type":2,"rate":0.75}]},{"x":0.0,"y":0.35,"balls":[{"type":1,"rate":1.0}]}],"spec":{}},"blueprint":{"puzzle":"da3682d9-df9b-592c-b660-4f4a1488b709","title":"My Apologies To the chef","submittedAt":"2024-04-07T07:12:42.427745846Z","widgets":{"32":{"angle":0,"type":"fan","x":23.5,"y":45},"64":{"angle":0,"sticker":"figure3-happy","type":"sticker","x":458,"y":393},"65":{"type":"roundbumper","x":435,"y":317},"2":{"angle":0,"type":"anvil","x":46.5,"y":190},"66":{"angle":-1.559442456664991,"type":"sword","x":344,"y":653},"67":{"angle":0,"sticker":"squobject","type":"sticker","x":325,"y":712},"4":{"angle":0.9394840937316533,"type":"cushion","x":92,"y":695.3935885},"68":{"angle":-1.5490707979377836,"type":"sword","x":413,"y":651},"37":{"angle":-1.4414676726887756,"type":"fan","x":40.2175855,"y":192},"69":{"angle":0,"sticker":"squobject","type":"sticker","x":394,"y":713.5},"70":{"angle":-1.5679748673008604,"type":"hammer","x":474,"y":653},"7":{"angle":0,"type":"board","x":547,"y":99},"71":{"angle":0,"sticker":"squobject","type":"sticker","x":454,"y":713.5},"8":{"angle":-3.117767135728453,"type":"fan","x":650,"y":63},"72":{"angle":0,"type":"lefthook","x":620.1750899,"y":230},"9":{"angle":0,"type":"board","x":407,"y":100},"73":{"type":"roundbumper","x":544,"y":161},"43":{"angle":-4.657312413854762,"type":"prism","x":317,"y":147},"13":{"angle":-1.5580562627500332,"type":"board","x":311,"y":179},"45":{"angle":0,"type":"brick","x":116,"y":117},"14":{"angle":0,"type":"board","x":87.5,"y":174},"46":{"angle":-2.377562890756191,"type":"cushion","x":135,"y":42.44537},"49":{"angle":0,"type":"brick","x":186,"y":118},"18":{"angle":-0.20499339916159462,"type":"board","x":87.499974,"y":291},"50":{"angle":-1.5927981105371736,"type":"cushion","x":258,"y":69},"51":{"angle":1.5282339997426584,"type":"prism","x":266,"y":182},"52":{"angle":1.5402252945040456,"type":"prism","x":221,"y":214},"53":{"angle":1.528995373713629,"type":"prism","x":254,"y":193},"54":{"angle":3.864301524324117,"type":"fan","x":59,"y":330},"55":{"angle":1.601051790945598,"type":"prism","x":281,"y":169},"24":{"angle":-1.5386950185052963,"type":"brick","x":95,"y":141},"56":{"angle":-0.279829411521483,"type":"board","x":133,"y":286},"57":{"angle":1.3936012726823857,"type":"fan","x":192,"y":29.7421245},"28":{"angle":-1.2467713473995716,"type":"board","x":207,"y":647},"29":{"angle":-1.33558021419995,"type":"board","x":254,"y":483},"30":{"angle":-1.3239252835416395,"type":"board","x":293,"y":344},"31":{"angle":0.8947202349991471,"type":"board","x":61.7722935,"y":620}}},"snapshot":{"balls":[{"age":1454,"angle":1.9024533033370972,"type":2,"va":0.40324667096138,"vx":0.2879588305950165,"vy":3.2217297703027725e-2,"x":1.9937254190444946,"y":-0.17878635227680206},{"age":478,"angle":2.0578300952911377,"type":2,"va":17.080432891845703,"vx":-2.1046886444091797,"vy":-0.9751800298690796,"x":2.7267026901245117,"y":-14.451882362365723},{"age":412,"angle":-0.7207415699958801,"type":2,"va":7.722042560577393,"vx":-2.5520708560943604,"vy":-2.1825802326202393,"x":3.900010585784912,"y":-11.468003273010254},{"age":18,"angle":-0.20117762684822083,"type":1,"va":0.3645288348197937,"vx":-1.1003652811050415,"vy":-0.1536698192358017,"x":5.128183588385582e-2,"y":-5.149825572967529},{"age":296,"angle":-0.3800170123577118,"type":2,"va":-4.7834014892578125,"vx":-2.8990440368652344,"vy":0.5675056576728821,"x":3.1681721210479736,"y":-13.755781173706055},{"age":219,"angle":1.8049447536468506,"type":2,"va":-19.793651580810547,"vx":3.3195104598999023,"vy":-11.36935806274414,"x":4.3874592781066895,"y":-4.904120445251465},{"age":197,"angle":-0.4599609971046448,"type":1,"va":2.1552107334136963,"vx":-0.48714280128479004,"vy":1.35171377658844,"x":0.5575966238975525,"y":-5.512167930603027},{"age":147,"angle":0.4727657735347748,"type":2,"va":-15.091256141662598,"vx":1.8605360984802246,"vy":2.267141342163086,"x":0.4066500961780548,"y":-1.8587344884872437},{"age":155,"angle":3.0129106044769287,"type":1,"va":10.19728946685791,"vx":-1.9792944192886353,"vy":-7.207104206085205,"x":5.233700752258301,"y":-4.168278694152832},{"age":56,"angle":-1.3191025257110596,"type":2,"va":1.107172966003418,"vx":0.6447070240974426,"vy":0.9558448195457458,"x":0.3225434422492981,"y":-2.8590919971466064},{"age":93,"angle":-2.164271354675293,"type":1,"va":36.801517486572266,"vx":-5.817263603210449,"vy":-6.534545868635178e-2,"x":7.478104591369629,"y":-1.6628869771957397},{"age":26,"angle":1.6424602270126343,"type":1,"va":4.546105861663818,"vx":-2.273853302001953,"vy":-3.159680128097534,"x":11.740970611572266,"y":-0.5912120938301086}],"widgets":{"72":{"angle":0,"key":"72","va":0,"vx":0,"vy":0,"x":12.403501510620117,"y":-4.599999904632568}}}}