{"puzzle":{"reqTiles":["Up"],"inputs":[{"x":0.35,"y":0.0,"balls":[{"type":2,"rate":0.5294392903645834}]}],"outputs":[{"x":0.2,"y":1.0,"balls":[{"type":2,"rate":0.5294392903645834}]}],"spec":{}},"blueprint":{"puzzle":"20bec70d-8800-5bbe-a766-bbdf1ec4fd7f","title":"Lever to exit","submittedAt":"2024-05-05T07:08:58.323135305Z","widgets":{"0":{"angle":1.4918515581384408,"type":"board","x":58.6666565,"y":192.666687},"32":{"angle":0.7244164547754468,"type":"board","x":337.999626,"y":384.667313},"1":{"angle":-2.637142550411798,"type":"fan","x":319.333313,"y":156.666687},"33":{"angle":0,"type":"board","x":352.666687,"y":441.333374},"2":{"height":10,"type":"repulsor","width":150,"x":244.666687,"y":240},"34":{"angle":0,"type":"fan","x":304.666687,"y":412},"3":{"angle":1.2592931358687494,"type":"board","x":85.9999695,"y":321.333313},"35":{"angle":1.2536467622574359,"type":"fan","x":348,"y":275.333687},"4":{"angle":1.5451804530368565,"type":"fan","x":90,"y":57.333313},"36":{"height":10,"type":"repulsor","width":150,"x":496,"y":333.333374},"5":{"angle":-1.8571551692014996,"type":"board","x":131.3343435,"y":314},"6":{"angle":-0.39041799223563883,"type":"brick","x":134.666626,"y":231.333313},"38":{"angle":0,"catMass":2,"type":"catswat","x":34.5,"y":717},"7":{"angle":0.9209612680895768,"type":"board","x":160.6666565,"y":468.666626},"39":{"angle":3.0371021810206025,"type":"cup","x":23.336516,"y":693.333},"8":{"angle":0.4672489851524234,"type":"board","x":209.333313,"y":475.333313},"40":{"angle":0,"type":"hook","x":452.884687,"y":562.167626},"9":{"angle":0.32548310024982,"type":"board","x":284.666374,"y":497.333},"41":{"type":"roundbumper","x":659.666626,"y":646.999939},"10":{"angle":0,"type":"board","x":300.666,"y":496.667},"42":{"angle":0,"type":"board","x":255.999687,"y":731},"11":{"angle":0,"type":"board","x":551.333,"y":489.999687},"43":{"angle":0,"type":"board","x":415.333374,"y":731},"12":{"angle":0,"type":"fan","x":106,"y":490.666687},"44":{"angle":-0.40958725593157463,"type":"board","x":574.000313,"y":696.8992225},"13":{"angle":0.7303565867354757,"type":"fan","x":42.523582,"y":335.333313},"14":{"angle":-0.40154491448200125,"type":"board","x":583.333374,"y":456.666687},"15":{"angle":-0.7513343560783836,"type":"board","x":607.333313,"y":416},"16":{"angle":-0.715177150871484,"type":"fan","x":482,"y":523.333374},"17":{"angle":-1.0150315995837422,"type":"board","x":624.666687,"y":372},"18":{"angle":-1.3315434375233837,"type":"fan","x":585.333,"y":488.666687},"19":{"angle":1.7254693294174972,"type":"board","x":632.666687,"y":302},"20":{"angle":1.238701595683464,"type":"board","x":604.666626,"y":235.333313},"21":{"angle":-1.9748638882433425,"type":"fan","x":665.333374,"y":398.666687},"22":{"angle":0.7486290155769787,"type":"board","x":549.333374,"y":197.333313},"23":{"angle":0.46788063016732084,"type":"board","x":505.333313,"y":187.3333435},"24":{"angle":-4.092997501103696e-2,"type":"board","x":438,"y":195.9999695},"25":{"angle":-2.3588000887435188,"type":"fan","x":677.333313,"y":338.666626},"26":{"angle":-0.4619829958409053,"type":"board","x":392,"y":233.333},"27":{"angle":2.1841707437562476,"type":"board","x":383.333,"y":280.666313},"28":{"angle":-3.076305813288417,"type":"fan","x":673.333687,"y":230.666687},"29":{"angle":2.284274050871142,"type":"fan","x":504.666374,"y":141.9996565},"30":{"angle":1.6865382197902792,"type":"board","x":372.666687,"y":302.000626},"31":{"angle":1.257764209546721,"type":"board","x":355.332626,"y":343.333687}}},"snapshot":{"balls":[{"age":1809,"angle":-2.0844063758850098,"type":2,"va":0,"vx":-0.4832580089569092,"vy":-9.313225746154785e-10,"x":9.479893684387207,"y":-14.281363487243652},{"age":1555,"angle":2.0559966564178467,"type":2,"va":-74.84271240234375,"vx":-12.859306335449219,"vy":6.760904312133789,"x":10.48890209197998,"y":-4.528456211090088},{"age":1261,"angle":2.6035823822021484,"type":2,"va":-41.749961853027344,"vx":4.170163154602051,"vy":3.3514084815979004,"x":8.716596603393555,"y":-8.173585891723633},{"age":1138,"angle":0.48063963651657104,"type":2,"va":6.553587913513184,"vx":-1.0393322706222534,"vy":0.2679027020931244,"x":6.654885292053223,"y":-11.030508995056152},{"age":1025,"angle":2.7313919067382812,"type":2,"va":-0.6708599328994751,"vx":0.10712876170873642,"vy":-3.4924596548080444e-10,"x":9.197770118713379,"y":-14.281305313110352},{"age":928,"angle":-2.532205581665039,"type":2,"va":-68.46049499511719,"vx":10.54914379119873,"vy":-6.731744766235352,"x":10.187165260314941,"y":-8.778277397155762},{"age":843,"angle":2.5649704933166504,"type":2,"va":-102.7598648071289,"vx":18.745084762573242,"vy":-8.098377227783203,"x":10.80798053741455,"y":-8.430743217468262},{"age":716,"angle":1.8268893957138062,"type":2,"va":-98.81989288330078,"vx":2.631711721420288,"vy":-19.514921188354492,"x":8.001324653625488,"y":-8.219961166381836},{"age":616,"angle":-0.37546226382255554,"type":2,"va":-102.53397369384766,"vx":-9.908599853515625,"vy":-15.907898902893066,"x":7.9049859046936035,"y":-6.277512073516846},{"age":485,"angle":0.6713782548904419,"type":2,"va":-6.970945358276367,"vx":4.083133220672607,"vy":-1.9078527688980103,"x":11.036510467529297,"y":-8.199104309082031},{"age":398,"angle":1.9547622203826904,"type":2,"va":-102.46895599365234,"vx":-17.52348518371582,"vy":5.785561561584473,"x":11.263492584228516,"y":-4.7884955406188965},{"age":263,"angle":0.5305453538894653,"type":2,"va":-26.261186599731445,"vx":15.032934188842773,"vy":-1.7263561487197876,"x":9.719966888427734,"y":-7.886929512023926},{"age":179,"angle":2.0715060234069824,"type":2,"va":-64.58609008789062,"vx":8.645805358886719,"vy":-7.997958183288574,"x":3.1072349548339844,"y":-8.532514572143555},{"age":77,"angle":-1.9517910480499268,"type":2,"va":-1.9424159526824951,"vx":-7.91499137878418,"vy":1.0227943658828735,"x":3.11830997467041,"y":-2.6991751194000244}],"widgets":{"38":{"angle":0,"key":"38","va":0,"vx":0,"vy":0,"x":0.6899999976158142,"y":-14.34000015258789},"40":{"angle":3.652549535036087e-2,"key":"40","va":-0.14093366265296936,"vx":0,"vy":0,"x":9.061166763305664,"y":-11.280071258544922}}}}