{"puzzle":{"reqTiles":["Up"],"inputs":[{"x":0.5,"y":0.0,"balls":[{"type":1,"rate":0.5}]}],"outputs":[{"x":0.65,"y":1.0,"balls":[{"type":1,"rate":0.5}]}],"spec":{}},"blueprint":{"puzzle":"faba0d30-74ea-5c2f-be57-b59986ff4284","title":"Gravity works","submittedAt":"2024-04-07T03:24:31.95832981Z","widgets":{"7":{"height":10,"type":"attractor","width":150,"x":443.0909271,"y":380.1818542},"12":{"height":10,"type":"repulsor","width":150,"x":604.1818237,"y":665},"13":{"height":10,"type":"repulsor","width":150,"x":335.0909119,"y":665}}},"snapshot":{"balls":[{"age":19,"angle":-0.1704801768064499,"type":1,"va":-3.23258900642395,"vx":5.4107531905174255e-2,"vy":-1.031577229499817,"x":7.397148609161377,"y":-6.493981182575226e-2}],"widgets":{}}}