{"puzzle":{"reqTiles":["Up"],"inputs":[{"x":0.2,"y":0.0,"balls":[{"type":2,"rate":1.0}]}],"outputs":[{"x":0.2,"y":1.0,"balls":[{"type":2,"rate":1.0}]}],"spec":{}},"blueprint":{"puzzle":"aa1ad33e-9286-5203-bf35-7860cfacebad","title":"Galton's Failed board","submittedAt":"2024-04-06T19:05:47.867640491Z","widgets":{"1":{"height":59,"type":"repulsor","width":59,"x":147,"y":117},"33":{"angle":-0.9737306986145211,"type":"cushion","x":700.8227765,"y":489},"34":{"angle":-0.7606381507770502,"type":"cushion","x":652,"y":544},"35":{"angle":-0.6381511280093519,"type":"cushion","x":596,"y":589},"36":{"angle":3.1261039567006814,"type":"fan","x":435,"y":702.1405297},"5":{"angle":-0.5848980734903478,"type":"fan","x":330.125,"y":221.195},"37":{"angle":-0.47136785220004024,"type":"cushion","x":528,"y":631.5},"6":{"height":68,"type":"repulsor","width":68,"x":199.5,"y":208.5},"38":{"angle":0.36231792003551283,"type":"board","x":561,"y":224},"7":{"height":64,"type":"repulsor","width":64,"x":98.5,"y":206.5},"39":{"angle":0.36802,"type":"board","x":562,"y":308},"8":{"angle":3.1389726077459517,"type":"leftbumper","x":74,"y":56},"40":{"angle":0.3733666476682441,"type":"board","x":563,"y":368},"9":{"angle":3.134364589528173,"type":"rightbumper","x":219,"y":47.701149},"41":{"angle":0.3882878488129182,"type":"board","x":561,"y":413},"10":{"angle":3.123222356505559,"type":"rightbumper","x":258,"y":129},"42":{"angle":0.37856967156907156,"type":"board","x":551,"y":44},"11":{"angle":3.134616986840069,"type":"rightbumper","x":297,"y":208},"43":{"angle":-1.5113241956579684,"type":"board","x":725.8151658,"y":372},"12":{"angle":3.1389073984058324,"type":"rightbumper","x":337,"y":289},"44":{"angle":-0.46287540838209174,"type":"fan","x":37.7717545,"y":612},"13":{"angle":3.1271508180173355,"type":"leftbumper","x":28.6829998,"y":146},"45":{"angle":-0.521046557503223,"type":"fan","x":290,"y":138},"14":{"height":69,"type":"repulsor","width":69,"x":161,"y":294},"46":{"angle":-0.5443871643300995,"type":"fan","x":252,"y":61},"15":{"height":68,"type":"repulsor","width":68,"x":255.5,"y":292.5},"47":{"height":73,"type":"repulsor","width":73,"x":75,"y":703.5},"16":{"height":68,"type":"repulsor","width":68,"x":57.5,"y":296.5},"48":{"angle":-0.3885216705933588,"type":"cushion","x":458,"y":662},"17":{"angle":1.5659703920653334,"type":"board","x":159,"y":411},"49":{"angle":0.10353535473397388,"type":"fan","x":27.2498025,"y":538},"18":{"angle":1.756760598776705,"type":"board","x":239,"y":413},"19":{"angle":1.3009780675468408,"type":"board","x":81,"y":414},"23":{"angle":1.125583431506527,"type":"leftbumper","x":99,"y":624},"26":{"type":"roundbumper","x":29,"y":481},"27":{"angle":0.9292549740105915,"type":"leftbumper","x":203,"y":614},"28":{"angle":0.5850292445943558,"type":"leftbumper","x":305,"y":580},"29":{"angle":0.3472665453375105,"type":"leftbumper","x":390,"y":518},"31":{"angle":6.136734589271072e-2,"type":"leftbumper","x":456,"y":436}}},"snapshot":{"balls":[{"age":1811,"angle":0.1799478381872177,"type":2,"va":0,"vx":10.519173622131348,"vy":16.671354293823242,"x":5.187060832977295,"y":-8.28177261352539},{"age":1752,"angle":-1.1697825193405151,"type":2,"va":2.301166534423828,"vx":7.520936489105225,"vy":-8.925597190856934,"x":6.042798042297363,"y":-7.983745098114014},{"age":1688,"angle":-1.1196753978729248,"type":2,"va":-9.715039253234863,"vx":2.6277823448181152,"vy":-2.191053867340088,"x":2.4642229080200195,"y":-9.866597175598145},{"age":1606,"angle":1.9972835779190063,"type":2,"va":38.63826370239258,"vx":0.5777798295021057,"vy":15.037769317626953,"x":3.662954807281494,"y":-5.716645240783691},{"age":1330,"angle":4.438386484980583e-2,"type":2,"va":43.71431350708008,"vx":17.659788131713867,"vy":2.1499123573303223,"x":7.999659538269043,"y":-7.700714111328125},{"age":1272,"angle":-2.6644656658172607,"type":2,"va":4.100345134735107,"vx":-1.9750728607177734,"vy":23.33863067626953,"x":4.407284259796143,"y":-10.357402801513672},{"age":1213,"angle":2.0697789192199707,"type":2,"va":-41.430938720703125,"vx":-1.8969134092330933,"vy":3.2632319927215576,"x":3.8830575942993164,"y":-6.723881721496582},{"age":1056,"angle":1.367829442024231,"type":2,"va":-4.549158096313477,"vx":-0.8539404273033142,"vy":-0.5062680840492249,"x":4.251287937164307,"y":-6.7215681076049805},{"age":940,"angle":-1.095446228981018,"type":2,"va":40.52457046508789,"vx":-0.6458090543746948,"vy":-5.187319278717041,"x":2.5291855335235596,"y":-5.69248104095459},{"age":904,"angle":2.4554779529571533,"type":2,"va":40.10642623901367,"vx":10.967329025268555,"vy":-0.7955582141876221,"x":2.24565052986145,"y":-5.544320106506348},{"age":858,"angle":-1.661658525466919,"type":2,"va":1.8952696323394775,"vx":-2.8505091667175293,"vy":3.0807554721832275e-3,"x":4.965507984161377,"y":-14.004631996154785},{"age":816,"angle":-1.2468756437301636,"type":2,"va":-1.736580491065979,"vx":0.19370290637016296,"vy":0.9390739798545837,"x":4.11596155166626,"y":-14.600025177001953},{"age":751,"angle":3.041863203048706,"type":2,"va":39.648895263671875,"vx":-6.067627906799316,"vy":-2.8140337467193604,"x":7.85817813873291,"y":-13.042145729064941},{"age":661,"angle":2.370823860168457,"type":2,"va":0.6024060249328613,"vx":-1.6451570987701416,"vy":-3.1938860416412354,"x":11.889391899108887,"y":-7.073844909667969},{"age":596,"angle":2.8718206882476807,"type":2,"va":-49.505615234375,"vx":8.462874412536621,"vy":31.246793746948242,"x":2.9211950302124023,"y":-11.892539978027344},{"age":561,"angle":-2.1205501556396484,"type":2,"va":-30.092674255371094,"vx":-8.971477508544922,"vy":28.3413028717041,"x":3.7538833618164062,"y":-11.499499320983887},{"age":499,"angle":-1.7185711860656738,"type":2,"va":-5.197806358337402,"vx":2.2017805576324463,"vy":-0.664110004901886,"x":3.0590434074401855,"y":-10.813897132873535},{"age":418,"angle":0.22339077293872833,"type":2,"va":-24.433948516845703,"vx":-23.399555206298828,"vy":11.899395942687988,"x":6.48557186126709,"y":-8.274715423583984},{"age":344,"angle":0.6100760698318481,"type":2,"va":21.017480850219727,"vx":1.4000544548034668,"vy":3.362757444381714,"x":3.1215193271636963,"y":-11.6430082321167},{"age":125,"angle":-0.16249442100524902,"type":2,"va":-41.870941162109375,"vx":-9.876429557800293,"vy":28.777984619140625,"x":7.463842868804932,"y":-10.238649368286133},{"age":185,"angle":-2.474804639816284,"type":2,"va":-79.8045425415039,"vx":14.90018367767334,"vy":-9.725857734680176,"x":2.531359910964966,"y":-7.574326515197754},{"age":106,"angle":-1.2715412378311157,"type":2,"va":26.404394149780273,"vx":13.64889907836914,"vy":10.796866416931152,"x":4.446041107177734,"y":-3.8948376178741455},{"age":48,"angle":0.6055699586868286,"type":2,"va":4.4787397384643555,"vx":3.968913108110428e-2,"vy":-2.959904432296753,"x":3.0260446071624756,"y":-0.59132981300354}],"widgets":{}}}