{"puzzle":{"reqTiles":["Up"],"inputs":[{"x":0.65,"y":0.0,"balls":[{"type":3,"rate":0.75}]}],"outputs":[{"x":0.35,"y":1.0,"balls":[{"type":3,"rate":0.75}]}],"spec":{}},"blueprint":{"puzzle":"dfa17b19-20ad-5be4-901b-8582fc0f3bf9","title":"Super simple sorter ","submittedAt":"2024-04-12T01:37:41.226410902Z","widgets":{"0":{"angle":-0.2947102206294512,"type":"board","x":429.1179047,"y":551.2200928},"1":{"angle":1.377105486952321,"type":"board","x":217.6782074,"y":650.3581543},"2":{"angle":3.721795851185636,"type":"fan","x":552.147049,"y":549.6211243},"3":{"angle":-2.2381827315905034,"type":"fan","x":357.7503204,"y":645.5610352},"4":{"angle":4.201541099928295,"type":"fan","x":354.0221863,"y":651.4241028},"5":{"angle":0,"type":"fan","x":397.6947631,"y":214.3638477},"6":{"angle":0,"type":"fan","x":395.5641912,"y":270.8619814},"7":{"angle":0,"type":"fan","x":398.2269791,"y":157.3328423},"8":{"angle":1.8812130872871526,"type":"board","x":325.7945212,"y":653.932871},"10":{"angle":-1.0223548981792876,"type":"cushion","x":529.2451245,"y":507.5140164}}},"snapshot":{"balls":[{"age":22,"angle":2.2617032527923584,"type":3,"va":1.4984277486801147,"vx":-6.262718141078949e-2,"vy":-0.5150970220565796,"x":5.155618667602539,"y":-14.748029708862305},{"age":199,"angle":-2.161017417907715,"type":3,"va":1.7781144380569458,"vx":1.7846531867980957,"vy":-2.3569884300231934,"x":5.019870758056641,"y":-12.63356876373291},{"age":86,"angle":-1.882458209991455,"type":3,"va":3.227341413497925,"vx":1.1901428699493408,"vy":-12.840649604797363,"x":10.105085372924805,"y":-8.509481430053711},{"age":16,"angle":0.359546959400177,"type":3,"va":1.6487957239151,"vx":5.065863952040672e-2,"vy":-1.4128856658935547,"x":9.620095252990723,"y":-0.16329583525657654}],"widgets":{}}}