{"puzzle":{"reqTiles":["Up"],"inputs":[{"x":0.65,"y":0.0,"balls":[{"type":1,"rate":0.72265625}]},{"x":1.0,"y":0.5,"balls":[{"type":4,"rate":0.8125}]}],"outputs":[{"x":0.2,"y":1.0,"balls":[{"type":4,"rate":0.8125}]},{"x":1.0,"y":0.2,"balls":[{"type":1,"rate":0.72265625}]}],"spec":{}},"blueprint":{"puzzle":"873ed872-ec09-5eb7-a69b-5c91307e445b","title":"This is normal. Is this normal?","submittedAt":"2024-04-16T20:41:41.762574272Z","widgets":{"0":{"angle":0.23456237319589554,"type":"board","x":556,"y":74},"32":{"angle":-2.6111847832860415,"sticker":"knievel","type":"sticker","x":317,"y":180},"64":{"angle":1.7579433037152004,"sticker":"knievel","type":"sticker","x":511,"y":204},"1":{"angle":-0.27864949281977136,"type":"board","x":653.399537,"y":419},"65":{"angle":1.8803263178846492,"sticker":"knievel","type":"sticker","x":515,"y":199},"2":{"angle":-0.24056764234137717,"type":"board","x":468,"y":551},"66":{"angle":-0.7942935282077755,"sticker":"knievel","type":"sticker","x":586,"y":243},"67":{"angle":-2.346127174912992,"sticker":"knievel","type":"sticker","x":589,"y":181},"4":{"angle":-0.18013204447121503,"type":"board","x":276,"y":662},"36":{"height":10,"type":"attractor","width":150,"x":288,"y":219},"68":{"angle":2.801859330252517,"sticker":"knievel","type":"sticker","x":542,"y":170},"37":{"height":10,"type":"attractor","width":150,"x":292,"y":212},"69":{"height":90,"type":"attractor","width":90,"x":554,"y":220},"38":{"height":10,"type":"attractor","width":150,"x":295,"y":229},"70":{"height":101,"type":"attractor","width":101,"x":564.5,"y":204.5},"7":{"angle":0.11031470044582177,"type":"brick","x":704.7204235,"y":168},"39":{"height":10,"type":"attractor","width":150,"x":296,"y":211},"71":{"height":63,"type":"attractor","width":63,"x":551.5,"y":201.5},"8":{"angle":0.49165733252305527,"sticker":"knievel","type":"sticker","x":270,"y":254.5},"40":{"height":10,"type":"attractor","width":150,"x":278,"y":215},"72":{"height":81,"type":"attractor","width":81,"x":554,"y":217},"9":{"angle":0.4202443420529445,"sticker":"knievel","type":"sticker","x":272,"y":256},"41":{"height":10,"type":"attractor","width":150,"x":302,"y":218},"73":{"height":65,"type":"attractor","width":65,"x":564,"y":215},"10":{"angle":0.6129998958546763,"sticker":"knievel","type":"sticker","x":263,"y":252},"42":{"height":10,"type":"attractor","width":150,"x":306,"y":218},"11":{"angle":1.2576855579573063,"sticker":"knievel","type":"sticker","x":247,"y":230.5},"43":{"angle":2.585161101108891,"sticker":"knievel","type":"sticker","x":532,"y":172},"12":{"angle":0,"sticker":"knievel","type":"sticker","x":290,"y":259},"44":{"angle":0,"sticker":"knievel","type":"sticker","x":553,"y":257},"76":{"angle":0,"type":"cup","x":362,"y":433},"13":{"angle":1.4863924194241056,"sticker":"knievel","type":"sticker","x":247,"y":217},"45":{"angle":1.493374944384577,"sticker":"knievel","type":"sticker","x":510,"y":215},"77":{"angle":0,"type":"cup","x":403,"y":433},"14":{"angle":1.783667096180213,"sticker":"knievel","type":"sticker","x":249,"y":205},"46":{"angle":-1.5227763987664746,"sticker":"knievel","type":"sticker","x":598,"y":215},"78":{"angle":0,"type":"cup","x":446,"y":433},"15":{"angle":-0.3045693157733627,"sticker":"knievel","type":"sticker","x":304,"y":259},"47":{"angle":3.6738930596786608,"sticker":"knievel","type":"sticker","x":578,"y":176},"79":{"angle":0,"type":"cup","x":489,"y":433},"16":{"angle":-0.6163539334826257,"sticker":"knievel","type":"sticker","x":315,"y":252},"48":{"angle":2.55066287599927,"sticker":"knievel","type":"sticker","x":529,"y":175},"80":{"angle":0,"type":"rightbumper","x":448,"y":332},"17":{"angle":-0.9656418453268195,"sticker":"knievel","type":"sticker","x":328,"y":242},"49":{"angle":-0.6608258982556459,"sticker":"knievel","type":"sticker","x":579,"y":248},"81":{"angle":0,"type":"leftbumper","x":407,"y":332},"18":{"angle":-1.59372002433682,"sticker":"knievel","type":"sticker","x":338,"y":214},"50":{"angle":1.1196188850695603,"sticker":"knievel","type":"sticker","x":513,"y":231},"82":{"angle":3.142460214711431,"type":"cup","x":382,"y":495},"19":{"angle":2.4801614366406173,"sticker":"knievel","type":"sticker","x":265,"y":182},"51":{"angle":0.758969947139762,"sticker":"knievel","type":"sticker","x":522,"y":245},"83":{"angle":3.1536803731042804,"type":"cup","x":467,"y":493},"20":{"angle":3.592497266757829,"sticker":"knievel","type":"sticker","x":312,"y":177},"52":{"angle":2.116331693296872,"sticker":"knievel","type":"sticker","x":517,"y":189},"84":{"angle":3.1547286066537685,"type":"cup","x":423,"y":494},"21":{"angle":-2.3419395142220836,"sticker":"knievel","type":"sticker","x":327,"y":187},"53":{"angle":-2.819829489435721,"sticker":"knievel","type":"sticker","x":569,"y":171},"85":{"angle":0,"sticker":"squobject","type":"sticker","x":711,"y":713.5},"22":{"angle":2.688357896111606,"sticker":"knievel","type":"sticker","x":272,"y":175},"54":{"angle":3.219666220537219,"sticker":"knievel","type":"sticker","x":558,"y":168},"23":{"angle":3.016035988826765,"sticker":"knievel","type":"sticker","x":289,"y":170},"55":{"angle":-1.926992387045988,"sticker":"knievel","type":"sticker","x":598,"y":198},"87":{"angle":0,"sticker":"kingbun","type":"sticker","x":16,"y":720},"24":{"angle":1.9426966252064712,"sticker":"knievel","type":"sticker","x":253,"y":200},"56":{"angle":-2.1209046345955187,"sticker":"knievel","type":"sticker","x":594,"y":189},"25":{"angle":-1.045203307078013,"sticker":"knievel","type":"sticker","x":331,"y":241},"57":{"angle":-1.0056206126410037,"sticker":"knievel","type":"sticker","x":590,"y":236},"58":{"angle":0.48622218384430754,"sticker":"knievel","type":"sticker","x":533,"y":249},"27":{"angle":1.171274733193908,"sticker":"knievel","type":"sticker","x":249,"y":234},"59":{"angle":2.021185323163098,"sticker":"knievel","type":"sticker","x":516,"y":192},"28":{"angle":-0.7378031237824055,"sticker":"knievel","type":"sticker","x":320,"y":250},"60":{"angle":2.9593310792430487,"sticker":"knievel","type":"sticker","x":549,"y":168},"29":{"angle":-1.8613793419923776,"sticker":"knievel","type":"sticker","x":334,"y":204},"61":{"angle":-0.1683144281785428,"sticker":"knievel","type":"sticker","x":561,"y":258},"30":{"angle":2.0753568836141514,"sticker":"knievel","type":"sticker","x":253,"y":195},"62":{"angle":-1.4221218985136073,"sticker":"knievel","type":"sticker","x":598,"y":223},"31":{"angle":-1.3864790057767062,"sticker":"knievel","type":"sticker","x":336,"y":227},"63":{"angle":1.3063336970332204,"sticker":"knievel","type":"sticker","x":510,"y":223}}},"snapshot":{"balls":[{"age":1576,"angle":2.772939682006836,"type":1,"va":2.173208713531494,"vx":-0.6891111135482788,"vy":1.4436689615249634,"x":11.361486434936523,"y":-4.653872966766357},{"age":770,"angle":-1.0587433576583862,"type":4,"va":-4.846772193908691,"vx":0.14145638048648834,"vy":-0.39241474866867065,"x":2.969491481781006,"y":-14.472940444946289},{"age":725,"angle":1.0839108228683472,"type":4,"va":0.5449997782707214,"vx":-0.6737220883369446,"vy":-0.5824941992759705,"x":3.276008129119873,"y":-14.205105781555176},{"age":605,"angle":-2.279080867767334,"type":4,"va":5.7687811851501465,"vx":-0.8802175521850586,"vy":-0.1602938175201416,"x":5.2979936599731445,"y":-12.93637466430664},{"age":509,"angle":1.0443793535232544,"type":4,"va":6.416502952575684,"vx":-1.0368566513061523,"vy":0.21519042551517487,"x":6.727051734924316,"y":-12.650606155395508},{"age":393,"angle":-0.3932216465473175,"type":4,"va":7.606319904327393,"vx":-1.1439341306686401,"vy":-0.28062477707862854,"x":8.56594181060791,"y":-10.866355895996094},{"age":336,"angle":0.8409715294837952,"type":4,"va":7.6953349113464355,"vx":-1.1574838161468506,"vy":-0.28394514322280884,"x":9.428221702575684,"y":-10.654827117919922},{"age":227,"angle":2.828425645828247,"type":4,"va":8.581144332885742,"vx":-1.2764726877212524,"vy":-0.36519280076026917,"x":11.417340278625488,"y":-8.500296592712402},{"age":181,"angle":-0.65392005443573,"type":1,"va":-1.8578077554702759,"vx":0.3165314495563507,