{"puzzle":{"reqTiles":["Up","Left"],"inputs":[{"x":0.8,"y":0.0,"balls":[{"type":3,"rate":0.68438720703125}]},{"x":0.0,"y":0.2,"balls":[{"type":1,"rate":0.5172017415364584}]}],"outputs":[{"x":0.5,"y":1.0,"balls":[{"type":1,"rate":0.5172017415364584}]},{"x":0.0,"y":0.5,"balls":[{"type":3,"rate":0.68438720703125}]}],"spec":{}},"blueprint":{"puzzle":"51b5e90f-4cb7-5774-a6b7-a26b2ee23572","title":"serpent channel","submittedAt":"2024-05-17T08:39:43.544491949Z","widgets":{"0":{"angle":-7.465993899142497e-2,"type":"board","x":539,"y":49},"32":{"angle":-8.277046968123411e-2,"type":"board","x":265,"y":375},"64":{"angle":-0.299198164017918,"type":"brick","x":411,"y":575},"1":{"angle":2.310935272511837,"type":"brick","x":605,"y":34.209015},"65":{"angle":0.29156321038954575,"type":"brick","x":467,"y":578},"2":{"angle":8.752716867723355e-2,"type":"board","x":101,"y":178},"34":{"angle":-5.722272405877934e-2,"type":"board","x":98,"y":386},"66":{"angle":1.7494953414727264e-2,"type":"cushion","x":454,"y":648},"3":{"angle":-3.6953644822172e-2,"type":"board","x":235,"y":69},"35":{"angle":0.6433418110102305,"type":"brick","x":677.093,"y":83},"67":{"angle":2.0000523774041468,"type":"cushion","x":405,"y":682},"4":{"angle":-7.963340352094277e-2,"type":"board","x":386,"y":61},"36":{"angle":4.400122362730363,"type":"brick","x":713.707,"y":131},"5":{"angle":2.2846689477179636,"type":"brick","x":93,"y":61},"37":{"angle":-1.5288935865932487,"type":"brick","x":587,"y":365},"6":{"angle":1.0154086418989536,"type":"brick","x":88,"y":97},"38":{"angle":2.261296471281309,"type":"brick","x":680,"y":307},"7":{"angle":8.428473665200822e-2,"type":"board","x":269,"y":194},"39":{"angle":-1.0637860457437187,"type":"brick","x":601,"y":313},"8":{"angle":8.103041608402617e-2,"type":"board","x":431,"y":209},"40":{"angle":-1.1709228820870672,"type":"brick","x":711,"y":255},"9":{"angle":0.4280238599352087,"type":"board","x":224,"y":108},"41":{"angle":-1.4919446128331952,"type":"brick","x":723.8637645,"y":191},"10":{"angle":6.67315665205368e-2,"type":"brick","x":373,"y":152},"42":{"angle":0.21551714254764148,"type":"brick","x":626,"y":60},"11":{"angle":-0.26679920972460053,"type":"board","x":365,"y":80},"43":{"angle":0.15690207010748525,"type":"board","x":585,"y":172},"12":{"angle":-0.25463394057003913,"type":"board","x":430,"y":120},"44":{"angle":-0.8046457138689774,"type":"cushion","x":632,"y":265},"13":{"angle":7.859812816917551e-2,"type":"brick","x":477,"y":162},"45":{"angle":1.6851571922698216,"type":"cushion","x":653,"y":217},"46":{"angle":1.8754533412314005,"type":"cushion","x":654,"y":351},"15":{"angle":0.6145092343601853,"type":"brick","x":535,"y":180},"47":{"angle":1.2395414204152182,"type":"cushion","x":656,"y":403},"16":{"angle":-3.5707645199601866e-2,"type":"brick","x":378,"y":371},"48":{"angle":-0.3657535531922248,"type":"brick","x":624,"y":668},"17":{"angle":3.013936736046964,"type":"brick","x":442,"y":364},"49":{"angle":7.376902932729233e-2,"type":"brick","x":562,"y":679},"18":{"angle":2.8006809769613916,"type":"brick","x":505,"y":349},"50":{"angle":-0.7493665172728967,"type":"brick","x":672,"y":637},"19":{"angle":2.3532135014408166,"type":"brick","x":553,"y":317},"51":{"angle":-1.2396310007419673,"type":"brick","x":702,"y":591},"20":{"angle":1.792595905219584,"type":"brick","x":574,"y":275},"52":{"angle":4.241307782114411,"type":"brick","x":702,"y":485},"21":{"angle":1.2451516065046844,"type":"brick","x":570,"y":219},"53":{"angle":-1.5921552053840298,"type":"brick","x":711,"y":537},"22":{"angle":0.25213327132901076,"type":"board","x":592,"y":121},"54":{"angle":0.8121587203708726,"type":"brick","x":681,"y":447},"23":{"angle":-0.6608522341624778,"type":"fan","x":202,"y":232},"55":{"angle":-1.9990632650129487,"type":"brick","x":598,"y":424},"24":{"angle":-1.0749684210142996,"type":"fan","x":261,"y":250},"56":{"angle":-2.3383158342870174,"type":"brick","x":632,"y":477},"25":{"angle":-1.0726004121630461,"type":"brick","x":301,"y":113},"57":{"height":10,"type":"repulsor","width":150,"x":572,"y":556},"26":{"angle":0,"type":"fan","x":270,"y":98},"59":{"angle":1.652424146503802,"type":"brick","x":394,"y":700},"28":{"angle":-1.4848553801205946,"type":"fan","x":372,"y":233},"60":{"angle":-1.663215894867677,"type":"brick","x":335,"y":694},"61":{"angle":-1.3626033435870224,"type":"brick","x":341,"y":659},"30":{"angle":-1.3247793086504158,"type":"fan","x":410,"y":235},"62":{"angle":-0.9802548621025545,"type":"brick","x":364,"y":607},"31":{"angle":-1.2477459309885979,"type":"fan","x":273,"y":262},"63":{"angle":0.5491452822960108,"type":"brick","x":506,"y":662}}},"snapshot":{"balls":[{"age":591,"angle":0.3332979679107666,"type":1,"va":12.974588394165039,"vx":-0.7630499601364136,"vy":-2.8340628147125244,"x":7.459569454193115,"y":-13.537114143371582},{"age":593,"angle":1.295958161354065,"type":3,"va":28.480894088745117,"vx":-4.477067947387695,"vy":-0.634135901927948,"x":8.3032808303833,"y":-6.917895317077637},{"age":501,"angle":-0.6032088398933411,"type":3,"va":-15.765362739562988,"vx":2.06658935546875,"vy":-2.945403575897217,"x":10.685840606689453,"y":-4.182257652282715},{"age":448,"angle":1.4312658309936523,"type":1,"va":-7.503170013427734,"vx":-0.4082458019256592,"vy":-5.475368022918701,"x":13.482770919799805,"y":-5.452383995056152},{"age":434,"angle":-2.702171564102173,"type":3,"va":-20.39852523803711,"vx":3.271143674850464,"vy":-0.2747577130794525,"x":5.950830936431885,"y":-3.58965802192688},{"age":381,"angle":-2.843554973602295,"type":1,"va":-3.2678003311157227,"vx":-9.017501771450043e-2,"vy":-5.11953067779541,"x":13.802559852600098,"y":-3.8894097805023193},{"age":326,"angle":-0.9009682536125183,"type":3,"va":-0.34381040930747986,"vx":1.307444453239441,"vy":-1.8875105381011963,"x":2.4458577632904053,"y":-1.8260908126831055},{"age":287,"angle":-0.6673089265823364,"type":1,"va":6.034220218658447,"vx":3.140765428543091,"vy":1.1109567880630493,"x":8.755563735961914,"y":-2.7433865070343018},{"age":200,"angle":-1.2119947671890259,"type":3,"va":14.983621597290039,"vx":-2.360842227935791,"vy":-0.2075495719909668,"x":6.925012111663818,"y":-0.9442898631095886},{"age":143,"angle":-2.3333663940429688,"type":1,"va":-10.051112174987793,"vx":1.5846978425979614,"vy":-0.1390608847141266,"x":2.221329689025879,"y":-3.23809552192688},{"age":133,"angle":2.363135576248169,"type":3,"va":13.608997344970703,"vx":-2.1477925777435303,"vy":-0.19260656833648682,"x":8.62844467163086,"y":-0.8083019852638245},{"age":27,"angle":0.1783788800239563,"type":3,"va":-5.036279201507568,"vx":0.25140121579170227,"vy":-1.5446419715881348,"x":11.839141845703125,"y":-0.14958178997039795}],"widgets":{}}}