{"puzzle":{"reqTiles":["Up"],"inputs":[{"x":0.8,"y":0.0,"balls":[{"type":3,"rate":1.0}]}],"outputs":[{"x":0.65,"y":1.0,"balls":[{"type":3,"rate":1.0}]}],"spec":{}},"blueprint":{"puzzle":"893f2b7a-e942-5879-9dee-3044ddd78769","title":"throw practice: 🐈=20pt, 🐇=5pt, 🐿️=2pt, 🧢=0pt","submittedAt":"2024-04-08T23:00:53.90308094Z","widgets":{"0":{"angle":0,"type":"hook","x":497,"y":355},"32":{"angle":1.5906091013126356,"type":"cushion","x":20.3084454,"y":41.3782863},"33":{"angle":1.6220866693453826,"type":"cushion","x":21.5763332,"y":274},"2":{"angle":1.4059016530046016,"type":"rightbumper","x":379,"y":287},"34":{"angle":0,"type":"lefthook","x":191.977,"y":555.479},"35":{"angle":0,"type":"anvil","x":531,"y":715},"4":{"angle":-0.4226617667641302,"type":"brick","x":398,"y":215},"36":{"angle":0.13857187156668596,"type":"board","x":369,"y":718.9999865},"37":{"angle":0.18475501176901987,"type":"board","x":202,"y":692},"38":{"angle":0.4530210164585436,"type":"board","x":87.5,"y":648},"39":{"angle":-0.8878914508595579,"type":"cushion","x":699.0000025,"y":579},"40":{"angle":-0.3911254469690297,"type":"cushion","x":644,"y":620},"9":{"angle":-0.1454641843563663,"type":"board","x":339,"y":147},"41":{"angle":0,"type":"cushion","x":574,"y":638},"10":{"angle":0,"type":"board","x":179,"y":157},"42":{"angle":0,"sticker":"cat","type":"sticker","x":86,"y":26},"11":{"angle":-7.981436394643325e-2,"type":"board","x":309,"y":223},"43":{"angle":0,"sticker":"kingbun","type":"sticker","x":146,"y":61},"12":{"angle":0,"type":"board","x":164,"y":227},"44":{"angle":-8.285251233939357e-2,"sticker":"kingbun","type":"sticker","x":344,"y":246},"13":{"angle":-9.207406028883335e-2,"type":"board","x":157.96,"y":42.5137},"45":{"angle":0,"sticker":"squobject","type":"sticker","x":125,"y":195},"46":{"angle":-1.2259189243076118,"sticker":"figure3-happy","type":"sticker","x":627,"y":583},"47":{"angle":0,"sticker":"knievel","type":"sticker","x":399,"y":356},"16":{"angle":1.5479950446625759,"type":"cushion","x":20.4297013,"y":200},"48":{"angle":6.141124260760531e-2,"sticker":"cat","type":"sticker","x":116,"y":134},"17":{"angle":1.59828207180745,"type":"cushion","x":20.6193992,"y":121},"49":{"angle":0.278809052199267,"type":"brick","x":578,"y":73},"19":{"angle":0.7629491874326102,"type":"board","x":85,"y":444},"21":{"angle":0,"type":"cushion","x":401,"y":429},"25":{"angle":-0.18803043032836497,"type":"board","x":451,"y":254},"27":{"angle":0.1968526051786535,"type":"cushion","x":585,"y":72},"28":{"angle":1.8951256426202765,"type":"cushion","x":677,"y":150},"29":{"angle":-0.14538947346679637,"type":"board","x":347,"y":76},"30":{"angle":0,"type":"board","x":189,"y":86}}},"snapshot":{"balls":[{"age":1710,"angle":1.7802385091781616,"type":3,"va":0,"vx":0,"vy":0,"x":14.6212739944458,"y":-10.84575080871582},{"age":1227,"angle":2.7898287773132324,"type":3,"va":1.6825875043869019,"vx":-0.6466053128242493,"vy":0.7225737571716309,"x":1.8214350938796997,"y":-11.462315559387207},{"age":580,"angle":-2.11668062210083,"type":3,"va":-43.05321502685547,"vx":5.097748756408691,"vy":-0.3575372099876404,"x":8.951650619506836,"y":-14.140936851501465},{"age":460,"angle":-0.8574506640434265,"type":3,"va":-9.460671804845333e-3,"vx":1.207227585837245e-3,"vy":6.64091669023037e-4,"x":0.1787920743227005,"y":-11.893115997314453},{"age":392,"angle":0.31621381640434265,"type":3,"va":22.427370071411133,"vx":-3.4408833980560303,"vy":-2.0290215015411377,"x":12.359321594238281,"y":-12.016866683959961},{"age":353,"angle":0.5019919276237488,"type":3,"va":13.151739120483398,"vx":-2.0637598037719727,"vy":0.25512439012527466,"x":6.843796253204346,"y":-13.963773727416992},{"age":300,"angle":-0.7585723400115967,"type":3,"va":-9.399577140808105,"vx":2.9183506965637207,"vy":-5.547228813171387,"x":11.003605842590332,"y":-2.3316078186035156},{"age":249,"angle":2.293179750442505,"type":3,"va":-23.483495712280273,"vx":3.6843111515045166,"vy":1.806125521659851,"x":1.686416745185852,"y":-4.188294887542725},{"age":192,"angle":-2.878727436065674,"type":3,"va":-35.661376953125,"vx":6.985383033752441,"vy":-3.8427488803863525,"x":9.70353889465332,"y":-4.608607292175293},{"age":152,"angle":-0.2214844971895218,"type":3,"va":14.6286039352417,"vx":-1.2070451974868774,"vy":-7.431452751159668,"x":12.420026779174805,"y":-5.296530246734619},{"age":80,"angle":-2.8856914043426514,"type":3,"va":-11.089710235595703,"vx":1.5508867502212524,"vy":-0.8186858296394348,"x":12.422484397888184,"y":-1.1618460416793823},{"age":41,"angle":0.10522010922431946,"type":3,"va":-7.067735493183136e-2,"vx":-5.5995915085077286e-2,"vy":-2.6854336261749268,"x":11.828980445861816,"y":-0.46527066826820374}],"widgets":{"0":{"angle":-0.2392299324274063,"key":"0","va":1.1836395263671875,"vx":0,"vy":0,"x":9.950100898742676,"y":-6.856170177459717},"34":{"angle":0.4146515429019928,"key":"34","va":-1.067524790763855,"vx":0,"vy":0,"x":3.785228967666626,"y":-10.69199275970459}}}}