{"puzzle":{"reqTiles":["Up"],"inputs":[{"x":0.35,"y":0.0,"balls":[{"type":1,"rate":0.75}]}],"outputs":[{"x":0.65,"y":1.0,"balls":[{"type":1,"rate":0.75}]}],"spec":{}},"blueprint":{"puzzle":"e88a743b-824d-5462-8af2-640d770f4764","title":"catwalks","submittedAt":"2024-04-08T05:06:36.358727265Z","widgets":{"0":{"angle":0,"catMass":2,"type":"catswat","x":230,"y":198},"32":{"angle":1.5797999437207983,"type":"board","x":258,"y":400},"64":{"angle":0,"sticker":"figure2-sad","type":"sticker","x":111,"y":164},"33":{"angle":1.5901639300712112,"type":"board","x":711,"y":576},"65":{"angle":-1.9798251130669986,"type":"hammer","x":87,"y":170},"34":{"angle":1.5573924033496929,"type":"board","x":712,"y":401},"66":{"angle":0,"type":"anvil","x":70,"y":209},"35":{"angle":-0.9059271775929462,"type":"brick","x":708.3990365,"y":315},"67":{"angle":-0.6914912318508272,"type":"board","x":73.140083,"y":295},"36":{"angle":0.9175966524658378,"type":"brick","x":258,"y":300},"37":{"type":"roundbumper","x":373,"y":383},"38":{"angle":4.721619129915254,"type":"rightbumper","x":639,"y":711.5627861},"7":{"angle":0,"type":"hook","x":612.014,"y":258.52},"39":{"angle":1.609677852575648,"type":"leftbumper","x":314,"y":710.1747622},"8":{"angle":0,"type":"lefthook","x":355.641,"y":252.178},"40":{"type":"roundbumper","x":484,"y":485},"9":{"angle":3.153717574454,"catMass":2,"type":"catswat","x":705.2236596,"y":208},"41":{"type":"roundbumper","x":595,"y":387},"42":{"type":"roundbumper","x":370,"y":596},"43":{"type":"roundbumper","x":591,"y":598},"12":{"angle":0,"type":"brick","x":187,"y":234},"44":{"angle":1.5749102150017769,"type":"board","x":163.5,"y":163},"13":{"angle":0,"type":"brick","x":706,"y":170},"45":{"angle":1.57416449186553,"type":"board","x":164,"y":87.5297878},"46":{"angle":0,"type":"board","x":87.5,"y":240},"15":{"angle":0,"type":"brick","x":672,"y":144},"47":{"angle":0,"type":"prism","x":487,"y":376},"16":{"angle":0,"type":"brick","x":706,"y":117},"48":{"angle":-1.6312359506337317,"type":"prism","x":374,"y":490},"17":{"angle":0,"type":"brick","x":638,"y":117},"49":{"angle":-3.116234598658937,"type":"prism","x":482,"y":592},"18":{"angle":0,"type":"brick","x":673,"y":89},"50":{"angle":-4.670475761296103,"type":"prism","x":594,"y":492},"19":{"angle":0,"type":"brick","x":636,"y":63},"51":{"angle":0,"sticker":"determinism","type":"sticker","x":89,"y":687},"20":{"angle":0,"type":"brick","x":706,"y":62},"21":{"angle":0,"type":"brick","x":669,"y":37},"53":{"angle":0,"type":"brick","x":34,"y":458},"22":{"angle":0,"type":"brick","x":601,"y":37},"54":{"angle":0,"type":"brick","x":79,"y":538},"23":{"angle":0,"type":"brick","x":638,"y":13.5},"55":{"angle":1.496891502199226,"type":"cup","x":182,"y":717.3221464},"24":{"angle":0,"type":"brick","x":706,"y":13.5},"56":{"angle":0,"sticker":"cat","type":"sticker","x":78,"y":510},"25":{"angle":0,"type":"brick","x":570,"y":13.5},"57":{"angle":0,"type":"cushion","x":125,"y":407},"58":{"angle":1.567597087535103,"type":"board","x":34,"y":555},"59":{"angle":-1.5690128432413204,"type":"board","x":124,"y":509},"60":{"angle":1.590131500669361,"type":"brick","x":125,"y":608},"29":{"angle":0,"type":"fan","x":241,"y":702.5},"61":{"angle":0,"sticker":"cat","type":"sticker","x":130,"y":378},"30":{"angle":3.1557071164366253,"type":"fan","x":715.9730825,"y":702.1720757},"62":{"angle":0,"sticker":"cat","type":"sticker","x":31,"y":429},"31":{"angle":1.5687666030964618,"type":"board","x":256,"y":573}}},"snapshot":{"balls":[{"age":1691,"angle":2.474491834640503,"type":1,"va":8.862046241760254,"vx":-5.473662167787552e-2,"vy":-0.8530111312866211,"x":14.242927551269531,"y":-5.144631385803223},{"age":1577,"angle":-0.20342202484607697,"type":1,"va":9.496256828308105,"vx":23.474475860595703,"vy":14.816812515258789,"x":8.29144287109375,"y":-8.499011039733887},{"age":1181,"angle":1.0606509447097778,"type":1,"va":-1.7752914428710938,"vx":0.36892831325531006,"vy":1.132415533065796,"x":12.141334533691406,"y":-4.8357062339782715},{"age":1092,"angle":2.138296604156494,"type":1,"va":0,"vx":0,"vy":0,"x":5.107553482055664,"y":-5.055327415466309},{"age":875,"angle":-2.4954612255096436,"type":1,"va":0,"vx":0,"vy":0,"x":4.182723522186279,"y":-3.9009108543395996},{"age":702,"angle":1.0826833248138428,"type":1,"va":0,"vx":0,"vy":0,"x":5.245253086090088,"y":-4.7685956954956055},{"age":384,"angle":-0.5499746203422546,"type":1,"va":-1.9250682592391968,"vx":0.3953123986721039,"vy":0.8101955056190491,"x":12.465628623962402,"y":-4.834665775299072},{"age":4,"angle":-4.9421075731515884e-2,"type":1,"va":3.806714713573456e-2,"vx":-0.7361329793930054,"vy":-0.8696297407150269,"x":9.70801067352295,"y":-14.559211730957031},{"age":263,"angle":-0.17469522356987,"type":1,"va":-7.296321392059326,"vx":1.2572124004364014,"vy":2.793702483177185e-2,"x":13.273499488830566,"y":-4.831238269805908},{"age":194,"angle":-2.758216381072998,"type":1,"va":0.20666350424289703,"vx":4.267609491944313e-2,"vy":2.1615114212036133,"x":11.098301887512207,"y":-4.839529514312744},{"age":116,"angle":-3.1241278648376465,"type":1,"va":-42.811851501464844,"vx":3.1563591957092285,"vy":4.23799991607666,"x":14.499462127685547,"y":-4.671950817108154},{"age":25,"angle":0.399687796831131,"type":1,"va":2.419952869415283,"vx":2.033422701060772e-2,"vy":-1.1774952411651611,"x":5.179935932159424,"y":-0.12756067514419556}],"widgets":{"0":{"angle":0,"key":"0","va":0,"vx":0,"vy":0,"x":4.599999904632568,"y":-3.9600000381469727},"7":{"angle":3.81845748052001e-3,"key":"7","va":-0.9641498923301697,"vx":0,"vy":0,"x":12.240283012390137,"y":-5.174263000488281},"8":{"angle":2.8021184727549553e-2,"key":"8","va":-0.9517672657966614,"vx":0,"vy":0,"x":7.114784240722656,"y":-5.0149312019348145},"9":{"angle":3.1294679641723633,"key":"9","va":0,"vx":0,"vy":0,"x":14.104473114013672,"y":-4.159999847412109}}}}