{"puzzle":{"reqTiles":["Up"],"inputs":[{"x":0.65,"y":0.0,"balls":[{"type":3,"rate":1.0}]},{"x":1.0,"y":0.35,"balls":[{"type":4,"rate":0.5}]}],"outputs":[{"x":0.5,"y":1.0,"balls":[{"type":4,"rate":0.5}]},{"x":1.0,"y":0.2,"balls":[{"type":3,"rate":1.0}]}],"spec":{}},"blueprint":{"puzzle":"b67a048d-220e-532d-8c2b-51c90a1aeffc","title":"Green shaker","submittedAt":"2024-04-10T00:23:30.926139505Z","widgets":{"32":{"angle":1.1548771728319083,"type":"leftbumper","x":606,"y":350},"33":{"angle":-0.7524317235495255,"type":"rightbumper","x":452,"y":323},"2":{"angle":-1.9246078650051044,"type":"fan","x":696.024012,"y":349},"34":{"angle":-0.560222630317578,"type":"brick","x":610,"y":29.5030995},"3":{"angle":-0.34578616077314916,"type":"board","x":473,"y":132},"35":{"angle":0,"sticker":"figure1-happy","type":"sticker","x":571,"y":672},"4":{"angle":0,"type":"board","x":319,"y":160},"36":{"height":10,"type":"repulsor","width":150,"x":533,"y":603},"5":{"angle":0.533657292014808,"type":"board","x":79.911465,"y":489},"37":{"angle":0.3054355777619066,"sticker":"kingbun","type":"sticker","x":686,"y":592},"6":{"angle":0.5518648980705296,"type":"board","x":173.5,"y":186},"38":{"angle":-1.977407016116926e-3,"type":"prism","x":315,"y":109},"7":{"angle":0.13811323718308438,"type":"board","x":333,"y":289},"39":{"angle":0,"speed":25,"type":"spokedwheel","x":103,"y":258},"40":{"angle":0,"sticker":"determinism","type":"sticker","x":159,"y":687},"10":{"angle":-0.9041886047161349,"type":"rightbumper","x":527,"y":350},"42":{"angle":-0.8636149175980553,"type":"rightbumper","x":199,"y":547},"11":{"angle":-3.4044393010966023,"type":"board","x":183,"y":103},"43":{"angle":-0.6367247625013366,"type":"brick","x":351,"y":31.0698445},"12":{"angle":-2.495073699856407,"type":"brick","x":699.937,"y":166},"13":{"angle":-1.4599124029783146,"type":"fan","x":203,"y":376},"45":{"angle":0,"catMass":2,"type":"catswat","x":146,"y":717},"14":{"angle":0.5405012463497483,"type":"board","x":118,"y":409},"46":{"angle":0,"catMass":2,"type":"catswat","x":96,"y":716},"15":{"angle":-8.103960915775497,"type":"fan","x":334,"y":204},"47":{"angle":0,"catMass":2,"type":"catswat","x":203,"y":717},"16":{"angle":-1.9514278088959607,"type":"fan","x":681,"y":362},"48":{"angle":0,"catMass":2,"type":"catswat","x":251,"y":717},"17":{"angle":0.5352411502782839,"type":"anvil","x":248,"y":249},"18":{"angle":-1.783193633291162,"type":"fan","x":635.405,"y":372},"50":{"angle":3.5946807240417196e-3,"type":"fan","x":23.6346591,"y":702.4157503},"19":{"angle":-2.1604497606005544,"type":"brick","x":665,"y":128.086},"51":{"angle":1.262418913797241,"type":"rightbumper","x":273,"y":327},"20":{"angle":0,"type":"board","x":652.5,"y":400},"52":{"angle":-0.634910029498029,"type":"cup","x":451,"y":404},"21":{"angle":0.5837556236634496,"type":"board","x":412,"y":343},"53":{"angle":0,"type":"fan","x":23.5,"y":634},"22":{"angle":-7.881641969904625,"type":"fan","x":701.6159369,"y":189.554},"54":{"angle":-2.3516907980617887,"type":"prism","x":131,"y":87},"23":{"angle":-2.3543394775849755,"type":"fan","x":681,"y":179},"24":{"angle":-1.5914807128664719,"type":"board","x":424,"y":651},"25":{"angle":0,"catMass":2,"type":"catswat","x":298,"y":716},"26":{"angle":-1.632177266023425,"type":"fan","x":600,"y":386},"27":{"height":10,"type":"repulsor","width":150,"x":568,"y":637},"28":{"angle":-1.6006045978033925,"type":"board","x":421,"y":481},"29":{"angle":0,"type":"brick","x":706,"y":212},"30":{"angle":-0.3661331005397522,"type":"fan","x":385,"y":212},"31":{"height":102,"type":"repulsor","width":102,"x":609,"y":605}}},"snapshot":{"balls":[{"age":1438,"angle":0.5593003034591675,"type":4,"va":27.55378532409668,"vx":-0.2546429932117462,"vy":-5.506047248840332,"x":7.353085517883301,"y":-14.375516891479492},{"age":1132,"angle":-2.215705633163452,"type":4,"va":-0.7810615301132202,"vx":0.19067338109016418,"vy":-0.2833526134490967,"x":6.413084506988525,"y":-14.59644603729248},{"age":801,"angle":-1.727919101715088,"type":4,"va":-16.565155029296875,"vx":-0.15951965749263763,"vy":-4.762345314025879,"x":6.6791090965271,"y":-13.705578804016113},{"age":709,"angle":-0.7850444912910461,"type":4,"va":2.5086445808410645,"vx":-0.6853981018066406,"vy":-3.071291208267212,"x":3.1341724395751953,"y":-9.598057746887207},{"age":742,"angle":-4.8370927572250366e-2,"type":3,"va":-27.77474021911621,"vx":-3.612253427505493,"vy":-8.843138694763184,"x":9.127099990844727,"y":-5.5809783935546875},{"age":569,"angle":-1.0562448501586914,"type":4,"va":7.571120738983154,"vx":1.714892029762268,"vy":0.12775729596614838,"x":13.235816955566406,"y":-0.18176548182964325},{"age":510,"angle":-2.940704822540283,"type":3,"va":-2.8530311584472656,"vx":2.1015429496765137,"vy":-4.403748989105225,"x":12.788972854614258,"y":-3.1678192615509033},{"age":478,"angle":0.9447363615036011,"type":3,"va":0.7856258749961853,"vx":0.3936702311038971,"vy":0.7253711223602295,"x":14.482622146606445,"y":-3.006814479827881},{"age":425,"angle":0.5829132795333862,"type":4,"va":7.109928131103516,"vx":-1.063793420791626,"vy":-0.28623759746551514,"x":3.153827667236328,"y":-1.8457272052764893},{"age":411,"angle":-0.29460299015045166,"type":3,"va":-20.626869201660156,"vx":-0.9307100772857666,"vy":1.2882354259490967,"x":14.210598945617676,"y":-2.3670434951782227},{"age":331,"angle":0.3780536949634552,"type":4,"va":-9.697104454040527,"vx":-1.092522382736206,"vy":0.14851114153862,"x":2.471689224243164,"y":-1.9102591276168823},{"age":348,"angle":2.419191360473633,"type":3,"va":-27.07405662536621,"vx":4.248425483703613,"vy":-2.9449117183685303,"x":9.455451011657715,"y":-6.115040302276611},{"age":259,"angle":0.26911959052085876,"type":3,"va":-12.473072052001953,"vx":1.992185115814209,"vy":-1.820507526397705,"x":4.863468170166016,"y":-4.104639530181885},{"age":189,"angle":-2.685436964035034,"type":4,"va":23.95285987854004,"vx":-4.552369117736816,"vy":9.20654582977295,"x":6.459146976470947,"y":-1.6592246294021606},{"age":191,"angle":-1.7108166217803955,"type":3,"va":13.19827651977539,"vx":-2.0825283527374268,"vy":-2.8634116649627686,"x":3.9962143898010254,"y":-3.298736095428467},{"age":157,"angle":2.1386687755584717,"type":3,"va":13.145208358764648,"vx":-2.078955888748169,"vy":-4.529010970145464e-3,"x":5.011624813079834,"y":-2.8370933532714844},{"age":71,"angle":2.3653125762939453,"type":4,"va":1.8735517263412476,"vx":-0.4229288101196289,"vy":-0.8482711315155029,"x":14.351812362670898,"y":-5.430473327636719},{"age":87,"angle":-2.614224910736084,"type":3,"va":14.214111328125,"vx":-2.1217825412750244,"vy":-0.7970996499061584,"x":8.631643295288086,"y":-2.5789542198181152},{"age":36,"angle":-0.16114705801010132,"type":3,"va":-0.2113286405801773,"vx":0.4691479802131653,"vy":-0.5679134130477905,"x":9.612109184265137,"y":-0.25452521443367004}],"widgets":{"25":{"angle":0,"key":"25","va":0,"vx":0,"vy":0,"x":5.960000038146973,"y":-14.319999694824219},"39":{"angle":-2.237330198287964,"key":"39","va":6.6542649269104,"vx":0,"vy":0,"x":2.059999942779541,"y":-5.159999847412109},"45":{"angle":0,"key":"45","va":0,"vx":0,"vy":0,"x":2.9200000762939453,"y":-14.34000015258789},"46":{"angle":0,"key":"46","va":0,"vx":0,"vy":0,"x":1.9199999570846558,"y":-14.319999694824219},"47":{"angle":0,"key":"47","va":0,"vx":0,"vy":0,"x":4.059999942779541,"y":-14.34000015258789},"48":{"angle":0,"key":"48","va":0,"vx":0,"vy":0,"x":5.019999980926514,"y":-14.34000015258789}}}}