{"puzzle":{"reqTiles":["Up"],"inputs":[{"x":0.65,"y":0.0,"balls":[{"type":4,"rate":1.0}]}],"outputs":[{"x":0.5,"y":1.0,"balls":[{"type":4,"rate":1.0}]}],"spec":{}},"blueprint":{"puzzle":"f2d7129c-bd3b-550f-84ec-2a06aa9973e2","title":"!important","submittedAt":"2024-04-07T07:27:57.043710837Z","widgets":{"0":{"angle":-0.35621965539615,"type":"board","x":475.5,"y":55},"32":{"type":"roundbumper","x":51,"y":500},"64":{"angle":0,"type":"prism","x":151,"y":697},"1":{"angle":1.561418051602488,"type":"board","x":23,"y":559},"33":{"type":"roundbumper","x":83,"y":513},"2":{"angle":0,"sticker":"figure1-happy","type":"sticker","x":75,"y":158},"3":{"angle":0,"sticker":"figure2-happy","type":"sticker","x":673,"y":121},"4":{"angle":-1.5844941001677622,"type":"board","x":162,"y":300},"36":{"angle":0.9978301839061904,"type":"sword","x":80,"y":580},"5":{"angle":1.1071487177940906,"type":"cushion","x":252,"y":341},"37":{"type":"roundbumper","x":65,"y":575},"6":{"angle":0,"sticker":"kingbun","type":"sticker","x":704,"y":516},"38":{"type":"roundbumper","x":85,"y":551},"7":{"angle":2.016104227699761,"type":"board","x":346,"y":309},"39":{"angle":-1.5943758550915084,"type":"sword","x":190,"y":575},"8":{"angle":-1.5835955766287162,"type":"board","x":487,"y":304},"40":{"angle":0,"speed":25,"type":"spokedwheel","x":331,"y":548},"9":{"angle":4.773442564910174,"type":"anvil","x":696,"y":353},"41":{"angle":1.5497836581100797,"type":"brick","x":384,"y":579},"10":{"angle":6.341552972037516,"type":"anvil","x":660,"y":306},"42":{"angle":-0.6929106258511587,"type":"brick","x":363,"y":638},"11":{"angle":-4.764459166841527,"type":"anvil","x":624,"y":269},"43":{"angle":8.860199504735394e-2,"type":"brick","x":307,"y":655},"12":{"angle":2.3695419227326755,"type":"anvil","x":634,"y":238},"13":{"angle":0.61196718347073,"type":"anvil","x":635,"y":297},"45":{"angle":1.5931777989184281,"type":"sword","x":596,"y":590},"14":{"angle":10.463393465357974,"type":"anvil","x":694.862699,"y":321},"46":{"angle":0,"type":"brick","x":596,"y":571},"15":{"angle":1.202726447771959,"type":"board","x":419,"y":308},"16":{"angle":0,"type":"brick","x":383,"y":315},"48":{"angle":-0.8831674682752809,"sticker":"kingbun","type":"sticker","x":692,"y":650},"17":{"angle":-1.6347149646722199,"type":"board","x":567,"y":307},"49":{"angle":-2.028383555978004,"sticker":"kingbun","type":"sticker","x":707.989,"y":608},"18":{"angle":1.5606936457888874,"type":"board","x":464,"y":582},"50":{"angle":-3.0393656352877345,"sticker":"kingbun","type":"sticker","x":689,"y":592},"19":{"angle":3.0928900620169224,"type":"anvil","x":665,"y":214},"51":{"angle":-2.3007802157068085,"sticker":"kingbun","type":"sticker","x":662,"y":576},"52":{"angle":-1.5447141335769423,"sticker":"kingbun","type":"sticker","x":661,"y":543},"21":{"angle":0,"speed":25,"type":"spokedwheel","x":213,"y":262},"53":{"angle":-0.41320102028095623,"sticker":"kingbun","type":"sticker","x":677,"y":522},"22":{"angle":-1.5928037786679363,"type":"sword","x":62,"y":288},"54":{"angle":0,"sticker":"kingbun","type":"sticker","x":669,"y":662},"23":{"angle":1.5316587817601819,"type":"rightbumper","x":48.5591682,"y":246},"55":{"angle":-1.473774966517551,"sticker":"kingbun","type":"sticker","x":712,"y":629},"24":{"angle":-1.5800070306932306,"type":"leftbumper","x":83,"y":246},"56":{"angle":3.106472851141759,"type":"prism","x":54.5,"y":44.7115477},"57":{"angle":0,"type":"prism","x":106,"y":43},"58":{"angle":3.1665874472087134,"type":"prism","x":158,"y":44.223688},"27":{"angle":2.730881541952912,"type":"ballstand","x":501,"y":263},"59":{"angle":0,"type":"prism","x":211,"y":43},"28":{"angle":-0.44184630018813215,"type":"ballstand","x":538,"y":349},"60":{"angle":3.127607551424911,"type":"prism","x":265,"y":43.6880385},"29":{"angle":1.5315194840758164,"type":"anvil","x":499,"y":610},"61":{"angle":0.31520671747680745,"type":"board","x":256,"y":704.3172745},"30":{"angle":-0.5650502628671173,"type":"anvil","x":686,"y":376},"62":{"angle":0,"type":"prism","x":49.5,"y":697},"31":{"angle":-5.977165933405319e-3,"type":"anvil","x":651,"y":390},"63":{"angle":3.1130289957510335,"type":"prism","x":98,"y":695.603829}}},"snapshot":{"balls":[{"age":17,"angle":-0.8361493349075317,"type":4,"va":-2.866960048675537,"vx":0.27069321274757385,"vy":-0.8917622566223145,"x":7.381814956665039,"y":-14.736482620239258},{"age":454,"angle":-1.5044580698013306,"type":4,"va":-8.739434242248535,"vx":1.2853034734725952,"vy":-0.41910943388938904,"x":6.312611103057861,"y":-14.119330406188965},{"age":402,"angle":-2.666266918182373,"type":4,"va":-7.293100833892822,"vx":1.5627119541168213,"vy":-0.509567141532898,"x":5.365575313568115,"y":-13.81042194366455},{"age":356,"angle":0.6785745620727539,"type":4,"va":-2.7546579837799072,"vx":0.6865555047988892,"vy":0.19348017871379852,"x":4.931316375732422,"y":-13.58548355102539},{"age":283,"angle":0.2969258427619934,"type":4,"va":24.92686653137207,"vx":-0.7438009977340698,"vy":-4.314243793487549,"x":5.365674018859863,"y":-9.320331573486328},{"age":236,"angle":-2.9531991481781006,"type":4,"va":20.202451705932617,"vx":-1.5708271265029907,"vy":-3.297280788421631,"x":6.66399621963501,"y":-5.729705333709717},{"age":193,"angle":-1.21920907497406,"type":4,"va":10.015840530395508,"vx":-0.3559456467628479,"vy":-3.837982654571533,"x":7.177295207977295,"y":-3.263246774673462},{"age":123,"angle":0.40457260608673096,"type":4,"va":10.159128189086914,"vx":-1.4705188274383545,"vy":-0.5471711158752441,"x":7.764745235443115,"y":-1.3884321451187134},{"age":67,"angle":0.985322117805481,"type":4,"va":5.539071559906006,"vx":-1.008770227432251,"vy":0.2195846289396286,"x":9.445499420166016,"y":-0.7567369341850281},{"age":18,"angle":-3.356887027621269e-2,"type":4,"va":8.478732109069824,"vx":-0.16852521896362305,"vy":-0.7666809558868408,"x":9.62575626373291,"y":-3.7825167179107666e-2}],"widgets":{"21":{"angle":0,"key":"21","va":0,"vx":0,"vy":0,"x":4.260000228881836,"y":-5.239999771118164},"40":{"angle":8.458518656884726e-16,"key":"40","va":0,"vx":0,"vy":0,"x":6.619999885559082,"y":-10.960000038146973}}}}