{"puzzle":{"reqTiles":["Up"],"inputs":[{"x":0.8,"y":0.0,"balls":[{"type":2,"rate":0.44298044840494794}]}],"outputs":[{"x":0.5,"y":1.0,"balls":[{"type":2,"rate":0.44298044840494794}]}],"spec":{}},"blueprint":{"puzzle":"fcbb8c3a-8605-53aa-80f4-2fcfb777a992","title":"Check out my only fans!","submittedAt":"2024-05-25T10:08:44.413477975Z","widgets":{"0":{"angle":-2.5476049545091897,"type":"fan","x":651,"y":134},"32":{"angle":1.5806331154923658,"type":"fan","x":70,"y":226},"1":{"angle":2.386147404849437,"type":"fan","x":323,"y":696.5893695},"33":{"angle":1.5767347758506232,"type":"fan","x":164,"y":258},"2":{"angle":0.7671978061561702,"type":"fan","x":414,"y":695},"34":{"angle":2.5363351555809244,"type":"fan","x":192,"y":264},"3":{"angle":2.500834630836429,"type":"fan","x":254,"y":608},"35":{"angle":0.49816921004086406,"type":"fan","x":124,"y":265},"4":{"angle":0.7922964315561399,"type":"fan","x":460,"y":648},"36":{"angle":0,"type":"fan","x":217,"y":263},"5":{"angle":3.1239044260613498,"type":"fan","x":238,"y":555},"37":{"angle":2.5571386087403796,"type":"fan","x":268,"y":256},"6":{"angle":8.825000897842558e-3,"type":"fan","x":497,"y":551},"38":{"angle":3.1397936086866345,"type":"fan","x":296,"y":265},"7":{"angle":4.1480830424030115,"type":"fan","x":260,"y":514},"39":{"angle":-1.0288288562267889,"type":"fan","x":328,"y":268},"8":{"angle":-1.1003733364092771,"type":"fan","x":473,"y":512},"40":{"angle":-2.151940471907314,"type":"fan","x":341,"y":292},"9":{"angle":2.539979735231816,"type":"fan","x":314,"y":497},"41":{"angle":1.0452400439380631,"type":"fan","x":325,"y":213},"10":{"angle":0.7358877644715355,"type":"fan","x":414,"y":500},"11":{"angle":0.35040952250347823,"type":"fan","x":490,"y":602},"12":{"angle":2.378613267249163,"type":"fan","x":289,"y":654},"14":{"angle":0,"sticker":"figure1-sad","type":"sticker","x":57,"y":676.5},"15":{"angle":0,"sticker":"figure2-sad","type":"sticker","x":90,"y":670.5},"16":{"angle":0,"sticker":"cat","type":"sticker","x":621,"y":723.5},"17":{"angle":0,"sticker":"kingbun","type":"sticker","x":648,"y":720},"18":{"angle":0,"type":"fan","x":23.5,"y":117},"19":{"angle":-1.5640396728591108,"type":"fan","x":70,"y":168},"20":{"angle":-1.064362125654882e-2,"type":"fan","x":226,"y":121},"21":{"angle":2.5529077346703506,"type":"fan","x":180,"y":110},"22":{"angle":0,"type":"fan","x":132,"y":119},"23":{"angle":1.5922550247212885,"type":"fan","x":72,"y":69},"24":{"angle":-3.1242759226700736,"type":"fan","x":113,"y":120},"25":{"angle":-1.5895441299926407,"type":"fan","x":272,"y":169},"26":{"angle":-3.135503473180742,"type":"fan","x":348,"y":142},"27":{"angle":3.1347380285468924,"type":"fan","x":209,"y":121},"28":{"angle":-0.6008686888292577,"type":"fan","x":309,"y":112},"29":{"angle":-2.6049573888967097,"type":"fan","x":363,"y":111},"30":{"angle":0,"type":"fan","x":23.5,"y":272},"31":{"angle":1.5914755266539422,"type":"fan","x":69,"y":257}}},"snapshot":{"balls":[{"age":1684,"angle":0.7077929973602295,"type":2,"va":-2.526992466300726e-3,"vx":0,"vy":-9.022187441587448e-10,"x":0.17897744476795197,"y":-14.621316909790039},{"age":1277,"angle":2.735177516937256,"type":2,"va":-1.2779297307133675e-2,"vx":-7.1305688470602036e-3,"vy":-6.585564464330673e-3,"x":0.4979083836078644,"y":-14.621312141418457},{"age":975,"angle":3.0646653175354004,"type":2,"va":-2.4854952469468117e-2,"vx":-1.3069581240415573e-2,"vy":-1.198230218142271e-2,"x":0.8168336749076843,"y":-14.621302604675293},{"age":452,"angle":-3.0618956089019775,"type":2,"va":-63.19736099243164,"vx":-12.271772384643555,"vy":-9.002761840820312,"x":8.064233779907227,"y":-12.371402740478516},{"age":297,"angle":0.8941927552223206,"type":2,"va":15.141578674316406,"vx":-3.1411426067352295,"vy":-3.0135607719421387,"x":7.870414733886719,"y":-12.639301300048828},{"age":136,"angle":-2.1685149669647217,"type":2,"va":-35.70269012451172,"vx":5.298208713531494,"vy":-12.473149299621582,"x":7.9347662925720215,"y":-12.092692375183105}],"widgets":{}}}