{"puzzle":{"reqTiles":["Up"],"inputs":[{"x":0.35,"y":0.0,"balls":[{"type":4,"rate":0.83203125}]},{"x":1.0,"y":0.2,"balls":[{"type":3,"rate":0.5791015625}]}],"outputs":[{"x":0.8,"y":1.0,"balls":[{"type":3,"rate":0.5791015625}]},{"x":1.0,"y":0.65,"balls":[{"type":4,"rate":0.83203125}]}],"spec":{}},"blueprint":{"puzzle":"1524c18c-f853-5047-b059-c7849c81f8ba","title":"Whee!!!","submittedAt":"2024-05-01T16:50:22.351364415Z","widgets":{"0":{"angle":-0.8743400528535588,"type":"board","x":181,"y":167},"32":{"angle":-0.13147119932810253,"type":"brick","x":505,"y":704},"1":{"angle":-0.5215739635842714,"type":"board","x":350,"y":70},"33":{"angle":0,"type":"brick","x":445,"y":708},"2":{"angle":-0.17416415123962742,"type":"board","x":398,"y":60},"34":{"angle":-1.4376054914639909,"type":"brick","x":722.1044715,"y":543},"3":{"angle":0.5095333256200909,"type":"board","x":483,"y":93},"35":{"angle":-1.2567986654575902,"type":"brick","x":703,"y":587},"4":{"angle":1.111365054040476,"type":"board","x":573,"y":168},"36":{"angle":-0.7847311792181265,"type":"brick","x":672,"y":641},"5":{"angle":-1.5983319628115797,"type":"board","x":610,"y":419},"37":{"angle":-0.5777835423931628,"type":"brick","x":621,"y":681},"6":{"angle":-1.1427716510300985,"type":"board","x":576,"y":421},"38":{"angle":-0.39081361258547365,"type":"fan","x":561,"y":535},"7":{"angle":-0.6326645996640998,"type":"board","x":580,"y":471},"39":{"angle":-1.4904602302279042,"type":"fan","x":672,"y":699},"8":{"angle":-0.7194075461673404,"type":"board","x":668.252399,"y":243},"40":{"angle":-0.11769398115296555,"type":"fan","x":271,"y":693},"9":{"angle":0.36063289119845593,"type":"board","x":358,"y":479},"41":{"angle":-0.17260724981258055,"type":"fan","x":321,"y":699.0211015},"10":{"angle":0.5345959187138837,"type":"board","x":314,"y":450},"42":{"angle":-0.8085616892133481,"type":"board","x":673.0681825,"y":425},"11":{"angle":0.8539669971438596,"type":"board","x":273,"y":414},"43":{"angle":-1.123429053658637,"type":"board","x":593,"y":543},"12":{"angle":-2.3666603306995473,"type":"fan","x":674,"y":372},"44":{"angle":-2.7522837679335375,"type":"fan","x":690,"y":286},"13":{"angle":-1.5521231636427233,"type":"fan","x":550,"y":530},"45":{"angle":-1.5048794520273534,"type":"fan","x":633,"y":714.0809507},"14":{"angle":-1.627796204174592,"type":"fan","x":612,"y":434},"46":{"angle":-0.31396635310087945,"type":"fan","x":320,"y":697.075551},"15":{"angle":-0.4276244561442748,"type":"fan","x":362,"y":509},"47":{"angle":0.12263478631335237,"type":"fan","x":207,"y":640},"16":{"angle":-0.2865701249869534,"type":"fan","x":282,"y":505},"48":{"angle":0,"type":"fan","x":342,"y":702.5},"17":{"angle":0,"type":"fan","x":236,"y":465},"49":{"angle":5.547195984338665e-3,"type":"fan","x":234,"y":662.834},"18":{"angle":0.20825808267787244,"type":"fan","x":109,"y":571},"50":{"angle":-3.794109608438035,"type":"fan","x":505,"y":73},"19":{"angle":0.45544506605422913,"type":"fan","x":87,"y":504},"51":{"angle":-1.7497958889655514,"type":"fan","x":594,"y":461},"20":{"angle":1.310180804943229,"type":"fan","x":85,"y":272},"52":{"angle":0.7698003767879766,"type":"fan","x":64,"y":371},"21":{"angle":1.6945416129480222,"type":"fan","x":172,"y":123},"53":{"angle":0.998410488064819,"type":"fan","x":71,"y":321},"22":{"angle":2.1624586942586523,"type":"fan","x":425,"y":40.4206775},"54":{"angle":1.3159671416586856,"type":"fan","x":109,"y":202},"23":{"angle":-3.051905968823765,"type":"fan","x":599,"y":149},"55":{"angle":-0.8645174191070383,"type":"board","x":612,"y":557},"24":{"angle":-2.6315483838177625,"type":"fan","x":624,"y":192},"56":{"angle":-0.7856624470799857,"type":"board","x":671.778854,"y":487},"25":{"angle":1.031765181807664,"type":"board","x":477,"y":578},"57":{"angle":-1.7169191847203578,"type":"fan","x":472,"y":309},"26":{"angle":0.3886297058251776,"type":"board","x":337,"y":670},"58":{"angle":0,"type":"brick","x":471,"y":317},"27":{"angle":0.6252516047850052,"type":"board","x":200,"y":596},"59":{"angle":0,"type":"brick","x":438,"y":268},"28":{"angle":1.311077627405086,"type":"board","x":118,"y":467},"60":{"angle":0,"type":"brick","x":404,"y":319},"29":{"angle":1.7274897704830021,"type":"board","x":113,"y":307},"61":{"angle":0,"type":"brick","x":406,"y":294},"30":{"angle":0,"type":"brick","x":471,"y":292},"31":{"angle":-0.8664722162927027,"type":"brick","x":540,"y":494}}},"snapshot":{"balls":[{"age":373,"angle":-2.9033257961273193,"type":4,"va":39.641456604003906,"vx":9.073838233947754,"vy":9.185458183288574,"x":14.35776138305664,"y":-9.523852348327637},{"age":285,"angle":-0.30094677209854126,"type":4,"va":-123.6642074584961,"vx":27.884716033935547,"vy":-5.5038347244262695,"x":9.998035430908203,"y":-13.162773132324219},{"age":220,"angle":0.5109376311302185,"type":3,"va":6.197711944580078,"vx":-1.5255787372589111,"vy":-1.8877856731414795,"x":9.740273475646973,"y":-10.348146438598633},{"age":122,"angle":-0.2764912247657776,"type":4,"va":-3.841945171356201,"vx":-0.19890862703323364,"vy":-5.0447516441345215,"x":5.073515892028809,"y":-6.581326484680176},{"age":45,"angle":2.014752149581909,"type":3,"va":0.8464928865432739,"vx":-0.7427317500114441,"vy":-0.489102303981781,"x":14.590336799621582,"y":-2.978440761566162},{"age":29,"angle":0.2830924391746521,"type":4,"va":0.7715134620666504,"vx":-1.289414125494659e-3,"vy":-1.6033680438995361,"x":5.180579662322998,"y":-0.23134425282478333}],"widgets":{}}}