{"puzzle":{"reqTiles":["Up"],"inputs":[{"x":0.65,"y":0.0,"balls":[{"type":2,"rate":0.46434529622395837}]},{"x":1.0,"y":0.8,"balls":[{"type":3,"rate":0.6648635864257813}]}],"outputs":[{"x":0.5,"y":1.0,"balls":[{"type":3,"rate":0.6635818481445313}]},{"x":1.0,"y":0.5,"balls":[{"type":2,"rate":0.46434529622395837}]}],"spec":{}},"blueprint":{"puzzle":"2f568235-a1fb-56be-8939-f6424bb18d06","title":"le petit prince","submittedAt":"2024-05-19T20:41:18.263166303Z","widgets":{"0":{"angle":-0.9688800106745892,"type":"brick","x":294,"y":324},"32":{"angle":1.079273412335282,"type":"fan","x":689,"y":288},"1":{"angle":2.8324910359942583,"type":"brick","x":395,"y":411},"33":{"angle":-1.2456271203418807,"type":"fan","x":696.957591,"y":438},"2":{"angle":-2.821297702240807,"type":"brick","x":347,"y":410},"34":{"angle":-0.23964822320796467,"type":"brick","x":703.7672785,"y":630},"3":{"angle":0.39733377819482135,"type":"brick","x":394,"y":328},"35":{"angle":-0.735289738469164,"type":"brick","x":580,"y":707.180646},"4":{"angle":-0.25478227060615993,"type":"brick","x":347,"y":328},"36":{"angle":-0.3855439241474698,"type":"brick","x":703.4189535,"y":651},"5":{"angle":1.5798869854599569,"type":"brick","x":416,"y":369},"37":{"angle":-0.47121952095682584,"type":"brick","x":665,"y":668},"6":{"angle":-1.5801845921245627,"type":"brick","x":327,"y":372},"38":{"angle":-0.6773947099959957,"type":"brick","x":619,"y":706},"7":{"angle":0,"type":"brick","x":371,"y":396},"39":{"angle":0,"type":"brick","x":706,"y":726.5},"8":{"angle":0,"type":"brick","x":370,"y":344},"40":{"angle":0,"type":"brick","x":706,"y":671.5},"9":{"angle":-0.365416149496018,"type":"brick","x":340,"y":287},"41":{"angle":0,"type":"brick","x":677,"y":700},"10":{"angle":0.16961068343928043,"type":"brick","x":399,"y":281},"42":{"angle":0,"type":"brick","x":645,"y":725},"11":{"angle":0.7882074749640695,"type":"brick","x":451,"y":308},"43":{"angle":0,"type":"brick","x":599,"y":726.5},"12":{"angle":1.605203033085557,"type":"brick","x":442,"y":367},"44":{"angle":0,"type":"brick","x":706,"y":694},"13":{"angle":2.5316198756166766,"type":"brick","x":421,"y":423},"45":{"angle":0,"type":"brick","x":370,"y":370},"14":{"angle":-2.435947317283903,"type":"brick","x":322,"y":417},"46":{"angle":-0.7577606037981927,"sticker":"figure2-happy","type":"sticker","x":266,"y":233},"15":{"angle":-3.1199285917163535,"type":"brick","x":373,"y":438},"47":{"angle":-1.5455719335691687,"type":"ballstand","x":233,"y":360},"16":{"angle":0.6958468542755225,"type":"brick","x":423,"y":318},"48":{"angle":-1.5618679926150605,"type":"brick","x":280,"y":374},"17":{"angle":-0.6865778927170455,"type":"brick","x":322,"y":318},"49":{"type":"roundbumper","x":163,"y":359},"18":{"angle":0,"type":"brick","x":374,"y":300},"50":{"angle":-1.1468295898819112,"type":"cushion","x":211,"y":401},"19":{"angle":-1.5802300092008965,"type":"brick","x":301,"y":369},"51":{"angle":1.0057665252136576,"type":"cushion","x":225,"y":318},"20":{"angle":-0.610944355897603,"type":"brick","x":621,"y":674},"52":{"type":"roundbumper","x":127,"y":357},"21":{"angle":-0.38714868594546425,"type":"brick","x":653,"y":653},"53":{"type":"roundbumper","x":144,"y":391},"22":{"angle":1.5861717564036868,"type":"brick","x":472,"y":363},"54":{"type":"roundbumper","x":106,"y":386},"23":{"angle":1.5824502781502892,"type":"brick","x":454,"y":368},"55":{"type":"roundbumper","x":93,"y":342},"24":{"angle":2.169507664243797,"type":"brick","x":459,"y":417},"56":{"type":"roundbumper","x":133,"y":321},"25":{"angle":2.8187659816190265,"type":"brick","x":416,"y":449},"57":{"type":"roundbumper","x":128,"y":357},"26":{"angle":3.2266394792326256,"type":"brick","x":355,"y":457},"27":{"angle":-2.2853413573153287,"type":"brick","x":307,"y":430},"28":{"angle":-1.6972832561049394,"type":"brick","x":281,"y":377},"29":{"angle":-2.709184878019255,"type":"fan","x":659,"y":696.1036745},"30":{"angle":3.489775266918171,"type":"fan","x":660,"y":693},"31":{"angle":-2.7317244669847818,"type":"fan","x":665.614,"y":696.2415445}}},"snapshot":{"balls":[{"age":1448,"angle":-0.281915545463562,"type":3,"va":0.1041417270898819,"vx":-1.659492589533329e-2,"vy":1.2441887520253658e-9,"x":8.402898788452148,"y":-14.621301651000977},{"age":1454,"angle":0.18597987294197083,"type":2,"va":0,"vx":0,"vy":0,"x":0.2871134281158447,"y":-14.621295928955078},{"age":939,"angle":-2.417353630065918,"type":2,"va":0,"vx":0,"vy":0,"x":0.6071180105209351,"y":-14.621310234069824},{"age":13,"angle":-0.6794781684875488,"type":3,"va":2.9373931884765625,"vx":-0.3944218158721924,"vy":-0.8965482115745544,"x":7.4236884117126465,"y":-14.68321704864502},{"age":588,"angle":1.9535553455352783,"type":3,"va":6.465179473161697e-2,"vx":-1.0073222219944e-2,"vy":0,"x":9.041375160217285,"y":-14.62130355834961},{"age":477,"angle":1.9824120998382568,"type":3,"va":8.03937315940857e-2,"vx":-1.3039425015449524e-2,"vy":0,"x":8.722176551818848,"y":-14.62130355834961},{"age":408,"angle":-0.19155991077423096,"type":3,"va":3.3661216497421265e-2,"vx":-5.135014653205872e-3,"vy":1.2441887520253658e-9,"x":9.679718017578125,"y":-14.621301651000977},{"age":292,"angle":1.3743717670440674,"type":3,"va":5.463675409555435e-2,"vx":-8.935217745602131e-3,"vy":1.2441887520253658e-9,"x":9.360457420349121,"y":-14.621301651000977},{"age":177,"angle":-2.5852527618408203,"type":3,"va":-3.480785369873047,"vx":0.5598333477973938,"vy":9.818074107170105e-2,"x":10.080059051513672,"y":-14.620051383972168},{"age":13,"angle":-0.6816384792327881,"type":2,"va":2.6389975547790527,"vx":1.038390874862671,"vy":-0.5063468813896179,"x":14.680257797241211,"y":-7.447169303894043},{"age":56,"angle":-2.0502259731292725,"type":3,"va":5.879766941070557,"vx":-0.9081160426139832,"vy":-0.22189348936080933,"x":14.28964614868164,"y":-12.106527328491211},{"age":23,"angle":0.3835054039955139,"type":2,"va":3.2117667198181152,"vx":-3.590943664312363e-2,"vy":-2.215954542160034,"x":9.637685775756836,"y":-0.33475351333618164}],"widgets":{}}}