{"puzzle":{"reqTiles":["Up"],"inputs":[{"x":0.65,"y":0.0,"balls":[{"type":2,"rate":0.4439798990885417}]}],"outputs":[{"x":0.2,"y":1.0,"balls":[{"type":2,"rate":0.39925130208333337}]}],"spec":{}},"blueprint":{"puzzle":"9bb2c4ed-c161-550f-8fcf-8ba711957781","title":"Refraction Plinko","submittedAt":"2024-05-09T17:09:42.176130762Z","widgets":{"32":{"angle":2.1141348769704926,"type":"prism","x":381,"y":201},"64":{"angle":5.22824197617291,"type":"prism","x":285,"y":355},"96":{"angle":2.100364051776507,"type":"prism","x":87,"y":589},"33":{"angle":1.5769021117159079,"type":"board","x":9.5340443,"y":164},"65":{"angle":2.102614348651082,"type":"prism","x":85,"y":394},"97":{"angle":2.0949326625199807,"type":"prism","x":676,"y":585},"34":{"angle":1.5629729990831276,"type":"board","x":9.684235,"y":331},"66":{"angle":2.1157515407927123,"type":"prism","x":231,"y":391},"98":{"angle":-1.027218309830267,"type":"prism","x":574,"y":542},"35":{"angle":1.5569005221653325,"type":"board","x":10.2149832,"y":492},"67":{"angle":-1.0584137844049817,"type":"prism","x":135,"y":355},"36":{"angle":1.561430227603726,"type":"board","x":9.8191351,"y":652.4195554},"68":{"angle":-1.0562562888067313,"type":"prism","x":430,"y":352},"37":{"angle":-1.5736567617433403,"type":"board","x":730.7497545,"y":166},"69":{"angle":-1.0466426074431325,"type":"prism","x":652,"y":257},"38":{"angle":-1.5699496292686244,"type":"board","x":730.9259092,"y":334},"70":{"angle":2.1103166770022423,"type":"prism","x":604,"y":303},"39":{"angle":-1.574923061061821,"type":"board","x":730.639007,"y":502},"71":{"angle":-1.0487604470909355,"type":"prism","x":506,"y":260},"40":{"angle":-1.5724741775694029,"type":"board","x":730.8532138,"y":652.4849886},"72":{"angle":2.1223386838151717,"type":"prism","x":452,"y":299},"9":{"height":77,"type":"repulsor","width":77,"x":481.5,"y":38.5},"41":{"angle":0,"type":"board","x":652.5,"y":731},"73":{"angle":-1.059630673483067,"type":"prism","x":355,"y":255},"10":{"angle":0,"type":"cushion","x":480,"y":43},"42":{"angle":0,"type":"board","x":547,"y":731},"74":{"angle":2.068535119648397,"type":"prism","x":307,"y":300},"43":{"angle":0,"type":"board","x":383,"y":731},"75":{"angle":-1.0487331985946362,"type":"prism","x":209,"y":257},"12":{"angle":3.1277152266427874,"type":"rightbumper","x":711.3435163,"y":47.8840044},"44":{"angle":0.7992845697185991,"type":"board","x":67.45846,"y":671.0000325},"76":{"angle":2.086656153046256,"type":"prism","x":381,"y":391},"13":{"angle":0,"type":"board","x":575,"y":43},"45":{"angle":0,"type":"board","x":255,"y":731},"14":{"angle":0,"type":"board","x":439,"y":43},"46":{"angle":-0.7807846124646021,"type":"board","x":231,"y":671.021},"78":{"angle":-1.0480541877952179,"type":"prism","x":62.9709,"y":448},"15":{"angle":-1.5850787745879649,"type":"rightbumper","x":692.1049546,"y":106},"47":{"angle":-4.308987649022646e-2,"type":"board","x":372,"y":610},"79":{"angle":2.0912470421710445,"type":"prism","x":158,"y":489},"16":{"angle":-3.901572762664721e-2,"type":"board","x":574,"y":126},"48":{"angle":-3.81854736961948e-2,"type":"board","x":510,"y":604},"80":{"angle":-1.0225189452594137,"type":"prism","x":209,"y":443},"17":{"angle":2.0784839032418625,"type":"prism","x":456,"y":108},"49":{"angle":-4.05659537561094e-2,"type":"board","x":652.2070193,"y":597},"81":{"angle":2.1135428569646275,"type":"prism","x":307,"y":485},"18":{"angle":0,"type":"board","x":296,"y":43},"82":{"angle":-1.023811066026966,"type":"prism","x":357,"y":442},"83":{"angle":2.110304369338815,"type":"prism","x":451,"y":483},"20":{"angle":0,"type":"board","x":157,"y":43},"52":{"angle":0,"sticker":"determinism","type":"sticker","x":631,"y":671},"84":{"angle":-1.0415540668042955,"type":"prism","x":504,"y":445},"21":{"angle":3.1387932098296654,"type":"leftbumper","x":28.6645555,"y":47.8886695},"53":{"angle":0,"sticker":"cat","type":"sticker","x":350,"y":662},"85":{"angle":2.127394521968136,"type":"prism","x":598,"y":492},"22":{"angle":1.5868012915436465,"type":"leftbumper","x":47.9420376,"y":104},"54":{"angle":0,"sticker":"kingbun","type":"sticker","x":426,"y":705},"86":{"angle":-1.0412254062350785,"type":"prism","x":652,"y":451},"23":{"angle":4.1333956390189296e-2,"type":"board","x":164,"y":126},"55":{"angle":3.137573325976056,"type":"cup","x":354,"y":701},"87":{"angle":2.1183667050935657,"type":"prism","x":675.517,"y":397},"56":{"angle":2.071368106247677,"type":"prism","x":158,"y":296},"88":{"angle":-1.0136266894676573,"type":"prism","x":579,"y":359},"57":{"angle":-1.0577843017032653,"type":"prism","x":61.759408,"y":260},"89":{"angle":2.102124261084457,"type":"prism","x":526,"y":396},"26":{"angle":2.074100812744995,"type":"prism","x":303,"y":104},"58":{"angle":2.1146060088548806,"type":"prism","x":86,"y":202},"90":{"angle":2.1119089123580257,"type":"prism","x":527,"y":580},"27":{"angle":-1.060895332009138,"type":"prism","x":359,"y":70},"59":{"angle":-1.0305273323901178,"type":"prism","x":136,"y":162},"91":{"angle":-1.0555920278015554,"type":"prism","x":428,"y":538},"28":{"angle":2.0961141382067887,"type":"brick","x":406,"y":90},"60":{"angle":-1.0689075096354261,"type":"prism","x":581,"y":165},"92":{"angle":2.081682857326009,"type":"prism","x":379,"y":577},"29":{"angle":1.027411180581531,"type":"brick","x":332,"y":90},"61":{"angle":2.098149459947896,"type":"prism","x":674.931,"y":203},"93":{"angle":-1.0458198661026998,"type":"prism","x":283,"y":538},"30":{"angle":-1.0503274983733533,"type":"prism","x":433,"y":164},"62":{"angle":2.0879687560656635,"type":"prism","x":530,"y":202},"94":{"angle":2.1097946323564676,"type":"prism","x":230,"y":580},"31":{"angle":-1.042974968289148,"type":"prism","x":282,"y":160},"63":{"angle":2.0685733988696167,"type":"prism","x":231,"y":203},"95":{"angle":-1.0430552316973374,"type":"prism","x":136,"y":546}}},"snapshot":{"balls":[{"age":1,"angle":-0.9121544361114502,"type":2,"va":0,"vx":0,"vy":0,"x":2.9824979305267334,"y":-14.532625198364258},{"age":252,"angle":1.412517786026001,"type":2,"va":3.827026128768921,"vx":-0.6111563444137573,"vy":-0.25817012786865234,"x":11.334510803222656,"y":-2.1602323055267334},{"age":196,"angle":-1.8467843532562256,"type":2,"va":25.029054641723633,"vx":-3.9713833332061768,"vy":-4.9520343542099e-2,"x":1.5436382293701172,"y":-0.52208411693573},{"age":1,"angle":1.0228049010038376e-2,"type":2,"va":0,"vx":-6.747982650995255e-2,"vy":2.694347858428955,"x":9.616829872131348,"y":-0.24413591623306274}],"widgets":{}}}