{"puzzle":{"reqTiles":["Up"],"inputs":[{"x":0.2,"y":0.0,"balls":[{"type":2,"rate":0.83203125}]},{"x":1.0,"y":0.5,"balls":[{"type":1,"rate":0.74609375}]}],"outputs":[{"x":0.35,"y":1.0,"balls":[{"type":1,"rate":0.74609375}]},{"x":1.0,"y":0.35,"balls":[{"type":2,"rate":0.83203125}]}],"spec":{}},"blueprint":{"puzzle":"aac0b8a0-b235-5f0d-b417-de3041878c31","title":"needless","submittedAt":"2024-04-12T21:36:28.894598131Z","widgets":{"0":{"angle":8.304489195305093e-3,"type":"fan","x":110.58,"y":122.5},"64":{"angle":-0.8148597033982188,"type":"brick","x":335,"y":706.0000055},"1":{"angle":9.766381565901542e-3,"type":"fan","x":337.443,"y":222},"65":{"angle":0.7546119473281453,"type":"brick","x":417,"y":705.115},"2":{"angle":-1.5583,"type":"fan","x":197,"y":342},"66":{"angle":0.6869410716321608,"type":"brick","x":183,"y":707.999985},"3":{"angle":1.570173040912008,"type":"board","x":127,"y":87.505611},"67":{"angle":-0.7864840153352276,"type":"brick","x":109,"y":706.3967075},"4":{"angle":1.5681682119521383,"type":"board","x":167,"y":87.5233919},"36":{"angle":3.3330254277138005,"type":"fan","x":691,"y":435},"68":{"height":10,"type":"repulsor","width":150,"x":374,"y":586},"5":{"angle":-3.767169973524272e-3,"type":"board","x":326,"y":136},"37":{"angle":-2.8469024022216756,"type":"fan","x":645,"y":435},"69":{"height":10,"type":"repulsor","width":150,"x":147,"y":587},"6":{"angle":1.5702437643425002,"type":"board","x":167,"y":203},"38":{"angle":3.4137262641529977,"type":"fan","x":596,"y":435},"7":{"angle":1.5653930904194442,"type":"board","x":128,"y":248},"39":{"angle":2.9050946069875256,"type":"fan","x":639,"y":313},"8":{"angle":1.5693910932213542,"type":"board","x":205,"y":251},"40":{"angle":2.9135573026902706,"type":"fan","x":592,"y":315},"9":{"angle":0,"type":"board","x":252,"y":135},"10":{"angle":-1.559215009804943,"type":"board","x":220,"y":251},"42":{"angle":-1.492954809905977,"type":"cushion","x":233,"y":375},"11":{"angle":0,"type":"fan","x":109,"y":321},"43":{"angle":0.5581245830095992,"type":"board","x":163,"y":369},"12":{"angle":0,"type":"board","x":285,"y":173},"44":{"angle":4.082292015222256,"type":"board","x":76,"y":76.000382},"13":{"angle":0,"type":"cushion","x":134,"y":341},"45":{"angle":-0.6949234108556935,"type":"board","x":72.9719555,"y":406},"14":{"angle":0,"type":"cushion","x":187,"y":343},"46":{"angle":0,"type":"brick","x":180,"y":726.5},"47":{"angle":0,"type":"brick","x":113,"y":726.5},"16":{"angle":1.3396007597822785,"type":"cushion","x":408,"y":148},"48":{"angle":0,"type":"brick","x":147,"y":700},"17":{"angle":0,"type":"board","x":585,"y":244},"49":{"angle":0,"type":"brick","x":340,"y":726.5},"18":{"angle":0.1958730844643398,"type":"cushion","x":395,"y":242},"50":{"angle":0,"type":"brick","x":408,"y":726.5},"19":{"angle":0,"type":"board","x":548,"y":206},"51":{"angle":0,"type":"brick","x":374,"y":699},"20":{"angle":0,"type":"board","x":456,"y":243},"52":{"angle":0,"type":"ballstand","x":147,"y":641},"53":{"angle":0,"type":"ballstand","x":374,"y":640},"22":{"angle":0,"type":"board","x":652.5,"y":206},"54":{"angle":0,"type":"board","x":335,"y":357},"23":{"angle":1.5527802582408414,"type":"cushion","x":359,"y":207},"55":{"angle":0,"type":"board","x":376,"y":392},"24":{"angle":0.4561254604511696,"type":"cushion","x":441,"y":188},"56":{"angle":-0.48387086746629554,"type":"board","x":658.3580315,"y":164},"25":{"angle":0,"type":"board","x":652.5,"y":392},"57":{"angle":0.7979353361474003,"type":"board","x":672.465481,"y":453.9263},"26":{"angle":0,"type":"board","x":483,"y":392},"58":{"angle":1.5542347147430913,"type":"board","x":406,"y":87.6370606},"27":{"angle":0,"type":"board","x":484,"y":357},"59":{"angle":0,"speed":25,"type":"spokedwheel","x":513,"y":101.233},"29":{"angle":1.418465195698023e-3,"type":"board","x":652.4873214,"y":357},"30":{"angle":2.9895056378387164,"type":"fan","x":685,"y":313},"63":{"angle":0.6886865831600414,"type":"cushion","x":695.951961,"y":269}}},"snapshot":{"balls":[{"age":7,"angle":-0.3357588052749634,"type":2,"va":-0.8860465288162231,"vx":0.8088979721069336,"vy":0.8205892443656921,"x":14.553059577941895,"y":-5.204281330108643},{"age":420,"angle":-1.6025155782699585,"type":2,"va":-5.749763488769531,"vx":0.8367748260498047,"vy":-0.3682244122028351,"x":13.910575866699219,"y":-4.7382121086120605},{"age":352,"angle":1.9943509101867676,"type":1,"va":24.15582275390625,"vx":-18.050216674804688,"vy":-6.551790237426758e-2,"x":6.409709453582764,"y":-7.502475738525391},{"age":358,"angle":-0.31504058837890625,"type":2,"va":1.6884706020355225,"vx":0.6959171295166016,"vy":-1.6354937553405762,"x":9.194422721862793,"y":-4.517089366912842},{"age":300,"angle":-1.6426091194152832,"type":2,"va":-5.965256214141846,"vx":1.6642067432403564,"vy":1.1103308200836182,"x":3.9388155937194824,"y":-3.0690555572509766},{"age":239,"angle":-2.1003594398498535,"type":1,"va":6.604231357574463,"vx":-2.401820659637451,"vy":5.352284759283066e-2,"x":12.264128684997559,"y":-7.5014238357543945},{"age":212,"angle":1.0415406227111816,"type":2,"va":-1.435835838317871,"vx":-0.32032909989356995,"vy":0.4425290822982788,"x":3.72220778465271,"y":-4.134403705596924},{"age":172,"angle":-1.8665739297866821,"type":1,"va":4.8848137855529785,"vx":-0.7768566012382507,"vy":0,"x":13.117562294006348,"y":-7.501461029052734},{"age":173,"angle":-1.9089276790618896,"type":2,"va":-6.2021307945251465,"vx":0.7107599973678589,"vy":3.9092094898223877,"x":3.763152837753296,"y":-4.831371784210205},{"age":101,"angle":-2.7632811069488525,"type":1,"va":3.9046506881713867,"vx":-0.621316134929657,"vy":-9.313225746154785e-10,"x":14.111124992370605,"y":-7.501404285430908},{"age":81,"angle":-0.3936280906200409,"type":2,"va":33.889678955078125,"vx":-0.4816525876522064,"vy":-6.333241939544678,"x":2.990626096725464,"y":-3.8452036380767822}],"widgets":{"59":{"angle":0.43794500827789307,"key":"59","va":6.662801265716553,"vx":0,"vy":0,"x":10.260000228881836,"y":-2.024660110473633}}}}