{"puzzle":{"reqTiles":["Up","Left"],"inputs":[{"x":0.8,"y":0.0,"balls":[{"type":4,"rate":0.875}]},{"x":0.0,"y":0.2,"balls":[{"type":3,"rate":0.8515625}]}],"outputs":[{"x":0.8,"y":1.0,"balls":[{"type":3,"rate":0.8515625}]},{"x":0.0,"y":0.8,"balls":[{"type":4,"rate":0.875}]}],"spec":{}},"blueprint":{"puzzle":"9669a8e5-22ac-5e72-9b88-f386bec0f968","title":"selecta","submittedAt":"2024-04-17T00:02:02.716925025Z","widgets":{"0":{"angle":-0.2517709349891362,"type":"board","x":86.9834585,"y":602},"32":{"angle":-1.6199946890316945,"type":"board","x":698,"y":584},"1":{"angle":-2.530861521136152,"type":"board","x":263,"y":658},"33":{"angle":1.015915841827008,"type":"board","x":674.952474,"y":531},"2":{"angle":0,"type":"board","x":479,"y":9},"34":{"angle":1.2718630707885459,"type":"board","x":705.6303035,"y":159},"3":{"angle":-0.2720980174427809,"type":"board","x":387,"y":90},"35":{"angle":0.33809417028223965,"type":"board","x":654.4682525,"y":96},"4":{"angle":-0.4029243213146441,"type":"board","x":338,"y":42.588887},"36":{"angle":-1.590183761175479,"type":"board","x":83.769,"y":367},"5":{"angle":-1.0107359307808739,"type":"board","x":264,"y":184},"37":{"angle":-0.7593218219661397,"type":"board","x":309,"y":151},"6":{"angle":-1.0103111881257383,"type":"board","x":220,"y":149},"38":{"angle":-1.9634522446006648,"type":"fan","x":171,"y":390.939},"7":{"angle":0,"type":"board","x":554,"y":67},"39":{"angle":0.876972879727303,"type":"board","x":142,"y":544},"8":{"angle":0.4536336375950152,"type":"board","x":82.5944525,"y":211},"40":{"angle":0.15029615921420142,"type":"board","x":482,"y":717.9999945},"9":{"angle":3.1289211690088026,"type":"fan","x":646,"y":37.7947732},"41":{"angle":0.22146074292951373,"type":"board","x":357,"y":696},"10":{"angle":-1.513864375802874,"type":"board","x":81,"y":534},"42":{"angle":-1.551973428715408,"type":"fan","x":114,"y":570},"11":{"angle":0.9267755181750775,"type":"board","x":680.266408,"y":130},"43":{"angle":-1.2129702272447938,"type":"board","x":689.5594645,"y":631},"12":{"angle":-1.5088215412252737,"type":"board","x":299,"y":413},"44":{"angle":-0.42477320498861315,"type":"board","x":383,"y":102},"13":{"angle":-0.938717067749815,"type":"rightbumper","x":241,"y":475},"45":{"angle":-2.086960033419977,"type":"cup","x":182,"y":381},"14":{"angle":-0.2550431932107895,"type":"board","x":383,"y":423},"46":{"angle":2.1363522669332062,"type":"cup","x":89,"y":302},"15":{"angle":-0.25109644929539043,"type":"board","x":653.0077185,"y":433},"47":{"angle":-0.9551474607501401,"type":"cup","x":573,"y":189},"16":{"angle":0,"type":"board","x":561,"y":453},"48":{"angle":4.912285589241759,"type":"cup","x":541,"y":168},"17":{"angle":-1.1727735106184154,"type":"board","x":697.7888015,"y":369},"49":{"angle":-1.7141016710132575,"type":"cup","x":503,"y":159},"18":{"angle":-0.7838909514475327,"type":"board","x":671.68059,"y":393},"50":{"angle":-1.9844980952069815,"type":"cup","x":463,"y":164},"19":{"angle":-1.5132810908464394,"type":"board","x":725.9850623,"y":277},"51":{"angle":4.157642066655585,"type":"cup","x":424,"y":178},"20":{"angle":-1.3906091990739946,"type":"board","x":97,"y":377.69},"52":{"angle":3.763877077793527,"type":"cup","x":392,"y":199},"21":{"angle":-2.9225843340624857,"type":"board","x":615,"y":473},"53":{"angle":-0.40503476853482856,"type":"rightbumper","x":380,"y":612},"22":{"angle":-1.9193986394222382,"type":"board","x":332,"y":536},"54":{"angle":0.6750725880194588,"type":"board","x":303,"y":557},"23":{"angle":-1.6146960996710125,"type":"board","x":329,"y":500},"55":{"angle":1.3258176636680319,"type":"cup","x":158,"y":391},"24":{"angle":-1.2596812618467745,"type":"board","x":331,"y":481},"25":{"angle":-0.8871882892536114,"type":"board","x":343,"y":455},"26":{"angle":-2.6310065932701647,"type":"fan","x":331,"y":376},"27":{"angle":0.45032252296104563,"type":"board","x":382,"y":357},"28":{"angle":0,"type":"board","x":437,"y":410},"29":{"angle":0.4907373865501923,"type":"board","x":658.584741,"y":497},"30":{"angle":-0.8157935555146343,"type":"board","x":673.4826075,"y":670.108756},"31":{"angle":0.3423374477733765,"type":"board","x":444,"y":383}}},"snapshot":{"balls":[{"age":1126,"angle":-3.078075408935547,"type":3,"va":-5.522281304001808e-2,"vx":8.66672582924366e-3,"vy":-1.3124833349138498e-3,"x":9.239136695861816,"y":-13.956731796264648},{"age":725,"angle":-0.15111587941646576,"type":4,"va":-1.4623583555221558,"vx":-0.1821836233139038,"vy":0.6311706304550171,"x":0.42278146743774414,"y":-11.947901725769043},{"age":678,"angle":2.7599258422851562,"type":3,"va":49.160640716552734,"vx":-3.933931589126587,"vy":-2.9848954677581787,"x":8.101627349853516,"y":-13.757514953613281},{"age":591,"angle":2.417752742767334,"type":4,"va":2.4703643321990967,"vx":-0.37182262539863586,"vy":-9.564332664012909e-2,"x":0.745058536529541,"y":-11.946146965026855},{"age":556,"angle":1.5201056003570557,"type":3,"va":-0.11407987028360367,"vx":1.797381229698658e-2,"vy":-2.7219424955546856e-3,"x":9.556557655334473,"y":-14.004800796508789},{"age":445,"angle":-2.389051675796509,"type":3,"va":54.82047653198242,"vx":-0.9350467920303345,"vy":-0.46302229166030884,"x":10.79758358001709,"y":-10.831877708435059},{"age":457,"angle":3.0882275104522705,"type":4,"va":2.3284835815429688,"vx":-0.35046809911727905,"vy":-9.015031903982162e-2,"x":1.0571712255477905,"y":-11.86585807800293},{"age":415,"angle":1.757996916770935,"type":4,"va":-1.289643406867981,"vx":-0.32931557297706604,"vy":-0.4359494149684906,"x":0.6635451912879944,"y":-11.563359260559082},{"age":377,"angle":0.33596110343933105,"type":3,"va":-0.5462457537651062,"vx":-0.7132200598716736,"vy":-6.810074329376221,"x":14.20199966430664,"y":-5.128532409667969},{"age":372,"angle":-2.7195963859558105,"type":4,"va":12.154634475708008,"vx":5.706671625375748e-2,"vy":-4.745173454284668,"x":0.38582468032836914,"y":-10.501012802124023},{"age":327,"angle":1.6746174097061157,"type":3,"va":-18.159523010253906,"vx":0.6640626192092896,"vy":-1.1775442361831665,"x":12.70013427734375,"y":-8.077085494995117},{"age":324,"angle":-1.4166964292526245,"type":4,"va":3.815108060836792,"vx":0.11281755566596985,"vy":-4.39279317855835,"x":0.7023105025291443,"y":-7.575594902038574},{"age":283,"angle":0.9282404184341431,"type":3,"va":-7.1285810470581055,"vx":1.810194969177246,"vy":-5.496746301651001e-2,"x":10.989376068115234,"y":-2.8319108486175537},{"age":279,"angle":0.2921465039253235,"type":4,"va":4.513230323791504,"vx":0.5652705430984497,"vy":-3.639683723449707,"x":1.1216013431549072,"y":-5.666518211364746},{"age":212,"angle":1.4560447931289673,"type":3,"va":43.061248779296875,"vx":11.306026458740234,"vy":2.3906779289245605,"x":8.758657455444336,"y":-2.86958909034729},{"age":241,"angle":1.0887336730957031,"type":4,"va":6.794702529907227,"vx":2.2937960624694824,"vy":0.20726324617862701,"x":0.30732429027557373,"y":-4.057802200317383},{"age":195,"angle":-0.7372803092002869,"type":4,"va":18.695899963378906,"vx":-1.3819761276245117,"vy":-3.0093822479248047,"x":4.051726818084717,"y":-4.71820068359375},{"age":156,"angle":-0.7280538082122803,"type":3,"va":-26.993040084838867,"vx":3.6374707221984863,"vy":-4.929972171783447,"x":4.6244306564331055,"y":-5.810998439788818},{"age":133,"angle":-1.548020601272583,"type":4,"va":3.8912060260772705,"vx":-0.518280565738678,"vy":-3.046623706817627,"x":5.130177021026611,"y":-2.8141183853149414},{"age":92,"angle":0.7800092101097107,"type":3,"va":-17.032344818115234,"vx":2.427119731903076,"vy":-1.213531494140625,"x":1.4841076135635376,"y":-3.7620038986206055},{"age":43,"angle":-2.545370578765869,"type":3,"va":1.696244716644287,"vx":1.182677984237671,"vy":0.25192737579345703,"x":0.1643299013376236,"y":-2.9729292392730713},{"age":63,"angle":2.686199188232422,"type":4,"va":-11.491918563842773,"vx":-9.83456039428711,"vy":-2.832927942276001,"x":10.358075141906738,"y":-0.91121906042099}],"widgets":{}}}