{"puzzle":{"reqTiles":["Up","Left"],"inputs":[{"x":0.5,"y":0.0,"balls":[{"type":4,"rate":0.8330078125}]},{"x":0.0,"y":0.5,"balls":[{"type":2,"rate":0.5294392903645834}]}],"outputs":[{"x":0.35,"y":1.0,"balls":[{"type":2,"rate":0.5294392903645834}]},{"x":0.0,"y":0.8,"balls":[{"type":4,"rate":0.8330078125}]}],"spec":{}},"blueprint":{"puzzle":"e772895e-acd0-53a4-981a-6de56c5313bc","title":"It sorts!","submittedAt":"2024-05-09T06:22:40.272620657Z","widgets":{"34":{"angle":-1.3783655789263822,"type":"board","x":435,"y":589},"35":{"angle":-0.6481547213847697,"type":"board","x":363,"y":680.000059},"6":{"angle":-0.2192703359528848,"type":"board","x":317,"y":87.954718},"8":{"angle":-0.47117198002413363,"type":"board","x":172,"y":152},"42":{"angle":0,"sticker":"figure2-happy","type":"sticker","x":485,"y":424},"43":{"angle":0,"type":"board","x":528,"y":502},"44":{"angle":0,"type":"board","x":652.5,"y":502},"14":{"angle":0,"type":"cup","x":80,"y":716.5},"15":{"angle":0,"type":"cup","x":39,"y":716.5},"47":{"type":"roundbumper","x":57,"y":412},"16":{"angle":0,"type":"cup","x":121,"y":716.5},"48":{"angle":1.3962681894779616,"type":"board","x":174,"y":291},"49":{"angle":1.3934062119557085,"type":"board","x":169,"y":251},"50":{"angle":0.20499339916159462,"type":"board","x":87.499974,"y":94},"51":{"angle":-0.7559366233966778,"type":"brick","x":34,"y":252},"20":{"angle":0,"type":"prism","x":375,"y":458},"52":{"angle":0.7559366233966778,"type":"brick","x":33.999981,"y":222},"53":{"angle":5.9583388770443675e-2,"type":"board","x":283,"y":376},"23":{"angle":-0.20790297117549308,"type":"board","x":90,"y":593},"24":{"angle":-0.30177833759481243,"type":"board","x":314,"y":544},"56":{"type":"roundbumper","x":206,"y":336},"25":{"angle":0.7773369176729756,"type":"board","x":161,"y":672},"57":{"angle":0,"sticker":"figure1-happy","type":"sticker","x":321,"y":298},"58":{"angle":0,"sticker":"figure2-sad","type":"sticker","x":600,"y":667},"27":{"angle":8.498403157280027e-2,"type":"board","x":95.9383,"y":398},"60":{"angle":-0.2163156220302277,"type":"board","x":239,"y":562},"31":{"angle":6.057561841308228e-2,"type":"board","x":269,"y":412}}},"snapshot":{"balls":[{"age":733,"angle":-2.014359951019287,"type":4,"va":1.4640071392059326,"vx":-0.22676008939743042,"vy":1.9317571073770523e-2,"x":2.2575392723083496,"y":-7.648951053619385},{"age":1464,"angle":-8.864215575158596e-3,"type":4,"va":-4.828761577606201,"vx":0.7481508851051331,"vy":-4.537620395421982e-2,"x":6.307712078094482,"y":-7.957118988037109},{"age":1369,"angle":1.0757534503936768,"type":4,"va":-4.807629108428955,"vx":0.7448077201843262,"vy":-4.5172762125730515e-2,"x":5.989508628845215,"y":-7.937832355499268},{"age":1266,"angle":2.2533316612243652,"type":4,"va":5.819802761077881,"vx":-0.8831737041473389,"vy":-0.18630607426166534,"x":3.084653377532959,"y":-11.24306583404541},{"age":1222,"angle":-2.3777332305908203,"type":4,"va":7.0150017738342285,"vx":-1.0616271495819092,"vy":-0.23329441249370575,"x":4.045821189880371,"y":-11.05483341217041},{"age":1136,"angle":0.13273906707763672,"type":4,"va":0.72282874584198,"vx":3.137454763054848e-2,"vy":0.6582489013671875,"x":1.8088327646255493,"y":-7.597341060638428},{"age":1030,"angle":-1.3191618919372559,"type":2,"va":-15.758113861083984,"vx":2.3408645763993263e-2,"vy":-3.267545700073242,"x":1.1396329402923584,"y":-3.7006402015686035},{"age":1035,"angle":0.352409690618515,"type":4,"va":-4.001638412475586,"vx":0.6204085946083069,"vy":-3.762802854180336e-2,"x":4.265462398529053,"y":-7.833189010620117},{"age":970,"angle":0.346328467130661,"type":4,"va":-56.90585708618164,"vx":-4.140841484069824,"vy":18.844881057739258,"x":1.4327168464660645,"y":-7.080345153808594},{"age":861,"angle":2.095301628112793,"type":2,"va":-2.0965023040771484,"vx":1.179391622543335,"vy":-7.168608903884888e-2,"x":0.7678818702697754,"y":-3.8013088703155518},{"age":879,"angle":-3.106053352355957,"type":4,"va":-3.7816407680511475,"vx":0.5863284468650818,"vy":-3.556142747402191e-2,"x":3.9240024089813232,"y":-7.812468528747559},{"age":743,"angle":0.8661417961120605,"type":2,"va":4.637602806091309,"vx":-1.9164140224456787,"vy":-1.8706640005111694,"x":5.394572734832764,"y":-14.20541763305664},{"age":779,"angle":-1.3492597341537476,"type":4,"va":-2.2140064239501953,"vx":0.3428775370121002,"vy":-2.9209572821855545e-2,"x":0.7402372360229492,"y":-7.519708633422852},{"age":711,"angle":-2.53200626373291,"type":4,"va":-0.6493857502937317,"vx":5.414878576993942e-2,"vy":5.8181993663311005e-2,"x":2.9442882537841797,"y":-7.481766223907471},{"age":599,"angle":1.869774580001831,"type":2,"va":-4.829213619232178,"vx":0.7668310403823853,"vy":-4.6509597450494766e-2,"x":5.671404838562012,"y":-7.91850471496582},{"age":638,"angle":-2.233231544494629,"type":4,"va":-3.4743423461914062,"vx":0.22252202033996582,"vy":-0.9630199670791626,"x":3.461113691329956,"y":-7.650035381317139},{"age":573,"angle":0.3567315340042114,"type":4,"va":-2.1583624184131622e-2,"vx":2.1515139378607273e-3,"vy":2.282177098095417e-3,"x":0.17866632342338562,"y":-3.749051332473755},{"age":512,"angle":-0.9633567333221436,"type":2,"va":-1.665360450744629,"vx":-0.16914500296115875,"vy":-0.7653325200080872,"x":2.5892765522003174,"y":-7.681639671325684},{"age":479,"angle":-0.10205185413360596,"type":4,"va":-32.19950866699219,"vx":11.891295433044434,"vy":9.924910545349121,"x":1.9443397521972656,"y":-7.147702217102051},{"age":439,"angle":-3.131845235824585,"type":2,"va":9.78456437587738e-2,"vx":-2.3357566446065903e-2,"vy":1.989802811294794e-3,"x":3.1498072147369385,"y":-7.72504186630249},{"age":393,"angle":-2.3992607593536377,"type":4,"va":-6.20892858505249,"vx":1.3170744180679321,"vy":-1.028309941291809,"x":1.6142679452896118,"y":-4.518377780914307},{"age":344,"angle":-0.7497122883796692,"type":2,"va":-4.814436912536621,"vx":0.7644405961036682,"vy":-4.636190086603165e-2,"x":5.35316276550293,"y":-7.899191856384277},{"age":319,"angle":1.4729483127593994,"type":4,"va":12.970327377319336,"vx":-1.7949920892715454,"vy":-0.9402785301208496,"x":2.5168423652648926,"y":-3.1304922103881836},{"age":202,"angle":2.6480555534362793,"type":2,"va":4.407268524169922,"vx":-1.0088294744491577,"vy":8.650970458984375e-2,"x":2.304935932159424,"y":-7.3051605224609375},{"age":212,"angle":2.062281847000122,"type":4,"va":6.746285915374756,"vx":-1.0205292701721191,"vy":-0.22743068635463715,"x":5.023040771484375,"y":-1.70583975315094},{"age":112,"angle":2.4237492084503174,"type":4,"va":5.416034698486328,"vx":-0.8201704621315002,"vy":-0.18277812004089355,"x":6.763269901275635,"y":-1.3179466724395752},{"age":58,"angle":-1.3093458414077759,"type":2,"va":-2.02809739112854,"vx":0.35198256373405457,"vy":-8.70310515165329e-2,"x":0.30784568190574646,"y":-7.472280025482178},{"age":30,"angle":-0.25652751326560974,"type":4,"va":-0.5432836413383484,"vx":-1.0955396108329296e-2,"vy":-2.598818302154541,"x":7.398879051208496,"y":-0.6277281045913696}],"widgets":{}}}