{"puzzle":{"reqTiles":["Up"],"inputs":[{"x":0.5,"y":0.0,"balls":[{"type":4,"rate":1.0}]},{"x":1.0,"y":0.8,"balls":[{"type":2,"rate":0.5}]}],"outputs":[{"x":0.8,"y":1.0,"balls":[{"type":2,"rate":0.5}]},{"x":1.0,"y":0.35,"balls":[{"type":4,"rate":1.0}]}],"spec":{}},"blueprint":{"puzzle":"06d827ac-0720-58c4-8521-762e70041bba","title":"inclined planes","submittedAt":"2024-04-07T00:11:00.74659877Z","widgets":{"0":{"angle":0.36299915572484703,"type":"board","x":478,"y":185},"32":{"angle":0.6856476175316422,"type":"cushion","x":318,"y":524},"1":{"angle":0.34911753942493023,"type":"board","x":642,"y":246},"33":{"angle":0.6345005324275883,"type":"cushion","x":388,"y":517},"2":{"angle":0.40033014983211807,"type":"board","x":317,"y":119},"34":{"angle":0.5556150891955831,"type":"cushion","x":359,"y":547},"3":{"angle":-0.7309951300469578,"type":"board","x":668.846876,"y":674.8834475},"35":{"angle":0.6137180516457514,"type":"cushion","x":408,"y":542},"4":{"angle":-2.4125272285079733,"type":"fan","x":181,"y":559},"36":{"angle":0.5955680358328437,"type":"cushion","x":394,"y":560},"5":{"angle":-2.4570959233207255,"type":"fan","x":337,"y":356},"37":{"angle":0.6751412806701426,"type":"cushion","x":445,"y":582},"6":{"angle":0.6937849261400295,"type":"cushion","x":164,"y":378},"7":{"angle":-2.4478502090782577,"type":"cushion","x":263,"y":482},"8":{"angle":0.6843095296202371,"type":"cushion","x":294,"y":444},"9":{"angle":-2.4306712890537057,"type":"cushion","x":220,"y":443},"10":{"angle":0.6950293763898904,"type":"cushion","x":250,"y":410},"11":{"angle":-2.401986310910718,"type":"cushion","x":186,"y":411},"12":{"angle":0.6868469194418617,"type":"cushion","x":207,"y":389},"14":{"angle":-2.435626877460124,"type":"rightbumper","x":394,"y":612},"15":{"angle":-2.437722984721405,"type":"rightbumper","x":234,"y":534},"16":{"angle":-2.4394744934534898,"type":"rightbumper","x":263,"y":556},"17":{"angle":-2.441851549166403,"type":"rightbumper","x":215,"y":616},"18":{"angle":-2.4755912422810606,"type":"rightbumper","x":162,"y":683},"19":{"angle":-2.3992745443209436,"type":"rightbumper","x":182,"y":600},"20":{"angle":-2.430463344798284,"type":"rightbumper","x":206,"y":513},"22":{"angle":0.608269487095031,"type":"leftbumper","x":345,"y":407},"25":{"angle":0.6438371713493733,"type":"leftbumper","x":391,"y":342},"26":{"angle":0.5387812267012112,"type":"leftbumper","x":463,"y":300},"27":{"angle":0.6542141957236416,"type":"leftbumper","x":418,"y":360},"28":{"angle":0.6188336724268083,"type":"leftbumper","x":373,"y":423},"29":{"angle":0.6752707961329706,"type":"leftbumper","x":465,"y":519},"30":{"angle":0.6305166132673364,"type":"leftbumper","x":319,"y":383},"31":{"angle":0.6124247291398961,"type":"cushion","x":344,"y":480}}},"snapshot":{"balls":[{"age":2,"angle":-3.0772294998168945,"type":4,"va":-0.23212678730487823,"vx":3.389069437980652e-2,"vy":-1.2337240390479565e-2,"x":14.536615371704102,"y":-5.177226543426514},{"age":292,"angle":2.0183393955230713,"type":4,"va":-10.848658561706543,"vx":1.573238492012024,"vy":-0.5727123618125916,"x":12.85569953918457,"y":-4.565706253051758},{"age":243,"angle":-0.9920659065246582,"type":4,"va":-10.705564498901367,"vx":1.5680904388427734,"vy":-0.5845073461532593,"x":11.471223831176758,"y":-4.058767795562744},{"age":140,"angle":1.238953948020935,"type":2,"va":5.395566940307617,"vx":3.829483687877655e-2,"vy":0.1895110309123993,"x":12.093412399291992,"y":-14.168510437011719},{"age":199,"angle":0.10107115656137466,"type":4,"va":-10.980308532714844,"vx":1.5841037034988403,"vy":-0.6016867756843567,"x":10.386962890625,"y":-3.652233123779297},{"age":168,"angle":-0.838704526424408,"type":4,"va":-10.717737197875977,"vx":1.5465699434280396,"vy":-0.5874308347702026,"x":9.637417793273926,"y":-3.367527723312378},{"age":116,"angle":0.45516467094421387,"type":4,"va":-9.613479614257812,"vx":1.4290850162506104,"vy":-0.4283016622066498,"x":8.407604217529297,"y":-2.895517587661743},{"age":83,"angle":0.20251557230949402,"type":4,"va":4.442799091339111e-2,"vx":-0.10970119386911392,"vy":-3.9807488918304443,"x":7.210899353027344,"y":-2.39846134185791},{"age":24,"angle":-0.39361128211021423,"type":4,"va":-2.797240972518921,"vx":1.0719148442149162e-2,"vy":-1.395869255065918,"x":7.400473117828369,"y":-0.17394986748695374}],"widgets":{}}}