{"puzzle":{"reqTiles":["Up"],"inputs":[{"x":0.35,"y":0.0,"balls":[{"type":4,"rate":1.0}]}],"outputs":[{"x":0.8,"y":1.0,"balls":[{"type":4,"rate":1.0}]}],"spec":{}},"blueprint":{"puzzle":"d71b565d-f960-5529-9f67-49998b0b39a7","title":"The Jetpack squirrels lair","submittedAt":"2024-04-06T18:52:13.168999729Z","widgets":{"32":{"angle":-1.387023199843826,"type":"board","x":710,"y":328},"1":{"angle":5.7221208973450954e-2,"type":"anvil","x":290,"y":105},"33":{"angle":-0.1611254537038703,"type":"board","x":652.1895265,"y":247},"2":{"angle":1.5452650031609279,"type":"brick","x":236,"y":44.3336},"34":{"angle":-0.1264849167785181,"type":"brick","x":695,"y":220},"3":{"angle":-0.19504838587676293,"type":"fan","x":326,"y":115},"35":{"angle":-0.1234031577887176,"type":"brick","x":692,"y":201},"4":{"angle":-1.6821224155400523,"type":"brick","x":722.806301,"y":89},"36":{"angle":-0.12837783966761038,"type":"brick","x":688,"y":180},"5":{"angle":-7.338861522438123e-2,"type":"anvil","x":691.792108,"y":144},"37":{"angle":-1.7935062378286173,"type":"brick","x":714,"y":36.1420535},"6":{"angle":-0.19362199285594478,"type":"fan","x":311,"y":127},"38":{"angle":0.2935889874087502,"sticker":"squobject","type":"sticker","x":93,"y":225},"7":{"angle":0,"type":"cushion","x":637,"y":150},"39":{"angle":3.1118962453405827,"sticker":"squobject","type":"sticker","x":578,"y":494},"8":{"angle":-0.14168333081656914,"type":"leftbumper","x":590,"y":203},"40":{"angle":-0.23919662079812234,"type":"fan","x":358,"y":674},"9":{"angle":-1.213604508761016,"type":"fan","x":103,"y":210},"41":{"angle":1.168161641427048,"sticker":"squobject","type":"sticker","x":288,"y":129},"10":{"angle":-1.895315821300709,"type":"brick","x":81,"y":61},"11":{"angle":0.373495,"type":"board","x":84.7514459,"y":258},"12":{"angle":-0.6280153523584538,"type":"board","x":131,"y":356},"13":{"angle":-1.43199220087029,"type":"board","x":675.822,"y":529},"14":{"angle":0.5758696460001757,"type":"board","x":254,"y":439},"15":{"angle":-1.1533107035949013,"type":"brick","x":210,"y":279},"16":{"angle":0.2523499648196203,"type":"board","x":86.97582,"y":468},"17":{"angle":0.1831655892412324,"type":"brick","x":224,"y":594},"19":{"type":"roundbumper","x":414,"y":657},"20":{"angle":0.5273377151388449,"type":"sword","x":502,"y":687.6710075},"21":{"angle":2.18739902602824,"type":"sword","x":650,"y":671.2065095},"22":{"angle":0,"sticker":"squobject","type":"sticker","x":425,"y":647},"23":{"angle":1.5077222088979834,"sticker":"squobject","type":"sticker","x":698,"y":600},"24":{"angle":-0.9040434658551123,"type":"rightbumper","x":291,"y":604},"25":{"angle":1.3666839116598657,"type":"leftbumper","x":354,"y":620},"26":{"angle":0,"type":"rightbumper","x":179,"y":543},"27":{"angle":0,"type":"anvil","x":409,"y":697},"29":{"angle":0,"type":"board","x":399,"y":731},"30":{"angle":1.5829169453369876,"type":"fan","x":578,"y":523},"31":{"angle":-1.4201527828990237,"type":"brick","x":693,"y":442}}},"snapshot":{"balls":[{"age":1432,"angle":-1.241511344909668,"type":4,"va":-7.676879405975342,"vx":1.0164451599121094,"vy":-0.9643790125846863,"x":3.623866319656372,"y":-9.527191162109375},{"age":1248,"angle":-0.3854938745498657,"type":4,"va":44.56784439086914,"vx":-1.7946481704711914,"vy":1.8972941637039185,"x":11.428200721740723,"y":-9.740152359008789},{"age":1095,"angle":1.1752190589904785,"type":4,"va":-10.489897727966309,"vx":1.5078709125518799,"vy":-0.5909181833267212,"x":2.5591273307800293,"y":-5.135276794433594},{"age":1046,"angle":3.0813426971435547,"type":4,"va":-6.9202046394348145,"vx":1.0384118556976318,"vy":-0.26774993538856506,"x":1.4721567630767822,"y":-8.941554069519043},{"age":919,"angle":2.79494571685791,"type":4,"va":-7.000029563903809,"vx":1.050331950187683,"vy":-0.27082359790802,"x":1.9696247577667236,"y":-9.06982707977295},{"age":876,"angle":-0.3499322831630707,"type":4,"va":33.58449172973633,"vx":9.373947143554688,"vy":-1.7479393482208252,"x":10.316472053527832,"y":-12.95480728149414},{"age":824,"angle":-0.1920204758644104,"type":4,"va":6.754258155822754,"vx":-0.6374902725219727,"vy":-1.8503552675247192,"x":11.708154678344727,"y":-2.8803470134735107},{"age":707,"angle":-0.4407568871974945,"type":4,"va":1.8225682973861694,"vx":-0.2105143815279007,"vy":-1.4804145097732544,"x":12.695656776428223,"y":-2.4751174449920654},{"age":650,"angle":0.4632517099380493,"type":4,"va":4.641686916351318,"vx":-0.6936739087104797,"vy":-0.1950736939907074,"x":12.34984302520752,"y":-2.502992630004883},{"age":620,"angle":-2.4259819984436035,"type":4,"va":-42.50565719604492,"vx":-8.124178886413574,"vy":-6.325840473175049,"x":5.668966770172119,"y":-6.756721019744873},{"age":540,"angle":3.0468006134033203,"type":4,"va":-31.026010513305664,"vx":-3.0425519943237305,"vy":-2.955984354019165,"x":8.698097229003906,"y":-0.40071582794189453},{"age":486,"angle":0.7752163410186768,"type":4,"va":-19.431591033935547,"vx":7.332650661468506,"vy":-2.5994603633880615,"x":14.040486335754395,"y":-1.9121543169021606},{"age":411,"angle":-1.8979191780090332,"type":4,"va":3.818189859390259,"vx":-0.5913589596748352,"vy":-4.34781089425087e-2,"x":12.98747730255127,"y":-2.2819929122924805},{"age":324,"angle":1.93285071849823,"type":4,"va":-19.838701248168945,"vx":2.601480007171631,"vy":0.5444657206535339,"x":7.378770351409912,"y":-0.8904982805252075},{"age":279,"angle":-0.7724411487579346,"type":4,"va":-1.2123587131500244,"vx":0.18814197182655334,"vy":-1.0777399875223637e-2,"x":5.287508964538574,"y":-1.410874366760254},{"age":228,"angle":1.9975484609603882,"type":4,"va":-1.8967580795288086,"vx":0.2943520247936249,"vy":-1.6861360520124435e-2,"x":6.152143478393555,"y":-1.4604179859161377},{"age":162,"angle":-1.504939079284668,"type":4,"va":-1.4264332056045532,"vx":0.22131770849227905,"vy":-1.267795916646719e-2,"x":5.712555408477783,"y":-1.435226321220398},{"age":75,"angle":-1.4902904033660889,"type":4,"va":1.1842067241668701,"vx":7.960640639066696e-2,"vy":-1.3502029180526733,"x":5.167998313903809,"y":-1.070816993713379}],"widgets":{}}}