{"puzzle":{"reqTiles":["Up"],"inputs":[{"x":0.35,"y":0.0,"balls":[{"type":3,"rate":1.0}]},{"x":1.0,"y":0.65,"balls":[{"type":1,"rate":0.5}]}],"outputs":[{"x":0.8,"y":1.0,"balls":[{"type":1,"rate":0.5}]},{"x":1.0,"y":0.8,"balls":[{"type":3,"rate":1.0}]}],"spec":{}},"blueprint":{"puzzle":"c6e70c0b-6409-576c-9b3b-7f1e50773904","title":"Citsinimreted Ylbaborp","submittedAt":"2024-04-07T18:48:32.818515296Z","widgets":{"0":{"angle":0,"type":"prism","x":53.0488528,"y":526.5712268},"32":{"angle":0,"type":"cushion","x":449.618687,"y":720.5},"1":{"angle":-1.600722029902424,"type":"fan","x":700.2857241,"y":531.5234907},"2":{"angle":-1.586028116264283,"type":"fan","x":630.1910981,"y":532.2847361},"34":{"angle":0,"type":"anvil","x":661.8099204,"y":715},"3":{"angle":-1.585545810728344,"type":"fan","x":557.4289509,"y":533.0472639},"35":{"angle":-3.7408346138574986,"type":"sword","x":659.3758528,"y":663.3329204},"4":{"angle":0.26309967436863374,"type":"board","x":265.9991134,"y":31.4468545},"36":{"angle":8.809379340297736e-2,"type":"brick","x":511.714687,"y":723.5610364},"5":{"angle":0,"type":"board","x":426.0000458,"y":55.333313},"37":{"angle":0,"sticker":"figure2-happy","type":"sticker","x":443.3100643,"y":290.738687},"6":{"angle":0.10285520000694079,"type":"board","x":581.0474907,"y":65.2377056},"38":{"angle":3.1319066078335447,"sticker":"determinism","type":"sticker","x":407.7140153,"y":183.7143621},"7":{"angle":-7.146984845983242e-2,"type":"board","x":652.0807065,"y":117.0488833},"8":{"angle":0,"type":"board","x":488.4761963,"y":125.0476074},"40":{"angle":0,"sticker":"figure1-happy","type":"sticker","x":376.8574755,"y":294.1902454},"9":{"angle":-4.3243003562901686e-2,"type":"board","x":323.5234264,"y":130.7619019},"10":{"angle":2.9420550847906127e-2,"type":"board","x":158.19,"y":604.6675583},"11":{"angle":0,"type":"board","x":160.0951887,"y":139.1424602},"12":{"angle":-1.5712129040263314,"type":"fan","x":489.5710981,"y":531.905},"13":{"angle":-1.5946487526761404,"type":"fan","x":416.857,"y":534.1899695},"14":{"angle":-1.5904402590461686,"type":"fan","x":341.8095245,"y":536.0952759},"15":{"angle":-1.592718676217648,"type":"fan","x":272.4761887,"y":538.3809509},"16":{"angle":0,"type":"board","x":328.4765093,"y":610.0001963},"17":{"angle":4.715980982111432e-2,"type":"board","x":652.0569375,"y":617.2375093},"18":{"angle":2.5699354098591285e-2,"type":"board","x":497.6189509,"y":611.5242944},"19":{"angle":-1.5904168722699568,"type":"fan","x":200.0951963,"y":542.5722148},"20":{"angle":-1.5093896448917477,"type":"board","x":58.7612868,"y":409.2378342},"21":{"angle":-1.5138503514084143,"type":"board","x":71.3330565,"y":236.2856641},"22":{"angle":-1.6069274906527924,"type":"fan","x":132.9993621,"y":543.0959509},"23":{"angle":-1.5529697007121461,"type":"board","x":10.5583178,"y":484.2861963},"25":{"angle":0,"type":"fan","x":23.5000407,"y":702.5},"26":{"angle":9.654987903978339e-2,"type":"brick","x":35.1430107,"y":651.9048833},"27":{"angle":0,"type":"cushion","x":64.857,"y":705.2624536},"28":{"angle":0,"type":"cushion","x":142.9516151,"y":708.6908223},"29":{"angle":0,"type":"cushion","x":218.7615245,"y":711.7380981},"30":{"angle":0,"type":"cushion","x":294.1894264,"y":716.6908833},"31":{"angle":0,"type":"cushion","x":373.81,"y":720.5}}},"snapshot":{"balls":[{"age":1303,"angle":-1.7948554754257202,"type":3,"va":-14.073894500732422,"vx":3.7616047859191895,"vy":-8.7528295814991e-2,"x":10.586620330810547,"y":-11.910431861877441},{"age":1320,"angle":-2.028665542602539,"type":1,"va":7.679757118225098,"vx":2.664262294769287,"vy":3.6031832695007324,"x":6.4207868576049805,"y":-3.420860528945923},{"age":1219,"angle":-2.443783760070801,"type":3,"va":3.4914019107818604,"vx":-0.1020515188574791,"vy":-0.3557962477207184,"x":14.284496307373047,"y":-12.040670394897461},{"age":1223,"angle":-2.8015387058258057,"type":3,"va":0.7291683554649353,"vx":-0.11760511249303818,"vy":5.549950059503317e-3,"x":13.965691566467285,"y":-12.049324989318848},{"age":1120,"angle":1.4979197978973389,"type":3,"va":-23.952688217163086,"vx":3.7288498878479004,"vy":0.143095001578331,"x":10.277087211608887,"y":-11.88608455657959},{"age":1130,"angle":0.26995614171028137,"type":1,"va":-7.528563022613525,"vx":0.23313331604003906,"vy":0.7904981970787048,"x":12.34903335571289,"y":-14.242464065551758},{"age":1120,"angle":0.29638394713401794,"type":3,"va":-26.202926635742188,"vx":4.149839401245117,"vy":-6.540000438690186e-2,"x":6.732625484466553,"y":-11.862628936767578},{"age":1057,"angle":2.060103416442871,"type":1,"va":-31.109045028686523,"vx":4.914421081542969,"vy":0.9049951434135437,"x":4.288726806640625,"y":-13.666584014892578},{"age":1040,"angle":2.5774799287319183e-2,"type":3,"va":1.9514116048812866,"vx":-0.5228573679924011,"vy":-4.909913539886475,"x":0.6137258410453796,"y":-9.215925216674805},{"age":1009,"angle":-0.4091826379299164,"type":3,"va":-32.770225524902344,"vx":5.17753791809082,"vy":-0.21776218712329865,"x":4.378180503845215,"y":-11.791872024536133},{"age":893,"angle":-1.5087634325027466,"type":1,"va":-19.117141723632812,"vx":3.02152681350708,"vy":-0.12877050042152405,"x":11.021927833557129,"y":-11.920063972473145},{"age":882,"angle":1.4154292345046997,"type":3,"va":-3.2865686416625977,"vx":6.647165298461914,"vy":-0.11940118670463562,"x":2.4906556606292725,"y":-11.67102336883545},{"age":788,"angle":2.32352876663208,"type":3,"va":14.509215354919434,"vx":-2.2978334426879883,"vy":-0.7497230172157288,"x":1.2569270133972168,"y":-2.4752144813537598},{"age":802,"angle":-2.1430888175964355,"type":1,"va":9.366154670715332,"vx":0.26104167103767395,"vy":5.734277725219727,"x":11.448190689086914,"y":-8.69019603729248},{"age":792,"angle":2.9563889503479004,"type":3,"va":14.321931838989258,"vx":-2.268787384033203,"vy":-3.269999846816063e-2,"x":1.8091119527816772,"y":-2.4447076320648193},{"age":667,"angle":-5.7402417063713074e-2,"type":3,"va":11.240995407104492,"vx":-1.7749706506729126,"vy":-7.679879665374756e-2,"x":7.544935703277588,"y":-2.230175018310547},{"age":682,"angle":1.3963720798492432,"type":1,"va":-14.425924301147461,"vx":-0.14390528202056885,"vy":0.5073210000991821,"x":1.9737136363983154,"y":-10.200353622436523},{"age":685,"angle":0.8328150510787964,"type":3,"va":11.81244945526123,"vx":-1.863243579864502,"vy":-8.512824773788452e-2,"x":7.144089698791504,"y":-2.2475640773773193},{"age":550,"angle":-0.8453264832496643,"type":3,"va":10.729228973388672,"vx":-1.6924909353256226,"vy":-0.12116732448339462,"x":11.4617280960083,"y":-2.114964723587036},{"age":538,"angle":1.2854257822036743,"type":1,"va":-5.711571216583252,"vx":-1.9079078435897827,"vy":-0.3916105031967163,"x":4.768486022949219,"y":-9.435096740722656},{"age":465,"angle":-2.0473856925964355,"type":3,"va":10.685696601867676,"vx":-1.6856143474578857,"vy":-0.12067466229200363,"x":11.788661003112793,"y":-2.0915584564208984},{"age":465,"angle":-2.344341278076172,"type":3,"va":7.509643077850342,"vx":-1.188905954360962,"vy":-8.511175215244293e-2,"x":13.194063186645508,"y":-1.9907983541488647},{"age":425,"angle":-0.5995515584945679,"type":1,"va":-5.668023109436035,"vx":-1.5826200246810913,"vy":3.2563178539276123,"x":7.641022205352783,"y":-5.527170181274414},{"age":313,"angle":2.0142338275909424,"type":3,"va":-10.634176254272461,"vx":-0.6171598434448242,"vy":0.9857500195503235,"x":14.591062545776367,"y":-1.779274821281433},{"age":276,"angle":0.6481245756149292,"type":3,"va":-15.419300079345703,"vx":2.429062604904175,"vy":-0.2834298610687256,"x":11.485471725463867,"y":-0.9508523941040039},{"age":281,"angle":-7.93941542506218e-2,"type":1,"va":-5.7234086990356445,"vx":-1.2562408447265625,"vy":2.0552451610565186,"x":10.845020294189453,"y":-4.396406650543213},{"age":275,"angle":1.6911953687667847,"type":3,"va":-16.409114837646484,"vx":2.582805633544922,"vy":-0.29928380250930786,"x":12.191169738769531,"y":-1.023719072341919},{"age":174,"angle":2.8657760620117188,"type":3,"va":-13.39681625366211,"vx":2.1233959197998047,"vy":-3.269999846816063e-2,"x":8.969576835632324,