{"puzzle":{"reqTiles":["Up"],"inputs":[{"x":0.65,"y":0.0,"balls":[{"type":1,"rate":1.0}]},{"x":1.0,"y":0.35,"balls":[{"type":2,"rate":1.0}]}],"outputs":[{"x":0.8,"y":1.0,"balls":[{"type":2,"rate":1.0}]},{"x":1.0,"y":0.65,"balls":[{"type":1,"rate":1.0}]}],"spec":{}},"blueprint":{"puzzle":"b8beb485-9197-52bf-8375-e17af224bbed","title":"more speed, fewer collisions","submittedAt":"2024-04-06T22:31:56.49022316Z","widgets":{"0":{"angle":3.1596016301030407e-3,"type":"board","x":642.147,"y":282},"32":{"angle":1.4709236085974091,"type":"cushion","x":230,"y":263},"1":{"angle":0,"type":"board","x":589,"y":281},"33":{"angle":0.8835888388388603,"type":"board","x":384,"y":487},"2":{"angle":0,"type":"board","x":384,"y":284},"34":{"angle":0.8155689841113222,"type":"board","x":480,"y":601},"3":{"angle":0,"type":"board","x":382,"y":234},"35":{"angle":1.6500344563603406,"type":"cushion","x":625,"y":697.5851336},"4":{"angle":0,"type":"board","x":585,"y":241},"6":{"angle":0,"type":"brick","x":435,"y":228},"7":{"angle":0,"type":"brick","x":434,"y":22},"8":{"angle":0,"type":"brick","x":433,"y":45},"9":{"angle":0,"type":"brick","x":432,"y":68},"10":{"angle":0,"type":"brick","x":433,"y":93},"11":{"angle":0,"type":"brick","x":434,"y":117},"12":{"angle":0,"type":"brick","x":434,"y":141},"13":{"angle":0,"type":"brick","x":434,"y":163},"14":{"angle":0,"type":"brick","x":434,"y":188},"15":{"angle":0,"type":"brick","x":434,"y":204},"16":{"angle":0,"type":"brick","x":528,"y":173},"17":{"angle":0,"type":"brick","x":528,"y":151},"18":{"angle":0,"type":"brick","x":528,"y":131},"19":{"angle":0,"type":"brick","x":529,"y":109},"20":{"angle":0,"type":"brick","x":528,"y":87},"21":{"angle":0,"type":"brick","x":527,"y":62},"22":{"angle":0,"type":"brick","x":526,"y":39},"23":{"angle":0,"type":"brick","x":526,"y":19},"24":{"angle":0,"type":"brick","x":530,"y":220},"25":{"angle":0,"type":"brick","x":529,"y":195},"26":{"angle":2.7991550365402977,"type":"fan","x":700.719,"y":212},"27":{"angle":0.3335844969804754,"type":"board","x":652,"y":483},"28":{"angle":0.6329611481767086,"type":"board","x":507,"y":408},"29":{"angle":1.2848150162227048,"type":"board","x":480,"y":366},"30":{"angle":1.3061133463922525,"type":"fan","x":426,"y":78},"31":{"angle":0.8782942558683209,"type":"board","x":287,"y":364}}},"snapshot":{"balls":[{"age":1,"angle":0.452980637550354,"type":2,"va":0,"vx":0,"vy":0,"x":11.86966323852539,"y":-14.531261444091797},{"age":302,"angle":-0.4715156555175781,"type":2,"va":-25.199678421020508,"vx":3.9674580097198486,"vy":-4.514052867889404,"x":7.262166500091553,"y":-8.42540168762207},{"age":211,"angle":0.2638452351093292,"type":2,"va":18.913915634155273,"vx":0.2613579034805298,"vy":-2.85349178314209,"x":5.153347969055176,"y":-5.5038299560546875},{"age":200,"angle":-1.4344366788864136,"type":1,"va":2.064077138900757,"vx":0.13253000378608704,"vy":0.5886225700378418,"x":14.370423316955566,"y":-9.726289749145508},{"age":137,"angle":1.251878261566162,"type":2,"va":11.193404197692871,"vx":-2.2099454402923584,"vy":0.8761966228485107,"x":13.541714668273926,"y":-5.24006462097168},{"age":164,"angle":0.7493547797203064,"type":1,"va":-7.414787769317627,"vx":-0.6471033096313477,"vy":-1.5175775289535522,"x":14.252253532409668,"y":-8.96389389038086},{"age":103,"angle":1.1634116172790527,"type":1,"va":-28.5498104095459,"vx":4.175867080688477,"vy":-11.494365692138672,"x":10.223194122314453,"y":-7.885775089263916},{"age":70,"angle":-0.6895493268966675,"type":2,"va":4.7716288566589355,"vx":-0.7590482831001282,"vy":2.3997295647859573e-3,"x":14.112207412719727,"y":-5.30546236038208},{"age":24,"angle":3.096259117126465,"type":2,"va":2.0141289234161377,"vx":-0.8736645579338074,"vy":-0.10664404183626175,"x":14.737760543823242,"y":-5.211887836456299},{"age":59,"angle":-2.6632442474365234,"type":1,"va":4.550772190093994,"vx":1.0528620481491089,"vy":-12.781213760375977,"x":9.697222709655762,"y":-4.273920059204102}],"widgets":{}}}