{"puzzle":{"reqTiles":["Up"],"inputs":[{"x":0.35,"y":0.0,"balls":[{"type":2,"rate":0.5294392903645834}]}],"outputs":[{"x":0.5,"y":1.0,"balls":[{"type":2,"rate":0.5294392903645834}]}],"spec":{}},"blueprint":{"puzzle":"bd8812ef-d7d1-56b0-8f20-6b2875d25480","title":"mix 'em well","submittedAt":"2024-04-30T14:34:23.501814601Z","widgets":{"0":{"angle":1.3323302306086424,"type":"cushion","x":228,"y":52},"64":{"angle":-1.680158513253456,"type":"rightbumper","x":458,"y":455},"1":{"angle":0.7670825228709535,"type":"cushion","x":240,"y":70},"33":{"angle":2.74073015678888,"type":"board","x":91,"y":110},"65":{"angle":-2.1972274851729643,"type":"rightbumper","x":516,"y":392},"2":{"angle":0.3607894836784668,"type":"cushion","x":258,"y":85},"34":{"angle":-2.9446041414477495,"type":"cushion","x":204,"y":77},"66":{"angle":-2.7031969140680956,"type":"rightbumper","x":537,"y":310},"3":{"angle":0,"type":"cushion","x":277,"y":87},"35":{"angle":1.5793301388001983,"type":"brick","x":407,"y":705.8860204},"67":{"angle":3.128035679974613,"type":"rightbumper","x":517,"y":223},"4":{"angle":-1.555976987670267,"type":"cushion","x":358,"y":68},"68":{"angle":2.690801023268575,"type":"rightbumper","x":464,"y":157},"37":{"angle":-1.5729823328518084,"type":"brick","x":334,"y":705.9705581},"69":{"type":"roundbumper","x":378,"y":122},"6":{"angle":0,"type":"brick","x":286,"y":110},"7":{"angle":0,"type":"brick","x":375,"y":108},"8":{"angle":2.4681011060585534,"type":"rightbumper","x":440,"y":135},"10":{"angle":3.0224243345242723,"type":"rightbumper","x":503,"y":192},"11":{"angle":3.3836471667715546,"type":"rightbumper","x":536,"y":273},"12":{"angle":3.8364078292019093,"type":"rightbumper","x":535,"y":361},"13":{"angle":-1.8259498790260575,"type":"rightbumper","x":489,"y":434},"45":{"angle":0,"type":"brick","x":378,"y":13.5},"14":{"angle":-1.424959855481803,"type":"rightbumper","x":414,"y":477},"15":{"angle":-1.0342804900654379,"type":"rightbumper","x":328,"y":485},"16":{"angle":-0.6466496062705672,"type":"rightbumper","x":244,"y":462},"17":{"angle":-0.29754266204593344,"type":"rightbumper","x":176,"y":409},"18":{"angle":0.27502269124358336,"type":"rightbumper","x":140,"y":331},"19":{"angle":0.6521529585509429,"type":"rightbumper","x":141,"y":247},"20":{"angle":1.126123468802014,"type":"rightbumper","x":176,"y":167},"21":{"angle":-2.4277416476369456,"type":"cushion","x":235,"y":90},"22":{"angle":-0.43304492107208775,"type":"board","x":130,"y":164},"54":{"type":"roundbumper","x":314,"y":172},"24":{"angle":0.8878914508595579,"type":"cushion","x":41.0000013,"y":516},"25":{"angle":1.5759853654230807,"type":"board","x":20,"y":227},"57":{"angle":1.8820931451137033,"type":"cushion","x":31.1207845,"y":146},"26":{"angle":1.5609988697192532,"type":"board","x":60,"y":285},"58":{"angle":0.872536060481444,"type":"rightbumper","x":153,"y":210},"27":{"angle":1.5674651208428967,"type":"board","x":19,"y":397},"59":{"angle":0.4332625421103722,"type":"rightbumper","x":135,"y":293},"28":{"angle":0.5269449576929296,"type":"cushion","x":80,"y":553},"60":{"angle":0,"type":"rightbumper","x":155,"y":380},"29":{"angle":0.10367406016094004,"type":"cushion","x":134,"y":571},"61":{"angle":-0.5057056195563586,"type":"rightbumper","x":213,"y":442},"30":{"angle":7.315146548897283e-2,"type":"board","x":256,"y":580},"62":{"angle":-0.8785081601884938,"type":"rightbumper","x":291,"y":475},"31":{"angle":-1.5872374760456713,"type":"cushion","x":394,"y":569},"63":{"angle":-1.2372878073179943,"type":"rightbumper","x":376,"y":480}}},"snapshot":{"balls":[{"age":1808,"angle":-0.7988805770874023,"type":2,"va":0,"vx":0.3184547424316406,"vy":-4.976446151733398,"x":4.572211265563965,"y":-4.143758296966553},{"age":1558,"angle":-2.437255382537842,"type":2,"va":0.17677710950374603,"vx":17.208084106445312,"vy":-4.855106353759766,"x":9.11630916595459,"y":-4.395008563995361},{"age":1293,"angle":2.664808750152588,"type":2,"va":-29.245697021484375,"vx":4.257934093475342,"vy":-2.868369221687317e-3,"x":4.415038585662842,"y":-11.10476303100586},{"age":1124,"angle":0.35410138964653015,"type":2,"va":-104.4252700805664,"vx":-7.2629265785217285,"vy":-3.1186416149139404,"x":7.064250946044922,"y":-8.952329635620117},{"age":963,"angle":-0.28578299283981323,"type":2,"va":-4.102497100830078,"vx":2.1631035804748535,"vy":-8.453383445739746,"x":8.126310348510742,"y":-4.191967964172363},{"age":505,"angle":1.5949372053146362,"type":2,"va":-5.960944175720215,"vx":-6.323583602905273,"vy":-9.228031158447266,"x":5.67671012878418,"y":-8.915790557861328},{"age":398,"angle":-1.4637967348098755,"type":2,"va":-10.925154685974121,"vx":-0.4449652135372162,"vy":-5.192207336425781,"x":0.7389364838600159,"y":-5.139422416687012},{"age":315,"angle":-2.6609222888946533,"type":2,"va":18.66547203063965,"vx":-2.6032307147979736,"vy":-2.4168813228607178,"x":6.5555901527404785,"y":-1.935764193534851},{"age":214,"angle":2.7738020420074463,"type":2,"va":-43.196510314941406,"vx":24.55328369140625,"vy":-4.90755558013916,"x":7.53629732131958,"y":-8.259199142456055},{"age":102,"angle":-0.598208487033844,"type":2,"va":-24.0057373046875,"vx":-3.840606212615967,"vy":-19.307592391967773,"x":6.124300956726074,"y":-1.3579524755477905}],"widgets":{}}}