{"puzzle":{"reqTiles":["Up","Left"],"inputs":[{"x":0.35,"y":0.0,"balls":[{"type":3,"rate":0.59375}]},{"x":0.0,"y":0.65,"balls":[{"type":1,"rate":0.36090087890625}]}],"outputs":[{"x":0.5,"y":1.0,"balls":[{"type":1,"rate":0.36090087890625}]},{"x":0.0,"y":0.35,"balls":[{"type":3,"rate":0.564453125}]}],"spec":{}},"blueprint":{"puzzle":"7686cc60-0fc9-5e04-99db-1d44ed1e2ae0","title":"Could I have done it simpler? Probably. DId I? No, why would I do that?","submittedAt":"2024-04-29T15:17:42.221838776Z","widgets":{"0":{"angle":1.2611469515781364,"type":"board","x":210,"y":548},"32":{"angle":0,"type":"board","x":357,"y":78},"1":{"angle":0.8173552137605465,"type":"board","x":288,"y":670.0301622},"33":{"angle":0.2111084543198371,"type":"board","x":303,"y":70},"2":{"angle":0,"type":"board","x":497,"y":684},"34":{"angle":0.5980071196155985,"type":"board","x":300,"y":65.6946},"3":{"angle":-0.43413401891780273,"type":"board","x":656.8342401,"y":649},"35":{"height":10,"type":"attractor","width":150,"x":75,"y":211},"4":{"angle":-0.9848704449109805,"type":"board","x":497,"y":415},"36":{"angle":3.036450070660822,"type":"fan","x":190,"y":230},"5":{"angle":0,"type":"board","x":403,"y":438},"37":{"angle":0,"type":"fan","x":370,"y":370},"6":{"angle":0.26924366554373425,"type":"board","x":633,"y":432},"38":{"angle":0,"type":"fan","x":692,"y":540},"7":{"angle":-0.9947372236865022,"type":"board","x":520,"y":454},"39":{"angle":0,"type":"fan","x":691,"y":487},"8":{"angle":0,"type":"board","x":391,"y":519},"40":{"angle":-1.0476767829393716,"type":"fan","x":425,"y":551},"9":{"angle":1.2009050206669472,"type":"board","x":281,"y":448},"41":{"angle":-3.799186503575288e-2,"type":"fan","x":257,"y":506},"10":{"angle":1.14205173127566,"type":"board","x":305,"y":403},"42":{"angle":3.033823075337293,"type":"fan","x":195,"y":236},"11":{"angle":-0.981859474795085,"type":"board","x":203,"y":440},"43":{"angle":0,"type":"fan","x":23.498,"y":369},"12":{"angle":-7.658684496090083e-2,"type":"board","x":199,"y":330},"44":{"angle":-1.5769418203265908,"type":"fan","x":47,"y":527},"13":{"angle":-0.8817763633440975,"type":"board","x":62.5723017,"y":390},"45":{"angle":-1.569945005483998,"type":"fan","x":138,"y":525},"14":{"angle":0,"type":"board","x":259,"y":320},"46":{"height":10,"type":"attractor","width":150,"x":615,"y":182},"15":{"angle":0,"type":"board","x":87.5,"y":508},"16":{"angle":0.1752549130072938,"type":"board","x":87.7276925,"y":299},"17":{"angle":0.13631229681758297,"type":"board","x":150,"y":305},"18":{"angle":0,"type":"board","x":315,"y":317},"19":{"angle":-7.37240237658534e-2,"type":"board","x":477,"y":311},"20":{"angle":-0.5700322164241117,"type":"board","x":629,"y":262},"21":{"angle":-0.15226975483279773,"type":"board","x":491,"y":267},"22":{"angle":0.2401440897189599,"type":"board","x":326,"y":260},"23":{"angle":0.5849948377330492,"type":"board","x":177,"y":196},"24":{"angle":0.5827059711175773,"type":"board","x":293,"y":186},"25":{"angle":0.3456025672307405,"type":"board","x":328,"y":200},"26":{"angle":0,"type":"board","x":398,"y":210},"27":{"angle":-0.31344980133982275,"type":"board","x":475,"y":199},"28":{"angle":-0.6494201272039783,"type":"board","x":530,"y":165},"29":{"angle":-1.0430515050017892,"type":"board","x":567,"y":110},"30":{"angle":-1.391426558337502,"type":"board","x":587,"y":87.7005328},"31":{"angle":-0.1611171325102691,"type":"board","x":470,"y":75}}},"snapshot":{"balls":[{"age":1671,"angle":0.9578020572662354,"type":3,"va":0.15931178629398346,"vx":-2.7299044653773308e-2,"vy":2.888747677206993e-2,"x":0.6047995090484619,"y":-5.432467937469482},{"age":1527,"angle":-0.1446392983198166,"type":3,"va":3.165252972394228e-3,"vx":-5.3276605904102325e-2,"vy":2.9009981080889702e-2,"x":1.233887791633606,"y":-5.535231590270996},{"age":1457,"angle":1.399428129196167,"type":3,"va":0.19581590592861176,"vx":-3.700902312994003e-2,"vy":3.660719469189644e-2,"x":0.9188904762268066,"y":-5.488152503967285},{"age":1386,"angle":1.3322324752807617,"type":3,"va":9.508824348449707e-2,"vx":-6.1172377318143845e-2,"vy":3.952602669596672e-2,"x":1.551430344581604,"y":-5.559558868408203},{"age":1290,"angle":1.1842825412750244,"type":3,"va":8.937936276197433e-2,"vx":-8.563745021820068e-2,"vy":2.433794178068638e-2,"x":2.1831305027008057,"y":-5.646012783050537},{"age":1230,"angle":1.6946897506713867,"type":3,"va":0.15646564960479736,"vx":-7.633153349161148e-2,"vy":3.337965905666351e-2,"x":1.867401361465454,"y":-5.602756500244141},{"age":1120,"angle":-1.3652069568634033,"type":3,"va":7.598643004894257e-2,"vx":-5.844039097428322e-2,"vy":1.888611912727356e-2,"x":2.4990627765655518,"y":-5.68937873840332},{"age":1031,"angle":2.8613152503967285,"type":3,"va":-7.454155385494232e-2,"vx":1.3781742192804813e-2,"vy":-1.8903609598055482e-3,"x":4.469811916351318,"y":-5.959710597991943},{"age":967,"angle":-2.211884021759033,"type":3,"va":-0.10002351552248001,"vx":1.3502383604645729e-2,"vy":-1.711751101538539e-3,"x":4.153736591339111,"y":-5.916370391845703},{"age":836,"angle":3.038680076599121,"type":3,"va":-8.669210225343704e-2,"vx":1.2527494691312313e-2,"vy":0,"x":5.104949474334717,"y":-6.001319885253906},{"age":774,"angle":-0.30519384145736694,"type":3,"va":-8.070790022611618e-2,"vx":1.252733264118433e-2,"vy":-4.656612873077393e-10,"x":4.785960674285889,"y":-6.0013203620910645},{"age":644,"angle":2.1496403217315674,"type":3,"va":20.203205108642578,"vx":-3.208495616912842,"vy":-0.29840290546417236,"x":10.697962760925293,"y":-5.7952399253845215},{"age":562,"angle":-0.21623128652572632,"type":3,"va":-13.071731567382812,"vx":1.0689046382904053,"vy":0.9752404093742371,"x":13.113787651062012,"y":-4.4975104331970215},{"age":477,"angle":-0.8748610019683838,"type":3,"va":-27.01133918762207,"vx":4.1585612297058105,"vy":-1.083707571029663,"x":7.572667121887207,"y":-5.110418796539307},{"age":396,"angle":-2.5829553604125977,"type":1,"va":22.557144165039062,"vx":-3.51454496383667,"vy":-3.1823153495788574,"x":13.095624923706055,"y":-12.419055938720703},{"age":354,"angle":1.8295009136199951,"type":3,"va":8.865663528442383,"vx":-1.182224154472351,"vy":-1.8568617105484009,"x":4.24815559387207,"y":-2.6123616695404053},{"age":221,"angle":-2.773085832595825,"type":1,"va":-24.54543685913086,"vx":2.5967350006103516,"vy":3.9432239532470703,"x":10.371719360351562,"y":-8.503199577331543},{"age":242,"angle":-0.9306575059890747,"type":3,"va":14.63352108001709,"vx":-2.437804698944092,"vy":-4.243800163269043,"x":10.654973983764648,"y":-2.7029449939727783},{"age":159,"angle":1.7052948474884033,"type":3,"va":-15.672748565673828,"vx":2.446965456008911,"vy":0.364990234375,"x":10.52198600769043,"y":-0.9750980734825134},{"age":21,"angle":-2.05830979347229,"type":1,"va":-2.1554903984069824,"vx":0.8747997879981995,"vy":-1.0409435257315636e-2,"x":2.2967346012592316e-2,"y":-9.651973724365234},{"age":50,"angle":-0.6740442514419556,"type":3,"va":-6.678093433380127,"vx":1.0197477340698242,"vy":-0.6946673393249512,"x":5.2954583168029785,"y":-0.4235628545284271}],"widgets":{}}}