{"puzzle":{"reqTiles":["Up","Left"],"inputs":[{"x":0.8,"y":0.0,"balls":[{"type":2,"rate":1.0}]},{"x":0.0,"y":0.8,"balls":[{"type":1,"rate":1.0}]}],"outputs":[{"x":0.5,"y":1.0,"balls":[{"type":1,"rate":1.0}]},{"x":0.0,"y":0.2,"balls":[{"type":2,"rate":1.0}]}],"spec":{}},"blueprint":{"puzzle":"77142a8f-ea6b-508c-8818-5798d27922a6","title":"I Ship it","submittedAt":"2024-04-06T20:47:06.333979193Z","widgets":{"0":{"angle":-0.47445980609001437,"type":"cushion","x":585,"y":63},"1":{"angle":0,"type":"board","x":460,"y":78},"33":{"angle":0,"type":"prism","x":141,"y":697},"2":{"angle":-9.431395132717978e-2,"type":"board","x":290,"y":89},"3":{"angle":-0.27888439726806535,"type":"board","x":113,"y":137},"4":{"angle":0.3299777434875416,"type":"cushion","x":52.1065,"y":651},"5":{"angle":0,"type":"board","x":120,"y":651},"6":{"angle":0.33165164627285026,"type":"board","x":245,"y":703.0000085},"7":{"angle":0,"sticker":"figure2-sad","type":"sticker","x":523,"y":297},"8":{"angle":0,"speed":25,"type":"spokedwheel","x":478,"y":319},"9":{"angle":0,"sticker":"figure2-happy","type":"sticker","x":56,"y":356},"11":{"type":"roundbumper","x":650,"y":37},"12":{"angle":0,"sticker":"figure1-happy","type":"sticker","x":190,"y":284},"13":{"angle":-2.6473292626258695,"type":"sword","x":183,"y":199},"14":{"angle":0,"type":"cushion","x":588,"y":557},"15":{"angle":0,"type":"cushion","x":587,"y":538},"16":{"angle":0,"type":"cushion","x":588,"y":520},"17":{"angle":0,"type":"cushion","x":588,"y":503},"18":{"angle":0,"type":"cushion","x":520,"y":610},"19":{"angle":0,"type":"cushion","x":520,"y":592},"20":{"angle":0,"type":"cushion","x":520,"y":574},"21":{"angle":0,"type":"cushion","x":520,"y":556},"22":{"angle":0,"type":"cushion","x":640,"y":613},"23":{"angle":0,"type":"cushion","x":640,"y":595},"24":{"angle":0,"type":"cushion","x":641,"y":577},"25":{"angle":0,"type":"cushion","x":641,"y":559},"26":{"angle":-1.5707963267948966,"type":"board","x":691,"y":167},"27":{"angle":-1.5596236073561573,"type":"board","x":674,"y":166},"28":{"angle":-1.5667568040476865,"type":"board","x":658,"y":166},"29":{"angle":0,"sticker":"figure3-happy","type":"sticker","x":578,"y":615},"30":{"angle":-1.562361155725742,"type":"cushion","x":436,"y":698.8369896},"31":{"angle":0,"type":"leftbumper","x":454,"y":358}}},"snapshot":{"balls":[{"age":334,"angle":-0.4102640450000763,"type":1,"va":-6.203744411468506,"vx":1.1386467218399048,"vy":0.6337719559669495,"x":6.769631385803223,"y":-14.28464126586914},{"age":27,"angle":-1.3753771781921387,"type":2,"va":1.0435642004013062,"vx":-0.40892136096954346,"vy":3.385361284017563e-2,"x":2.9814759269356728e-2,"y":-2.9401445388793945},{"age":301,"angle":2.1488568782806396,"type":1,"va":-16.601545333862305,"vx":2.6340441703796387,"vy":-1.8830868005752563,"x":5.471820831298828,"y":-13.900982856750488},{"age":242,"angle":1.0570780038833618,"type":1,"va":-10.601320266723633,"vx":1.6766589879989624,"vy":-2.288999080657959,"x":4.556298732757568,"y":-12.953564643859863},{"age":273,"angle":-1.8004913330078125,"type":2,"va":19.158100128173828,"vx":-3.033673048019409,"vy":-2.6255173683166504,"x":3.29940128326416,"y":-1.9602856636047363},{"age":217,"angle":1.328471064567566,"type":2,"va":16.586767196655273,"vx":-2.6154391765594482,"vy":-0.2710762917995453,"x":5.9384050369262695,"y":-1.4270529747009277},{"age":168,"angle":0.8437466025352478,"type":1,"va":-10.648076057434082,"vx":1.6839747428894043,"vy":1.862645149230957e-9,"x":2.596766471862793,"y":-12.681747436523438},{"age":169,"angle":0.14105038344860077,"type":2,"va":13.984691619873047,"vx":-2.2176313400268555,"vy":-2.4772729724645615e-2,"x":7.992018699645996,"y":-1.221604585647583},{"age":89,"angle":2.3591253757476807,"type":1,"va":-4.329878330230713,"vx":0.6879254579544067,"vy":-3.845278173685074e-2,"x":0.5894131660461426,"y":-12.409711837768555},{"age":108,"angle":-1.0843327045440674,"type":2,"va":14.461909294128418,"vx":-2.210371732711792,"vy":0.15484492480754852,"x":10.13210678100586,"y":-1.1862387657165527},{"age":34,"angle":-0.1660812348127365,"type":2,"va":-0.6804649829864502,"vx":-0.17139782011508942,"vy":-1.3520578145980835,"x":11.83641529083252,"y":-0.21176613867282867}],"widgets":{"8":{"angle":0,"key":"8","va":0,"vx":0,"vy":0,"x":9.5600004196167,"y":-6.380000114440918}}}}