{"puzzle":{"reqTiles":["Up","Left"],"inputs":[{"x":0.2,"y":0.0,"balls":[{"type":2,"rate":0.5294392903645834}]},{"x":0.0,"y":0.5,"balls":[{"type":1,"rate":0.70068359375}]}],"outputs":[{"x":0.8,"y":1.0,"balls":[{"type":1,"rate":0.70068359375}]},{"x":0.0,"y":0.35,"balls":[{"type":2,"rate":0.5294392903645834}]}],"spec":{}},"blueprint":{"puzzle":"6684c30e-8c9e-577f-bd12-fcba5f508d6c","title":"Big and small bounce filter","submittedAt":"2024-05-07T11:00:09.379760753Z","widgets":{"64":{"angle":-1.7975534647341036,"type":"fan","x":387,"y":416},"65":{"angle":1.2665878324556572,"type":"brick","x":299,"y":310},"66":{"angle":1.2858534348468988,"type":"brick","x":290,"y":273},"3":{"angle":0.16147021989140575,"type":"board","x":231,"y":91},"67":{"angle":1.2468440855750484,"type":"board","x":365,"y":314},"4":{"angle":0.2552264293221452,"type":"board","x":383,"y":124},"68":{"angle":1.235713229104109,"type":"board","x":430,"y":303},"5":{"angle":0.3142338889541433,"type":"board","x":529,"y":168},"69":{"angle":-2.0876575644676175e-2,"type":"board","x":223,"y":177},"6":{"angle":0.749949459287023,"type":"fan","x":544,"y":67},"70":{"angle":0.8543276666385379,"type":"brick","x":325,"y":201},"7":{"angle":-1.193721741551895,"type":"board","x":618,"y":608.443},"71":{"angle":0,"type":"fan","x":228,"y":461},"8":{"angle":-1.0338855840548518,"type":"board","x":658,"y":660.2085065},"72":{"angle":-1.8680968340275708,"type":"fan","x":446,"y":490},"9":{"angle":2.0914743025882947,"type":"board","x":688.664212,"y":606},"73":{"angle":0,"type":"board","x":329,"y":477},"10":{"angle":-1.7557658779762826,"type":"cushion","x":476,"y":406},"42":{"angle":-1.46910747503182,"type":"fan","x":117,"y":620},"74":{"angle":1.2629337683292223,"type":"board","x":380,"y":310},"11":{"angle":-6.416929220841688e-2,"type":"board","x":517,"y":635},"43":{"angle":-0.3219616584678146,"type":"brick","x":65,"y":516},"75":{"angle":-3.1044435677632936,"type":"fan","x":436,"y":206},"44":{"angle":-1.5863592725319084,"type":"brick","x":14.0274813,"y":425},"76":{"angle":-2.982297221817304,"type":"fan","x":471,"y":289},"13":{"angle":-2.9702402062291156,"type":"fan","x":595,"y":90},"45":{"angle":-5.1912132234469624e-2,"type":"board","x":377,"y":645},"77":{"angle":-0.15932448396396798,"type":"board","x":87.8196715,"y":265},"14":{"angle":-1.4882753828930413,"type":"fan","x":63.3094,"y":540},"46":{"angle":0.20246430717170028,"type":"brick","x":132,"y":425},"78":{"angle":-1.2244084129233554,"type":"fan","x":62,"y":183},"47":{"angle":0.998937856279243,"type":"board","x":136,"y":584},"79":{"angle":-5.9832651739087715e-2,"type":"brick","x":126,"y":185},"48":{"angle":-1.562647496692483,"type":"fan","x":200,"y":678},"80":{"angle":-0.870597128037577,"type":"brick","x":139,"y":103},"49":{"angle":0.9690632428800842,"type":"board","x":204,"y":518},"81":{"angle":0,"type":"cushion","x":196,"y":259},"50":{"angle":-5.7416557088824344e-2,"type":"board","x":267,"y":653},"82":{"angle":0.369755347522381,"type":"fan","x":119.5,"y":306},"51":{"angle":1.607531031754557,"type":"board","x":12.2074937,"y":652.228524},"83":{"angle":-1.6111755925103128,"type":"fan","x":194,"y":458},"52":{"angle":0.8406079016861329,"type":"board","x":65.068816,"y":668.8051225},"84":{"angle":1.224855407247285,"type":"cushion","x":390,"y":370},"53":{"angle":0,"type":"fan","x":37,"y":702.5},"85":{"angle":0,"type":"cushion","x":451,"y":510},"54":{"angle":0.414267406209167,"type":"fan","x":368,"y":668},"55":{"angle":-1.4251671790233205,"type":"fan","x":173,"y":446},"56":{"angle":1.5920697128189578,"type":"brick","x":224,"y":410},"57":{"angle":1.5688368846995382,"type":"brick","x":223,"y":345},"26":{"angle":2.3902106485423915,"type":"board","x":70.084116,"y":66.3085015},"58":{"angle":0,"type":"board","x":208,"y":249},"59":{"angle":-1.5030800669279656,"type":"brick","x":156,"y":311},"60":{"angle":0.3628189936133547,"type":"anvil","x":254,"y":424},"62":{"angle":0,"type":"board","x":87.5,"y":349}}},"snapshot":{"balls":[{"age":1248,"angle":-1.3701893091201782,"type":2,"va":8.796431541442871,"vx":2.0782082080841064,"vy":-0.2161577343940735,"x":0.6786456108093262,"y":-4.5985589027404785},{"age":1098,"angle":-0.4491495192050934,"type":2,"va":10.981677055358887,"vx":-2.121513843536377,"vy":-1.0368181467056274,"x":0.5066638588905334,"y":-5.117504596710205},{"age":277,"angle":2.8752119541168213,"type":1,"va":-11.577774047851562,"vx":-1.7859948873519897,"vy":-8.265933990478516,"x":13.920167922973633,"y":-7.5967183113098145},{"age":958,"angle":1.7784991264343262,"type":1,"va":9.598044395446777,"vx":0.9734719395637512,"vy":-3.260491371154785,"x":3.558892011642456,"y":-0.9846413135528564},{"age":2,"angle":1.407789707183838,"type":1,"va":0,"vx":5.954502522945404e-2,"vy":-0.18968281149864197,"x":11.83867359161377,"y":-14.52670955657959},{"age":877,"angle":-1.7707887887954712,"type":2,"va":-1.6210609674453735,"vx":-1.2778277397155762,"vy":-1.3401093482971191,"x":1.0724910497665405,"y":-4.939478397369385},{"age":136,"angle":1.8373517990112305,"type":1,"va":-15.876270294189453,"vx":2.5312349796295166,"vy":-0.7170770168304443,"x":6.2623515129089355,"y":-1.7303355932235718},{"age":705,"angle":-3.030400037765503,"type":1,"va":-6.482609748840332,"vx":-0.33444228768348694,"vy":1.3917690515518188,"x":1.9773914813995361,"y":-2.4530446529388428},{"age":711,"angle":-2.0389084815979004,"type":2,"va":-17.75372886657715,"vx":-3.0489919185638428,"vy":-1.4505414962768555,"x":1.9761502742767334,"y":-8.959304809570312},{"age":616,"angle":-1.8986072540283203,"type":1,"va":2.140577554702759,"vx":0.7765997052192688,"vy":1.0185673236846924,"x":2.400657892227173,"y":-2.957460880279541},{"age":552,"angle":-2.0114028453826904,"type":2,"va":7.989291191101074,"vx":-1.2657437324523926,"vy":-6.576365977525711e-2,"x":7.408474922180176,"y":-12.568000793457031},{"age":494,"angle":2.5970609188079834,"type":1,"va":21.48505973815918,"vx":-2.5155880451202393,"vy":7.15994930267334,"x":7.689244747161865,"y":-5.360788345336914},{"age":378,"angle":-0.7719106078147888,"type":1,"va":5.708614826202393,"vx":0.7364277839660645,"vy":-0.16175036132335663,"x":4.763317108154297,"y":-5.569218635559082},{"age":388,"angle":1.950562834739685,"type":2,"va":0.44828808307647705,"vx":6.341327726840973e-2,"vy":-5.825983047485352,"x":9.38789176940918,"y":-12.450996398925781},{"age":308,"angle":-2.1189589500427246,"type":1,"va":11.340062141418457,"vx":3.2048592567443848,"vy":-5.866619944572449e-2,"x":3.3912336826324463,"y":-7.373386859893799},{"age":216,"angle":1.9425290822982788,"type":1,"va":-2.4834251403808594,"vx":0.3043956756591797,"vy":0.13453741371631622,"x":1.8140552043914795,"y":-7.6417036056518555},{"age":241,"angle":-6.310023367404938e-2,"type":2,"va":-28.113508224487305,"vx":4.360650062561035,"vy":-1.7082513570785522,"x":10.364767074584961,"y":-2.9223268032073975},{"age":140,"angle":2.789339303970337,"type":1,"va":-3.69535756111145,"vx":-0.455933541059494,"vy":0.8186559677124023,"x":1.8355987071990967,"y":-8.143198013305664},{"age":135,"angle":-0.9835614562034607,"type":2,"va":-14.883485794067383,"vx":2.333178758621216,"vy":-0.38777291774749756,"x":5.564779281616211,"y":-1.6308698654174805},{"age":31,"angle":0.18546032905578613,"type":2,"va":-1.4079995155334473,"vx":-0.18380704522132874,"vy":-1.1481784582138062,"x":2.963423728942871,"y":-0.1763066053390503}],"widgets":{}}}