{"puzzle":{"reqTiles":["Up"],"inputs":[{"x":0.2,"y":0.0,"balls":[{"type":4,"rate":1.0}]}],"outputs":[{"x":0.65,"y":1.0,"balls":[{"type":4,"rate":1.0}]}],"spec":{}},"blueprint":{"puzzle":"21857446-d967-51c4-bc5b-7b09bcb3864b","title":"The Bun Mechanism","submittedAt":"2024-04-07T18:12:19.729558178Z","widgets":{"33":{"angle":1.6112267088948289,"type":"board","x":648,"y":532.976112},"34":{"angle":2.255051171419222,"type":"board","x":361,"y":577.284866},"35":{"angle":2.350089231395979,"type":"board","x":586,"y":671.4265595},"67":{"angle":0.48088728019533533,"type":"brick","x":94,"y":502},"4":{"angle":-1.1656972481057069,"type":"fan","x":268,"y":488},"36":{"angle":1.3931139531739303,"type":"board","x":412,"y":652.286842},"68":{"angle":0,"type":"brick","x":34,"y":488},"5":{"angle":4.622317310886085,"type":"fan","x":382,"y":712.287587},"69":{"angle":0,"sticker":"knievel","type":"sticker","x":51,"y":407},"38":{"angle":-1.2994478858176837,"type":"fan","x":318,"y":695.8655705},"7":{"angle":0,"speed":25,"type":"spokedwheel","x":215.000019,"y":591.000002},"39":{"angle":-1.7673045754313255,"type":"board","x":301,"y":454},"8":{"angle":0.8887818816439247,"type":"brick","x":144,"y":652},"9":{"angle":0.1836943826028575,"type":"brick","x":191,"y":678},"41":{"angle":-1.6905859194960882,"type":"fan","x":423,"y":584},"10":{"angle":-0.21293834957939806,"type":"brick","x":252,"y":681},"42":{"angle":-1.4015670141648604,"type":"board","x":288,"y":293},"11":{"angle":-0.776315670360357,"type":"brick","x":295,"y":656},"43":{"angle":-1.5521271181692777,"type":"board","x":650,"y":364},"12":{"angle":1.3238448337743989,"type":"brick","x":121,"y":602},"45":{"angle":1.9216204860635393,"type":"rightbumper","x":349,"y":210},"14":{"angle":1.5706246294860093,"type":"brick","x":115,"y":539},"46":{"angle":-1.5513865044450403,"type":"leftbumper","x":614,"y":256},"47":{"angle":-1.6924541515215805,"type":"leftbumper","x":528,"y":218},"16":{"angle":-0.29439990890635076,"type":"brick","x":199,"y":499},"48":{"angle":-2.0787166604569958,"type":"leftbumper","x":437,"y":205},"17":{"angle":0.26308607148832264,"type":"brick","x":250,"y":504},"49":{"angle":-1.6207368030958613,"type":"fan","x":376,"y":627},"18":{"angle":0.5231219541421592,"type":"brick","x":293,"y":525},"52":{"angle":0,"sticker":"figure2-happy","type":"sticker","x":566,"y":117},"53":{"angle":0,"sticker":"figure1-happy","type":"sticker","x":330,"y":112},"54":{"angle":2.0897374281676893,"type":"prism","x":459,"y":90},"55":{"height":151,"type":"repulsor","width":151,"x":444.5,"y":84},"56":{"angle":0,"sticker":"kingbun","type":"sticker","x":446,"y":78},"59":{"angle":0,"type":"anvil","x":448,"y":136},"60":{"angle":0,"type":"brick","x":447,"y":172}}},"snapshot":{"balls":[{"age":616,"angle":1.4329603910446167,"type":4,"va":-1.9617377519607544,"vx":0.6241103410720825,"vy":-0.5768973231315613,"x":9.454808235168457,"y":-14.479042053222656},{"age":535,"angle":7.267802953720093e-2,"type":4,"va":1.962158203125,"vx":-0.6241177320480347,"vy":-0.5769125819206238,"x":9.785186767578125,"y":-14.47903060913086},{"age":482,"angle":-0.2253579944372177,"type":4,"va":22.582244873046875,"vx":1.0187885761260986,"vy":-1.5189706087112427,"x":8.202494621276855,"y":-6.469595432281494},{"age":373,"angle":3.0334951877593994,"type":4,"va":0.7822194695472717,"vx":-0.5395604372024536,"vy":0.6497340202331543,"x":10.357298851013184,"y":-14.279141426086426},{"age":293,"angle":-3.062133550643921,"type":4,"va":-10.371177673339844,"vx":1.5361219644546509,"vy":-14.885392189025879,"x":9.62956428527832,"y":-13.4872465133667},{"age":231,"angle":2.9046692848205566,"type":4,"va":-30.54527473449707,"vx":2.934110164642334,"vy":2.881276845932007,"x":5.495485782623291,"y":-12.935881614685059},{"age":155,"angle":-2.5371618270874023,"type":4,"va":-1.186262607574463,"vx":5.228562513366342e-4,"vy":-4.8575568199157715,"x":2.971818685531616,"y":-9.266399383544922},{"age":77,"angle":1.9120112657546997,"type":4,"va":-3.906013250350952,"vx":1.1372379027307034e-2,"vy":-4.42677640914917,"x":2.9913923740386963,"y":-3.6498312950134277}],"widgets":{"7":{"angle":-3.0777342319488525,"key":"7","va":6.413604259490967,"vx":0,"vy":0,"x":4.300000190734863,"y":-11.819999694824219}}}}