{"puzzle":{"reqTiles":["Up"],"inputs":[{"x":0.8,"y":0.0,"balls":[{"type":4,"rate":1.0}]}],"outputs":[{"x":0.2,"y":1.0,"balls":[{"type":4,"rate":1.0}]}],"spec":{}},"blueprint":{"puzzle":"2998badd-7dab-59e2-ba4c-f3ff774470c6","title":"Knife's Edge","submittedAt":"2024-04-06T18:59:01.92515539Z","widgets":{"0":{"angle":-2.2899978336763978,"type":"sword","x":523,"y":222},"1":{"angle":3.9586353646409105,"type":"fan","x":475,"y":431},"2":{"angle":1.6050358908062266,"type":"fan","x":306,"y":197},"3":{"angle":1.1964548727939288,"type":"fan","x":58.5,"y":514},"5":{"angle":0.3057600474584997,"type":"fan","x":66,"y":600},"6":{"angle":2.5541667995263393,"type":"fan","x":370,"y":370},"7":{"angle":1.9842295810165673,"type":"fan","x":496,"y":36.5859185},"8":{"angle":3.6693480966099856,"type":"fan","x":663.386,"y":216},"9":{"angle":0.8348949206402582,"type":"sword","x":187,"y":354},"10":{"angle":0.8709309210823731,"type":"sword","x":362,"y":107},"11":{"angle":-2.262154423561442,"type":"sword","x":426,"y":283},"12":{"angle":-4.125225840584824,"type":"fan","x":224,"y":589},"13":{"angle":0.4564804828555879,"type":"fan","x":67,"y":386},"14":{"angle":-2.8472903607091697,"type":"fan","x":300,"y":480},"15":{"angle":-0.31866786257186314,"type":"fan","x":54,"y":697.025378},"16":{"angle":3.161686434744839,"type":"fan","x":321,"y":701.035},"17":{"angle":0.9209733384170479,"type":"sword","x":239,"y":264},"18":{"angle":-2.2086828390350144,"type":"sword","x":352,"y":414},"19":{"angle":-1.5660117467924413,"type":"sword","x":596,"y":225},"20":{"angle":1.2366870682492883,"type":"sword","x":423,"y":72.9961575},"21":{"angle":-2.700893345765752,"type":"sword","x":275,"y":541},"22":{"angle":0.30512601797595396,"type":"sword","x":109.5,"y":479}}},"snapshot":{"balls":[{"age":1176,"angle":-2.7246971130371094,"type":4,"va":-3.4428950399160385e-2,"vx":5.5802881717681885e-2,"vy":0.28194931149482727,"x":3.2477428913116455,"y":-9.637176513671875},{"age":197,"angle":1.0673000812530518,"type":4,"va":3.331484794616699,"vx":-1.595289707183838,"vy":-0.8563569784164429,"x":3.1922149658203125,"y":-14.417340278625488},{"age":108,"angle":0.13417306542396545,"type":4,"va":4.130774974822998,"vx":-8.695743560791016,"vy":-7.46665620803833,"x":7.898365020751953,"y":-3.839672803878784},{"age":34,"angle":0.49185723066329956,"type":4,"va":1.1233553886413574,"vx":2.235320582985878e-2,"vy":-2.177884817123413,"x":11.844152450561523,"y":-0.4087204039096832}],"widgets":{}}}