{"puzzle":{"reqTiles":["Up"],"inputs":[{"x":0.8,"y":0.0,"balls":[{"type":3,"rate":1.0}]}],"outputs":[{"x":0.35,"y":1.0,"balls":[{"type":3,"rate":1.0}]}],"spec":{}},"blueprint":{"puzzle":"960e15c9-3db7-5b4c-a5cf-16165e5d59c8","title":"Cliff Edge","submittedAt":"2024-04-08T14:21:24.068535548Z","widgets":{"0":{"angle":-0.8561476823801072,"type":"anvil","x":603,"y":57},"32":{"angle":1.5268054093713754,"type":"anvil","x":706,"y":65},"1":{"angle":-0.8066715494215084,"type":"anvil","x":592,"y":67},"33":{"angle":1.5937799405097095,"type":"anvil","x":687,"y":63},"2":{"angle":0,"type":"anvil","x":580,"y":119},"34":{"angle":1.5838803258853755,"type":"anvil","x":700,"y":102},"3":{"angle":0,"type":"anvil","x":626,"y":126},"4":{"angle":0,"type":"anvil","x":571,"y":128},"5":{"angle":0,"type":"anvil","x":606,"y":127},"6":{"angle":0,"type":"anvil","x":646,"y":39},"7":{"angle":0,"type":"anvil","x":632,"y":96},"8":{"angle":0,"type":"anvil","x":586,"y":114},"9":{"angle":0,"type":"anvil","x":642,"y":50},"10":{"angle":0,"type":"anvil","x":650,"y":36},"11":{"angle":-0.7452081401842271,"type":"anvil","x":547,"y":114},"12":{"angle":0,"type":"anvil","x":668,"y":73},"13":{"angle":0,"type":"anvil","x":608,"y":90},"14":{"angle":-0.453501829233712,"type":"anvil","x":631,"y":53},"15":{"angle":0,"type":"anvil","x":675,"y":25},"16":{"angle":0,"type":"anvil","x":693.5,"y":25},"17":{"angle":0,"type":"anvil","x":659,"y":25},"18":{"angle":-0.8032071364928524,"type":"anvil","x":580,"y":78},"19":{"angle":1.5925320336366897,"type":"anvil","x":677,"y":83},"20":{"angle":1.5725650115085823,"type":"anvil","x":714.9178101,"y":46.544122},"21":{"angle":1.6070123688673086,"type":"anvil","x":708,"y":101},"22":{"angle":0,"type":"anvil","x":693.5,"y":114},"23":{"angle":0,"type":"anvil","x":643,"y":126},"24":{"angle":0,"type":"anvil","x":648,"y":114},"25":{"angle":3.1285989887357446,"type":"anvil","x":693.1790685,"y":127},"26":{"angle":0,"type":"anvil","x":669.5,"y":124},"27":{"angle":1.589010514646871,"type":"anvil","x":714.1572455,"y":102},"28":{"angle":1.5759551189344112,"type":"anvil","x":714.7604478,"y":46.6283617},"29":{"angle":0,"type":"anvil","x":693.5,"y":36},"30":{"angle":3.137784961377875,"type":"anvil","x":693.405131,"y":25.1768868},"31":{"angle":0,"type":"anvil","x":693.5,"y":25}}},"snapshot":{"balls":[{"age":129,"angle":2.4876058101654053,"type":3,"va":32.283451080322266,"vx":-3.915043830871582,"vy":-8.57919979095459,"x":7.826633453369141,"y":-5.524631023406982},{"age":76,"angle":0.37526366114616394,"type":3,"va":22.112987518310547,"vx":-3.075117826461792,"vy":-3.247199058532715,"x":10.447757720947266,"y":-1.8064706325531006},{"age":38,"angle":-0.22046087682247162,"type":3,"va":5.580608367919922,"vx":-1.8696874380111694,"vy":-1.9374998807907104,"x":11.478741645812988,"y":-0.7361005544662476}],"widgets":{}}}