{"puzzle":{"reqTiles":["Up"],"inputs":[{"x":0.8,"y":0.0,"balls":[{"type":2,"rate":0.44298044840494794}]},{"x":1.0,"y":0.2,"balls":[{"type":1,"rate":0.565704345703125}]}],"outputs":[{"x":0.65,"y":1.0,"balls":[{"type":1,"rate":0.5718129475911459}]},{"x":1.0,"y":0.8,"balls":[{"type":2,"rate":0.45416259765625}]}],"spec":{}},"blueprint":{"puzzle":"a79056c3-a1a5-57f4-839e-77ec2a591054","title":"bouncesort IV - Color Coded","submittedAt":"2024-05-29T20:23:06.925359077Z","widgets":{"0":{"angle":-0.1501811250047586,"type":"board","x":652.138347,"y":192},"1":{"angle":-0.13683124180866035,"type":"board","x":490,"y":215},"33":{"angle":-0.1413769136350634,"type":"brick","x":128,"y":523},"34":{"angle":0.9954943661829985,"type":"leftbumper","x":55.088294,"y":547},"38":{"angle":1.5170962010671118,"type":"cushion","x":265,"y":396},"40":{"angle":3.4034944207014157,"type":"prism","x":412,"y":646},"41":{"angle":1.3158438321085513,"type":"board","x":402,"y":653.0586465},"42":{"angle":1.3285042057349448,"type":"board","x":400,"y":517},"43":{"angle":1.3498605805783281,"type":"board","x":387,"y":652.6545755},"45":{"angle":1.3321859432814336,"type":"board","x":432,"y":652.8519605},"15":{"angle":1.570509465070121,"type":"cushion","x":192,"y":255},"47":{"angle":-0.11886640255837042,"type":"board","x":402,"y":289},"16":{"angle":0,"type":"fan","x":179,"y":297},"17":{"angle":-3.007616950833174e-2,"type":"anvil","x":374,"y":427},"49":{"angle":8.15111922792454e-2,"type":"board","x":573,"y":285},"18":{"angle":-0.15224717061018844,"type":"board","x":323,"y":240},"50":{"angle":1.3722084696028183,"type":"brick","x":460,"y":632},"19":{"angle":-2.627583934170582,"type":"sword","x":547,"y":371},"51":{"angle":0.46289352823529334,"type":"brick","x":433,"y":595},"21":{"angle":-1.5714120902638706,"type":"board","x":698,"y":481},"53":{"angle":2.082095282620153,"type":"prism","x":678.278425,"y":262},"22":{"angle":0.7314005961220609,"type":"brick","x":705.6790145,"y":596},"54":{"angle":0,"type":"board","x":652.5,"y":282},"55":{"angle":0,"type":"board","x":652.5,"y":257},"56":{"angle":0,"type":"brick","x":665,"y":237},"25":{"angle":-1.458266789902031,"type":"board","x":519,"y":643},"57":{"angle":0,"type":"brick","x":668,"y":212},"26":{"angle":-1.4192030116241698,"type":"board","x":541,"y":471},"58":{"angle":-0.9227652496244181,"type":"prism","x":619,"y":388},"27":{"angle":-0.12940449431279705,"type":"brick","x":321,"y":465},"59":{"angle":0.1347400392986909,"type":"board","x":622,"y":382},"28":{"angle":-0.13877295229991737,"type":"brick","x":285,"y":470},"60":{"angle":1.7130229462182625,"type":"brick","x":603,"y":419},"29":{"angle":-0.15842793703845973,"type":"brick","x":192,"y":513},"61":{"angle":1.699098835349241,"type":"brick","x":627,"y":421},"30":{"angle":-0.9248935414424634,"type":"board","x":59.855013,"y":75.2910175},"62":{"angle":1.7089463480034628,"type":"brick","x":650,"y":422},"63":{"angle":0.38244193021556566,"type":"board","x":290,"y":549}}},"snapshot":{"balls":[{"age":1187,"angle":0.4913070797920227,"type":2,"va":0,"vx":0,"vy":0,"x":7.265960216522217,"y":-11.203193664550781},{"age":5,"angle":-2.203202724456787,"type":2,"va":-2.124953508377075,"vx":0.7840911149978638,"vy":-0.7036762237548828,"x":14.57548713684082,"y":-11.758499145507812},{"age":499,"angle":-1.0549602508544922,"type":1,"va":-7.908472061157227,"vx":-1.3885893821716309,"vy":-5.473021507263184,"x":9.631489753723145,"y":-9.058927536010742},{"age":400,"angle":1.0935109853744507,"type":1,"va":-29.204160690307617,"vx":5.510766506195068,"vy":-1.3350907564163208,"x":10.179550170898438,"y":-7.510861396789551},{"age":398,"angle":-2.2437870502471924,"type":2,"va":0.26636841893196106,"vx":-1.3601332902908325,"vy":-0.16248953342437744,"x":14.61356258392334,"y":-7.2462286949157715},{"age":286,"angle":1.3179327249526978,"type":1,"va":23.48783302307129,"vx":-3.6822540760040283,"vy":-0.6303905248641968,"x":6.735318660736084,"y":-4.41630744934082},{"age":292,"angle":-1.8113224506378174,"type":2,"va":2.5825135707855225,"vx":1.1913022957742214e-2,"vy":-0.895429790019989,"x":4.3673295974731445,"y":-4.874183177947998},{"age":169,"angle":-1.7823342084884644,"type":1,"va":13.133350372314453,"vx":-2.0592188835144043,"vy":-0.34481215476989746,"x":12.104484558105469,"y":-3.640007972717285},{"age":185,"angle":-4.042286053299904e-2,"type":2,"va":15.374970436096191,"vx":-2.338334083557129,"vy":1.1026332378387451,"x":8.687000274658203,"y":-3.9148361682891846},{"age":74,"angle":-1.9854568243026733,"type":1,"va":3.483574151992798,"vx":-0.5481850504875183,"vy":-8.295425027608871e-2,"x":14.165708541870117,"y":-3.3275961875915527}],"widgets":{}}}