{"puzzle":{"reqTiles":["Up"],"inputs":[{"x":0.65,"y":0.0,"balls":[{"type":4,"rate":0.8359375}]},{"x":1.0,"y":0.8,"balls":[{"type":1,"rate":0.70068359375}]}],"outputs":[{"x":0.65,"y":1.0,"balls":[{"type":1,"rate":0.72119140625}]},{"x":1.0,"y":0.5,"balls":[{"type":4,"rate":0.8359375}]}],"spec":{}},"blueprint":{"puzzle":"80f538f7-485d-5cd0-934b-a450cad8c25f","title":"bogosort","submittedAt":"2024-04-26T10:11:46.188866747Z","widgets":{"0":{"angle":-1.4820577683100844,"type":"fan","x":109,"y":713.26914},"1":{"angle":-0.21897013952195565,"type":"board","x":432,"y":117},"33":{"angle":-3.118822812037364,"type":"fan","x":618.809,"y":414},"2":{"angle":-0.21068533650935933,"type":"board","x":270,"y":153},"34":{"angle":-1.5191008241902832,"type":"fan","x":405,"y":533},"3":{"angle":-0.19376449374561136,"type":"board","x":133,"y":182},"35":{"angle":-0.10296537417494538,"type":"board","x":335,"y":440},"4":{"angle":1.562301690196994,"type":"board","x":9.742964,"y":87.5733025},"36":{"angle":-1.514538064817565,"type":"fan","x":553,"y":649.429},"5":{"angle":1.5542578259006905,"type":"board","x":10.4458158,"y":260},"37":{"angle":1.5995137440502094,"type":"board","x":598,"y":506},"6":{"angle":1.5599618240511663,"type":"board","x":9.9474777,"y":430},"38":{"angle":-1.6052654277944047,"type":"fan","x":562,"y":650.222},"7":{"angle":1.5722393272363346,"type":"board","x":9.1262448,"y":603},"39":{"angle":-1.5251375315981166,"type":"fan","x":180,"y":471},"8":{"angle":0.36344708208217413,"type":"board","x":85.9837,"y":643},"40":{"angle":-1.5311289809765392,"type":"board","x":171,"y":358},"9":{"angle":1.553556655600367,"type":"board","x":56,"y":285},"41":{"angle":-0.23613269141843773,"type":"fan","x":144,"y":253},"10":{"angle":1.5678216206460445,"type":"board","x":58,"y":450},"42":{"angle":-0.30332849126638717,"type":"board","x":362,"y":262},"11":{"angle":0,"type":"fan","x":90,"y":486},"43":{"angle":-0.647281809116272,"type":"board","x":137,"y":519},"12":{"angle":1.3506015565016602,"type":"board","x":96,"y":364},"44":{"angle":0.30939768259902517,"type":"board","x":519,"y":264},"13":{"angle":0.11141738826369545,"type":"board","x":437,"y":518},"45":{"angle":-1.7537079210298345,"type":"fan","x":630,"y":313},"14":{"angle":0.189746141425353,"type":"board","x":369,"y":693.195},"46":{"angle":1.1471274049173812,"type":"board","x":540,"y":152},"15":{"angle":1.5881109144031278,"type":"board","x":57,"y":494},"47":{"angle":-2.548230819407521,"type":"fan","x":670,"y":181},"16":{"angle":-1.5103097067811433,"type":"fan","x":208,"y":714.2761103},"48":{"angle":-2.4796295217971656,"type":"fan","x":672,"y":187},"17":{"angle":-3.704550109464909e-2,"type":"board","x":203,"y":450},"49":{"angle":-0.22219883923288128,"type":"board","x":472,"y":298},"18":{"angle":0.11736023464027724,"type":"board","x":202,"y":666},"19":{"angle":1.218325093655169,"type":"board","x":467,"y":639},"51":{"angle":-1.5262462841477074,"type":"fan","x":307,"y":712.327},"52":{"angle":0,"type":"fan","x":619,"y":421},"21":{"angle":-1.6110704124953013,"type":"fan","x":478,"y":596},"53":{"angle":-1.7733859331219932,"type":"board","x":642.012,"y":211},"54":{"angle":-0.16130587991784237,"type":"board","x":356,"y":323},"24":{"angle":-2.9182613577608834,"type":"board","x":631,"y":384},"25":{"angle":-1.5492942648086654,"type":"board","x":534,"y":510},"27":{"angle":-4.882727695416833e-2,"type":"fan","x":274,"y":318},"28":{"angle":-1.5442068501423618,"type":"fan","x":556,"y":645.511},"29":{"angle":-0.12224396295530715,"type":"board","x":652.0555525,"y":623},"30":{"angle":1.5002369648945186,"type":"board","x":535,"y":639},"31":{"angle":0.7395013991627695,"type":"board","x":586,"y":404}}},"snapshot":{"balls":[{"age":1748,"angle":2.315423011779785,"type":1,"va":-6.930325031280518,"vx":-0.922065258026123,"vy":-4.710302829742432,"x":6.364228248596191,"y":-11.906167984008789},{"age":1508,"angle":-2.4230880737304688,"type":1,"va":1.5685076713562012,"vx":5.073111057281494,"vy":-1.0208512544631958,"x":9.4625825881958,"y":-7.035147666931152},{"age":1433,"angle":2.6608660221099854,"type":1,"va":-4.022979259490967,"vx":0.5500541925430298,"vy":-3.1983838081359863,"x":7.282905578613281,"y":-12.947029113769531},{"age":1201,"angle":-2.70703387260437,"type":1,"va":-8.209513664245605,"vx":1.2786866426467896,"vy":-0.2455814778804779,"x":8.424737930297852,"y":-13.719985961914062},{"age":1137,"angle":-3.118482828140259,"type":1,"va":14.246305465698242,"vx":-2.205258846282959,"vy":-0.5234551429748535,"x":7.881186485290527,"y":-2.162410020828247},{"age":1060,"angle":-0.38844239711761475,"type":1,"va":11.950342178344727,"vx":-2.0289647579193115,"vy":-0.4644722640514374,"x":4.591131687164307,"y":-2.887084484100342},{"age":1008,"angle":9.351512044668198e-2,"type":4,"va":-6.1269707679748535,"vx":0.9265395402908325,"vy":-0.21043553948402405,"x":13.00611686706543,"y":-7.420609951019287},{"age":942,"angle":2.1758475303649902,"type":1,"va":13.880326271057129,"vx":-2.1604831218719482,"vy":-0.45664238929748535,"x":2.066136121749878,"y":-3.4118456840515137},{"age":885,"angle":0.6335982084274292,"type":4,"va":20.841480255126953,"vx":-5.589905261993408,"vy":-1.2960271835327148,"x":9.963885307312012,"y":-7.64500617980957},{"age":832,"angle":-2.4571263790130615,"type":1,"va":9.770176887512207,"vx":-1.5180363655090332,"vy":-0.2978789806365967,"x":1.1864534616470337,"y":-3.5843985080718994},{"age":829,"angle":0.33630090951919556,"type":4,"va":-21.452022552490234,"vx":0.9254377484321594,"vy":0.3191329836845398,"x":10.401906967163086,"y":-6.220120429992676},{"age":366,"angle":-1.0786460638046265,"type":1,"va":9.77905559539795,"vx":-1.5194382667541504,"vy":-0.29815396666526794,"x":0.873276948928833,"y":-3.645852565765381},{"age":729,"angle":3.103339672088623,"type":4,"va":22.502946853637695,"vx":6.793859481811523,"vy":-0.2686702311038971,"x":10.04955768585205,"y":-6.528438091278076},{"age":667,"angle":-2.8862314224243164,"type":1,"va":-10.421706199645996,"vx":-1.5059268474578857,"vy":4.853775978088379,"x":8.484224319458008,"y":-7.691777229309082},{"age":640,"angle":1.6467173099517822,"type":4,"va":4.492311954498291,"vx":-6.759438663721085e-2,"vy":-1.4910528659820557,"x":7.136793613433838,"y":-13.40710735321045},{"age":551,"angle":-3.052605390548706,"type":1,"va":4.749377727508545,"vx":-5.729680061340332,"vy":6.043899059295654,"x":11.10213565826416,"y":-2.742884397506714},{"age":565,"angle":0.9371426105499268,"type":4,"va":4.128926753997803,"vx":9.340163320302963e-2,"vy":-4.2622551918029785,"x":0.6386950016021729,"y":-6.766480445861816},{"age":519,"angle":0.2504997253417969,"type":4,"va":4.609877586364746,"vx":0.15240347385406494,"vy":-3.7691993713378906,"x":0.5992546677589417,"y":-5.546071529388428},{"age":466,"angle":1.1506659984588623,"type":4,"va":3.161942720413208,"vx":0.30686646699905396,"vy":-2.770172595977783,"x":0.5479593276977539,"y":-4.540771961212158},{"age":429,"angle":1.1242998838424683,"type":1,"va":-1.0744996070861816,"vx":8.079875946044922,"vy":0.7221444249153137,"x":8.463215827941895,"y":-2.8764472007751465},{"age":403,"angle":-1.8384160995483398,"type":4,"va":7.6540446281433105,"vx":-0.8680899143218994,"vy":-1.9011071920394897,"x":0.6276106834411621,"y":-3.904517889022827},{"age":338,"angle":-1.798996090888977,"type":1,"va":3.9865012168884277,"vx":-0.2651683986186981,"vy":4.6118268966674805,"x":4.388224124908447,"y":-7.7802734375},{"age":313,"angle":-0.2224864959716797,"type":4,"va":13.90101432800293,"vx":-2.1116137504577637,"vy":-0.4401680529117584,"x":1.7538131475448608,"y":-3.4732539653778076},{"age":245,"angle":7.972218096256256e-2,"type":1,"va":-21.576526641845703,"vx":2.3540284633636475,"vy":-2.2678143978118896,"x":3.8454229831695557,"y":-8.237276077270508},{"age":255,"angle":-2.646461009979248,"type":4,"va":11.493650436401367,"vx":-1.9808639287948608,"vy":-0.42362457513809204,"x":4.279574394226074,"y":-2.9538612365722656},{"age":204,"angle":0.8295093774795532,"type":4,"va":10.966707229614258,"vx":-1.6545190811157227,"vy":-0.35383132100105286,