{"puzzle":{"reqTiles":["Up"],"inputs":[{"x":0.5,"y":0.0,"balls":[{"type":4,"rate":1.0}]}],"outputs":[{"x":0.2,"y":1.0,"balls":[{"type":4,"rate":1.0}]}],"spec":{}},"blueprint":{"puzzle":"172e5b61-0fc6-557c-9106-156352099eff","title":"Mostly air pressure","submittedAt":"2024-04-07T07:17:02.932577514Z","widgets":{"32":{"angle":2.032334401336037,"sticker":"figure3-happy","type":"sticker","x":136,"y":96},"33":{"angle":-0.30191383876997063,"type":"board","x":327,"y":580},"34":{"angle":2.4917735044893186,"type":"board","x":75.1122745,"y":87},"35":{"angle":-0.651732643783657,"type":"board","x":109,"y":60.2297435},"5":{"angle":1.4544375460629564,"type":"board","x":334,"y":104},"8":{"angle":-2.3349211041682847,"type":"fan","x":417,"y":313},"9":{"angle":-0.7178996835824728,"type":"fan","x":43.3676,"y":404},"41":{"angle":0,"type":"cup","x":227,"y":452},"10":{"angle":0,"type":"fan","x":268,"y":411},"42":{"angle":0,"type":"brick","x":227,"y":487},"11":{"angle":0,"type":"fan","x":283,"y":466},"12":{"angle":-1.5767890212252036,"type":"fan","x":475,"y":510},"13":{"angle":-1.5698277407322259,"type":"fan","x":528,"y":495},"14":{"angle":-1.5810000542888505,"type":"board","x":577,"y":407},"15":{"angle":0,"type":"fan","x":440,"y":257},"16":{"angle":-1.6397993985100894,"type":"fan","x":700.9689673,"y":713.9703725},"17":{"angle":-1.6216587953555714,"type":"fan","x":648,"y":714.6238668},"18":{"angle":-0.28095091077550816,"type":"board","x":469,"y":537},"19":{"angle":-0.2829385618666382,"type":"board","x":511,"y":587},"20":{"angle":-0.2872839197803314,"type":"board","x":358,"y":633},"22":{"angle":-2.641415616132227,"type":"fan","x":269,"y":695.8236715},"23":{"angle":1.065399255953072,"type":"fan","x":54.6226,"y":573},"24":{"angle":0,"type":"brick","x":229,"y":726.5},"25":{"angle":0.21478879931161152,"type":"brick","x":66,"y":719.5634225},"26":{"angle":0.20056931709753217,"type":"brick","x":36.0079665,"y":714},"27":{"angle":-0.14258174556942338,"sticker":"figure1-happy","type":"sticker","x":485,"y":668.138055},"29":{"angle":0,"sticker":"cat","type":"sticker","x":53,"y":688},"30":{"angle":0,"sticker":"squobject","type":"sticker","x":616,"y":414},"31":{"angle":0,"type":"brick","x":603,"y":452}}},"snapshot":{"balls":[{"age":1692,"angle":-2.7447140216827393,"type":4,"va":4.861525058746338,"vx":-0.28405818343162537,"vy":0.2528013288974762,"x":13.639062881469727,"y":-9.989251136779785},{"age":1545,"angle":1.1964809894561768,"type":4,"va":8.95565128326416,"vx":-1.328271508216858,"vy":-0.3924461007118225,"x":6.363483428955078,"y":-12.542527198791504},{"age":1372,"angle":-0.6466115713119507,"type":4,"va":1.057530403137207,"vx":0.4490432143211365,"vy":-1.092763900756836,"x":2.5200083255767822,"y":-14.361973762512207},{"age":1318,"angle":-3.0010862350463867,"type":4,"va":7.065522193908691,"vx":-1.0514569282531738,"vy":-0.30569690465927124,"x":10.987344741821289,"y":-11.164451599121094},{"age":1262,"angle":-1.3349502086639404,"type":4,"va":8.880533218383789,"vx":-1.3171944618225098,"vy":-0.389174222946167,"x":7.508668422698975,"y":-12.204170227050781},{"age":1176,"angle":1.3469414710998535,"type":4,"va":-0.6381238698959351,"vx":-0.24036529660224915,"vy":-1.4687612652778625e-2,"x":12.08427906036377,"y":-10.01303482055664},{"age":1131,"angle":1.5462725162506104,"type":4,"va":-1.7624330520629883,"vx":-0.12743014097213745,"vy":-2.621382236480713,"x":11.76365852355957,"y":-10.708335876464844},{"age":1080,"angle":2.398925304412842,"type":4,"va":8.132939338684082,"vx":-1.2087234258651733,"vy":-0.3514263927936554,"x":10.03609561920166,"y":-11.44106674194336},{"age":1024,"angle":-2.9581990242004395,"type":4,"va":-6.147373676300049,"vx":-0.3577883243560791,"vy":0.2585648000240326,"x":12.391511917114258,"y":-10.180939674377441},{"age":973,"angle":2.5113980770111084,"type":4,"va":8.706759452819824,"vx":-1.2934836149215698,"vy":-0.37606796622276306,"x":8.672497749328613,"y":-11.837545394897461},{"age":897,"angle":0.7585593461990356,"type":4,"va":7.5782856941223145,"vx":-0.11452608555555344,"vy":9.437347948551178e-2,"x":13.158825874328613,"y":-9.659364700317383},{"age":821,"angle":-2.0304059982299805,"type":4,"va":-4.130582809448242,"vx":-0.5233175754547119,"vy":-0.3135683536529541,"x":12.927148818969727,"y":-9.437968254089355},{"age":759,"angle":2.5205764770507812,"type":4,"va":-4.970993995666504,"vx":-0.700560986995697,"vy":0.8273112773895264,"x":13.724726676940918,"y":-10.556312561035156},{"age":718,"angle":1.5463753938674927,"type":4,"va":4.752113342285156,"vx":-0.1560036838054657,"vy":0.10622023046016693,"x":12.516495704650879,"y":-9.886480331420898},{"age":629,"angle":-0.3757821321487427,"type":4,"va":-6.248429298400879,"vx":5.2731212228536606e-2,"vy":-0.533241868019104,"x":14.204228401184082,"y":-10.002233505249023},{"age":551,"angle":0.7625530958175659,"type":4,"va":-16.519054412841797,"vx":0.48230552673339844,"vy":-3.975236415863037,"x":13.848230361938477,"y":-6.600229263305664},{"age":494,"angle":-0.6063542366027832,"type":4,"va":-44.58279800415039,"vx":9.194231033325195,"vy":1.2762056589126587,"x":12.540218353271484,"y":-4.762279510498047},{"age":409,"angle":-1.3669193983078003,"type":4,"va":0.669816255569458,"vx":1.6385399103164673,"vy":-3.3822989463806152,"x":7.077452659606934,"y":-6.977867126464844},{"age":353,"angle":0.7231884002685547,"type":4,"va":-2.022292137145996,"vx":-0.40624162554740906,"vy":-4.223303318023682,"x":2.309359550476074,"y":-5.503306865692139},{"age":305,"angle":1.5278759002685547,"type":4,"va":-2.692535400390625,"vx":-2.207289457321167,"vy":-2.125239849090576,"x":2.267286777496338,"y":-3.3365752696990967},{"age":224,"angle":1.0232141017913818,"type":4,"va":-3.2644331455230713,"vx":6.2507548332214355,"vy":0.9133938550949097,"x":5.644752502441406,"y":-5.374475002288818},{"age":171,"angle":-2.7094810009002686,"type":4,"va":-3.6857683658599854,"vx":-2.1425859928131104,"vy":-1.9396185874938965,"x":2.912224769592285,"y":-3.238433837890625},{"age":116,"angle":2.2357561588287354,"type":4,"va":-2.938225030899048,"vx":-7.113376140594482,"vy":2.7171459197998047,"x":5.687836170196533,"y":-3.9446911811828613},{"age":32,"angle":0.6677592992782593,"type":4,"va":0.5971059203147888,"vx":-3.788095712661743e-2,"vy":-3.0388214588165283,"x":7.390722274780273,"y":-0.8711516857147217}],"widgets":{}}}