{"puzzle":{"reqTiles":["Up"],"inputs":[{"x":0.65,"y":0.0,"balls":[{"type":3,"rate":1.0}]}],"outputs":[{"x":0.8,"y":1.0,"balls":[{"type":3,"rate":1.0}]}],"spec":{}},"blueprint":{"puzzle":"e6317c47-514b-55fb-b6be-39b7ba98eff0","title":"an absolutely necessarily complicated machine","submittedAt":"2024-04-13T19:41:30.527828675Z","widgets":{"0":{"angle":0,"catMass":2,"type":"catswat","x":464,"y":322},"32":{"angle":0.7559366233966778,"type":"brick","x":41,"y":453},"33":{"angle":0,"type":"brick","x":156,"y":470},"2":{"angle":-1.2729462468522124,"type":"board","x":383,"y":653.711431},"34":{"angle":0,"type":"brick","x":93,"y":472},"3":{"angle":1.5073700710153655,"type":"board","x":500,"y":652.1055092},"35":{"angle":-0.3968954914415533,"type":"brick","x":69,"y":302},"67":{"angle":0.8781824220500786,"type":"prism","x":271,"y":197},"4":{"angle":1.0005359491311796,"type":"board","x":456,"y":661.487341},"5":{"angle":1.983068733634322,"type":"board","x":437,"y":503},"69":{"angle":2.68171653110823,"type":"brick","x":176,"y":202},"6":{"angle":1.3759232926225018,"type":"board","x":483,"y":509},"38":{"angle":0,"type":"lefthook","x":296.317,"y":427.792},"70":{"angle":1.9095464692283308,"type":"brick","x":149,"y":237},"7":{"angle":1.4296808207009861,"type":"board","x":436,"y":473},"71":{"angle":0.86947405438473,"type":"brick","x":155,"y":279},"11":{"angle":0,"type":"anvil","x":450,"y":369},"75":{"angle":0.8632609746375718,"type":"prism","x":415,"y":298},"12":{"angle":1.495940917777876,"type":"board","x":477,"y":472},"44":{"angle":1.5581511256352418,"type":"sword","x":225,"y":569},"76":{"type":"roundbumper","x":190,"y":302},"45":{"angle":-1.5606277965432163,"type":"fan","x":225,"y":615},"46":{"angle":1.5535401325931175,"type":"fan","x":227,"y":532},"47":{"angle":0.8460115800781485,"type":"brick","x":208,"y":488},"79":{"angle":0.7036693923178258,"type":"prism","x":245,"y":295},"48":{"angle":-7.29206951272496,"type":"prism","x":81.625,"y":639.075},"80":{"angle":-0.10291621513442459,"type":"leftbumper","x":296,"y":215},"81":{"angle":-2.5214880611868264,"type":"rightbumper","x":273,"y":316},"18":{"angle":-1.5648076285969976,"type":"sword","x":226,"y":579},"50":{"height":25,"type":"attractor","width":25,"x":92.5,"y":700.5},"82":{"angle":1.89096338964565,"type":"ballstand","x":318,"y":277},"51":{"height":10,"type":"repulsor","width":150,"x":97,"y":537},"83":{"angle":0,"type":"board","x":87.5,"y":181},"52":{"angle":2.138649144007483,"type":"prism","x":107,"y":597},"84":{"angle":0,"sticker":"figure3-sad","type":"sticker","x":91,"y":105},"85":{"angle":-0.3849734391559721,"sticker":"squobject","type":"sticker","x":51,"y":266},"54":{"angle":0,"type":"board","x":93,"y":620},"55":{"angle":1.5895603315875237,"type":"brick","x":168,"y":641},"56":{"angle":0,"type":"brick","x":189,"y":686},"25":{"angle":0,"speed":-26,"type":"spokedwheel","x":117.018,"y":381},"57":{"angle":0,"type":"brick","x":255,"y":684},"58":{"angle":1.5491880432217482,"type":"brick","x":258,"y":668},"27":{"angle":0,"sticker":"determinism","type":"sticker","x":226,"y":687},"59":{"angle":1.5726102421113426,"type":"brick","x":209,"y":670},"60":{"angle":1.553104265354715,"type":"brick","x":298,"y":665},"29":{"angle":0,"type":"brick","x":130,"y":289},"61":{"angle":1.5646239424359842,"type":"brick","x":214,"y":669},"30":{"angle":2.0886717215338657,"type":"brick","x":33,"y":344},"62":{"type":"roundbumper","x":199,"y":190},"31":{"angle":1.538923271408383,"type":"brick","x":20,"y":403}}},"snapshot":{"balls":[{"age":1632,"angle":-2.9461586475372314,"type":3,"va":0,"vx":0,"vy":0,"x":13.935829162597656,"y":-14.62130355834961},{"age":1558,"angle":-2.8313019275665283,"type":3,"va":0,"vx":0,"vy":0,"x":13.611102104187012,"y":-14.621301651000977},{"age":1393,"angle":-2.9690167903900146,"type":3,"va":0,"vx":0,"vy":0,"x":10.443881034851074,"y":-14.62130355834961},{"age":1174,"angle":-1.5162880420684814,"type":3,"va":0,"vx":0,"vy":0,"x":14.608924865722656,"y":-14.621301651000977},{"age":1132,"angle":1.5620851516723633,"type":3,"va":0,"vx":0,"vy":0,"x":13.27940559387207,"y":-14.62130355834961},{"age":896,"angle":-2.6468775272369385,"type":3,"va":0,"vx":0,"vy":0,"x":10.763547897338867,"y":-14.621301651000977},{"age":661,"angle":-0.6999614834785461,"type":3,"va":0,"vx":0,"vy":0,"x":9.2341890335083,"y":-5.901963233947754},{"age":391,"angle":1.057753086090088,"type":3,"va":0,"vx":0,"vy":0,"x":9.513956069946289,"y":-6.7213029861450195},{"age":178,"angle":1.6403498649597168,"type":3,"va":8.627311706542969,"vx":-1.8342933654785156,"vy":-10.452696800231934,"x":12.928299903869629,"y":-11.192106246948242},{"age":110,"angle":1.0017915964126587,"type":3,"va":-19.426523208618164,"vx":7.617364883422852,"vy":-0.9416110515594482,"x":12.903162002563477,"y":-5.472492694854736},{"age":37,"angle":-1.1754823923110962,"type":3,"va":-3.348372459411621,"vx":1.7344852909445763e-2,"vy":-3.360149383544922,"x":9.624924659729004,"y":-0.6563498973846436}],"widgets":{"0":{"angle":0,"key":"0","va":0,"vx":0,"vy":0,"x":9.279999732971191,"y":-6.440000057220459},"25":{"angle":2.688971996307373,"key":"25","va":-2.9892361164093018,"vx":0,"vy":0,"x":2.340359926223755,"y":-7.619999885559082},"38":{"angle":0.22072245180606842,"key":"38","va":-1.1760722398757935,"vx":0,"vy":0,"x":5.919323444366455,"y":-8.330473899841309}}}}