{"puzzle":{"reqTiles":["Up","Left"],"inputs":[{"x":0.65,"y":0.0,"balls":[{"type":1,"rate":1.0}]},{"x":0.0,"y":0.35,"balls":[{"type":2,"rate":0.5}]}],"outputs":[{"x":0.35,"y":1.0,"balls":[{"type":2,"rate":0.5}]},{"x":0.0,"y":0.5,"balls":[{"type":1,"rate":1.0}]}],"spec":{}},"blueprint":{"puzzle":"6f3a24c9-ac25-5872-a0b7-1c1e7bb9bea2","title":"Junction","submittedAt":"2024-04-07T04:29:26.662324252Z","widgets":{"32":{"angle":0.12317339303697639,"type":"board","x":141,"y":401},"33":{"angle":0,"type":"board","x":376,"y":397},"34":{"angle":-6.000224165201073e-2,"type":"board","x":140,"y":340},"35":{"angle":0,"type":"board","x":396,"y":342},"4":{"angle":3.2970295266842524,"type":"board","x":87.838408,"y":285},"36":{"angle":0,"type":"board","x":536,"y":342},"5":{"angle":0,"type":"board","x":87.5,"y":234},"37":{"angle":0.1172145528171636,"type":"board","x":544,"y":408},"6":{"angle":0.30068051780731814,"type":"fan","x":33.5520475,"y":194},"7":{"angle":-0.3556808265458147,"type":"fan","x":35.0877225,"y":312},"39":{"angle":1.6170973017525854,"type":"brick","x":626,"y":297},"8":{"angle":-1.5639972906736133,"type":"leftbumper","x":272,"y":252},"40":{"angle":1.57150665784031,"type":"brick","x":704,"y":289},"9":{"angle":0,"type":"board","x":158,"y":236},"41":{"angle":1.5675831265027733,"type":"brick","x":323,"y":306},"10":{"angle":0,"type":"board","x":135,"y":279},"42":{"angle":1.576295585190353,"type":"brick","x":211,"y":304},"43":{"angle":-2.7618264171443023,"type":"fan","x":667,"y":441},"12":{"angle":1.5637589213993641,"type":"board","x":229,"y":652.4388513},"44":{"angle":3.0464442887751937,"type":"fan","x":616,"y":315},"13":{"angle":1.475016111129094,"type":"board","x":221,"y":491},"45":{"angle":3.2517708981723974,"type":"fan","x":184,"y":435},"14":{"angle":1.5767753338631483,"type":"board","x":283,"y":652.447765},"46":{"angle":1.2679729041579433,"type":"fan","x":181,"y":484},"15":{"angle":1.653975080729216,"type":"board","x":295,"y":480},"47":{"angle":1.8825196906013484,"type":"fan","x":353,"y":437},"48":{"angle":1.5593326976690074,"type":"fan","x":672,"y":74},"49":{"angle":0,"sticker":"squobject","type":"sticker","x":122,"y":201},"18":{"angle":1.5882566915923522,"type":"board","x":453,"y":87.64375},"19":{"angle":1.575411800119586,"type":"board","x":510,"y":87.5405758},"20":{"angle":0,"type":"rightbumper","x":466,"y":212},"21":{"angle":0,"type":"board","x":584,"y":171},"22":{"angle":0,"type":"board","x":524,"y":252},"54":{"angle":0,"sticker":"figure2-happy","type":"sticker","x":344,"y":667.5},"23":{"angle":0,"type":"fan","x":411,"y":206},"55":{"angle":0,"sticker":"figure1-happy","type":"sticker","x":170,"y":673},"24":{"angle":1.2877152787704271,"type":"fan","x":415,"y":33.038989},"25":{"angle":1.9509430488926771,"type":"fan","x":545,"y":38.5153},"26":{"angle":3.1013101118411974,"type":"rightbumper","x":679,"y":210},"58":{"height":10,"type":"attractor","width":150,"x":462,"y":261},"27":{"angle":0,"type":"board","x":563,"y":254},"59":{"height":10,"type":"attractor","width":150,"x":290,"y":210},"28":{"angle":0,"type":"leftbumper","x":689,"y":384},"60":{"height":10,"type":"attractor","width":150,"x":665,"y":132},"29":{"angle":3.145662168674972,"type":"fan","x":716.3475893,"y":367},"30":{"angle":-7.281414027800236e-2,"type":"board","x":87.9228992,"y":412},"31":{"angle":0,"type":"board","x":87.5,"y":333}}},"snapshot":{"balls":[{"age":2,"angle":-2.3874430656433105,"type":2,"va":5.8053743146047054e-8,"vx":8.351873606443405e-3,"vy":-0.1902317851781845,"x":5.186465740203857,"y":-14.52441692352295},{"age":99,"angle":1.3799586296081543,"type":1,"va":35.96277618408203,"vx":-30.043949127197266,"vy":5.729654788970947,"x":10.361812591552734,"y":-7.702681064605713},{"age":24,"angle":-0.11079587042331696,"type":1,"va":-5.8769550174474716e-2,"vx":0.3608775734901428,"vy":-0.7578859925270081,"x":9.641090393066406,"y":-3.79464216530323e-2}],"widgets":{}}}