{"puzzle":{"reqTiles":["Up","Left"],"inputs":[{"x":0.5,"y":0.0,"balls":[{"type":4,"rate":1.0}]},{"x":0.0,"y":0.8,"balls":[{"type":2,"rate":0.84375}]}],"outputs":[{"x":0.5,"y":1.0,"balls":[{"type":2,"rate":0.84375}]},{"x":0.0,"y":0.2,"balls":[{"type":4,"rate":1.0}]}],"spec":{}},"blueprint":{"puzzle":"77094e11-6501-505d-bd90-d0f698cc55ae","title":"Cats & Cannons","submittedAt":"2024-04-08T19:20:55.803708088Z","widgets":{"0":{"angle":0.351993781829389,"type":"board","x":429,"y":60},"32":{"angle":0,"catMass":2,"type":"catswat","x":34.5,"y":514},"1":{"angle":0.351024600962584,"type":"board","x":577,"y":115},"33":{"angle":0,"catMass":2,"type":"catswat","x":34.5,"y":331},"2":{"angle":-0.2318793596705419,"type":"board","x":652.5,"y":193},"34":{"angle":0,"sticker":"cat","type":"sticker","x":203,"y":523},"3":{"angle":-0.3299325133994525,"type":"board","x":501,"y":238},"35":{"angle":0,"sticker":"cat","type":"sticker","x":675,"y":38},"4":{"angle":-0.34823508359448424,"type":"board","x":353,"y":292},"5":{"angle":-1.5712486709713775,"type":"rightbumper","x":236,"y":340},"6":{"angle":-1.6438287215222867,"type":"fan","x":146,"y":381},"7":{"angle":-1.5740946474329207,"type":"fan","x":37.5773228,"y":384},"8":{"angle":-1.6430549445666973,"type":"fan","x":91,"y":382},"9":{"angle":0.16142453716922153,"type":"brick","x":35.72774,"y":622},"10":{"angle":-0.5700294669313772,"type":"board","x":151,"y":645},"11":{"angle":-9.497149496726269e-2,"type":"rightbumper","x":55,"y":676},"12":{"angle":-0.5463203167245031,"type":"board","x":179,"y":578},"13":{"angle":-0.5740717755187329,"type":"board","x":194,"y":617},"14":{"angle":2.577966860135184,"type":"brick","x":130,"y":599},"15":{"angle":-0.5096225107977641,"type":"brick","x":47,"y":652},"17":{"angle":1.5400865355304914,"type":"fan","x":677.908,"y":77},"18":{"angle":1.574055486687867,"type":"brick","x":629,"y":545},"19":{"angle":-1.5557952620350355,"type":"brick","x":584,"y":537},"21":{"angle":5.139922068448954,"type":"rightbumper","x":603,"y":642},"22":{"angle":0.3997810982427975,"type":"board","x":492,"y":567},"23":{"angle":1.5565506082713922,"type":"brick","x":629,"y":603},"24":{"angle":1.6079040876480057,"type":"brick","x":582,"y":626},"25":{"angle":1.5778852442148852,"type":"board","x":589,"y":451},"26":{"angle":1.5809287543121446,"type":"board","x":628,"y":450},"27":{"angle":0,"catMass":2,"type":"catswat","x":131,"y":716},"29":{"angle":-3.1411572557725256,"type":"fan","x":716.4836726,"y":702.4897681},"31":{"angle":-0.5301960751330255,"type":"board","x":171,"y":566}}},"snapshot":{"balls":[{"age":1741,"angle":2.278878927230835,"type":2,"va":0.45511674880981445,"vx":-6.681627780199051e-2,"vy":1.0387282145529753e-6,"x":8.730793952941895,"y":-14.621444702148438},{"age":1561,"angle":0.5928249359130859,"type":2,"va":8.44591999053955,"vx":-1.1475740671157837,"vy":2.355694532394409,"x":11.678444862365723,"y":-7.100746154785156},{"age":1548,"angle":0.9347857236862183,"type":2,"va":-2.0690150260925293,"vx":0.22341598570346832,"vy":-1.0272639989852905,"x":6.605009078979492,"y":-14.303166389465332},{"age":1479,"angle":-0.36010268330574036,"type":4,"va":1.8279191106557846e-2,"vx":-0.26748770475387573,"vy":-0.1301695704460144,"x":0.5507859587669373,"y":-2.771324396133423},{"age":1425,"angle":-1.4272783994674683,"type":4,"va":0.39474475383758545,"vx":-0.19882194697856903,"vy":-0.11974194645881653,"x":0.5596510171890259,"y":-3.0930442810058594},{"age":1366,"angle":-2.9815456867218018,"type":2,"va":-3.046330213546753,"vx":-0.10338953882455826,"vy":4.326025024056435e-3,"x":8.411101341247559,"y":-14.59040641784668},{"age":1260,"angle":-2.5837998390197754,"type":2,"va":-6.362640380859375,"vx":0.9315977096557617,"vy":-0.3936270773410797,"x":11.440361022949219,"y":-11.648743629455566},{"age":1281,"angle":-2.782573699951172,"type":4,"va":-3.48421573638916,"vx":-1.337805986404419,"vy":-4.953105002641678e-3,"x":1.3903942108154297,"y":-2.6696693897247314},{"age":1219,"angle":0.13456211984157562,"type":2,"va":-2.985889434814453,"vx":6.297122478485107,"vy":-2.782259702682495,"x":14.646142959594727,"y":-12.421605110168457},{"age":1199,"angle":2.1885204315185547,"type":4,"va":-0.1434977650642395,"vx":-0.2609899044036865,"vy":9.410475194454193e-2,"x":0.8560413718223572,"y":-2.971487522125244},{"age":1127,"angle":-0.668897271156311,"type":4,"va":4.523190498352051,"vx":-0.3384059965610504,"vy":-0.1892586052417755,"x":1.7191846370697021,"y":-2.7748851776123047},{"age":1085,"angle":-1.4661619663238525,"type":4,"va":0.69928377866745,"vx":-0.27363675832748413,"vy":0.10957947373390198,"x":1.1784418821334839,"y":-2.8955326080322266},{"age":988,"angle":-1.1861786842346191,"type":2,"va":1.864292025566101,"vx":-0.2969363331794739,"vy":-4.656612873077393e-10,"x":4.638832092285156,"y":-14.621325492858887},{"age":1011,"angle":4.970678687095642e-2,"type":4,"va":-0.2110517919063568,"vx":-0.291015625,"vy":5.27435801923275e-2,"x":0.954708456993103,"y":-2.6668601036071777},{"age":958,"angle":0.2889341711997986,"type":4,"va":-5.042959690093994,"vx":-0.3542326092720032,"vy":0.39297956228256226,"x":1.7825474739074707,"y":-2.4437267780303955},{"age":889,"angle":1.6715704202651978,"type":2,"va":29.769798278808594,"vx":-3.7764623165130615,"vy":23.542802810668945,"x":12.87594985961914,"y":-5.126967906951904},{"age":890,"angle":-0.3647173345088959,"type":4,"va":-1.2957556247711182,"vx":-0.19042782485485077,"vy":1.0302379727363586e-2,"x":1.483425498008728,"y":-2.9924569129943848},{"age":845,"angle":-1.3880149126052856,"type":2,"va":0.5794156193733215,"vx":-5.5837578773498535,"vy":-0.21339644491672516,"x":14.559182167053223,"y":-13.638894081115723},{"age":820,"angle":2.302563190460205,"type":4,"va":-2.7959063053131104,"vx":-0.25487837195396423,"vy":1.8934658765792847,"x":3.230440855026245,"y":-3.2139089107513428},{"age":748,"angle":-2.9447131156921387,"type":2,"va":-11.130791664123535,"vx":0.9003376364707947,"vy":-0.8065981268882751,"x":8.494142532348633,"y":-14.145894050598145},{"age":13,"angle":-0.21157269179821014,"type":4,"va":-1.1398591995239258,"vx":-0.7315056324005127,"vy":-0.13620825111865997,"x":0.12517794966697693,"y":-2.985201120376587},{"age":733,"angle":-1.2089177370071411,"type":4,"va":7.573160648345947,"vx":0.24989213049411774,"vy":2.933983564376831,"x":2.0610263347625732,"y":-2.707709312438965},{"age":659,"angle":2.736819267272949,"type":2,"va":0.6148620843887329,"vx":-7.256666570901871e-2,"vy":3.5715786452783505e-6,"x":9.049513816833496,"y":-14.621081352233887},{"age":651,"angle":-2.7329330444335938,"type":4,"va":-2.5191917419433594,"vx":-0.21710780262947083,"vy":1.612807035446167,"x":2.1863555908203125,"y":-3.1053364276885986},{"age":569,"angle":-0.3385383188724518,"type":4,"va":10.899717330932617,"vx":-5.158326625823975,"vy":27.141468048095703,"x":4.9120869636535645,"y":-2.977572441101074},{"age":514,"angle":-2.8694710731506348,"type":4,"va":10.988359451293945,"vx":-1.5936150550842285,"vy":-0.5785266757011414,"x":6.697946071624756,"y":-5.611546039581299},{"age":479,"angle":-1.9457764625549316,"type":4,"va":11.427410125732422,"vx":-1.6671510934829712,"vy":-0.5709168910980225,"x":9.142633438110352,"y":-4.702892303466797},{"age":397,"angle":-1.3823271989822388,"type":2,"va":-10.222625732421875,"vx":2.047339916229248,"vy":-0.6619374752044678,"x":0.9531673192977905,"y":-11.593611717224121},{"age":427,"angle":1.3241722583770752,"type":4,"va":11.449426651000977,"vx":-1.6701716184616089,"vy":-0.5719513297080994,"x":8.835923194885254,"y":-4.807924747467041},{"age":389,"angle":2.7098312377929688,"type":4,"va":12.749835968017578,"vx":-1.8721572160720825,"vy":-0.6668658256530762,"x":10.272207260131836,"y":-4.31594705581665},{"age":346,"angle":-2.7757134437561035,"type":2,"va":11.603109359741211,"vx":-8.672320365905762,"vy":-3.2773871421813965,"x":9.0540771484375,"y":-9.763696670532227},{"age":343,"angle":-0.28000175952911377,"type":4,"va":21.547649383544922,"vx":-3.0851480960845947,"vy":-0.878760039806366,"x":12.092352867126465,"y":-3.7372658252716064},{"age":293,