{"puzzle":{"reqTiles":["Up","Left"],"inputs":[{"x":0.8,"y":0.0,"balls":[{"type":3,"rate":0.6635818481445313}]},{"x":0.0,"y":0.2,"balls":[{"type":1,"rate":0.5177510579427084}]}],"outputs":[{"x":0.5,"y":1.0,"balls":[{"type":1,"rate":0.5177510579427084}]},{"x":0.0,"y":0.65,"balls":[{"type":3,"rate":0.6615447998046875}]}],"spec":{}},"blueprint":{"puzzle":"98dd714e-c7c7-54fe-86cd-102ef062c59d","title":"More datapoints needed for accurate red and yellow filtration","submittedAt":"2024-05-29T16:45:33.965261797Z","widgets":{"0":{"angle":-0.43826484951459493,"type":"board","x":552,"y":60},"32":{"type":"roundbumper","x":264,"y":621},"64":{"angle":-0.9637278953049622,"type":"board","x":366.5,"y":662.999992},"1":{"angle":0.18260711848527708,"type":"board","x":99,"y":196},"65":{"angle":0.24456105864909491,"type":"board","x":447,"y":200},"2":{"angle":-0.5204179871789726,"type":"board","x":405,"y":146},"66":{"angle":1.3121866291329114,"type":"fan","x":334,"y":640},"98":{"angle":0,"sticker":"figure2-sad","type":"sticker","x":180,"y":670.5},"3":{"angle":-0.4732430789368866,"type":"board","x":259,"y":232},"99":{"angle":0,"sticker":"figure1-happy","type":"sticker","x":72,"y":673},"4":{"angle":0.7367025778251394,"type":"board","x":181,"y":358},"68":{"angle":0.6566323855590002,"type":"brick","x":156,"y":352},"69":{"angle":0.5465394090665675,"type":"brick","x":193,"y":379},"38":{"angle":3.1554470288132217,"type":"cushion","x":114,"y":341},"70":{"angle":1.7156300098870896,"type":"fan","x":60.5,"y":228},"7":{"angle":0.10318141764203854,"type":"board","x":272,"y":388},"39":{"angle":2.6518361125372887,"type":"cushion","x":105,"y":346},"71":{"angle":3.1597938370735927,"type":"fan","x":268,"y":426},"8":{"angle":-0.5921234681477981,"type":"board","x":598.16,"y":608},"40":{"angle":2.1557186190132622,"type":"cushion","x":82.2751,"y":367},"72":{"angle":-3.141592653589793,"type":"fan","x":264.5,"y":422},"9":{"angle":-0.5066659253451096,"type":"board","x":477,"y":685.67},"41":{"angle":2.156585812081311,"type":"cushion","x":38.916019,"y":411},"73":{"angle":-3.20863206205597,"type":"fan","x":266.5,"y":421},"10":{"angle":-0.38514375903541026,"type":"board","x":508,"y":518},"74":{"angle":-3.141592653589793,"type":"fan","x":267.5,"y":421},"11":{"angle":-0.27496131029957116,"type":"board","x":350,"y":576},"43":{"angle":1.2390986196193288,"type":"fan","x":659,"y":110},"75":{"angle":-3.141592653589793,"type":"fan","x":264.5,"y":423},"12":{"angle":-0.42916160161055095,"type":"board","x":579,"y":476},"44":{"angle":-0.8895461167586501,"type":"board","x":677.9044885,"y":547},"76":{"angle":2.0880196043733994,"type":"cushion","x":56.6681,"y":399},"45":{"angle":-0.33181008458407574,"type":"brick","x":584,"y":530},"14":{"angle":-1.3773649325705783,"type":"fan","x":602,"y":505},"46":{"angle":0,"type":"brick","x":608,"y":512},"15":{"angle":-1.4986447251676593,"type":"fan","x":590,"y":530},"47":{"angle":-1.3630902354635515,"type":"brick","x":639,"y":481},"16":{"angle":-1.2023745946636346,"type":"fan","x":286,"y":630},"48":{"angle":-0.5913397759758924,"type":"board","x":393,"y":639.749},"80":{"angle":-0.8435482481513478,"type":"brick","x":137,"y":474},"17":{"angle":-1.3678973119823132,"type":"fan","x":537,"y":546},"81":{"angle":-1.8621721482848443,"type":"brick","x":163,"y":467},"18":{"angle":-1.3962150767643584,"type":"fan","x":497,"y":556},"50":{"angle":-0.46226259500877936,"type":"board","x":501,"y":574},"82":{"angle":-1.3000444326681886,"type":"brick","x":148,"y":471},"19":{"angle":-1.40439009345321,"type":"fan","x":437,"y":591},"51":{"angle":1.6506457285114504,"type":"anvil","x":325,"y":443},"83":{"angle":-0.6230126522657181,"type":"brick","x":115,"y":490},"20":{"angle":-1.2887476243281581,"type":"fan","x":361,"y":635},"84":{"angle":-0.2321598880100344,"type":"brick","x":85,"y":499},"21":{"angle":-1.5339808669319852,"type":"cushion","x":719.0041299,"y":266},"85":{"angle":-5.782155834668572e-2,"type":"brick","x":45,"y":505},"22":{"angle":-1.6263979768553996,"type":"cushion","x":718.2516345,"y":472},"86":{"angle":3.0622822488798804,"type":"fan","x":165,"y":495},"23":{"angle":-1.5482471956612662,"type":"cushion","x":719.5805178,"y":402},"55":{"angle":1.8744028606997896,"type":"brick","x":129,"y":265},"87":{"angle":3.262471755193093,"type":"fan","x":95,"y":528},"24":{"angle":-1.60297850108754,"type":"cushion","x":719.1908604,"y":330},"56":{"angle":1.2294302930913616,"type":"brick","x":127,"y":306},"88":{"angle":-0.6869780249246831,"type":"brick","x":150,"y":476},"25":{"angle":-0.6713858824411884,"type":"cushion","x":615,"y":169},"57":{"angle":2.278729998641807,"type":"brick","x":147,"y":235},"89":{"angle":0,"type":"brick","x":635,"y":13.5},"26":{"angle":0,"type":"cushion","x":689,"y":143},"90":{"angle":1.7088093774401456,"type":"brick","x":18.0491785,"y":200},"27":{"angle":-0.5523121005920717,"type":"cushion","x":556,"y":217},"28":{"angle":-1.608025022655997,"type":"cushion","x":718.9874894,"y":197},"60":{"angle":1.564833410218293,"type":"board","x":647,"y":401},"92":{"angle":2.429286748406741,"type":"board","x":72.1072265,"y":64.0000505},"29":{"angle":1.1491559367282602,"type":"board","x":211,"y":543},"30":{"angle":0.8563663429908919,"type":"board","x":289,"y":667.9999545},"62":{"angle":0.47100167159113643,"type":"fan","x":533,"y":196},"94":{"angle":-0.5588122440528253,"type":"brick","x":317,"y":504},"31":{"angle":1.0765460966333864,"type":"board","x":250,"y":462},"63":{"angle":0.8701114142130871,"type":"fan","x":592,"y":158},"95":{"angle":2.671817056476114,"type":"brick","x":618,"y":442}}},"snapshot":{"balls":[{"age":483,"angle":0.618989109992981,"type":3,"va":4.616565704345703,"vx":-0.6768919229507446,"vy":-0.24088363349437714,"x":10.982177734375,"y":-9.41999626159668},{"age":444,"angle":-2.062760829925537,"type":1,"va":41.39810562133789,"vx":-1.1449012756347656,"vy":-8.449756622314453,"x":13.619288444519043,"y":-7.846956729888916},{"age":382,"angle":-0.38678377866744995,"type":3,"va":-6.178863048553467,"vx":0.8931366205215454,"vy":0.47956475615501404,"x":10.37304973602295,"y":-9.69930362701416},{"age":346,"angle":2.6725974082946777,"type":1,"va":23.785110473632812,"vx":5.322851181030273,"vy":0.546989381313324,"x":4.714709758758545,"y":-7.031970024108887},{"age":333,"angle":-2.9127964973449707,"type":3,"va":5.243530750274658,"vx":-1.0162456035614014,"vy":-0.12817861139774323,"x":9.539999008178711,"y":-10.084097862243652},{"age":256,"angle":-0.6947650909423828,"type":1,"va":-29.985849380493164,"vx":4.322308540344238,"vy":-0.10978414118289948,"x":4.701697826385498,"y":-7.344572067260742},{"age":205,"angle":1.91732919216156,"type":3,"va":10.333452224731445,"vx":3.002005100250244,"vy":-2.723001480102539,"x":3.5820059776306152,"y":-6.668601989746094},{"age":138,"angle":-0.16814188659191132,"type":1,"va":-13.257180213928223,"vx":2.06793212890625,"vy":-0.4144463539123535,"x":2.074209451675415,"y":-3.5935251712799072},{"age":116,"angle":-3.122748851776123,"type":3,"va":24.2757625579834,"vx":-3.4907538890838623,"vy":-1.7013962268829346,"x":9.359416961669922,"y":-1.6148252487182617},{"age":64,"angle":0.5649635791778564,"type":1,"va":-7.043858051300049,"vx":1.107845664024353,"vy":-0.15387530624866486,"x":0.6826803088188171,"y":-3.198209762573242}],"widgets":{}}}