{"puzzle":{"reqTiles":["Up"],"inputs":[{"x":0.65,"y":0.0,"balls":[{"type":2,"rate":0.875}]}],"outputs":[{"x":0.65,"y":1.0,"balls":[{"type":2,"rate":0.875}]}],"spec":{}},"blueprint":{"puzzle":"ff442118-0806-5277-bc57-a9b49adc144c","title":"horrible","submittedAt":"2024-04-07T22:50:35.947102861Z","widgets":{"0":{"angle":0,"type":"rightbumper","x":470,"y":52},"2":{"angle":3.1104132852370125,"type":"rightbumper","x":514,"y":48.3497001},"3":{"angle":0,"type":"rightbumper","x":510,"y":130},"5":{"angle":0,"type":"leftbumper","x":640,"y":362},"6":{"angle":3.1026893113093386,"type":"rightbumper","x":556,"y":124},"8":{"angle":3.121330881449005,"type":"rightbumper","x":594,"y":201},"9":{"angle":0,"type":"rightbumper","x":551,"y":210},"10":{"angle":3.1776071075975088,"type":"rightbumper","x":633,"y":278},"11":{"angle":0,"type":"rightbumper","x":591,"y":287},"12":{"angle":-3.1402193459354644,"type":"leftbumper","x":589,"y":366},"13":{"angle":0,"type":"leftbumper","x":561,"y":517},"14":{"angle":0,"type":"leftbumper","x":598,"y":445},"15":{"angle":0,"type":"leftbumper","x":521,"y":597},"16":{"angle":-3.1782125300672712,"type":"leftbumper","x":508,"y":523},"17":{"angle":-3.16873344106593,"type":"leftbumper","x":551,"y":448},"18":{"angle":-3.1469682520133393,"type":"leftbumper","x":470,"y":602},"20":{"angle":1.844427067872937,"type":"board","x":523,"y":653.3235338},"21":{"angle":1.753566437160267,"type":"board","x":457,"y":652.3217721},"22":{"angle":1.9487219876326096,"type":"fan","x":667,"y":259},"23":{"angle":1.5777074867446705,"type":"fan","x":478,"y":491},"24":{"angle":0.9418272482401066,"type":"fan","x":95,"y":393.0614}}},"snapshot":{"balls":[{"age":23,"angle":1.3642505407333374,"type":2,"va":-0.41713377833366394,"vx":3.490152209997177e-2,"vy":-0.5986167192459106,"x":9.63998794555664,"y":-14.78791618347168},{"age":169,"angle":1.9416399002075195,"type":2,"va":4.457866191864014,"vx":1.4189469814300537,"vy":0.28563934564590454,"x":9.608548164367676,"y":-14.45072078704834},{"age":121,"angle":0.6844637989997864,"type":2,"va":-5.679811000823975,"vx":-1.2343806028366089,"vy":0.3576751947402954,"x":9.524995803833008,"y":-14.053043365478516},{"age":86,"angle":-0.4353814423084259,"type":2,"va":-2.028644323348999,"vx":-18.79554557800293,"vy":-11.77229118347168,"x":12.556901931762695,"y":-7.014969348907471}],"widgets":{}}}