{"puzzle":{"reqTiles":["Up"],"inputs":[{"x":0.5,"y":0.0,"balls":[{"type":3,"rate":0.575439453125}]},{"x":1.0,"y":0.35,"balls":[{"type":1,"rate":0.5177510579427084}]}],"outputs":[{"x":0.35,"y":1.0,"balls":[{"type":1,"rate":0.541900634765625}]},{"x":1.0,"y":0.65,"balls":[{"type":3,"rate":0.575439453125}]}],"spec":{}},"blueprint":{"puzzle":"6c7944aa-a26a-5927-a449-1ec36998c3ea","title":"unless you are A sysadmin","submittedAt":"2024-05-07T08:43:53.878555362Z","widgets":{"0":{"angle":3.9799778468006905e-2,"type":"board","x":440,"y":41},"32":{"angle":1.5766264846174698,"type":"brick","x":47,"y":138},"64":{"angle":0.8471605805140198,"type":"brick","x":282,"y":481},"33":{"angle":1.5777086590979164,"type":"brick","x":542,"y":201},"65":{"angle":1.552913910511106,"type":"brick","x":311,"y":512},"2":{"angle":-3.0796440819857644,"type":"board","x":607,"y":50},"34":{"angle":-1.5593106621723736,"type":"brick","x":542,"y":134},"66":{"angle":1.581299626042682,"type":"brick","x":313,"y":448},"3":{"angle":1.5732302176101178,"type":"board","x":730.7870616,"y":138.5216},"35":{"angle":0,"type":"brick","x":515,"y":103},"67":{"angle":1.5709175193288438,"type":"brick","x":254,"y":450},"4":{"angle":-1.5467351258096869,"type":"board","x":681.092,"y":149},"36":{"angle":0,"type":"brick","x":571,"y":103},"68":{"angle":1.5774537907441215,"type":"brick","x":254,"y":516},"5":{"angle":3.137101095496601,"type":"fan","x":716.3318023,"y":313},"37":{"angle":-1.5763699101967363,"type":"brick","x":466,"y":164},"69":{"angle":0,"type":"brick","x":359,"y":373},"6":{"angle":0,"type":"brick","x":706,"y":283},"38":{"angle":0,"type":"brick","x":177,"y":429},"70":{"angle":-1.583263874154859,"type":"brick","x":388,"y":352},"7":{"angle":0.43376927652850356,"type":"board","x":649.227,"y":460},"39":{"angle":1.1890929684462334e-2,"type":"brick","x":175,"y":490},"71":{"angle":-1.555390398696808,"type":"brick","x":388,"y":285},"40":{"angle":1.5808961361420848,"type":"brick","x":202,"y":453},"72":{"angle":1.5617056681298362,"type":"brick","x":332,"y":350},"9":{"angle":1.5791294672350333,"type":"cushion","x":640,"y":233},"41":{"angle":-1.5436895995757811,"type":"brick","x":201,"y":519},"73":{"angle":1.5676539204420845,"type":"brick","x":332,"y":285},"10":{"angle":0,"type":"brick","x":327,"y":15},"42":{"angle":0,"type":"brick","x":84,"y":428},"74":{"angle":1.570343883632526,"type":"brick","x":429,"y":282},"43":{"angle":1.5798188943479645,"type":"brick","x":147,"y":451},"75":{"angle":-1.566765186387551,"type":"brick","x":470,"y":349},"12":{"angle":-1.599634483666016,"type":"brick","x":408,"y":169},"44":{"angle":1.5920837603236369,"type":"brick","x":145,"y":518},"76":{"angle":1.9392892585518556e-2,"type":"brick","x":451,"y":371},"13":{"angle":0.8563885838109679,"type":"brick","x":416,"y":201},"45":{"angle":0,"type":"brick","x":72,"y":485},"77":{"angle":3.426965697349283e-2,"type":"brick","x":450,"y":321},"14":{"angle":-0.8168769485148337,"type":"brick","x":451,"y":199},"46":{"angle":1.5800553214570194,"type":"brick","x":46,"y":448},"78":{"angle":0,"type":"brick","x":452,"y":261},"15":{"angle":-0.8272045271059395,"type":"brick","x":421,"y":127},"47":{"angle":1.5767131945058006,"type":"brick","x":47,"y":515},"79":{"angle":-1.5741391987745834,"type":"brick","x":556,"y":289},"16":{"angle":0.9087249863961713,"type":"brick","x":452,"y":125},"48":{"angle":0.7595222994112071,"type":"brick","x":262,"y":354},"80":{"angle":0,"type":"brick","x":578,"y":262},"17":{"angle":1.5803993061565385,"type":"brick","x":366,"y":133},"49":{"angle":-1.5592844200066054,"type":"brick","x":285,"y":352},"81":{"angle":0,"type":"brick","x":532,"y":261},"18":{"angle":0.8553426372368448,"type":"brick","x":339,"y":168},"50":{"angle":1.5782605950435185,"type":"brick","x":286,"y":286},"19":{"angle":1.5529501525157716,"type":"brick","x":366,"y":198},"51":{"angle":0,"type":"brick","x":258,"y":265},"20":{"angle":1.5925834924644047,"type":"brick","x":311,"y":132},"52":{"angle":1.5749593448728652,"type":"brick","x":197,"y":322},"21":{"angle":1.574541882692334,"type":"brick","x":310,"y":198},"53":{"angle":2.5060679780093866,"type":"brick","x":174,"y":358},"22":{"angle":1.586269644741648,"type":"brick","x":147,"y":177},"54":{"angle":0.5922263248562772,"type":"brick","x":181,"y":286},"23":{"angle":-1.5980622952504913,"type":"brick","x":205,"y":180},"55":{"angle":1.6050759353656847,"type":"brick","x":152,"y":353},"24":{"angle":-0.8598364958968305,"type":"brick","x":189,"y":209},"56":{"angle":1.5884355749073134,"type":"brick","x":152,"y":288},"25":{"angle":0.8529766179320475,"type":"brick","x":158,"y":213},"57":{"angle":0,"type":"brick","x":76,"y":330},"26":{"angle":0.8454236528278471,"type":"brick","x":191,"y":140},"58":{"angle":0,"type":"brick","x":75,"y":268},"27":{"angle":-0.835496922861082,"type":"brick","x":159,"y":136},"59":{"angle":1.5832126177021852,"type":"brick","x":100,"y":354},"28":{"angle":1.581140386876164,"type":"brick","x":91,"y":175},"60":{"angle":1.5953029861587564,"type":"brick","x":48,"y":354},"29":{"angle":0.59658933529829,"type":"brick","x":73,"y":138},"61":{"angle":-1.550738293377073,"type":"brick","x":48,"y":291},"30":{"angle":-0.6432373737559526,"type":"brick","x":70,"y":209},"62":{"angle":1.5812665759513895,"type":"brick","x":101,"y":289},"31":{"angle":1.5840791936677998,"type":"brick","x":47,"y":204}}},"snapshot":{"balls":[{"age":1623,"angle":-2.640939950942993,"type":1,"va":-0.8852636218070984,"vx":0.14103427529335022,"vy":-2.0372681319713593e-10,"x":1.162856101989746,"y":-14.621308326721191},{"age":1057,"angle":-2.2854561805725098,"type":1,"va":0.6305764317512512,"vx":-0.1004808098077774,"vy":-9.604264050722122e-10,"x":13.522212028503418,"y":-14.621304512023926},{"age":697,"angle":-0.21886906027793884,"type":1,"va":-0.8851879835128784,"vx":0.14105083048343658,"vy":-2.0372681319713593e-10,"x":1.4825066328048706,"y":-14.621308326721191},{"age":624,"angle":1.9900518655776978,"type":3,"va":0.10822661221027374,"vx":2.226690761744976e-3,"vy":1.627899892628193e-2,"x":13.322813034057617,"y":-4.938430309295654},{"age":522,"angle":0.8363239765167236,"type":3,"va":-3.422377109527588,"vx":-4.590509086847305e-2,"vy":9.07309427857399e-2,"x":14.219030380249023,"y":-4.983614921569824},{"age":432,"angle":-1.3999119997024536,"type":3,"va":-14.322404861450195,"vx":0.1902351677417755,"vy":0.2894628047943115,"x":13.931955337524414,"y":-4.643106937408447},{"age":305,"angle":1.9839226007461548,"type":1,"va":-0.1827915459871292,"vx":2.8150616213679314e-2,"vy":9.596397168934345e-3,"x":13.390095710754395,"y":-5.242919445037842},{"age":322,"angle":1.3586063385009766,"type":3,"va":-12.656075477600098,"vx":1.99578857421875,"vy":-0.15475241839885712,"x":12.854850769042969,"y":-0.7056807279586792},{"age":210,"angle":1.2316956520080566,"type":1,"va":0.5077600479125977,"vx":-8.273826539516449e-2,"vy":-9.313225746154785e-10,"x":13.716805458068848,"y":-5.231213092803955},{"age":198,"angle":2.9672739505767822,"type":3,"va":-6.766549110412598,"vx":1.0737789869308472,"vy":-4.2760320007801056e-2,"x":9.030977249145508,"y":-0.49050164222717285},{"age":136,"angle":-1.1237791776657104,"type":1,"va":1.6269932985305786,"vx":-0.17731791734695435,"vy":0,"x":14.036602973937988,"y":-5.2358317375183105},{"age":113,"angle":1.5321708917617798,"type":3,"va":-5.790955066680908,"vx":0.9197876453399658,"vy":-3.6626603454351425e-2,"x":7.94303560256958,"y":-0.44712698459625244}],"widgets":{}}}