{"puzzle":{"reqTiles":["Up"],"inputs":[{"x":0.8,"y":0.0,"balls":[{"type":4,"rate":0.83331298828125}]},{"x":1.0,"y":0.65,"balls":[{"type":2,"rate":0.45416259765625}]}],"outputs":[{"x":0.2,"y":1.0,"balls":[{"type":2,"rate":0.43179829915364587}]},{"x":1.0,"y":0.5,"balls":[{"type":4,"rate":0.83331298828125}]}],"spec":{}},"blueprint":{"puzzle":"379751c6-30f2-5a01-aeae-8f7e49c46669","title":"Honestly the cats just cause problems.","submittedAt":"2024-05-26T23:17:35.913369468Z","widgets":{"0":{"angle":0,"type":"board","x":652.5,"y":400},"1":{"angle":1.5793626506605063,"type":"board","x":545,"y":87.5738573},"2":{"angle":1.579505959578531,"type":"board","x":543,"y":249},"3":{"angle":0,"type":"board","x":619,"y":398},"4":{"angle":1.576286746266536,"type":"board","x":543,"y":319},"5":{"angle":1.5895734623873288,"type":"brick","x":623,"y":368},"6":{"angle":-1.5303575055161092,"type":"fan","x":578,"y":420},"7":{"angle":1.534448705775876,"type":"brick","x":624,"y":311},"8":{"angle":1.5410684686574658,"type":"brick","x":623,"y":254},"9":{"angle":0,"type":"fan","x":346,"y":204},"10":{"angle":0,"type":"fan","x":527,"y":364},"11":{"angle":-1.5729634238684667,"type":"board","x":665,"y":652.4806719},"12":{"angle":-1.588549502065291,"type":"fan","x":702.0887507,"y":656.838},"13":{"angle":0,"type":"brick","x":705,"y":636},"14":{"angle":-0.3662783767873493,"type":"board","x":577,"y":609.226},"15":{"angle":1.575618785952268,"type":"board","x":624,"y":400},"16":{"height":55,"type":"attractor","width":55,"x":652,"y":428},"17":{"height":72,"type":"repulsor","width":72,"x":700.5,"y":436.5},"18":{"angle":2.3607669390995896,"type":"board","x":160,"y":672.018728},"19":{"angle":3.1353173575950275,"type":"fan","x":413,"y":702.3532774},"20":{"angle":-0.2738603753908342,"type":"board","x":420,"y":660.223},"21":{"angle":-1.5279432175946455,"type":"fan","x":622,"y":714.9150693},"22":{"angle":-0.7418099172729914,"type":"board","x":281,"y":558},"23":{"angle":-0.31010382646124995,"type":"board","x":271,"y":704.7280445},"24":{"angle":0,"catMass":2,"type":"catswat","x":347,"y":483},"25":{"angle":0,"catMass":2,"type":"catswat","x":632,"y":292},"26":{"angle":0,"catMass":2,"type":"catswat","x":676,"y":600},"27":{"angle":-0.4616026220764521,"type":"board","x":456,"y":436}}},"snapshot":{"balls":[{"age":559,"angle":1.4826233386993408,"type":2,"va":20.637670516967773,"vx":-3.242178440093994,"vy":-1.6897575855255127,"x":8.804322242736816,"y":-12.745102882385254},{"age":392,"angle":2.1793665885925293,"type":2,"va":12.157036781311035,"vx":-2.4065592288970947,"vy":1.4297374486923218,"x":11.401058197021484,"y":-11.86335563659668},{"age":328,"angle":-1.1785941123962402,"type":4,"va":-15.972567558288574,"vx":4.3903608322143555,"vy":5.382818698883057,"x":14.387283325195312,"y":-3.8755574226379395},{"age":245,"angle":-1.943785548210144,"type":4,"va":15.779287338256836,"vx":-0.9514735341072083,"vy":2.114582061767578,"x":14.105241775512695,"y":-4.04871940612793},{"age":203,"angle":2.515301465988159,"type":2,"va":2.812887191772461,"vx":-0.8691999912261963,"vy":-0.41407138109207153,"x":13.432079315185547,"y":-10.135091781616211},{"age":155,"angle":-3.113013505935669,"type":4,"va":6.432377338409424,"vx":1.000016689300537,"vy":0.1562415361404419,"x":12.45556640625,"y":-3.965333938598633},{"age":37,"angle":1.3007166385650635,"type":2,"va":-3.3412928581237793,"vx":-1.172016978263855,"vy":-5.403915047645569e-2,"x":14.66357421875,"y":-9.630887985229492},{"age":70,"angle":-2.4264564514160156,"type":4,"va":4.308624744415283,"vx":-3.426029905676842e-2,"vy":-3.9733822345733643,"x":11.798725128173828,"y":-2.1885986328125}],"widgets":{"24":{"angle":0,"key":"24","va":0,"vx":0,"vy":0,"x":6.940000057220459,"y":-9.65999984741211},"25":{"angle":0,"key":"25","va":0,"vx":0,"vy":0,"x":12.640000343322754,"y":-5.840000152587891},"26":{"angle":0,"key":"26","va":0,"vx":0,"vy":0,"x":13.520000457763672,"y":-12}}}}