{"puzzle":{"reqTiles":["Up"],"inputs":[{"x":0.2,"y":0.0,"balls":[{"type":1,"rate":0.72265625}]},{"x":1.0,"y":0.2,"balls":[{"type":3,"rate":0.875}]}],"outputs":[{"x":0.65,"y":1.0,"balls":[{"type":3,"rate":0.8515625}]},{"x":1.0,"y":0.5,"balls":[{"type":1,"rate":0.70068359375}]}],"spec":{}},"blueprint":{"puzzle":"968411af-786a-5735-9611-bdc39d0f49eb","title":"BG Output; All Color Filter?","submittedAt":"2024-04-14T03:07:02.802757953Z","widgets":{"32":{"angle":-0.4107737636719267,"type":"board","x":246,"y":402},"1":{"angle":-1.5688309676371814,"type":"cushion","x":720.4194572,"y":41.0382435},"2":{"angle":-0.26746307025306665,"type":"cushion","x":695.304219,"y":201},"34":{"angle":1.3219471166825416,"type":"cushion","x":562,"y":429},"3":{"angle":-0.3393910454770395,"type":"brick","x":543,"y":336},"4":{"angle":0.649998390732681,"type":"cushion","x":137,"y":46},"36":{"angle":0.8761103220126931,"type":"board","x":468,"y":664.544},"5":{"angle":1.5766370467875594,"type":"cushion","x":213,"y":74.5966},"37":{"angle":0.678373121167897,"type":"board","x":387,"y":678.0840325},"6":{"angle":2.2992890544523665,"type":"leftbumper","x":179,"y":160},"38":{"angle":-0.344089079064085,"type":"fan","x":214,"y":512},"7":{"angle":1.5687279344688205,"type":"cushion","x":160,"y":100},"39":{"angle":-0.868541473191317,"type":"fan","x":498,"y":653},"8":{"angle":-0.2553430261664961,"type":"cushion","x":661,"y":211},"40":{"angle":-1.686395557569263,"type":"fan","x":700.039738,"y":574},"9":{"angle":-2.0085477903925457,"type":"cushion","x":659,"y":98},"41":{"angle":0,"type":"fan","x":560,"y":378},"10":{"angle":-0.3363256181805222,"type":"cushion","x":643,"y":144},"42":{"angle":-3.0540041307542727,"type":"board","x":652.0480963,"y":342},"11":{"angle":1.5232689834967874,"type":"cushion","x":718.574126,"y":101},"43":{"angle":-1.5715783906501948,"type":"fan","x":649,"y":628},"13":{"angle":2.740710442420059,"type":"board","x":188,"y":478},"45":{"angle":-1.3076877109002063,"type":"fan","x":579,"y":655},"46":{"angle":0.3711389577048654,"type":"board","x":412,"y":523},"15":{"angle":0.29426206738830996,"type":"board","x":408,"y":595},"48":{"angle":1.5678709782871458,"type":"board","x":730.7440565,"y":272},"49":{"angle":-0.1840516443200009,"type":"board","x":585,"y":153},"18":{"angle":-0.4562343218106164,"type":"cushion","x":529,"y":544},"50":{"angle":-0.1344653906018839,"type":"board","x":437,"y":176},"51":{"angle":-0.12498868964788551,"type":"board","x":278,"y":196},"20":{"angle":1.5627318505105456,"type":"cushion","x":19.829981,"y":507},"21":{"angle":-2.334449876189245,"type":"cushion","x":43.9405,"y":571},"53":{"angle":0,"sticker":"kingbun","type":"sticker","x":704,"y":323},"22":{"angle":1.5402945965643697,"type":"cushion","x":574,"y":495},"23":{"angle":-1.4172802167444543,"type":"fan","x":264.899,"y":654.042},"24":{"angle":-0.38797432236999496,"type":"board","x":394,"y":339},"27":{"angle":-0.35962130897004896,"type":"board","x":291.5,"y":437},"28":{"angle":-0.3716706459461944,"type":"board","x":440,"y":380},"29":{"angle":0.155521,"type":"board","x":262,"y":614},"30":{"angle":0.15523564057849354,"type":"board","x":151.5,"y":596},"31":{"angle":-0.2406817250462136,"type":"board","x":87.6796715,"y":455}}},"snapshot":{"balls":[{"age":669,"angle":1.2024075984954834,"type":1,"va":-19.663089752197266,"vx":2.99056077003479,"vy":-0.9719906449317932,"x":9.545083999633789,"y":-11.966907501220703},{"age":577,"angle":-0.88857501745224,"type":1,"va":-3.310373067855835,"vx":1.7249178886413574,"vy":-3.185244560241699,"x":7.856267929077148,"y":-10.93578815460205},{"age":510,"angle":2.9400851726531982,"type":1,"va":-15.942378997802734,"vx":2.4945366382598877,"vy":-0.4229930639266968,"x":3.7765424251556396,"y":-11.694555282592773},{"age":450,"angle":2.1068668365478516,"type":3,"va":-18.568973541259766,"vx":2.9007606506347656,"vy":-0.49849486351013184,"x":3.422356367111206,"y":-11.639364242553711},{"age":411,"angle":0.46918609738349915,"type":1,"va":25.853675842285156,"vx":-3.641266345977783,"vy":-0.7098180055618286,"x":4.3777008056640625,"y":-8.9276704788208},{"age":356,"angle":-3.120255470275879,"type":3,"va":-6.385893821716309,"vx":1.002385139465332,"vy":-0.15686669945716858,"x":1.8621506690979004,"y":-11.39466667175293},{"age":277,"angle":0.6651970744132996,"type":3,"va":23.943552017211914,"vx":-2.649770975112915,"vy":-2.717707395553589,"x":4.68176794052124,"y":-8.58411979675293},{"age":304,"angle":2.453817367553711,"type":1,"va":26.98915672302246,"vx":-4.0554986000061035,"vy":-1.7016596794128418,"x":9.93000602722168,"y":-6.358613967895508},{"age":208,"angle":-2.7427735328674316,"type":3,"va":31.37550926208496,"vx":-4.566093921661377,"vy":-3.0935481190681458e-2,"x":10.541454315185547,"y":-6.252990245819092},{"age":219,"angle":-0.5590465068817139,"type":1,"va":13.921270370483398,"vx":-2.1260159015655518,"vy":-1.113946795463562,"x":13.390069961547852,"y":-3.631596326828003},{"age":143,"angle":-1.8457351922988892,"type":1,"va":-16.62503433227539,"vx":-0.5186998844146729,"vy":-2.8536336421966553,"x":13.74536418914795,"y":-0.5914847254753113},{"age":111,"angle":-1.8988533020019531,"type":3,"va":2.085078477859497,"vx":-0.332269549369812,"vy":7.1074762381613255e-3,"x":14.122917175292969,"y":-3.440904378890991},{"age":83,"angle":1.254977822303772,"type":1,"va":2.1924571990966797,"vx":32.655235290527344,"vy":7.2261738777160645,"x":5.976853847503662,"y":-2.354931592941284},{"age":14,"angle":0.2658059000968933,"type":1,"va":4.155919551849365,"vx":-0.11248897016048431,"vy":-1.1960934400558472,"x":2.961028575897217,"y":-0.11237341165542603}],"widgets":{}}}