{"puzzle":{"reqTiles":["Up","Left"],"inputs":[{"x":0.8,"y":0.0,"balls":[{"type":2,"rate":0.5559895833333334}]},{"x":0.0,"y":0.35,"balls":[{"type":1,"rate":0.734375}]}],"outputs":[{"x":0.35,"y":1.0,"balls":[{"type":1,"rate":0.734375}]},{"x":0.0,"y":0.8,"balls":[{"type":2,"rate":0.5559895833333334}]}],"spec":{}},"blueprint":{"puzzle":"625e18e2-7956-571a-8b97-6260f70dbb14","title":"SS Probably Deterministic","submittedAt":"2024-04-11T13:16:34.809189781Z","widgets":{"32":{"angle":-1.622166856872762e-2,"type":"board","x":182,"y":644},"64":{"angle":-5.220482509581024,"type":"prism","x":224,"y":178},"33":{"angle":-1.725742952540279e-2,"type":"board","x":337,"y":641},"65":{"angle":-2.0715888610239483,"type":"prism","x":454,"y":130},"2":{"angle":1.8368776684646007,"type":"board","x":630,"y":474},"34":{"angle":0.528190955661546,"type":"board","x":154.5,"y":688.12897},"66":{"angle":2.085544077650943,"type":"prism","x":528,"y":216},"3":{"angle":-0.17619669317146622,"type":"board","x":377,"y":715.801822},"35":{"angle":-2.9164690456152133e-2,"type":"board","x":464,"y":574},"67":{"angle":-4.165725862325758,"type":"prism","x":172,"y":218},"4":{"angle":-0.4363303281919298,"type":"board","x":482,"y":682},"36":{"angle":-0.7218262816359783,"type":"sword","x":649,"y":306},"68":{"angle":-2.0876291725727585,"type":"prism","x":250,"y":220},"5":{"angle":-0.9983149603237174,"type":"board","x":576,"y":599},"69":{"angle":-1.0344881737557012,"type":"prism","x":149,"y":91},"6":{"angle":0.10194184551716583,"type":"board","x":453,"y":467},"70":{"angle":1.062806847510837,"type":"prism","x":575,"y":173},"7":{"angle":0,"sticker":"determinism","type":"sticker","x":174,"y":416},"39":{"angle":0,"sticker":"cat","type":"sticker","x":565,"y":549},"71":{"angle":3.1533568167395525,"type":"prism","x":466,"y":194},"8":{"angle":0,"speed":25,"type":"spokedwheel","x":174,"y":391},"40":{"angle":0,"sticker":"cat","type":"sticker","x":496,"y":642},"72":{"angle":5.2541360274788715,"type":"prism","x":503,"y":89},"9":{"angle":-8.408378811442534e-2,"type":"board","x":111,"y":595},"41":{"type":"roundbumper","x":426,"y":603},"73":{"angle":-2.1077635968214117,"type":"prism","x":101,"y":132},"10":{"angle":0.6693332583003979,"type":"board","x":106,"y":662},"42":{"type":"roundbumper","x":321,"y":607},"74":{"angle":3.1703387266034735,"type":"prism","x":110,"y":195},"11":{"angle":-0.20575754035449406,"type":"board","x":234,"y":466},"43":{"type":"roundbumper","x":216,"y":612},"75":{"angle":0,"sticker":"figure1-sad","type":"sticker","x":77,"y":407},"12":{"angle":1.442257163549406,"type":"board","x":20.1419375,"y":390},"44":{"angle":1.5860812532471786,"type":"leftbumper","x":173.922,"y":711.2772717},"76":{"angle":3.1263334439213994,"type":"fan","x":130,"y":702.1457729},"13":{"angle":0,"type":"board","x":125,"y":476},"45":{"angle":-1.5618273716438955,"type":"rightbumper","x":122,"y":711.5751006},"77":{"angle":-1.581678400200256,"type":"rightbumper","x":120,"y":711.4847617},"46":{"angle":1.5942509290220512,"type":"leftbumper","x":48.1436075,"y":710.8937063},"78":{"angle":1.4096676323260733,"type":"board","x":32.5,"y":477},"15":{"angle":1.1682036423621476,"sticker":"figure3-happy","type":"sticker","x":670.2076695,"y":433},"47":{"angle":-1.562159188621552,"type":"rightbumper","x":692.2599207,"y":711.5907771},"79":{"angle":0,"type":"board","x":128,"y":487},"16":{"angle":-8.74231743826839e-2,"type":"board","x":279,"y":582},"48":{"angle":-1.6094795634430943,"type":"rightbumper","x":564,"y":710.183948},"80":{"angle":0,"type":"board","x":452,"y":472},"17":{"angle":1.4330005115391821e-2,"type":"board","x":502,"y":471},"49":{"angle":-1.5861527228075447,"type":"rightbumper","x":446,"y":711.2739035},"81":{"angle":0,"type":"board","x":490,"y":484},"18":{"angle":-3.184668289148717e-2,"type":"board","x":406,"y":640},"50":{"angle":1.5863918387264038,"type":"leftbumper","x":507,"y":711.2626583},"82":{"angle":0,"type":"board","x":455,"y":487},"19":{"angle":-4.745669494205633e-2,"type":"board","x":395,"y":575},"83":{"angle":0,"type":"board","x":226,"y":487},"20":{"angle":0,"type":"hook","x":491.233,"y":65.7049},"52":{"angle":1.5416613149090694,"type":"leftbumper","x":618,"y":710.6281542},"84":{"angle":0,"sticker":"determinism","type":"sticker","x":343,"y":460},"21":{"angle":1.5707963267948966,"type":"board","x":362,"y":330},"53":{"angle":0,"sticker":"squobject","type":"sticker","x":337,"y":52},"85":{"angle":0,"type":"board","x":226,"y":477},"22":{"angle":1.5480259359010866,"type":"board","x":321,"y":330},"54":{"angle":-0.4220680974536859,"type":"cushion","x":361,"y":543},"23":{"angle":1.554462273028637,"type":"board","x":317,"y":158},"24":{"angle":1.5497221637983813,"type":"board","x":359,"y":160},"25":{"height":10,"type":"repulsor","width":150,"x":665,"y":103},"26":{"angle":0,"type":"lefthook","x":186.003,"y":66.073},"27":{"angle":0,"type":"lefthook","x":187.915,"y":252.486},"59":{"angle":1.0707693252088397,"type":"prism","x":429,"y":89},"28":{"angle":0,"type":"hook","x":492.424,"y":251.427},"60":{"angle":0,"type":"prism","x":563,"y":109},"29":{"angle":-5.063993623895842,"type":"board","x":49.6362,"y":472},"61":{"angle":0,"type":"prism","x":417,"y":193},"62":{"angle":3.1717053319190733,"type":"prism","x":261,"y":113},"31":{"angle":0,"sticker":"figure2-happy","type":"sticker","x":571,"y":400},"63":{"angle":1.2653497308796112e-2,"type":"prism","x":212,"y":113}}},"snapshot":{"balls":[{"age":1572,"angle":2.566413164138794,"type":1,"va":0.7465782761573792,"vx":-9.058047086000443e-2,"vy":5.285288393497467e-2,"x":2.8190958499908447,"y":-13.220499992370605},{"age":660,"angle":0.35120245814323425,"type":2,"va":14.849873542785645,"vx":-2.3465778827667236,"vy":-0.2227618545293808,"x":2.4662833213806152,"y":-11.539665222167969},{"age":561,"angle":2.0668516159057617,"type":2,"va":0.19901828467845917,"vx":-0.10330413281917572,"vy":0.4856302738189697,"x":3.7388336658477783,"y":-11.403218269348145},{"age":452,"angle":2.026066780090332,"type":1,"va":-8.022161483764648,"vx":1.099715232849121,"vy":-0.6416766047477722,"x":3.4165618419647217,"y":-13.561264991760254},{"age":379,"angle":0.778777003288269,"type":1,"va":40.8807487487793,"vx":-5.871030807495117,"vy":-2.803077459335327,"x":8.545363426208496,"y":-13.77851676940918},{"age":414,"angle":-0.44791674613952637,"type":2,"va":6.371479511260986,"vx":-1.0888303518295288,"vy":-0.20217233896255493,"x":4.344541072845459,"y":-11.328433990478516},{"age":331,"angle":-2.0067358016967773,"type":1,"va":-2.5515220165252686,"vx":-3.2535877227783203,"vy":-5.853957176208496,"x":11.082844734191895,"y":-11.969975471496582},{"age":299,"angle":-0.5030216574668884,"type":2,"va":2.740859270095825,"vx":-0.3097851276397705,"vy":-12.793417930603027,"x":6.795213222503662,"y":-10.244195938110352},{"age":251,"angle":0.5215053558349609,"type":1,"va":-25.39620018005371,"vx":-1.0231757164001465,"vy":1.398611068725586,"x":12.101165771484375,"y":-8.428009986877441},{"age":189,"angle":-0.12247396260499954,"type":1,"va":-16.325416564941406,"vx":6.118317604064941,"vy":0.9519200325012207,"x":4.20240592956543,"y":-9.073599815368652},{"age":164,"angle":-2.4099209308624268,"type":2,"va":10.023186683654785,"vx":-1.5831621885299683,"vy":5.8163054287433624e-2,"x":8.573142051696777,"y":-1.0562654733657837},{"age":115,"angle":0.5717291235923767,"type":1,"va":-6.291616916656494,"vx":0.7504206895828247,"vy":-5.834471225738525,"x":0.6984078884124756,"y":-7.437801837921143},{"age":50,"angle":2.0168185234069824,"type":1,"va":-1.9767099618911743,"vx":0.45593032240867615,"vy":-0.7499824166297913,"x":0.3809416890144348,"y":-5.424339771270752},{"age":16,"angle":-0.502244770526886,"type":2,"va":-1.8617914915084839,"vx":-0.2767404019832611,"vy":-0.6354132294654846,"x":11.815085411071777,"y":-0.11928559094667435}],"widgets":{"20":{"angle":3.540072962641716e-2,"key":"20","va":-8.623571693897247e-2,"vx":0,"vy":0,"x":9.827818870544434,"y":-1.3501476049423218},"26":{"angle":4.3063759221695364e-5,"key":"26","va":0,"vx":0,"vy":0,"x":3.720106363296509,