{"puzzle":{"reqTiles":["Up"],"inputs":[{"x":0.35,"y":0.0,"balls":[{"type":4,"rate":0.75}]}],"outputs":[{"x":0.35,"y":1.0,"balls":[{"type":4,"rate":0.75}]}],"spec":{}},"blueprint":{"puzzle":"0664f27a-933a-5b0d-93fd-6a10945f1071","title":"If I were a sculptor, but then again no.","submittedAt":"2024-04-12T12:46:37.840283487Z","widgets":{"0":{"angle":1.5787852449069752,"type":"anvil","x":221,"y":83},"32":{"angle":-1.5516250519771628,"type":"anvil","x":181,"y":413},"64":{"angle":0,"sticker":"figure2-sad","type":"sticker","x":205,"y":194},"1":{"angle":0,"type":"anvil","x":201,"y":60},"33":{"angle":1.546203688935852,"type":"anvil","x":345,"y":339},"65":{"angle":0,"sticker":"figure2-sad","type":"sticker","x":220,"y":153},"2":{"angle":-1.587303805786657,"type":"anvil","x":300,"y":655},"34":{"angle":1.5887901787759748,"type":"anvil","x":344,"y":395},"66":{"angle":0,"sticker":"squobject","type":"sticker","x":199,"y":671},"3":{"angle":-1.5925937183407808,"type":"anvil","x":301,"y":615},"35":{"angle":1.5502820324751492,"type":"anvil","x":344,"y":481},"67":{"angle":0,"sticker":"squobject","type":"sticker","x":218,"y":649},"4":{"angle":-1.578042576774793,"type":"anvil","x":299,"y":527},"36":{"angle":2.3677455053086924,"type":"fan","x":326,"y":209},"68":{"angle":0,"sticker":"squobject","type":"sticker","x":308,"y":642},"5":{"angle":-1.5781491354615875,"type":"anvil","x":298,"y":440},"37":{"angle":0.795617797206739,"type":"fan","x":202,"y":119},"6":{"angle":-1.559014085148306,"type":"anvil","x":298,"y":349},"38":{"angle":2.4130391101868267,"type":"fan","x":326,"y":122},"7":{"angle":-1.5570400788293077,"type":"anvil","x":299,"y":259},"39":{"angle":2.368474284834918,"type":"fan","x":322,"y":654},"8":{"angle":-1.5876806573156519,"type":"anvil","x":298,"y":169},"40":{"angle":0.7840468622222123,"type":"fan","x":200,"y":656},"9":{"angle":-1.5800946937430713,"type":"anvil","x":297,"y":85},"41":{"angle":0.7909420585351894,"type":"fan","x":203,"y":206},"10":{"angle":0,"type":"anvil","x":319,"y":60},"42":{"angle":0.7915436759198304,"type":"fan","x":195,"y":419},"11":{"angle":1.557433448263293,"type":"anvil","x":343,"y":82},"43":{"angle":2.314979519356179,"type":"fan","x":319,"y":416},"12":{"angle":-3.1381567776834762,"type":"anvil","x":325,"y":677},"44":{"angle":0,"sticker":"figure2-happy","type":"sticker","x":309,"y":250},"13":{"angle":-3.1485736814040375,"type":"anvil","x":199,"y":675},"45":{"angle":0,"sticker":"figure2-happy","type":"sticker","x":311,"y":444},"14":{"angle":1.5517262504723488,"type":"anvil","x":220.5,"y":654},"46":{"angle":0,"sticker":"figure2-happy","type":"sticker","x":330,"y":246},"15":{"angle":1.566360401999008,"type":"anvil","x":220,"y":592},"47":{"angle":0,"sticker":"figure2-happy","type":"sticker","x":330,"y":150},"16":{"angle":1.560838094292345,"type":"anvil","x":221,"y":512},"48":{"angle":0,"sticker":"figure2-happy","type":"sticker","x":313,"y":153},"17":{"angle":1.5633337787596484,"type":"anvil","x":220,"y":431},"49":{"angle":0,"sticker":"figure2-sad","type":"sticker","x":330,"y":193},"18":{"angle":1.5631041708192475,"type":"anvil","x":221,"y":347},"50":{"angle":0,"sticker":"figure2-sad","type":"sticker","x":331,"y":480},"19":{"angle":1.5636691351810268,"type":"anvil","x":222,"y":260},"51":{"angle":0,"sticker":"figure2-sad","type":"sticker","x":317,"y":475},"20":{"angle":1.5407513831108306,"type":"anvil","x":221,"y":173},"52":{"angle":0,"sticker":"figure2-sad","type":"sticker","x":329,"y":285},"21":{"angle":1.5351361538965727,"type":"anvil","x":346,"y":564},"53":{"angle":0,"sticker":"squobject","type":"sticker","x":305,"y":667},"22":{"angle":1.5658607445545725,"type":"anvil","x":348,"y":653},"54":{"angle":0,"sticker":"kingbun","type":"sticker","x":328,"y":673},"23":{"angle":-1.545596795042016,"type":"anvil","x":177,"y":565},"55":{"angle":0,"sticker":"cat","type":"sticker","x":291,"y":639},"24":{"angle":-1.5839494143852508,"type":"anvil","x":176,"y":652},"56":{"angle":0,"sticker":"cat","type":"sticker","x":303,"y":655},"25":{"angle":-1.5807545592974486,"type":"anvil","x":183,"y":325},"57":{"angle":0,"sticker":"knievel","type":"sticker","x":208,"y":455},"26":{"angle":-1.594229536674364,"type":"anvil","x":183,"y":239},"58":{"angle":0,"sticker":"figure3-sad","type":"sticker","x":190,"y":483},"27":{"angle":-1.574293879443094,"type":"anvil","x":182,"y":151},"59":{"angle":0,"sticker":"figure2-sad","type":"sticker","x":203,"y":275},"28":{"angle":-1.6271880877208562,"type":"anvil","x":182,"y":84},"60":{"angle":0,"sticker":"figure2-happy","type":"sticker","x":202,"y":152},"29":{"angle":1.5496673642733654,"type":"anvil","x":343,"y":260},"61":{"angle":0,"sticker":"figure2-sad","type":"sticker","x":215,"y":621},"30":{"angle":1.5679827250080867,"type":"anvil","x":343,"y":170},"62":{"angle":0,"sticker":"figure2-sad","type":"sticker","x":186,"y":622},"31":{"angle":-1.578258874830145,"type":"anvil","x":180,"y":498},"63":{"angle":0,"sticker":"figure2-sad","type":"sticker","x":219,"y":245}}},"snapshot":{"balls":[{"age":1496,"angle":1.7931795120239258,"type":4,"va":0,"vx":0,"vy":0,"x":10.300911903381348,"y":-14.62130355834961},{"age":1423,"angle":-1.143934965133667,"type":4,"va":0,"vx":0,"vy":0,"x":9.95924186706543,"y":-14.62130355834961},{"age":1332,"angle":-1.9655249118804932,"type":4,"va":0,"vx":0,"vy":0,"x":9.633374214172363,"y":-14.621301651000977},{"age":349,"angle":-1.4169366359710693,"type":4,"va":0.2977375090122223,"vx":-4.628707841038704e-2,"vy":7.126624623765565e-9,"x":0.39488181471824646,"y":-14.62130355834961},{"age":95,"angle":-0.9231629967689514,"type":4,"va":-64.88645935058594,"vx":7.325174331665039,"vy":4.138434886932373,"x":5.367412567138672,"y":-14.324540138244629},{"age":28,"angle":0.7035192847251892,"type":4,"va":2.9079740047454834,"vx":-7.183323055505753e-2,"vy":-2.2732865810394287,"x":5.170431137084961,"y":-0.4495750665664673}],"widgets":{}}}