{"puzzle":{"reqTiles":["Up"],"inputs":[{"x":0.8,"y":0.0,"balls":[{"type":2,"rate":0.5559895833333334}]}],"outputs":[{"x":0.35,"y":1.0,"balls":[{"type":2,"rate":0.5559895833333334}]}],"spec":{}},"blueprint":{"puzzle":"b1a47b85-34dd-5b66-89e3-838e72cd59c5","title":"Final boss","submittedAt":"2024-04-12T03:34:38.061078367Z","widgets":{"32":{"angle":1.5630524501631393,"type":"fan","x":153,"y":24.7897},"33":{"angle":1.5944282070452627,"type":"fan","x":290,"y":24.3795572},"34":{"angle":1.5662506958988225,"type":"fan","x":416,"y":23.6702258},"35":{"angle":1.5579938470123091,"type":"fan","x":532,"y":23.9781517},"4":{"type":"roundbumper","x":594,"y":118},"36":{"angle":1.5765270923695673,"type":"fan","x":656,"y":23.7145264},"5":{"type":"roundbumper","x":480,"y":119},"37":{"angle":0,"speed":25,"type":"spokedwheel","x":309,"y":593},"6":{"type":"roundbumper","x":354,"y":125},"7":{"type":"roundbumper","x":219,"y":126},"8":{"type":"roundbumper","x":78,"y":124},"9":{"type":"roundbumper","x":711,"y":121},"10":{"type":"roundbumper","x":656,"y":222},"11":{"type":"roundbumper","x":533,"y":224},"12":{"type":"roundbumper","x":416,"y":224},"13":{"type":"roundbumper","x":286,"y":228},"14":{"type":"roundbumper","x":139,"y":229},"15":{"type":"roundbumper","x":78,"y":329},"16":{"type":"roundbumper","x":216,"y":332},"17":{"type":"roundbumper","x":353,"y":339},"18":{"type":"roundbumper","x":487,"y":339},"19":{"type":"roundbumper","x":614,"y":341},"20":{"type":"roundbumper","x":711,"y":345},"21":{"type":"roundbumper","x":423,"y":457},"22":{"type":"roundbumper","x":281,"y":457},"23":{"type":"roundbumper","x":139,"y":460},"24":{"type":"roundbumper","x":562,"y":454},"25":{"type":"roundbumper","x":678,"y":450},"26":{"angle":0.7423944944191118,"type":"board","x":70.559036,"y":564},"27":{"angle":0.7629238323940326,"type":"board","x":179,"y":664},"28":{"angle":-0.37304230633758234,"type":"board","x":655.2379375,"y":575},"29":{"angle":-0.380069725957442,"type":"board","x":501,"y":637},"30":{"angle":-0.41572130777175836,"type":"board","x":375,"y":689},"31":{"angle":1.530833449698324,"type":"fan","x":38.4089517,"y":24.9794545}}},"snapshot":{"balls":[{"age":1178,"angle":-0.8923881649971008,"type":2,"va":-96.11849212646484,"vx":-15.526954650878906,"vy":2.672097682952881,"x":6.919273853302002,"y":-11.904374122619629},{"age":944,"angle":1.8957253694534302,"type":2,"va":7.3024396896362305,"vx":0.2016024887561798,"vy":-1.9020124673843384,"x":5.122636318206787,"y":-14.41356372833252},{"age":820,"angle":1.1513426303863525,"type":2,"va":-66.32808685302734,"vx":-1.8526039123535156,"vy":9.74232292175293,"x":12.833436012268066,"y":-2.4500770568847656},{"age":521,"angle":-0.5481203198432922,"type":2,"va":70.16827392578125,"vx":3.1488888263702393,"vy":2.5179977416992188,"x":2.043475866317749,"y":-4.62338399887085},{"age":391,"angle":2.2018790245056152,"type":2,"va":13.11833381652832,"vx":0.6399642825126648,"vy":0.41447025537490845,"x":5.1750288009643555,"y":-13.640594482421875},{"age":344,"angle":-0.2974355220794678,"type":2,"va":-35.54484176635742,"vx":1.6375709772109985,"vy":5.49960470199585,"x":7.00502872467041,"y":-12.873037338256836},{"age":287,"angle":-2.8924314975738525,"type":2,"va":52.799678802490234,"vx":1.5939512252807617,"vy":1.9714727401733398,"x":9.941937446594238,"y":-9.12513542175293},{"age":225,"angle":2.720320701599121,"type":2,"va":25.598249435424805,"vx":-4.419811725616455,"vy":2.115149736404419,"x":9.070281982421875,"y":-12.73641300201416},{"age":143,"angle":-0.3268929123878479,"type":2,"va":-13.679731369018555,"vx":14.082819938659668,"vy":-4.927303314208984,"x":4.098162651062012,"y":-10.402626991271973}],"widgets":{"37":{"angle":-0.9396297931671143,"key":"37","va":6.260464191436768,"vx":0,"vy":0,"x":6.179999828338623,"y":-11.859999656677246}}}}