{"puzzle":{"reqTiles":["Up"],"inputs":[{"x":0.5,"y":0.0,"balls":[{"type":3,"rate":0.6648635864257813}]}],"outputs":[{"x":0.5,"y":1.0,"balls":[{"type":3,"rate":0.6635818481445313}]}],"spec":{}},"blueprint":{"puzzle":"6c20aefd-878e-5539-aa9a-c3cdc7fed034","title":"zap","submittedAt":"2024-05-24T23:52:21.791511674Z","widgets":{"0":{"angle":0,"type":"fan","x":137.5,"y":699.5},"1":{"angle":3.1592152959887434,"type":"fan","x":603.843,"y":702.0917072},"2":{"angle":0.4807662860271737,"type":"board","x":289,"y":103},"3":{"angle":-0.5681377441192732,"type":"board","x":436,"y":166},"4":{"angle":0.45721468975312524,"type":"board","x":294,"y":247},"5":{"angle":-0.6082743688334157,"type":"board","x":435,"y":298},"6":{"angle":0.3295363104510696,"type":"board","x":294,"y":364},"7":{"angle":-0.5812997757829754,"type":"board","x":462,"y":405},"8":{"angle":0.3347438687071355,"type":"board","x":304,"y":480},"9":{"angle":-0.558457683748524,"type":"board","x":475,"y":523},"12":{"angle":1.0931344564105703,"type":"prism","x":384,"y":670},"13":{"angle":1.10668257169104,"type":"rightbumper","x":312,"y":197},"14":{"angle":3.010975495420568,"type":"rightbumper","x":427,"y":238},"15":{"angle":1.0046716574568244,"type":"rightbumper","x":295,"y":310},"16":{"angle":-1.1233899744326667,"type":"leftbumper","x":478,"y":339},"17":{"angle":0.9676559832786525,"type":"rightbumper","x":289,"y":415},"18":{"angle":-1.1526535322483733,"type":"leftbumper","x":487,"y":456},"19":{"angle":0.39835899281738046,"type":"board","x":298,"y":592},"20":{"angle":0.9557503008697812,"type":"rightbumper","x":277,"y":530},"21":{"angle":1.3687007035735443,"type":"brick","x":586,"y":626},"22":{"angle":1.171352508669827,"type":"brick","x":565,"y":573},"23":{"angle":-1.1877524334817866,"type":"brick","x":155,"y":628},"24":{"angle":-0.7399874681324181,"type":"brick","x":189,"y":577},"25":{"angle":0.9612653713344959,"type":"brick","x":539,"y":519},"26":{"angle":0,"type":"leftbumper","x":585,"y":692.5},"27":{"angle":0,"type":"rightbumper","x":157,"y":692.5}}},"snapshot":{"balls":[{"age":587,"angle":-2.701899290084839,"type":3,"va":10.009740829467773,"vx":-1.6016230583190918,"vy":3.0453610816039145e-4,"x":9.189362525939941,"y":-14.621736526489258},{"age":466,"angle":1.6736477613449097,"type":3,"va":11.514824867248535,"vx":-1.8327070474624634,"vy":2.3845635587349534e-4,"x":8.83147144317627,"y":-14.6217622756958},{"age":369,"angle":-1.9549814462661743,"type":3,"va":-21.644121170043945,"vx":-5.456782132387161e-2,"vy":0.48306676745414734,"x":9.281997680664062,"y":-14.229125022888184},{"age":235,"angle":-2.169605255126953,"type":3,"va":-91.98255920410156,"vx":-18.416473388671875,"vy":-10.999334335327148,"x":6.427938461303711,"y":-8.922346115112305},{"age":146,"angle":1.7253249883651733,"type":3,"va":10.11153793334961,"vx":-1.3492634296417236,"vy":-0.8612922430038452,"x":8.189334869384766,"y":-3.2576277256011963},{"age":96,"angle":0.6216787099838257,"type":3,"va":-7.214003562927246,"vx":-1.6357669830322266,"vy":-1.2232599258422852,"x":7.946645736694336,"y":-3.0526621341705322}],"widgets":{}}}