{"puzzle":{"reqTiles":["Up"],"inputs":[{"x":0.5,"y":0.0,"balls":[{"type":4,"rate":0.833251953125}]}],"outputs":[{"x":0.2,"y":1.0,"balls":[{"type":4,"rate":0.833251953125}]}],"spec":{}},"blueprint":{"puzzle":"24eb8eb3-53b8-5490-9228-e5410ed5609e","title":"Feline Assistance","submittedAt":"2024-05-22T14:21:38.007088971Z","widgets":{"0":{"angle":2.298480056921661,"type":"fan","x":582,"y":164.5},"32":{"angle":0,"sticker":"squobject","type":"sticker","x":151,"y":292},"1":{"angle":0,"type":"leftbumper","x":712,"y":692.5},"33":{"angle":0,"type":"board","x":87.5,"y":325},"3":{"angle":0,"type":"rightbumper","x":28,"y":692.5},"37":{"angle":0,"sticker":"figure2-sad","type":"sticker","x":641,"y":670.5},"6":{"angle":0,"type":"hook","x":436.163,"y":80.3095},"38":{"angle":0,"type":"brick","x":230,"y":726.5},"39":{"angle":0,"type":"brick","x":236,"y":702},"8":{"angle":0.6166027523461116,"type":"board","x":303,"y":166},"40":{"angle":0,"type":"brick","x":232,"y":677},"41":{"angle":1.281977052502136,"type":"brick","x":287,"y":703.5631625},"12":{"angle":6.284711479876742,"catMass":2,"type":"catswat","x":66,"y":716.9473701},"44":{"angle":0,"type":"anvil","x":235,"y":641},"13":{"angle":-1.573972621698481,"type":"board","x":368,"y":291.472},"46":{"angle":0,"type":"ballstand","x":74,"y":269.5},"15":{"angle":0,"sticker":"figure2-happy","type":"sticker","x":562,"y":667.5},"16":{"angle":1.5648792857811549,"type":"fan","x":383.263,"y":113},"17":{"angle":1.5558152231697582,"type":"board","x":411,"y":214},"49":{"angle":2.8358375010752725,"type":"fan","x":462,"y":516},"50":{"angle":-5.026561949212591,"type":"hammer","x":484,"y":447},"19":{"type":"roundbumper","x":368,"y":377},"51":{"angle":0,"sticker":"determinism","type":"sticker","x":419,"y":687},"20":{"angle":-0.8678131631387969,"type":"board","x":548,"y":272},"21":{"angle":-0.8699569929427862,"type":"board","x":442,"y":397},"27":{"angle":0,"speed":25,"type":"spokedwheel","x":351,"y":582.432},"28":{"angle":0,"sticker":"figure3-happy","type":"sticker","x":309,"y":199},"31":{"angle":-1.1322492412574199,"type":"sword","x":198,"y":248}}},"snapshot":{"balls":[{"age":1382,"angle":0.9188923239707947,"type":4,"va":-2.7923009395599365,"vx":11.034220695495605,"vy":6.4964189529418945,"x":10.897159576416016,"y":-4.603604793548584},{"age":1052,"angle":-2.6950480937957764,"type":4,"va":0,"vx":0,"vy":0,"x":1.2749608755111694,"y":-13.800837516784668},{"age":824,"angle":1.864230990409851,"type":4,"va":24.937381744384766,"vx":-2.5628767013549805,"vy":-2.562445878982544,"x":7.527931213378906,"y":-8.717495918273926},{"age":734,"angle":2.2004475593566895,"type":4,"va":-17.6141414642334,"vx":-2.7060775756835938,"vy":-1.8718308210372925,"x":7.766391754150391,"y":-8.326186180114746},{"age":5,"angle":2.008042097091675,"type":4,"va":0,"vx":0,"vy":-0.602932333946228,"x":2.937072992324829,"y":-14.558843612670898},{"age":583,"angle":3.10433292388916,"type":4,"va":24.17906951904297,"vx":-0.8268096446990967,"vy":-3.3734452724456787,"x":2.940311908721924,"y":-12.789324760437012},{"age":537,"angle":0.8236561417579651,"type":4,"va":1.3171007633209229,"vx":-0.20331230759620667,"vy":8.05930346250534e-2,"x":7.91161584854126,"y":-1.3411586284637451},{"age":443,"angle":2.7769901752471924,"type":4,"va":2.2673425674438477,"vx":-0.3501255512237549,"vy":8.411990106105804e-2,"x":7.479058265686035,"y":-1.358969807624817},{"age":362,"angle":-0.32587066292762756,"type":4,"va":1.6042436361312866,"vx":-0.2496996819972992,"vy":0.11629264801740646,"x":7.1364054679870605,"y":-1.3724026679992676},{"age":302,"angle":0.44291824102401733,"type":4,"va":-7.126797199249268,"vx":0.9899635910987854,"vy":-1.6632670164108276,"x":6.463118076324463,"y":-3.084645986557007},{"age":230,"angle":-2.1116294860839844,"type":4,"va":1.6080125570297241,"vx":-0.25084009766578674,"vy":0.12996116280555725,"x":6.816674709320068,"y":-1.3851994276046753},{"age":171,"angle":0.4024118185043335,"type":4,"va":5.138489246368408,"vx":-0.4222380518913269,"vy":-2.4584803581237793,"x":6.080843448638916,"y":-1.9392046928405762},{"age":79,"angle":3.0010383129119873,"type":4,"va":-7.790132522583008,"vx":0.47274327278137207,"vy":-0.1382215917110443,"x":7.576088905334473,"y":-1.0554170608520508}],"widgets":{"12":{"angle":-1.5258790226653218e-3,"key":"12","va":0,"vx":0,"vy":0,"x":1.3200000524520874,"y":-14.338947296142578},"27":{"angle":-1.8360787630081177,"key":"27","va":6.659226894378662,"vx":0,"vy":0,"x":7.019999980926514,"y":-11.648639678955078},"6":{"angle":4.029545560479164e-2,"key":"6","va":-8.994244039058685e-2,"vx":0,"vy":0,"x":8.727069854736328,"y":-1.6472493410110474}}}}