{"puzzle":{"reqTiles":["Up"],"inputs":[{"x":0.5,"y":0.0,"balls":[{"type":3,"rate":1.0}]},{"x":1.0,"y":0.35,"balls":[{"type":4,"rate":1.0}]}],"outputs":[{"x":0.2,"y":1.0,"balls":[{"type":4,"rate":1.0}]},{"x":1.0,"y":0.8,"balls":[{"type":3,"rate":1.0}]}],"spec":{}},"blueprint":{"puzzle":"1a7121a1-dc49-587d-9c83-f1b0bc9546de","title":"flickshot","submittedAt":"2024-04-08T05:01:08.764724706Z","widgets":{"0":{"angle":-0.1599513342141574,"type":"board","x":652.1835075,"y":295},"1":{"angle":-0.21454283519983375,"type":"board","x":504,"y":324},"33":{"angle":1.3300879269708348,"type":"brick","x":200,"y":703.7619755},"2":{"angle":0,"type":"hook","x":478.262,"y":384.288},"34":{"angle":1.9474909536832907,"type":"brick","x":398,"y":598},"4":{"angle":1.4718277179388475,"type":"brick","x":337,"y":452},"36":{"angle":8.145204430587188e-2,"type":"board","x":87.9421955,"y":413},"5":{"angle":1.341377898842933,"type":"brick","x":343,"y":481},"37":{"angle":7.81537420714767e-2,"type":"board","x":87.9356178,"y":320},"6":{"angle":1.1640350066750866,"type":"brick","x":355,"y":508},"38":{"angle":0.6325553669974636,"type":"cup","x":177,"y":349},"7":{"angle":0.925215802604933,"type":"brick","x":371,"y":531},"8":{"angle":0.6781843469892945,"type":"brick","x":397,"y":550},"9":{"angle":0.4473063040228647,"type":"brick","x":423,"y":562},"10":{"angle":0.220395563595774,"type":"brick","x":452,"y":568},"42":{"angle":1.562008674216496,"type":"board","x":105,"y":652.4243237},"11":{"angle":7.139254606606792e-2,"type":"brick","x":483,"y":570},"43":{"angle":1.6758802044559282,"type":"board","x":114,"y":600},"44":{"angle":1.8118866606774582,"type":"board","x":135,"y":536},"45":{"angle":0.7753240407866393,"type":"cup","x":174,"y":443},"14":{"angle":0.26572764459164155,"type":"board","x":593,"y":590},"46":{"angle":-3.12383500764084,"type":"fan","x":379,"y":614},"15":{"angle":6.489491421445114e-2,"type":"board","x":652.1005429,"y":612},"47":{"angle":-0.2558945704902079,"type":"brick","x":217,"y":677},"16":{"angle":-1.5798686486095086,"type":"fan","x":702.2883408,"y":661},"48":{"angle":0,"catMass":2,"type":"catswat","x":251,"y":717},"50":{"angle":1.7979165935652428,"type":"brick","x":411,"y":703.8333185},"51":{"angle":0.21207141481140387,"type":"brick","x":396,"y":674},"20":{"angle":1.5881870685830939,"type":"brick","x":344,"y":34.2296283},"52":{"angle":0,"sticker":"kingbun","type":"sticker","x":375,"y":720},"21":{"angle":-1.5616526643196358,"type":"brick","x":397,"y":34.1220102},"53":{"angle":7.237141331428217e-2,"sticker":"squobject","type":"sticker","x":94,"y":288},"22":{"angle":0.10132104696141912,"type":"board","x":87.9615445,"y":222},"23":{"angle":0.6183163357252713,"type":"cup","x":177,"y":253},"55":{"angle":0.12074401599110467,"sticker":"figure1-happy","type":"sticker","x":122,"y":151},"56":{"angle":0.12297273857863501,"sticker":"cat","type":"sticker","x":91,"y":389},"59":{"angle":0.21585985786741912,"type":"brick","x":165,"y":580}}},"snapshot":{"balls":[{"age":1520,"angle":-0.8575824499130249,"type":4,"va":0,"vx":0,"vy":0,"x":3.475919008255005,"y":-7.124590873718262},{"age":1027,"angle":0.3213038444519043,"type":4,"va":9.09939956665039,"vx":-0.42858758568763733,"vy":-2.919189214706421,"x":5.812020778656006,"y":-8.706729888916016},{"age":743,"angle":2.2800638675689697,"type":4,"va":30.689311981201172,"vx":-9.555677324533463e-2,"vy":-4.565223693847656,"x":4.439359664916992,"y":-7.696901321411133},{"age":672,"angle":-1.884683609008789,"type":4,"va":-27.177310943603516,"vx":-0.2834654450416565,"vy":-2.5604248046875,"x":7.29728364944458,"y":-5.285729885101318},{"age":602,"angle":0.5436530113220215,"type":4,"va":14.490423202514648,"vx":-0.9789245128631592,"vy":-2.2876224517822266,"x":7.096846580505371,"y":-6.461831569671631},{"age":550,"angle":-0.16943249106407166,"type":4,"va":-8.049690246582031,"vx":0.6426853537559509,"vy":0.7034016847610474,"x":8.407821655273438,"y":-6.40889310836792},{"age":509,"angle":0.21347792446613312,"type":4,"va":3.084981679916382,"vx":-0.4681965112686157,"vy":-0.10201834887266159,"x":9.303629875183105,"y":-6.302577018737793},{"age":437,"angle":1.4095102548599243,"type":4,"va":2.690572500228882,"vx":-0.40849825739860535,"vy":-8.901149779558182e-2,"x":9.686786651611328,"y":-6.21907377243042},{"age":389,"angle":-2.8592772483825684,"type":4,"va":6.391747951507568,"vx":-0.9680783748626709,"vy":-0.21094419062137604,"x":10.264551162719727,"y":-6.093390941619873},{"age":359,"angle":1.731835126876831,"type":3,"va":-2.932767391204834,"vx":1.4399030208587646,"vy":-5.211089178919792e-2,"x":14.322283744812012,"y":-11.98393726348877},{"age":315,"angle":-3.0133368968963623,"type":4,"va":5.027040481567383,"vx":-0.7703160047531128,"vy":-0.12427526712417603,"x":11.300386428833008,"y":-5.838328838348389},{"age":248,"angle":2.26874041557312,"type":4,"va":5.034352779388428,"vx":-0.7714635729789734,"vy":-0.1244603842496872,"x":11.756147384643555,"y":-5.764801979064941},{"age":284,"angle":0.7553429007530212,"type":3,"va":1.3327025175094604,"vx":1.3345998525619507,"vy":-4.5103803277015686e-2,"x":14.004552841186523,"y":-11.963306427001953},{"age":252,"angle":1.12247633934021,"type":3,"va":-14.635452270507812,"vx":1.1645008325576782,"vy":-0.7141323685646057,"x":13.691131591796875,"y":-11.913698196411133},{"age":195,"angle":1.1647980213165283,"type":4,"va":5.047260761260986,"vx":-0.7732640504837036,"vy":-0.12475087493658066,"x":12.66261100769043,"y":-5.618562698364258},{"age":154,"angle":-2.7603681087493896,"type":4,"va":5.091684818267822,"vx":-0.7800446152687073,"vy":-0.12584592401981354,"x":13.278239250183105,"y":-5.519246578216553},{"age":183,"angle":-1.2383403778076172,"type":3,"va":-34.29283142089844,"vx":5.232705593109131,"vy":-1.489563226699829,"x":13.103768348693848,"y":-11.789200782775879},{"age":108,"angle":3.083169460296631,"type":4,"va":5.051558017730713,"vx":-0.7739352583885193,"vy":-0.12485916912555695,"x":13.608094215393066,"y":-5.466028690338135},{"age":141,"angle":1.4783657789230347,"type":3,"va":-46.895694732666016,"vx":6.943934440612793,"vy":0.5375794172286987,"x":9.741893768310547,"y":-10.93578052520752},{"age":60,"angle":2.21256422996521,"type":4,"va":2.8163649141788483e-2,"vx":-0.6737757921218872,"vy":-1.0752875804901123,"x":14.450014114379883,"y":-5.252002239227295},{"age":65,"angle":-0.667453944683075,"type":3,"va":-0.4837484061717987,"vx":-1.2433242052793503e-2,"vy":-6.742386341094971,"x":7.404438018798828,"y":-2.4170422554016113},{"age":19,"angle":-4.9463603645563126e-2,"type":3,"va":1.8955544233322144,"vx":7.61813372373581e-2,"vy":-1.1274759769439697,"x":7.3813605308532715,"y":-6.78706169128418e-2}],"widgets":{"2":{"angle":-0.16669818758964539,"key":"2","va":1.2575774192810059,"vx":0,"vy":0,"x":9.566060066223145,"y":-7.515410900115967},"48":{"angle":0,"key":"48","va":0,"vx":0,"vy":0,"x":5.019999980926514,"y":-14.34000015258789}}}}