{"puzzle":{"reqTiles":["Up"],"inputs":[{"x":0.8,"y":0.0,"balls":[{"type":1,"rate":1.0}]},{"x":1.0,"y":0.8,"balls":[{"type":2,"rate":0.84375}]}],"outputs":[{"x":0.35,"y":1.0,"balls":[{"type":2,"rate":0.84375}]},{"x":1.0,"y":0.2,"balls":[{"type":1,"rate":1.0}]}],"spec":{}},"blueprint":{"puzzle":"efdddd42-cda6-51e1-8b2a-aceca29e23d1","title":"Roundabout and starightforward","submittedAt":"2024-04-08T20:55:52.475636721Z","widgets":{"32":{"angle":-0.3723367033534855,"type":"brick","x":398,"y":420},"2":{"angle":1.5668145662418183,"type":"board","x":573,"y":268},"34":{"angle":0,"type":"brick","x":706,"y":212},"3":{"angle":1.5501331069388462,"type":"board","x":616,"y":268},"35":{"angle":0.23300526351357398,"type":"brick","x":645,"y":204},"4":{"angle":1.5454422097178844,"type":"brick","x":618,"y":34.3313313},"36":{"angle":-1.496241782938679,"type":"fan","x":515,"y":420},"5":{"angle":1.5515994485886793,"type":"brick","x":619,"y":91},"37":{"angle":0.611438120391423,"type":"brick","x":515,"y":56},"38":{"angle":0.9479984395381315,"type":"brick","x":552,"y":89},"7":{"angle":1.549547960683321,"type":"brick","x":568,"y":88},"39":{"angle":0.11003780634989423,"type":"brick","x":472,"y":44},"8":{"angle":1.5746810291851674,"type":"brick","x":568,"y":34.0521702},"40":{"angle":-0.25520592355191585,"type":"brick","x":430,"y":48},"41":{"angle":1.2125309201878216,"type":"brick","x":383,"y":144},"42":{"angle":1.8717847060991863,"type":"brick","x":384,"y":93},"43":{"angle":-0.6454931659058439,"type":"brick","x":405,"y":62},"12":{"angle":0.34992020983149924,"type":"brick","x":377,"y":545},"44":{"angle":0.7246059873863023,"type":"brick","x":407,"y":182},"13":{"angle":0,"type":"brick","x":422,"y":552},"45":{"angle":0.2250327082788952,"type":"brick","x":446,"y":207},"14":{"angle":-0.33115683502225574,"type":"brick","x":468,"y":543},"46":{"angle":-0.28852812033220654,"type":"brick","x":474,"y":206},"15":{"angle":-0.5774259814399749,"type":"brick","x":519,"y":519},"47":{"angle":3.3752181283135494,"type":"fan","x":523,"y":555},"16":{"angle":-0.7680318191178648,"type":"brick","x":563,"y":482},"48":{"angle":3.539813081478426,"type":"fan","x":523,"y":556},"17":{"angle":-1.095868793062974,"type":"brick","x":592,"y":437},"49":{"angle":-9.423606889289286e-2,"type":"fan","x":368,"y":190},"18":{"angle":-1.2612234595851046,"type":"brick","x":614,"y":385},"50":{"angle":-8.137581523302051e-2,"type":"fan","x":363,"y":171},"19":{"angle":0,"type":"brick","x":378,"y":340},"51":{"height":95,"type":"attractor","width":95,"x":697.5,"y":140},"20":{"angle":-0.5786073628315322,"type":"brick","x":333,"y":355},"52":{"angle":-1.4835553784892148,"type":"fan","x":516,"y":418},"21":{"angle":1.9417263240317368,"type":"brick","x":305,"y":391},"22":{"angle":1.4804284356455477,"type":"brick","x":299,"y":437},"23":{"angle":1.1250398163759456,"type":"brick","x":312,"y":492},"24":{"angle":0.638542419062313,"type":"brick","x":336,"y":523},"56":{"angle":0,"type":"cushion","x":459,"y":720.5},"25":{"angle":-9.080594920740066e-2,"type":"brick","x":454,"y":405},"26":{"angle":-0.19745190994718043,"type":"brick","x":504,"y":398},"58":{"angle":-0.19170831044957773,"type":"cushion","x":542,"y":710},"27":{"angle":-0.8296907647746162,"type":"brick","x":545,"y":370},"59":{"angle":-0.21665471594058228,"type":"cushion","x":623,"y":681},"28":{"angle":0,"type":"fan","x":265,"y":374},"60":{"angle":-0.2473948960254353,"type":"cushion","x":695.4731455,"y":641},"29":{"angle":-1.4734042491823338,"type":"fan","x":515,"y":417},"61":{"angle":0,"type":"board","x":388,"y":731},"30":{"angle":0,"type":"fan","x":264,"y":374}}},"snapshot":{"balls":[{"age":1605,"angle":2.1390161514282227,"type":1,"va":0.4849551320075989,"vx":0.3523947596549988,"vy":-0.7429843544960022,"x":13.76697826385498,"y":-2.492302417755127},{"age":1492,"angle":-3.1014857292175293,"type":1,"va":1.6085779666900635,"vx":-1.5328645706176758,"vy":0.2830374836921692,"x":14.180984497070312,"y":-3.074246644973755},{"age":1408,"angle":-4.382125660777092e-2,"type":1,"va":0.6377362608909607,"vx":0.6367920637130737,"vy":-0.20746272802352905,"x":13.591029167175293,"y":-2.7609310150146484},{"age":1377,"angle":-1.1600216627120972,"type":1,"va":-2.6500818729400635,"vx":-0.770817756652832,"vy":-0.6635227799415588,"x":14.307001113891602,"y":-2.7809064388275146},{"age":1337,"angle":-1.6012907028198242,"type":1,"va":-7.23745584487915,"vx":-1.1725618839263916,"vy":0.5478826761245728,"x":13.93612289428711,"y":-3.2761409282684326},{"age":1213,"angle":1.848077654838562,"type":1,"va":9.596809387207031,"vx":-1.120270013809204,"vy":0.1795906126499176,"x":13.740236282348633,"y":-3.525395154953003},{"age":1123,"angle":1.8579075336456299,"type":1,"va":1.160803198814392,"vx":-0.18595075607299805,"vy":1.2137669324874878,"x":13.70459270477295,"y":-3.0628252029418945},{"age":886,"angle":0.7382973432540894,"type":1,"va":-3.211808681488037,"vx":2.5743573904037476e-2,"vy":-0.9546952247619629,"x":14.13298511505127,"y":-2.4923439025878906},{"age":5,"angle":1.2073116302490234,"type":1,"va":5.495196342468262,"vx":-1.4657405614852905,"vy":1.412739634513855,"x":14.512237548828125,"y":-3.005535125732422},{"age":762,"angle":1.8170714378356934,"type":1,"va":-11.694242477416992,"vx":-0.2850475311279297,"vy":0.28304141759872437,"x":13.251516342163086,"y":-3.720784902572632},{"age":704,"angle":-2.261199951171875,"type":1,"va":-9.042362213134766,"vx":1.187961220741272,"vy":1.08976411819458,"x":13.272445678710938,"y":-2.7145538330078125},{"age":617,"angle":-2.277500867843628,"type":1,"va":-3.6252713203430176,"vx":-0.20561093091964722,"vy":0.8059535622596741,"x":13.504003524780273,"y":-3.3092334270477295},{"age":577,"angle":0.6610064506530762,"type":1,"va":0.7040367722511292,"vx":-0.2551145553588867,"vy":0.5218893885612488,"x":13.391616821289062,"y":-3.0100347995758057},{"age":506,"angle":2.3613760471343994,"type":1,"va":-8.453023910522461,"vx":0.6391803026199341,"vy":0.6280502080917358,"x":13.943392753601074,"y":-3.7901408672332764},{"age":419,"angle":-1.8238357305526733,"type":1,"va":-6.317556381225586,"vx":0.5289565324783325,"vy":0.478168785572052,"x":14.268794059753418,"y":-3.7983226776123047},{"age":374,"angle":0.36598506569862366,"type":2,"va":4.008708477020264,"vx":0.6827837824821472,"vy":0.5547583699226379,"x":4.728785514831543,"y":-14.190573692321777},{"age":361,"angle":0.2703329622745514,"type":1,"va":12.965184211730957,"vx":-0.6959006190299988,"vy":1.1083731651306152,"x":14.189773559570312,"y":-3.468984365463257},{"age":305,"angle":0.5622302889823914,"type":2,"va":7.627627372741699,"vx":-1.2103959321975708,"vy":1.862645149230957e-9,"x":9.274496078491211,"y":-13.883790969848633},{"age":324,"angle":-0.6903866529464722,"type":1,"va":-0.8929761052131653,"vx":-0.3257916569709778,"vy":-1.4245359897613525,"x":13.568700790405273,"y":-3.808117628097534},{"age":262,"angle":1.390976905822754,"type":2,"va":15.523262023925781,"vx":-2.4895529747009277,"vy":-9.36681479215622e-2,"x":6.163610458374023,"y":-14.275455474853516},{"age":294,"angle":-2.6978328227996826,"type":1,"va":-38.988155364990234,"vx":7.135458469390869,"vy":1.396483063697815,"x":11.692314147949219,"y":-3.3520290851593018},{"age":252,"angle":-0.6549689769744873,"type":1,"va":-34.849334716796875,"vx":4.9570465087890625,"vy":-2.6095943450927734,"x":8.356292724609375,"y":-3.2705516815185547},{"age":192,"angle":-1.1366016864776611,"type":2,"va":20.486589431762695,"vx":-2.8823654651641846,"vy":-1.9491243362426758,"x":11.453012466430664,"y":-13.506014823913574},{"age":180,"angle":-3.0472357273101807,"type":1,"va":-23.351499557495117,"vx":-1.1569222211837769,"vy":5.1648430824279785,"x":10.387974739074707,"y":-3.147063970565796},{"age":93,"angle":-2.6330854892730713,"type":2,"va":4.082730293273926,"vx":-0.6480095982551575,"vy":-5.452162027359009e-2,"x":14.043087005615234,"y":-12.244117736816406},{"age":117,"angle":-2.7358508110046387,"type":1,"va":0.4597146809101105,"vx":2.142772451043129e-2,"vy":-6.092222690582275,"x":11.9689302444458,"y":-5.543193817138672},{"age":78,