{"puzzle":{"reqTiles":["Up"],"inputs":[{"x":0.65,"y":0.0,"balls":[{"type":1,"rate":0.75}]}],"outputs":[{"x":0.65,"y":1.0,"balls":[{"type":1,"rate":0.75}]}],"spec":{}},"blueprint":{"puzzle":"7fdcbf88-9c01-5576-9b95-8c0cc27dfdf3","title":"ramp","submittedAt":"2024-04-08T18:10:35.728933311Z","widgets":{"0":{"angle":1.9802040081492893,"type":"board","x":489,"y":90},"32":{"angle":1.5584898209939018,"type":"board","x":585,"y":323},"1":{"angle":2.3028104162676812,"type":"board","x":452,"y":150},"33":{"angle":1.5679210224799134,"type":"board","x":486,"y":188},"2":{"angle":-0.5501634477174832,"type":"board","x":391,"y":205},"34":{"angle":1.5734816049807883,"type":"board","x":25,"y":652.4761826},"3":{"angle":-5.718556151300601e-2,"type":"board","x":325,"y":231},"35":{"angle":1.9732880358562659,"type":"board","x":552,"y":516},"4":{"angle":0.3745424781928893,"type":"board","x":235,"y":216},"36":{"angle":1.23208502810084,"type":"board","x":553,"y":654.480952},"5":{"angle":1.0845126963456766,"type":"board","x":48.849284,"y":279},"37":{"angle":1.1076964473567443,"type":"board","x":554,"y":534},"6":{"angle":0.7162018847788651,"type":"board","x":109,"y":326},"38":{"angle":1.9260700949063552,"type":"board","x":554,"y":654.8336645},"7":{"angle":0.25117781415596524,"type":"board","x":152,"y":350},"39":{"angle":0,"type":"board","x":103,"y":361},"8":{"angle":0,"type":"board","x":260,"y":372},"40":{"angle":2.4759729537314015,"type":"board","x":94,"y":416},"9":{"angle":2.7175641243794964e-2,"type":"board","x":581,"y":74},"41":{"angle":1.5620855888422676,"type":"board","x":26,"y":443},"10":{"angle":-1.1630446367042044,"type":"board","x":550,"y":427},"42":{"angle":1.5718628034613134,"type":"board","x":26,"y":512},"11":{"angle":-0.8075719479262033,"type":"board","x":494,"y":484},"43":{"angle":1.5620186739930972,"type":"board","x":24.5,"y":315},"12":{"angle":0.666666115123997,"type":"board","x":87.5,"y":571},"44":{"angle":0,"type":"board","x":378,"y":376},"13":{"angle":0.49499622084900624,"type":"board","x":227,"y":528},"45":{"angle":2.1065550632996857,"type":"board","x":534,"y":170},"14":{"angle":0,"type":"board","x":309,"y":538},"46":{"angle":1.0217188582391232,"type":"board","x":536,"y":167},"15":{"angle":-0.33152848617713715,"type":"board","x":421,"y":521},"47":{"angle":0,"type":"board","x":100,"y":675},"16":{"angle":0.21383339362152842,"type":"board","x":343,"y":641},"48":{"angle":7.178807618589225e-2,"type":"board","x":235,"y":681.887},"17":{"angle":0,"type":"board","x":201,"y":620},"49":{"angle":0.8413731956609006,"type":"board","x":143,"y":668.7656275},"18":{"angle":1.5760405514211828,"type":"brick","x":523,"y":704},"19":{"angle":0,"type":"board","x":503,"y":186},"20":{"angle":1.5741861443193363,"type":"board","x":584,"y":156},"21":{"angle":0,"type":"board","x":505,"y":248},"22":{"angle":6.472428141559133e-2,"type":"board","x":408,"y":248},"23":{"angle":4.048534007439966,"type":"board","x":533,"y":326},"24":{"angle":1.5507989928217465,"type":"board","x":585,"y":483},"25":{"angle":0.7028764964601758,"type":"board","x":319,"y":676.5718135},"26":{"angle":1.5754661487254933,"type":"board","x":79,"y":652.4589343},"27":{"angle":2.428187776118929,"type":"board","x":142,"y":675.933708},"28":{"angle":-0.47471830072465004,"type":"board","x":330,"y":692},"29":{"angle":1.561183015994892,"type":"board","x":523,"y":586},"30":{"angle":0.7103340186924572,"type":"board","x":463,"y":589},"31":{"angle":1.5707963267948966,"type":"board","x":586,"y":652.5}}},"snapshot":{"balls":[{"age":746,"angle":2.679210901260376,"type":1,"va":2.014216423034668,"vx":-0.6294974088668823,"vy":-0.6124331951141357,"x":9.775300979614258,"y":-14.490804672241211},{"age":686,"angle":1.3482493162155151,"type":1,"va":-22.331613540649414,"vx":3.4637067317962646,"vy":-0.8175543546676636,"x":7.37208890914917,"y":-12.585769653320312},{"age":643,"angle":-3.049638032913208,"type":1,"va":-18.40464210510254,"vx":2.906126022338867,"vy":-3.950351104140282e-2,"x":5.34138298034668,"y":-12.062044143676758},{"age":574,"angle":0.9645738005638123,"type":1,"va":-11.006814002990723,"vx":1.8740744590759277,"vy":-1.2091740369796753,"x":2.3720855712890625,"y":-11.471771240234375},{"age":479,"angle":3.0446114540100098,"type":1,"va":15.858729362487793,"vx":-2.205090284347534,"vy":1.1576579809188843,"x":3.5866622924804688,"y":-9.661065101623535},{"age":402,"angle":-1.0782594680786133,"type":1,"va":12.325340270996094,"vx":-2.1875662803649902,"vy":-2.0651321411132812,"x":10.181998252868652,"y":-8.843080520629883},{"age":304,"angle":-0.8167123198509216,"type":1,"va":-28.613021850585938,"vx":4.550935745239258,"vy":-1.4306247234344482e-2,"x":7.910123825073242,"y":-7.18139123916626},{"age":237,"angle":-1.4813168048858643,"type":1,"va":-14.402644157409668,"vx":2.8597521781921387,"vy":-2.248586654663086,"x":1.8180322647094727,"y":-5.757455348968506},{"age":167,"angle":-0.6902512907981873,"type":1,"va":25.37467384338379,"vx":-3.7359204292297363,"vy":-1.0493183135986328,"x":2.244027614593506,"y":-3.319976568222046},{"age":105,"angle":2.5432300567626953,"type":1,"va":33.477745056152344,"vx":-4.771378517150879,"vy":2.1272153854370117,"x":5.419561862945557,"y":-4.220953464508057},{"age":58,"angle":1.5061970949172974,"type":1,"va":25.27199363708496,"vx":-3.170065402984619,"vy":-2.8446316719055176,"x":9.012510299682617,"y":-2.519261598587036}],"widgets":{}}}