{"puzzle":{"reqTiles":["Up"],"inputs":[{"x":0.2,"y":0.0,"balls":[{"type":2,"rate":0.5559895833333334}]},{"x":1.0,"y":0.8,"balls":[{"type":3,"rate":1.0}]}],"outputs":[{"x":0.8,"y":1.0,"balls":[{"type":3,"rate":1.0}]},{"x":1.0,"y":0.2,"balls":[{"type":2,"rate":0.5559895833333334}]}],"spec":{}},"blueprint":{"puzzle":"8dd6842a-e8c9-5454-9e24-47a834fb23c8","title":"Trust but Verify","submittedAt":"2024-04-11T22:36:15.991569384Z","widgets":{"1":{"angle":0.2594962168338805,"type":"board","x":286,"y":123},"33":{"angle":0,"sticker":"figure3-sad","type":"sticker","x":64,"y":525},"2":{"angle":9.685368490426201e-2,"type":"board","x":431,"y":149},"34":{"angle":0,"sticker":"figure2-sad","type":"sticker","x":271,"y":524},"3":{"angle":8.100858675064734e-2,"type":"board","x":581,"y":162},"35":{"angle":-0.8097068398418049,"type":"sword","x":118,"y":505},"4":{"angle":5.336014508596499e-2,"type":"board","x":648.039,"y":167},"36":{"angle":-2.264308167413659,"type":"sword","x":216,"y":501},"5":{"height":95,"type":"attractor","width":95,"x":434,"y":47.5},"37":{"angle":-0.625824100823386,"type":"board","x":303,"y":252},"38":{"angle":-0.28856467223118876,"type":"board","x":159,"y":321},"7":{"angle":-0.20499284989204908,"type":"board","x":652.500035,"y":639},"8":{"angle":-0.7212012093081288,"type":"fan","x":492,"y":696.320268},"40":{"angle":0,"type":"hook","x":136,"y":396},"9":{"angle":0.20723369190899324,"type":"brick","x":134,"y":119},"10":{"angle":4.997057587477347e-2,"type":"brick","x":507,"y":724.8185548},"12":{"angle":1.7330073355596265,"type":"brick","x":459,"y":686},"13":{"angle":-1.531838483495281,"type":"brick","x":644,"y":705.5000067},"16":{"angle":1.2738010739145433,"type":"fan","x":92,"y":33.44547},"17":{"angle":0,"sticker":"determinism","type":"sticker","x":71.5,"y":687},"20":{"angle":0,"catMass":2,"type":"catswat","x":159,"y":717},"23":{"height":95,"type":"repulsor","width":95,"x":691.5,"y":691.5},"24":{"angle":0,"type":"board","x":90.5,"y":601},"25":{"angle":0,"type":"board","x":260,"y":601},"26":{"angle":-2.299144014796082,"type":"board","x":387,"y":668.7102045},"27":{"angle":-0.7917904710187887,"type":"board","x":280,"y":671.410802},"28":{"angle":4.032986133941001,"type":"board","x":213,"y":666.274589},"29":{"angle":-0.8281988285907232,"type":"board","x":106,"y":669.4516015},"30":{"angle":0.9365755000472797,"type":"board","x":59.097931,"y":664.182825}}},"snapshot":{"balls":[{"age":1062,"angle":2.591068744659424,"type":2,"va":-1.1036847718060017e-2,"vx":8.9362733066082e-2,"vy":-0.8367373943328857,"x":8.726656913757324,"y":-1.3181354999542236},{"age":252,"angle":3.1188714504241943,"type":2,"va":0.38516589999198914,"vx":-2.726801298558712e-2,"vy":0.5651976466178894,"x":14.082077980041504,"y":-3.052856922149658},{"age":207,"angle":2.79268741607666,"type":3,"va":-2.841383218765259,"vx":-0.6972503662109375,"vy":-1.438736081123352,"x":10.988085746765137,"y":-13.117450714111328},{"age":176,"angle":-2.3554749488830566,"type":2,"va":-27.706506729125977,"vx":4.386809825897217,"vy":-1.1968494653701782,"x":10.210648536682129,"y":-2.6734061241149902},{"age":116,"angle":-2.628520965576172,"type":3,"va":12.097687721252441,"vx":-1.879459261894226,"vy":-0.3973293602466583,"x":13.094672203063965,"y":-12.425300598144531},{"age":72,"angle":-1.0088419914245605,"type":3,"va":5.792463302612305,"vx":-0.8993108868598938,"vy":-0.17729629576206207,"x":14.169285774230957,"y":-12.201547622680664},{"age":34,"angle":1.1978933811187744,"type":3,"va":2.034191370010376,"vx":-0.884973406791687,"vy":-9.714598953723907e-2,"x":14.737761497497559,"y":-11.876852989196777},{"age":38,"angle":-6.313306838274002e-2,"type":2,"va":0.1410493552684784,"vx":-1.5596335753798485e-2,"vy":-4.433178424835205,"x":2.9548628330230713,"y":-1.0896586179733276}],"widgets":{"20":{"angle":0,"key":"20","va":0,"vx":0,"vy":0,"x":3.180000066757202,"y":-14.34000015258789},"40":{"angle":0,"key":"40","va":0,"vx":0,"vy":0,"x":2.7200000286102295,"y":-7.920000076293945}}}}