{"puzzle":{"reqTiles":["Up"],"inputs":[{"x":0.65,"y":0.0,"balls":[{"type":1,"rate":0.7218017578125}]},{"x":1.0,"y":0.5,"balls":[{"type":4,"rate":0.83203125}]}],"outputs":[{"x":0.5,"y":1.0,"balls":[{"type":4,"rate":0.83203125}]},{"x":1.0,"y":0.65,"balls":[{"type":1,"rate":0.7218017578125}]}],"spec":{}},"blueprint":{"puzzle":"e57775c3-5b71-5aec-ac2e-cbab60855e5b","title":"the height of human progress","submittedAt":"2024-04-30T15:47:51.530149613Z","widgets":{"96":{"angle":-2.3750147946830054,"type":"sword","x":117,"y":74},"65":{"angle":1.5669230585096092,"type":"brick","x":495,"y":144},"97":{"angle":0.13272283465630236,"sticker":"figure2-sad","type":"sticker","x":313,"y":164},"66":{"angle":-0.9468902163104747,"type":"brick","x":635,"y":592},"98":{"angle":-2.5964302000311057,"type":"hammer","x":272,"y":164},"35":{"angle":-1.3292644928090729,"catMass":2,"type":"catswat","x":30.584404,"y":701.0000615},"67":{"angle":9.853157846419883e-2,"type":"fan","x":620,"y":458},"72":{"angle":-1.5433472449720727,"type":"fan","x":701.8691612,"y":405},"73":{"angle":0.29169110438749296,"type":"board","x":653.6079395,"y":427},"74":{"angle":1.5493527511812748,"type":"brick","x":497,"y":390},"43":{"angle":1.563031562020359,"type":"board","x":387,"y":483},"75":{"angle":1.5603096250724142,"type":"brick","x":539,"y":143},"76":{"angle":-1.4072185596482993,"type":"brick","x":492,"y":446},"77":{"angle":1.542136756871727,"type":"brick","x":542,"y":388},"78":{"angle":3.2104782782212395,"type":"rightbumper","x":708.7969388,"y":232},"16":{"angle":0.3330242737340386,"type":"brick","x":469,"y":45},"17":{"angle":-0.44200385390530644,"type":"brick","x":563,"y":43},"18":{"angle":1.5577978125061571,"type":"brick","x":538,"y":78},"19":{"angle":-1.56490233503433,"type":"brick","x":494,"y":80},"51":{"height":62,"type":"repulsor","width":62,"x":694,"y":551},"57":{"angle":0,"speed":25,"type":"spokedwheel","x":561,"y":541},"26":{"angle":-1.3084634108310995,"catMass":2,"type":"catswat","x":78.804,"y":700.715632},"58":{"angle":1.9485380134795178,"type":"brick","x":479,"y":504},"91":{"angle":-1.3608979851495442,"catMass":2,"type":"catswat","x":128,"y":701.464903},"60":{"angle":-0.28215767544505843,"type":"brick","x":586,"y":629},"29":{"angle":1.5554443016682307,"type":"board","x":389,"y":652.2938878},"61":{"angle":0.47842195263127907,"type":"brick","x":519,"y":623},"93":{"angle":0.2031755260809017,"type":"board","x":247,"y":713.5292835},"62":{"angle":1.2440104783766368,"type":"brick","x":476,"y":572},"95":{"angle":-0.21052286149705446,"sticker":"figure1-happy","type":"sticker","x":127,"y":180}}},"snapshot":{"balls":[{"age":859,"angle":0.15498246252536774,"type":4,"va":-4.431450366973877,"vx":1.3460043668746948,"vy":0.4432891607284546,"x":6.7355217933654785,"y":-14.266642570495605},{"age":720,"angle":1.0713491439819336,"type":4,"va":-1.8833537101745605,"vx":0.6894475221633911,"vy":-0.5264685153961182,"x":7.203220844268799,"y":-14.45042896270752},{"age":17,"angle":1.2656298875808716,"type":4,"va":-3.1603381633758545,"vx":0.28553956747055054,"vy":-0.9273436665534973,"x":7.388979911804199,"y":-14.751030921936035},{"age":628,"angle":1.8494409322738647,"type":4,"va":-5.2597270011901855,"vx":0.7993558645248413,"vy":-0.1646835207939148,"x":5.936258792877197,"y":-14.13019847869873},{"age":485,"angle":0.1277952939271927,"type":4,"va":-15.263988494873047,"vx":3.992093324661255,"vy":1.095086932182312,"x":6.632791996002197,"y":-10.907550811767578},{"age":391,"angle":-1.97711980342865,"type":4,"va":-45.35090255737305,"vx":1.9353653192520142,"vy":8.759010314941406,"x":1.036661982536316,"y":-12.29616928100586},{"age":323,"angle":1.2237474918365479,"type":4,"va":-13.290031433105469,"vx":0.7120136618614197,"vy":-1.945952296257019,"x":2.744927167892456,"y":-10.662571907043457},{"age":271,"angle":0.8958155512809753,"type":4,"va":-1.787311315536499,"vx":0.3474099338054657,"vy":-2.3791351318359375,"x":2.605414628982544,"y":-11.214200973510742},{"age":201,"angle":-2.6906440258026123,"type":4,"va":-25.114377975463867,"vx":0.6637954711914062,"vy":-4.591183185577393,"x":1.4951292276382446,"y":-11.638786315917969},{"age":234,"angle":2.981462240219116,"type":1,"va":-22.86919593811035,"vx":4.246380805969238,"vy":7.552369117736816,"x":12.734716415405273,"y":-10.758123397827148},{"age":130,"angle":2.932116985321045,"type":4,"va":-13.926650047302246,"vx":-11.982477188110352,"vy":-3.9151244163513184,"x":3.181546211242676,"y":-6.738743782043457},{"age":156,"angle":2.72143292427063,"type":1,"va":-0.5854035019874573,"vx":0.31763923168182373,"vy":-12.649548530578613,"x":10.40705394744873,"y":-9.204543113708496},{"age":60,"angle":3.0327539443969727,"type":4,"va":-1.931707501411438,"vx":-0.6595951914787292,"vy":1.9462254047393799,"x":14.528680801391602,"y":-7.277241230010986},{"age":85,"angle":1.595878005027771,"type":1,"va":1.5318267345428467,"vx":0.15060831606388092,"vy":-1.0162937641143799,"x":10.315086364746094,"y":-0.9289121627807617}],"widgets":{"26":{"angle":1.308463454246521,"key":"26","va":0,"vx":0,"vy":0,"x":1.5760799646377563,"y":-14.014312744140625},"35":{"angle":1.329264521598816,"key":"35","va":0,"vx":0,"vy":0,"x":0.6116880774497986,"y":-14.020001411437988},"57":{"angle":-1.8247090578079224,"key":"57","va":5.652234077453613,"vx":0,"vy":0,"x":11.220000267028809,"y":-10.819999694824219},"91":{"angle":1.3608980178833008,"key":"91","va":0,"vx":0,"vy":0,"x":2.559999942779541,"y":-14.029297828674316}}}}