{"puzzle":{"reqTiles":["Up"],"inputs":[{"x":0.35,"y":0.0,"balls":[{"type":3,"rate":0.6826934814453125}]}],"outputs":[{"x":0.5,"y":1.0,"balls":[{"type":3,"rate":0.679534912109375}]}],"spec":{}},"blueprint":{"puzzle":"1c4767e6-bdb4-592e-8736-185303161098","title":"green pease shooter","submittedAt":"2024-05-15T10:29:04.859241838Z","widgets":{"0":{"angle":9.214256109992315e-2,"type":"board","x":315,"y":75},"1":{"angle":-1.576584575271395,"type":"brick","x":236,"y":34.077563},"2":{"angle":0,"type":"board","x":574,"y":118},"3":{"angle":-0.1388855053083746,"type":"fan","x":364,"y":117},"4":{"angle":-0.34546386392529327,"type":"fan","x":366,"y":119},"5":{"angle":0,"type":"brick","x":706,"y":213},"37":{"angle":-1.581434223370438,"type":"board","x":410,"y":652.4092482},"6":{"angle":0,"type":"brick","x":648,"y":210},"38":{"angle":1.5607966601082317,"type":"board","x":9.8745063,"y":652.4143795},"7":{"angle":-1.570353369839912,"type":"brick","x":624,"y":163},"39":{"angle":1.384336232091889,"type":"board","x":25.064928,"y":652.3481995},"8":{"angle":-1.5965244803134282,"type":"board","x":454,"y":222},"40":{"angle":1.1532356904388086,"type":"board","x":43.710779,"y":656.3681245},"9":{"angle":0.5627908870310445,"type":"board","x":516,"y":215},"41":{"angle":0.9212011007467195,"type":"board","x":60.092561,"y":664.8774365},"10":{"angle":0,"type":"board","x":598,"y":263},"42":{"angle":0.6926693781936931,"type":"board","x":73.082446,"y":677.197129},"11":{"angle":-1.5787287700679276,"type":"board","x":730.3061975,"y":290},"43":{"angle":0.46554084305924753,"type":"board","x":82.2283165,"y":692.678514},"12":{"angle":-0.7181291365680577,"type":"board","x":668.187382,"y":385},"44":{"angle":0.23281790213301393,"type":"board","x":87.21573,"y":711.05482},"13":{"angle":0,"type":"board","x":545,"y":439},"45":{"angle":-1.0916846992502572e-3,"type":"board","x":87.5097376,"y":730.904487},"14":{"angle":0,"speed":-518,"type":"spokedwheel","x":566,"y":353},"46":{"angle":-1.5754386958213737,"type":"board","x":409,"y":522},"15":{"angle":0,"type":"board","x":382,"y":439},"47":{"angle":0.5135319505337318,"type":"brick","x":378,"y":102},"16":{"angle":0,"type":"board","x":401,"y":399},"48":{"angle":0,"sticker":"kingbun","type":"sticker","x":724,"y":183},"17":{"angle":-1.7143632115813174,"type":"board","x":465,"y":316},"49":{"angle":0,"sticker":"cat","type":"sticker","x":486,"y":239},"18":{"angle":0,"type":"board","x":539,"y":264},"50":{"angle":0,"sticker":"squobject","type":"sticker","x":34,"y":362},"19":{"angle":0.5945489758965953,"type":"board","x":382,"y":130},"51":{"angle":0,"sticker":"determinism","type":"sticker","x":577,"y":59},"20":{"angle":0.5983402953695452,"type":"board","x":385,"y":148},"52":{"angle":0,"sticker":"figure2-happy","type":"sticker","x":665,"y":667.5},"21":{"angle":1.2946198663645611e-2,"type":"board","x":217,"y":438},"53":{"angle":0,"sticker":"figure1-happy","type":"sticker","x":484,"y":673},"22":{"angle":0,"type":"board","x":233,"y":397},"54":{"angle":0,"type":"ballstand","x":574,"y":692.5},"23":{"angle":0,"type":"board","x":87.5,"y":397},"24":{"angle":0,"type":"board","x":135,"y":438},"25":{"angle":-1.5640636149193223,"type":"board","x":9.5889007,"y":485},"26":{"angle":-1.568801071794145,"type":"board","x":9.1745664,"y":652.4822177},"27":{"angle":0,"type":"board","x":258,"y":731},"28":{"angle":0,"type":"board","x":87.5,"y":731}}},"snapshot":{"balls":[{"age":809,"angle":2.4476702213287354,"type":3,"va":4.581386566162109,"vx":-0.7289169430732727,"vy":1.862645149230957e-9,"x":6.467374801635742,"y":-14.281441688537598},{"age":763,"angle":0.5198845863342285,"type":3,"va":59.71625900268555,"vx":-27.83753204345703,"vy":-2.418020725250244,"x":2.9868557453155518,"y":-8.335243225097656},{"age":640,"angle":1.6857243776321411,"type":3,"va":49.67129135131836,"vx":-0.8953276872634888,"vy":-8.070263862609863,"x":14.230466842651367,"y":-5.240711212158203},{"age":530,"angle":-1.7152225971221924,"type":3,"va":39.79768371582031,"vx":-6.606685638427734,"vy":-1.1062811613082886,"x":8.744745254516602,"y":-8.34496784210205},{"age":421,"angle":3.0901551246643066,"type":3,"va":119.04446411132812,"vx":7.240872859954834,"vy":14.44314956665039,"x":10.409024238586426,"y":-6.757138252258301},{"age":300,"angle":-1.5471882820129395,"type":3,"va":-28.205718994140625,"vx":3.7857494354248047,"vy":-2.4536123275756836,"x":11.769034385681152,"y":-4.815102577209473},{"age":214,"angle":-1.0906437635421753,"type":3,"va":-10.977330207824707,"vx":1.7689292430877686,"vy":-0.14493967592716217,"x":7.691028118133545,"y":-1.2888445854187012},{"age":91,"angle":-3.0077319145202637,"type":3,"va":-5.203526496887207,"vx":0.8239141702651978,"vy":-7.613291591405869e-2,"x":5.571844100952148,"y":-1.0927501916885376}],"widgets":{"14":{"angle":2.3017783164978027,"key":"14","va":-51.1668701171875,"vx":0,"vy":0,"x":11.319999694824219,"y":-7.059999942779541}}}}