{"puzzle":{"reqTiles":["Up","Left"],"inputs":[{"x":0.2,"y":0.0,"balls":[{"type":3,"rate":0.57177734375}]},{"x":0.0,"y":0.65,"balls":[{"type":2,"rate":0.39925130208333337}]}],"outputs":[{"x":0.5,"y":1.0,"balls":[{"type":2,"rate":0.39925130208333337}]},{"x":0.0,"y":0.8,"balls":[{"type":3,"rate":0.575439453125}]}],"spec":{}},"blueprint":{"puzzle":"f861a5ea-b2e8-5da3-9dab-c3bb00674f49","title":"This is the easy way","submittedAt":"2024-05-09T21:40:37.31511393Z","widgets":{"0":{"angle":6.138511865851577e-3,"type":"fan","x":493.254,"y":264.285},"32":{"angle":0,"type":"rightbumper","x":28,"y":325},"64":{"angle":-0.15223855708269693,"type":"brick","x":449,"y":721.5},"1":{"angle":-1.561228608898511,"type":"rightbumper","x":130.7657,"y":531.547},"33":{"angle":-1.8570655552989485e-3,"type":"rightbumper","x":28.0881544,"y":230},"65":{"angle":0.7271569019914529,"type":"fan","x":200,"y":498},"2":{"angle":-1.5782705985829972,"type":"board","x":102.346,"y":294},"66":{"angle":0,"catMass":2,"type":"catswat","x":34.5,"y":717},"3":{"angle":1.5547232609770714,"type":"board","x":101,"y":199.633},"35":{"angle":0,"type":"rightbumper","x":28,"y":133},"67":{"angle":-3.1415926535897936,"catMass":2,"type":"catswat","x":253,"y":717},"4":{"angle":1.5578268125997377,"type":"board","x":102,"y":389.609},"36":{"angle":1.5783310305895264,"type":"leftbumper","x":47.7096371,"y":532},"37":{"angle":0,"type":"board","x":580,"y":107},"38":{"angle":0,"type":"board","x":425,"y":107},"70":{"angle":-2.9797489232870764,"type":"fan","x":240,"y":632},"39":{"angle":-1.4838675832673822,"type":"cushion","x":120,"y":353},"71":{"angle":-2.8981218453538453,"type":"fan","x":144,"y":637},"8":{"angle":7.832362303799052e-2,"type":"brick","x":120,"y":234},"40":{"angle":-1.5764219599170897,"type":"board","x":647.5,"y":431},"72":{"angle":0,"type":"leftbumper","x":314,"y":692.5},"9":{"angle":0.11696392762206566,"type":"brick","x":119,"y":177},"41":{"angle":-0.16736214391022947,"type":"board","x":405,"y":548},"73":{"angle":-3.9876654385512493,"type":"cushion","x":41.779388,"y":43.6230775},"10":{"angle":-1.5815437019957606,"type":"brick","x":96.845,"y":215},"42":{"angle":-1.574460992690491,"type":"board","x":184.679,"y":424.532},"74":{"angle":0,"sticker":"figure3-happy","type":"sticker","x":385,"y":311},"11":{"angle":-1.5705608492487417,"type":"brick","x":94.845,"y":158},"43":{"angle":-0.14707835538840325,"type":"board","x":566.5,"y":523},"75":{"angle":0.5574934814465966,"type":"board","x":370,"y":350},"12":{"angle":-1.9683932041777003e-2,"type":"brick","x":235,"y":182},"44":{"angle":-0.16145265146172486,"type":"anvil","x":689.577461,"y":186},"76":{"angle":0,"sticker":"figure1-happy","type":"sticker","x":246,"y":310},"45":{"angle":1.1632176894379443e-2,"type":"fan","x":493,"y":216},"77":{"angle":1.139464019640772,"sticker":"knievel","type":"sticker","x":252,"y":438},"14":{"angle":-1.294710463702663,"type":"brick","x":219,"y":154},"46":{"angle":-0.9560144122275636,"type":"brick","x":473,"y":148},"78":{"angle":0,"sticker":"kingbun","type":"sticker","x":719,"y":60},"15":{"angle":1.2986194044448132,"type":"brick","x":255,"y":154},"47":{"angle":0,"type":"fan","x":491,"y":310},"79":{"angle":-3.1385000303349266,"sticker":"kingbun","type":"sticker","x":16.0617992,"y":31},"16":{"angle":1.2933832146045194,"type":"brick","x":272,"y":216},"48":{"angle":0,"type":"fan","x":196.5,"y":519.5},"80":{"angle":-3.222605486928412,"sticker":"kingbun","type":"sticker","x":334,"y":599},"17":{"angle":0.8569756836925602,"type":"brick","x":368,"y":199},"49":{"angle":7.653928231782207e-2,"type":"brick","x":109,"y":112},"81":{"angle":4.9157221284228746e-2,"sticker":"kingbun","type":"sticker","x":190,"y":345},"18":{"angle":0.760527384224524,"type":"brick","x":309,"y":172},"50":{"angle":1.6337362483977707,"type":"cushion","x":187,"y":345.5},"82":{"angle":0,"sticker":"kingbun","type":"sticker","x":700,"y":624},"19":{"angle":-0.9045403102783657,"type":"brick","x":367,"y":226},"51":{"angle":1.7894039935825878,"type":"cushion","x":198,"y":270.5},"83":{"angle":0,"sticker":"squobject","type":"sticker","x":536,"y":154.5},"20":{"angle":-0.5991009365582873,"type":"brick","x":314,"y":144},"52":{"angle":0,"type":"brick","x":191,"y":13.5},"84":{"angle":0,"sticker":"figure1-sad","type":"sticker","x":66,"y":676.5},"21":{"angle":0,"type":"brick","x":337,"y":234},"53":{"angle":0,"type":"brick","x":109,"y":13.5},"22":{"angle":0,"type":"brick","x":335,"y":183},"23":{"angle":0,"type":"brick","x":333,"y":135},"55":{"angle":-0.19671157396849503,"type":"brick","x":478,"y":703.5},"87":{"angle":0.5640322739038501,"sticker":"cat","type":"sticker","x":456,"y":376},"24":{"angle":-0.13854644779060857,"type":"board","x":191,"y":598},"56":{"angle":-1.310306326041182,"type":"brick","x":204,"y":214},"88":{"angle":0,"type":"brick","x":370,"y":370},"25":{"angle":1.5850650841526481,"type":"brick","x":452,"y":216},"57":{"angle":1.5626032887759944,"type":"cushion","x":123,"y":432},"26":{"angle":0.9402676823776943,"type":"brick","x":430,"y":146},"58":{"angle":-1.55402087840632,"type":"cushion","x":719.8149868,"y":41.3213256},"28":{"angle":1.5704847171183727,"type":"brick","x":452,"y":197},"60":{"angle":1.9410286009245379,"type":"cushion","x":128,"y":279},"29":{"angle":-7.91611534022598e-2,"type":"board","x":87.9376565,"y":609},"61":{"angle":-0.19869582081534637,"type":"board","x":592,"y":676},"30":{"angle":0,"type":"board","x":256,"y":107},"62":{"angle":-0.8927449503671796,"type":"cushion","x":699.095121,"y":628},"31":{"angle":0,"type":"rightbumper","x":28,"y":420},"63":{"angle":1.5645319640239732,"type":"cushion","x":334,"y":608}}},"snapshot":{"balls":[{"age":1485,"angle":2.380876064300537,"type":3,"va":-1.5409393310546875,"vx":0.2072344422340393,"vy":-3.269127011299133e-2,"x":0.19892342388629913,"y":-1.5714064836502075},{"age":1601,"angle":-2.241771697998047,"type":2,"va":37.549713134765625,"vx":-8.390287399291992,"vy":-0.13398560881614685,"x":0.17999649047851562,"y":-13.495288848876953},{"age":1589,"angle":0.7979844808578491,"type":3,"va":6.693105697631836,"vx":-1.422536849975586,"vy":-2.0497703552246094,"x":1.3347362279891968,"y":-6.5536980628967285},{"age":1456,"angle":2.007265329360962,"type":3,"va":-14.548674583435059,"vx":0.9349759221076965,"vy":-2.91501522064209,"x":2.1277170181274414,"y":-9.323543548583984},{"age":1326,"angle":-1.4972617626190186,"type":3,"va":19.72314453125,"vx":-3.131803035736084,"vy":-0.4946836531162262,"x":3.164062738418579,"y":-11.710556983947754},{"age":1174,"angle":-0.8604057431221008,"type":3,"va":6.5206990242004395,"vx":-1.126590609550476,"vy":0.14997278153896332,"x":13.257146835327148,"y":-3.1186351776123047},{"age":1031,"angle":1.9553650617599487,"type":3,"va":20.579689025878906,"vx":-3.2997331619262695,"vy":-0.3183388113975525,"x":2.776731252670288,"y":-11.75938892364502},{"age":968,"angle":-0.4374287724494934,"type":3,"va":43.1924934387207,"vx":-1.439099907875061,"vy":-0.6287229657173157,"x":1.4186980724334717,"y":-5.654183864593506},{"age":850,"angle":-2.2844343185424805,"type":2,"va":0,"vx":0,"vy":0,"x":14.621077537536621,"y":-11.823882102966309},{"age":869,"angle":-0.7028329968452454,"type":3,"va":37.163543701171875,"vx":28.553483963012695,"vy":7.135974884033203,"x":1.1174694299697876,"y":-8.470772743225098},{"age":9,"angle":-0.704539954662323,"type":3,"va":2.478132963180542,"vx":-0.619424045085907,"vy":-0.4983034133911133,"x":0.20496465265750885,"y":-11.851034164428711},{"age":674,"angle":-0.4623645544052124,"type":2,"va":-28.720476150512695,"vx":28.06429672241211,"vy":11.779525756835938,"x":1.4289238452911377,"y":-1.4300732612609863},{"age":601,"angle":0.3936161398887634,"type":3,"va":-4.208248615264893,"vx":0.5682727694511414,"vy":0.41454559564590454,"x":14.276467323303223,"y":-2.9655542373657227},{"age":521,"angle":1.436294674873352,"type":2,"va":16.754655838012695,"vx":1.6743533611297607,"vy":-5.997058391571045,"x":10.424396514892578,"y":-2.536851644515991},{"age":510,"angle":1.5748682022094727,"type":3,"va":-8.363286018371582,