{"puzzle":{"reqTiles":["Up"],"inputs":[{"x":0.2,"y":0.0,"balls":[{"type":4,"rate":1.0}]}],"outputs":[{"x":0.2,"y":1.0,"balls":[{"type":4,"rate":1.0}]}],"spec":{}},"blueprint":{"puzzle":"8304a621-2d1b-524d-ad6a-24082f6c4fe5","title":"i DIDN'T HAVE TO DO ANYTHING","submittedAt":"2024-04-06T21:13:15.101782342Z","widgets":{"0":{"angle":0,"type":"board","x":408,"y":432},"1":{"angle":-1.0518297462154158,"type":"board","x":688.7864995,"y":318},"33":{"angle":-6.208686097292172e-2,"type":"board","x":415,"y":645},"2":{"angle":0,"type":"board","x":511,"y":319},"34":{"angle":0,"type":"board","x":535,"y":641},"3":{"angle":0,"type":"board","x":343,"y":318},"35":{"angle":-0.939315563639146,"type":"board","x":661.322,"y":573},"4":{"angle":0,"type":"board","x":176,"y":318},"36":{"angle":0,"type":"board","x":500,"y":552},"37":{"angle":0,"type":"board","x":342,"y":550},"38":{"angle":0.31798523756220964,"type":"board","x":177,"y":524},"7":{"angle":1.0121970114513348,"type":"board","x":54.0068945,"y":252},"39":{"angle":0.9916626694399128,"type":"board","x":55.4210955,"y":430},"8":{"angle":-0.17258376497130892,"type":"board","x":213,"y":232},"40":{"angle":0,"type":"board","x":237,"y":433},"9":{"angle":0,"type":"board","x":378,"y":217},"41":{"angle":-0.2762075076367127,"type":"board","x":571,"y":410},"10":{"angle":0,"type":"board","x":544,"y":217},"42":{"angle":-0.48993512812612394,"type":"board","x":260,"y":690.8839455},"11":{"angle":0,"type":"board","x":542,"y":121},"43":{"angle":1.5400920579445225,"type":"fan","x":144.6901,"y":598.5},"12":{"angle":0,"type":"board","x":373,"y":121},"44":{"angle":-5.329940222393426e-2,"type":"fan","x":297,"y":579},"13":{"angle":0.258862959888911,"type":"board","x":209,"y":97},"45":{"type":"roundbumper","x":685,"y":480},"14":{"angle":-0.8806930703474247,"type":"board","x":677.3553925,"y":143},"46":{"type":"roundbumper","x":666,"y":286},"47":{"type":"roundbumper","x":29,"y":149},"19":{"angle":-3.1396863621509645,"type":"fan","x":651,"y":649},"20":{"angle":0,"type":"fan","x":188,"y":563},"21":{"angle":0,"type":"fan","x":23.5,"y":505},"22":{"angle":0.9874130468816764,"type":"fan","x":44.2426485,"y":342},"23":{"angle":-3.1359261146650117,"type":"fan","x":455,"y":460},"24":{"angle":-3.1512679593125883,"type":"fan","x":700.138,"y":417},"25":{"angle":0,"type":"fan","x":256,"y":346},"26":{"angle":-5.243587773979946,"type":"fan","x":629.017,"y":39.2579625},"27":{"angle":0.13991307855702725,"type":"fan","x":28.4999955,"y":272},"28":{"angle":3.6571538749165515e-2,"type":"fan","x":93,"y":86},"29":{"angle":-3.140047602498143,"type":"fan","x":664,"y":225},"30":{"angle":0.4728548215984034,"type":"fan","x":76,"y":44.087805}}},"snapshot":{"balls":[{"age":745,"angle":1.4934941530227661,"type":4,"va":42.25428009033203,"vx":-3.937000274658203,"vy":-1.6826597452163696,"x":5.324462413787842,"y":-12.860751152038574},{"age":658,"angle":1.9567996263504028,"type":4,"va":-19.687225341796875,"vx":9.159461975097656,"vy":-1.4110820293426514,"x":10.618356704711914,"y":-10.646770477294922},{"age":569,"angle":1.4583430290222168,"type":4,"va":-18.25511360168457,"vx":-0.22364452481269836,"vy":-3.575418710708618,"x":12.441948890686035,"y":-11.82851505279541},{"age":519,"angle":0.8127672672271729,"type":4,"va":65.24081420898438,"vx":-5.849696636199951,"vy":-3.1257073879241943,"x":2.4801878929138184,"y":-8.388289451599121},{"age":484,"angle":0.9782500863075256,"type":4,"va":5.709255486726761e-2,"vx":-5.429012775421143,"vy":-0.7651973962783813,"x":8.074155807495117,"y":-8.234173774719238},{"age":418,"angle":-2.98543643951416,"type":4,"va":11.503985404968262,"vx":-4.768501281738281,"vy":-0.5034787058830261,"x":6.717243671417236,"y":-8.246369361877441},{"age":360,"angle":-2.793329954147339,"type":4,"va":-44.865787506103516,"vx":6.8965253829956055,"vy":-6.976908445358276e-2,"x":10.61062240600586,"y":-6.0430192947387695},{"age":313,"angle":-1.226188063621521,"type":4,"va":-19.873685836791992,"vx":6.980250835418701,"vy":-1.0971583127975464,"x":4.945679187774658,"y":-5.8391594886779785},{"age":276,"angle":1.1286014318466187,"type":4,"va":24.657102584838867,"vx":4.401182174682617,"vy":-4.8925628662109375,"x":2.516693592071533,"y":-5.568671226501465},{"age":197,"angle":-0.519241988658905,"type":4,"va":55.45703125,"vx":-6.687450408935547,"vy":-0.4892317056655884,"x":6.999688148498535,"y":-3.9935085773468018},{"age":138,"angle":-1.6252999305725098,"type":4,"va":20.891103744506836,"vx":-1.490075707435608,"vy":-4.243439197540283,"x":12.940260887145996,"y":-3.035693645477295},{"age":93,"angle":2.635556697845459,"type":4,"va":-34.83806610107422,"vx":4.2736406326293945,"vy":-5.218637362122536e-2,"x":11.29574966430664,"y":-2.082336187362671},{"age":20,"angle":0.22628290951251984,"type":4,"va":2.7431042194366455,"vx":-4.075024649500847e-2,"vy":-1.6032887697219849,"x":2.96146821975708,"y":-0.221577987074852}],"widgets":{}}}