{"puzzle":{"reqTiles":["Up","Left"],"inputs":[{"x":0.8,"y":0.0,"balls":[{"type":2,"rate":0.5381266276041667}]},{"x":0.0,"y":0.35,"balls":[{"type":3,"rate":0.564453125}]}],"outputs":[{"x":0.2,"y":1.0,"balls":[{"type":3,"rate":0.564453125}]},{"x":0.0,"y":0.5,"balls":[{"type":2,"rate":0.5381266276041667}]}],"spec":{}},"blueprint":{"puzzle":"03e379c7-b7be-5654-ae21-30736c4f7270","title":"Bounce filters are unreliable","submittedAt":"2024-04-26T13:57:34.252872041Z","widgets":{"0":{"angle":-0.24165163839739665,"type":"board","x":359.5,"y":200},"32":{"angle":-0.7067955324218245,"type":"fan","x":622,"y":284},"1":{"angle":-0.1531889209504772,"type":"board","x":87.848685,"y":381},"33":{"angle":-0.7687036840635416,"type":"fan","x":619,"y":195},"2":{"angle":-0.5249578338826639,"type":"board","x":225,"y":402},"34":{"angle":1.6052654277944043,"type":"board","x":643,"y":412},"3":{"angle":1.5707963267948966,"type":"cushion","x":218,"y":214},"35":{"angle":-1.5601243733671297,"type":"board","x":648,"y":240},"4":{"angle":1.6183794300718803,"type":"board","x":276,"y":305},"36":{"angle":-1.5001474656744094,"type":"cushion","x":588,"y":389},"5":{"angle":-0.16195167218841075,"type":"board","x":527,"y":166},"37":{"angle":0,"type":"cushion","x":609,"y":501},"6":{"angle":1.621859435304872,"type":"fan","x":267,"y":121},"38":{"angle":-1.998872601517892,"type":"board","x":695.4890185,"y":83.340614},"7":{"angle":-1.3239921294522143,"type":"rightbumper","x":52.901223,"y":304},"9":{"angle":1.6448073960194276,"type":"board","x":119,"y":194},"10":{"angle":2.1217216487451642,"type":"board","x":53.47251,"y":79.264784},"11":{"angle":0,"type":"board","x":203,"y":101},"12":{"angle":1.5938495797432968,"type":"board","x":11.0145773,"y":152},"13":{"angle":1.583338921628848,"type":"cushion","x":560,"y":41.2413339},"14":{"angle":0.17424110074898672,"type":"board","x":87.8913718,"y":510},"15":{"angle":-1.2696652028670457,"type":"fan","x":276,"y":584},"16":{"angle":0.2347226124851966,"type":"board","x":250,"y":545},"17":{"angle":0.30348642140314414,"type":"board","x":456,"y":547},"18":{"angle":-0.9544993893988252,"type":"board","x":388,"y":605},"19":{"angle":-0.4082731600643543,"type":"board","x":270,"y":697},"20":{"angle":1.5731619864575723,"type":"board","x":129,"y":650},"21":{"angle":1.527088080833226,"type":"cushion","x":628,"y":128},"22":{"angle":-3.1175229466956136,"type":"fan","x":715.60428,"y":58},"23":{"angle":1.5598077581121628,"type":"board","x":696,"y":118},"24":{"angle":-4.694520975097632,"type":"board","x":696,"y":290},"25":{"angle":-1.5452984982407068,"type":"board","x":692,"y":457},"26":{"angle":0.3153760171310254,"type":"board","x":609,"y":598},"27":{"angle":-1.5635060549801976,"type":"board","x":690,"y":628},"28":{"angle":-1.5382301586751894,"type":"fan","x":663,"y":639},"29":{"angle":-0.7783334125988111,"type":"fan","x":608,"y":477},"30":{"angle":1.598289397647059,"type":"cushion","x":584,"y":468},"31":{"angle":-0.7644752710478422,"type":"fan","x":616,"y":382}}},"snapshot":{"balls":[{"age":1669,"angle":-2.9724414348602295,"type":3,"va":0,"vx":0,"vy":0,"x":2.6565661430358887,"y":-1.6813026666641235},{"age":1417,"angle":2.3213963508605957,"type":2,"va":-13.819364547729492,"vx":-1.4468731880187988,"vy":2.8774893283843994,"x":13.380780220031738,"y":-10.929107666015625},{"age":1265,"angle":2.8054707050323486,"type":2,"va":-14.783317565917969,"vx":0.929229736328125,"vy":3.407956600189209,"x":13.510528564453125,"y":-8.913802146911621},{"age":1142,"angle":-1.0857208967208862,"type":2,"va":-25.0721378326416,"vx":0.8960786461830139,"vy":-4.487179279327393,"x":3.640460729598999,"y":-7.736005783081055},{"age":857,"angle":0.3933796286582947,"type":2,"va":-31.942834854125977,"vx":-0.46419715881347656,"vy":-5.342547416687012,"x":11.716818809509277,"y":-1.2353030443191528},{"age":704,"angle":2.841902494430542,"type":3,"va":-4.60765266418457,"vx":0.7220090627670288,"vy":-0.12709282338619232,"x":0.9091019034385681,"y":-9.706830024719238},{"age":586,"angle":1.045979380607605,"type":3,"va":-4.192390441894531,"vx":0.657110333442688,"vy":-0.11566884070634842,"x":0.5158995389938354,"y":-9.637591361999512},{"age":513,"angle":-1.3602932691574097,"type":2,"va":2.416184902191162,"vx":-0.38035109639167786,"vy":-5.8725446462631226e-2,"x":0.435600221157074,"y":-7.481340408325195},{"age":426,"angle":2.8181281089782715,"type":3,"va":1.1434557437896729,"vx":-0.1822030395269394,"vy":0,"x":3.3725833892822266,"y":-1.6813113689422607},{"age":437,"angle":-1.3739399909973145,"type":2,"va":-3.011368989944458,"vx":0.924704372882843,"vy":1.6231014728546143,"x":2.7613658905029297,"y":-9.78410816192627},{"age":350,"angle":-1.6605656147003174,"type":3,"va":19.417675018310547,"vx":-2.4077281951904297,"vy":-2.1249887943267822,"x":4.3639678955078125,"y":-7.714189052581787},{"age":340,"angle":0.39787203073501587,"type":2,"va":3.4496638774871826,"vx":-1.5545871257781982,"vy":-8.669905662536621,"x":4.533016681671143,"y":-6.092594623565674},{"age":261,"angle":3.0656964778900146,"type":2,"va":22.301164627075195,"vx":-4.280582427978516,"vy":0.8250697255134583,"x":4.318236827850342,"y":-7.029818058013916},{"age":208,"angle":-1.270066738128662,"type":3,"va":86.74595642089844,"vx":11.945615768432617,"vy":13.3882417678833,"x":2.1544835567474365,"y":-1.1429753303527832},{"age":199,"angle":0.4329736530780792,"type":2,"va":6.682715892791748,"vx":-1.0478380918502808,"vy":-0.17119930684566498,"x":11.4696626663208,"y":-2.825181484222412},{"age":95,"angle":2.6871678829193115,"type":3,"va":-5.138967037200928,"vx":-6.796154499053955,"vy":31.891788482666016,"x":0.4920390248298645,"y":-5.762846946716309},{"age":83,"angle":2.5661003589630127,"type":2,"va":-18.715768814086914,"vx":-2.457357168197632,"vy":-5.984532833099365,"x":11.216642379760742,"y":-2.4954302310943604}],"widgets":{}}}