{"puzzle":{"reqTiles":["Up"],"inputs":[{"x":0.5,"y":0.0,"balls":[{"type":1,"rate":1.0}]}],"outputs":[{"x":0.2,"y":1.0,"balls":[{"type":1,"rate":1.0}]}],"spec":{}},"blueprint":{"puzzle":"c0117fb0-1e07-540e-943b-fd935288db88","title":"trans rights","submittedAt":"2024-04-06T18:03:33.596431157Z","widgets":{"0":{"angle":-1.6144363680252054,"type":"board","x":354,"y":97},"1":{"angle":3.3561292120889705,"type":"hammer","x":243,"y":462},"33":{"angle":1.4326679191716851,"type":"board","x":649,"y":312},"2":{"angle":0.10144298610645251,"type":"board","x":468,"y":342},"34":{"angle":0,"type":"hook","x":608.662,"y":418.686},"3":{"type":"roundbumper","x":318,"y":264},"35":{"angle":1.5527983335211997,"type":"board","x":10.5732883,"y":146},"4":{"angle":1.5414302120267953,"type":"board","x":296,"y":192},"36":{"angle":0.19396101780103153,"type":"board","x":558,"y":213},"5":{"angle":1.5607609213868234,"type":"board","x":392,"y":101},"37":{"angle":0,"type":"brick","x":435,"y":198},"6":{"angle":-0.6337887510673497,"type":"brick","x":369,"y":219},"38":{"angle":-0.5391649443629387,"type":"brick","x":263,"y":138},"7":{"angle":1.3011284972715138,"type":"board","x":334,"y":86.735422},"39":{"angle":0,"type":"rightbumper","x":465,"y":480},"40":{"angle":1.5667912834238744,"type":"brick","x":439,"y":396},"41":{"angle":-0.8368456316935546,"type":"board","x":674.708994,"y":559},"42":{"angle":-0.339706590031217,"type":"board","x":540,"y":648},"11":{"angle":0,"type":"cushion","x":193,"y":159},"12":{"angle":0.7775253181922523,"type":"sword","x":64.9216,"y":135},"44":{"angle":-0.13719410112692765,"type":"board","x":271,"y":710},"13":{"angle":-1.045511029277106,"type":"prism","x":158,"y":286},"14":{"angle":0,"speed":25,"type":"spokedwheel","x":117.276,"y":560.607},"47":{"angle":-1.5614297189604105,"type":"board","x":730.1808185,"y":520},"16":{"angle":0,"sticker":"determinism","type":"sticker","x":436,"y":279},"48":{"height":37,"type":"repulsor","width":37,"x":446,"y":688},"17":{"angle":0,"sticker":"squobject","type":"sticker","x":83,"y":713.5},"49":{"height":38,"type":"repulsor","width":38,"x":409,"y":697},"50":{"height":38,"type":"repulsor","width":38,"x":373.5,"y":702.5},"20":{"angle":-1.5861075036782468,"type":"sword","x":171,"y":410},"21":{"angle":0.8609653843115589,"type":"board","x":63.850523,"y":640},"22":{"angle":1.5696668571483043,"type":"board","x":9.0988292,"y":491},"23":{"angle":1.5573716486955473,"type":"board","x":10.1738337,"y":319},"25":{"angle":0,"speed":25,"type":"spokedwheel","x":289,"y":383},"27":{"angle":1.5569147921246986,"type":"board","x":381,"y":407},"29":{"angle":-1.5604402856561321,"type":"fan","x":341,"y":511},"31":{"angle":1.561603322659942,"sticker":"figure1-sad","type":"sticker","x":454,"y":423}}},"snapshot":{"balls":[{"age":1316,"angle":1.5324517488479614,"type":1,"va":14.601449966430664,"vx":-2.2922136783599854,"vy":-0.6761652827262878,"x":3.5348916053771973,"y":-14.126130104064941},{"age":1015,"angle":2.1202025413513184,"type":1,"va":16.106821060180664,"vx":-2.52593731880188,"vy":-0.38143062591552734,"x":4.160647869110107,"y":-14.032551765441895},{"age":687,"angle":-2.819209337234497,"type":1,"va":0,"vx":0,"vy":0,"x":4.447226524353027,"y":-2.745556592941284},{"age":513,"angle":-0.15672069787979126,"type":1,"va":2.866685628890991,"vx":-0.4400973618030548,"vy":0.10545425862073898,"x":12.558934211730957,"y":-8.048843383789062},{"age":430,"angle":0.8349748849868774,"type":1,"va":11.109485626220703,"vx":-1.7445236444473267,"vy":0.33986276388168335,"x":11.116450309753418,"y":-8.080592155456543},{"age":274,"angle":-1.1750366687774658,"type":1,"va":-38.04447937011719,"vx":3.2906317710876465,"vy":-3.8297083377838135,"x":1.194254994392395,"y":-12.215293884277344},{"age":234,"angle":1.907143473625183,"type":1,"va":3.270677089691162,"vx":0.4373610317707062,"vy":-7.706811428070068,"x":3.1231367588043213,"y":-6.219851016998291},{"age":167,"angle":2.044152021408081,"type":1,"va":-6.746774196624756,"vx":1.6717578172683716,"vy":-2.8113183975219727,"x":2.786733627319336,"y":-3.853849172592163},{"age":135,"angle":-2.663944959640503,"type":1,"va":-41.41923522949219,"vx":-6.627045631408691,"vy":-9.411401748657227,"x":3.807359218597412,"y":-2.5095510482788086},{"age":69,"angle":0.8620377779006958,"type":1,"va":2.9228551387786865,"vx":-9.566529095172882e-2,"vy":-5.873447418212891,"x":7.455021858215332,"y":-2.0485432147979736},{"age":34,"angle":6.833437830209732e-2,"type":1,"va":-0.20612506568431854,"vx":1.5928376466035843e-2,"vy":-3.09264874458313,"x":7.402822017669678,"y":-0.5604109764099121}],"widgets":{"14":{"angle":-0.22976870834827423,"key":"14","va":5.88117790222168,"vx":0,"vy":0,"x":2.34552001953125,"y":-11.212140083312988},"25":{"angle":1.9160925149917603,"key":"25","va":6.56670618057251,"vx":0,"vy":0,"x":5.78000020980835,"y":-7.659999847412109},"34":{"angle":2.1612759679555893e-2,"key":"34","va":-0.20607687532901764,"vx":0,"vy":0,"x":12.174839973449707,"y":-8.395844459533691}}}}