{"puzzle":{"reqTiles":["Up"],"inputs":[{"x":0.35,"y":0.0,"balls":[{"type":1,"rate":1.0}]}],"outputs":[{"x":0.5,"y":1.0,"balls":[{"type":1,"rate":1.0}]}],"spec":{}},"blueprint":{"puzzle":"5dbff12a-8fbf-5d92-85eb-969cd39f7ed2","title":"Probably Pinball","submittedAt":"2024-04-06T17:55:42.258896877Z","widgets":{"33":{"angle":0.16417915101784894,"type":"board","x":237,"y":716.8197605},"2":{"angle":1.4811186638299167e-2,"type":"leftbumper","x":702.3,"y":254},"34":{"angle":-0.15235580382809724,"type":"board","x":505,"y":717.8246435},"3":{"angle":-3.2961270040962405,"type":"prism","x":361,"y":100.612},"35":{"angle":-4.697612347144666,"type":"prism","x":43.7267299,"y":50.1299854},"4":{"angle":0,"speed":25,"type":"spokedwheel","x":199,"y":610.993},"36":{"angle":-1.5594670360342975,"type":"prism","x":696.4419616,"y":49.9839833},"6":{"angle":0,"type":"hook","x":541.407,"y":599.67},"38":{"angle":4.201917238730794,"type":"rightbumper","x":521,"y":227},"7":{"angle":-0.5868250252123699,"type":"fan","x":651,"y":648},"39":{"angle":-4.23463521108875,"type":"leftbumper","x":219,"y":230},"8":{"angle":0.7436598906504934,"type":"board","x":137.5,"y":674.139761},"40":{"angle":0,"type":"rightbumper","x":28,"y":412},"9":{"angle":1.2105492579428925,"type":"board","x":42.9348,"y":539},"41":{"angle":0,"type":"leftbumper","x":712,"y":422},"10":{"angle":-0.6504167150180415,"type":"board","x":596,"y":679.854687},"42":{"type":"roundbumper","x":227,"y":29},"11":{"angle":-1.139694352727789,"type":"board","x":695.259646,"y":553},"43":{"type":"roundbumper","x":488,"y":29},"12":{"type":"roundbumper","x":371,"y":387},"13":{"type":"roundbumper","x":564,"y":284},"14":{"type":"roundbumper","x":181,"y":291},"15":{"angle":0.547467196873306,"type":"board","x":227,"y":276},"16":{"angle":-2.6865045145080813,"type":"board","x":212,"y":46.5438},"17":{"angle":-0.835457258662224,"type":"board","x":642.5,"y":512},"18":{"angle":0.7532303627132318,"type":"board","x":84.005,"y":480},"19":{"angle":-0.5596064005959139,"type":"board","x":514,"y":274},"20":{"angle":-1.245335945167853,"type":"board","x":153.5,"y":255},"21":{"angle":1.1946104455141262,"type":"board","x":591,"y":250},"22":{"angle":0,"type":"rightbumper","x":620,"y":309},"23":{"angle":0,"type":"leftbumper","x":128,"y":309},"26":{"type":"roundbumper","x":81,"y":125},"27":{"type":"roundbumper","x":660,"y":117},"28":{"angle":-3.6111787065805974,"type":"board","x":499,"y":47.6210415}}},"snapshot":{"balls":[{"age":754,"angle":-0.7415968775749207,"type":1,"va":-15.960062980651855,"vx":1.984188437461853,"vy":3.301343321800232e-2,"x":8.559789657592773,"y":-14.196743965148926},{"age":376,"angle":1.7527981996536255,"type":1,"va":34.083770751953125,"vx":1.4713044166564941,"vy":2.2994370460510254,"x":12.626092910766602,"y":-2.8532421588897705},{"age":255,"angle":1.1549748182296753,"type":1,"va":-34.011077880859375,"vx":-3.8547539710998535,"vy":3.319932460784912,"x":3.405055046081543,"y":-9.484617233276367},{"age":188,"angle":-1.9176782369613647,"type":1,"va":-18.619401931762695,"vx":1.1663459539413452,"vy":1.9540090560913086,"x":5.7390031814575195,"y":-13.531328201293945},{"age":55,"angle":-2.465118646621704,"type":1,"va":-14.679271697998047,"vx":2.379096508026123,"vy":-1.1748796701431274,"x":6.403370380401611,"y":-1.4840810298919678},{"age":7,"angle":0.3636205792427063,"type":1,"va":-0.12097987532615662,"vx":0.18670284748077393,"vy":-1.7604566812515259,"x":5.297733306884766,"y":-0.3858407437801361}],"widgets":{"4":{"angle":3.028909921646118,"key":"4","va":6.1977925300598145,"vx":0,"vy":0,"x":3.9800000190734863,"y":-12.219860076904297},"6":{"angle":0.5555012822151184,"key":"6","va":-4.497713565826416,"vx":0,"vy":0,"x":11.02371597290039,"y":-12.519205093383789}}}}