{"puzzle":{"reqTiles":["Up","Left"],"inputs":[{"x":0.35,"y":0.0,"balls":[{"type":2,"rate":0.828125}]},{"x":0.0,"y":0.2,"balls":[{"type":1,"rate":0.75}]}],"outputs":[{"x":0.65,"y":1.0,"balls":[{"type":1,"rate":0.75}]},{"x":0.0,"y":0.65,"balls":[{"type":2,"rate":0.828125}]}],"spec":{}},"blueprint":{"puzzle":"74ee9776-6e05-5a77-8505-cfde82f2e036","title":"sword of truth","submittedAt":"2024-04-08T10:52:11.526510834Z","widgets":{"0":{"angle":-1.0838970949836277,"type":"rightbumper","x":55.080794,"y":270},"32":{"angle":1.8293092502822594,"type":"fan","x":339,"y":289},"64":{"angle":0,"type":"cushion","x":118,"y":420},"1":{"angle":0,"type":"fan","x":23.5,"y":37.5},"33":{"angle":1.8738786897471864,"type":"fan","x":344,"y":275},"65":{"angle":3.8359933113505607,"type":"fan","x":250,"y":609},"2":{"angle":-1.3167349440060245,"type":"brick","x":27.6121,"y":98},"34":{"angle":1.857974617759936,"type":"fan","x":343,"y":255},"3":{"angle":0,"type":"brick","x":117,"y":67},"35":{"angle":1.8414957067666404,"type":"fan","x":342,"y":236},"67":{"angle":0,"type":"cushion","x":192,"y":419},"4":{"angle":-1.5809262263081794,"type":"board","x":91,"y":168.587},"36":{"angle":1.9410683539370468,"type":"fan","x":346,"y":220},"68":{"angle":-2.316132441880658,"type":"fan","x":114,"y":597},"37":{"angle":2.0057141719107983,"type":"fan","x":346,"y":201},"69":{"angle":0,"type":"brick","x":328,"y":13.5},"6":{"angle":1.2406743222654661,"type":"board","x":167,"y":142},"38":{"angle":2.0410995720602574,"type":"fan","x":348,"y":180},"7":{"angle":1.4674608831786173,"type":"fan","x":223,"y":29.1899045},"39":{"angle":1.9851880338113785,"type":"fan","x":350,"y":156},"8":{"angle":1.4176160403938094,"type":"brick","x":198,"y":35.661751},"40":{"angle":2.0067686165860605,"type":"fan","x":344,"y":136},"9":{"angle":0,"type":"brick","x":247,"y":71},"41":{"angle":1.9707389145413026,"type":"fan","x":351,"y":124},"10":{"angle":-1.5110293073042673,"type":"board","x":313,"y":87.8813085},"42":{"angle":1.9558933536422802,"type":"fan","x":346,"y":98},"11":{"angle":2.135868949771727,"type":"fan","x":353,"y":39.9273125},"43":{"angle":1.9542807686089603,"type":"fan","x":352,"y":81},"12":{"angle":-1.5071312782536954,"type":"board","x":268,"y":166},"44":{"angle":1.9947515968373914,"type":"fan","x":352,"y":66},"76":{"angle":0.5473196994540357,"type":"cushion","x":303,"y":618},"13":{"angle":1.371316580896177,"type":"board","x":216,"y":144},"45":{"angle":0.988496852774063,"type":"fan","x":115,"y":87},"77":{"angle":0.6632801259922582,"type":"cushion","x":363,"y":660},"14":{"angle":1.3432275189543368,"type":"board","x":214,"y":308},"46":{"angle":1.2092234712032834,"type":"fan","x":178,"y":301},"78":{"angle":0.6098825852684927,"type":"cushion","x":420,"y":700.5319465},"15":{"angle":1.3529549174477338,"type":"board","x":234,"y":229},"47":{"angle":1.1832313723104804,"type":"fan","x":173,"y":283},"79":{"angle":-1.5334785416407113,"type":"cushion","x":522,"y":698.3010046},"16":{"angle":1.6414202889295362,"type":"board","x":303,"y":252},"48":{"angle":1.208149651505753,"type":"fan","x":166,"y":265},"80":{"angle":-0.6271739328872515,"type":"cushion","x":233,"y":576},"17":{"angle":-1.541896644013869,"type":"board","x":266,"y":230},"49":{"angle":1.1570763143514307,"type":"fan","x":165,"y":247},"81":{"angle":0.4499597031076866,"type":"cushion","x":155,"y":583},"18":{"angle":1.6859782130489231,"type":"board","x":296,"y":349},"50":{"angle":1.1283185105120312,"type":"fan","x":156,"y":212},"82":{"angle":0,"type":"cushion","x":332,"y":421},"19":{"angle":-1.8164724553323124,"type":"board","x":224,"y":350},"51":{"angle":1.1355379503461238,"type":"fan","x":160,"y":229},"83":{"angle":0,"type":"cushion","x":407,"y":422},"20":{"angle":-1.5722761457708434,"type":"sword","x":269,"y":568},"52":{"angle":1.0598467502982858,"type":"fan","x":145,"y":194},"84":{"angle":0,"type":"cushion","x":483,"y":424},"21":{"angle":1.6229768157120692,"type":"fan","x":237,"y":57},"53":{"angle":1.0815311617042098,"type":"fan","x":139,"y":178},"85":{"angle":1.5712372438739084,"type":"cushion","x":527,"y":456},"22":{"angle":1.2897505096546804,"type":"fan","x":239,"y":66},"54":{"angle":1.1444302560230883,"type":"fan","x":136,"y":160},"86":{"angle":1.5869239606385335,"type":"cushion","x":524,"y":618},"23":{"angle":1.9644212310947093,"type":"fan","x":355,"y":49},"55":{"angle":1.1060837758436128,"type":"fan","x":131,"y":131},"87":{"angle":1.5513651247477203,"type":"cushion","x":527,"y":537},"24":{"angle":1.0687133102104718,"type":"fan","x":121,"y":110},"56":{"angle":1.0357781141909257,"type":"fan","x":125,"y":121},"88":{"angle":-2.8578487149613943,"type":"cushion","x":86.8196,"y":553},"25":{"angle":0.9790644298454731,"type":"fan","x":119,"y":98},"57":{"angle":1.093696908317044,"type":"fan","x":135,"y":148},"89":{"angle":0.4212093616305807,"type":"cushion","x":45.389243,"y":535.039},"90":{"angle":1.5448111794754003,"type":"cushion","x":192,"y":474},"27":{"angle":1.4918124405332616,"type":"fan","x":239,"y":103},"29":{"angle":1.5870696265213748,"type":"fan","x":240,"y":83},"31":{"angle":1.83825965123069,"type":"fan","x":338,"y":305},"63":{"angle":0,"type":"cushion","x":41,"y":419}}},"snapshot":{"balls":[{"age":363,"angle":-0.9380599856376648,"type":2,"va":-0.8362828493118286,"vx":0.16059979796409607,"vy":-2.353041887283325,"x":1.177999496459961,"y":-9.903128623962402},{"age":11,"angle":-0.3736729621887207,"type":2,"va":-1.9885764122009277,"vx":-1.5670814514160156,"vy":-0.21507705748081207,"x":5.674315243959427e-2,"y":-9.628177642822266},{"age":248,"angle":-0.7379974126815796,"type":1,"va":2.601823568344116,"vx":-0.7089528441429138,"vy":-0.525750994682312,"x":9.818098068237305,"y":-14.459244728088379},{"age":220,"angle":-0.6179954409599304,"type":2,"va":-0.9799293279647827,"vx":-1.4616613388061523,"vy":0.7417396903038025,"x":0.6908318996429443,"y":-9.33394718170166},{"age":176,"angle":-0.7009490728378296,"type":2,"va":14.049521446228027,"vx":0.33395159244537354,"vy":-1.9042694568634033,"x":0.7414429187774658,"y":-9.71992301940918},{"age":132,"angle":-0.6400290727615356,"type":1,"va":-3.325246810913086,"vx":-0.4725671410560608,"vy":-1.4253289699554443,"x":3.3067612648010254,"y":-0.7461421489715576},{"age":116,"angle":0.8465700745582581,"type":2,"va":40.348724365234375,"vx":-4.839133262634277,"vy":4.387495517730713,"x":3.6464309692382812,"y":-11.415103912353516},{"age":23,"angle":-2.0908281207084656e-2,"type":2,"va":7.135888189077377e-2,"vx":-0.1579565852880478,"vy":-0.7109182476997375,"x":5.209757328033447,"y":-0.10802622139453888}],"widgets":{}}}