{"puzzle":{"reqTiles":["Up","Left"],"inputs":[{"x":0.2,"y":0.0,"balls":[{"type":1,"rate":0.625}]},{"x":0.0,"y":0.8,"balls":[{"type":2,"rate":0.83203125}]}],"outputs":[{"x":0.2,"y":1.0,"balls":[{"type":2,"rate":0.83203125}]},{"x":0.0,"y":0.5,"balls":[{"type":1,"rate":0.625}]}],"spec":{}},"blueprint":{"puzzle":"f7654f28-bf2a-5af7-8c5f-dbd0c5d31d45","title":"Folsom prism blues","submittedAt":"2024-04-11T21:35:48.775338598Z","widgets":{"0":{"angle":2.592897090581581,"type":"prism","x":324,"y":386.5},"32":{"height":10,"type":"attractor","width":150,"x":172,"y":392},"1":{"angle":3.6581788069747407,"type":"prism","x":274,"y":341},"33":{"angle":1.5425939930693526,"type":"board","x":244,"y":87.718968},"2":{"angle":-0.5758214059299823,"type":"prism","x":280,"y":410},"34":{"angle":1.6006143155132846,"type":"board","x":243,"y":179},"3":{"angle":-1.5904047539549853,"type":"prism","x":214.5,"y":424.5},"35":{"angle":1.579646486941258,"type":"board","x":126,"y":87.5762375},"4":{"angle":3.6318906450472475,"type":"prism","x":194,"y":487},"36":{"angle":-1.6063654636070295,"type":"board","x":126,"y":177},"5":{"angle":0.4900709492507891,"type":"prism","x":150,"y":463},"37":{"angle":0,"type":"leftbumper","x":216,"y":692.5},"6":{"angle":0.5466313560133725,"type":"prism","x":231,"y":315},"38":{"angle":-1.5616787273717645,"type":"leftbumper","x":194,"y":628},"7":{"angle":1.5580317275127138,"type":"prism","x":210,"y":377},"39":{"angle":0,"type":"cushion","x":139,"y":612},"8":{"angle":-0.543268866205492,"type":"prism","x":189,"y":268},"40":{"angle":-1.6008570072177377,"type":"leftbumper","x":60,"y":575.5},"9":{"angle":-1.5596931800868774,"type":"prism","x":126,"y":280},"10":{"angle":2.5941853262499115,"type":"prism","x":147,"y":389},"42":{"height":10,"type":"attractor","width":150,"x":204,"y":624},"11":{"angle":-6.851824248158883,"type":"prism","x":107,"y":414},"43":{"angle":2.6976324485650123,"type":"fan","x":338,"y":618.5},"12":{"angle":4.680931298509872,"type":"prism","x":44.535595,"y":429},"44":{"type":"roundbumper","x":29,"y":711},"13":{"angle":-2.6089974999407857,"type":"prism","x":106.212817,"y":340},"45":{"angle":0,"sticker":"figure2-sad","type":"sticker","x":393,"y":670.5},"14":{"angle":0.5066998367624983,"type":"prism","x":64.1480215,"y":320.5},"46":{"angle":0,"sticker":"figure2-sad","type":"sticker","x":427,"y":670.5},"15":{"angle":1.5484144723086037,"type":"prism","x":44.09706,"y":377.5},"47":{"angle":0,"sticker":"figure3-sad","type":"sticker","x":273,"y":671.5},"16":{"angle":1.5923982183555507,"type":"prism","x":385.5,"y":377},"48":{"angle":0,"sticker":"squobject","type":"sticker","x":411,"y":586},"17":{"angle":-1.5724238519265468,"type":"fan","x":37.5382215,"y":488},"49":{"angle":0,"sticker":"determinism","type":"sticker","x":434,"y":514},"18":{"angle":3.1528590837657133,"type":"fan","x":416,"y":372},"50":{"angle":0,"speed":25,"type":"spokedwheel","x":598.000005,"y":304.000005},"19":{"angle":-2.0692399814010063,"type":"fan","x":376,"y":423},"20":{"angle":-1.800043970592416,"type":"fan","x":90,"y":514},"21":{"angle":-1.0947727214804828,"type":"fan","x":137,"y":525},"22":{"angle":-2.1372237456817187,"type":"fan","x":222,"y":520.5},"23":{"angle":-2.1482001404583335,"type":"fan","x":259,"y":491},"24":{"angle":-2.209016350849959,"type":"fan","x":318,"y":453},"25":{"angle":2.2087582086319593,"type":"fan","x":377,"y":321},"26":{"angle":2.1198501292025607,"type":"fan","x":319,"y":296},"27":{"angle":2.1044890986650246,"type":"fan","x":267,"y":261},"28":{"angle":0.9534914483187933,"type":"fan","x":44.1817775,"y":277},"29":{"angle":1.6168196662445655,"type":"fan","x":38.541452,"y":257},"30":{"angle":1.8479501719406428,"type":"fan","x":99,"y":244},"31":{"type":"roundbumper","x":172,"y":393}}},"snapshot":{"balls":[{"age":1141,"angle":2.308760643005371,"type":2,"va":-29.08108139038086,"vx":22.163572311401367,"vy":2.6813547611236572,"x":1.4945106506347656,"y":-14.078414916992188},{"age":1063,"angle":-2.962836265563965,"type":1,"va":-3.8749070167541504,"vx":25.205188751220703,"vy":-18.641700744628906,"x":3.859281301498413,"y":-8.431096076965332},{"age":1007,"angle":3.1146461963653564,"type":2,"va":28.90888214111328,"vx":-0.6739184856414795,"vy":2.5721092224121094,"x":3.215057849884033,"y":-13.075555801391602},{"age":912,"angle":2.1803998947143555,"type":2,"va":20.516613006591797,"vx":-4.066515922546387,"vy":1.375732421875,"x":2.437429904937744,"y":-13.299980163574219},{"age":833,"angle":0.5940539836883545,"type":1,"va":-102.76204681396484,"vx":3.1057441234588623,"vy":23.996524810791016,"x":6.118239402770996,"y":-6.746921062469482},{"age":700,"angle":2.7392327785491943,"type":2,"va":15.920475006103516,"vx":-3.0869195461273193,"vy":3.237833023071289,"x":2.9723405838012695,"y":-14.479578018188477},{"age":658,"angle":1.871814489364624,"type":2,"va":85.5854263305664,"vx":-14.735925674438477,"vy":9.076966285705566,"x":1.5954904556274414,"y":-13.774765968322754},{"age":480,"angle":0.6951720118522644,"type":2,"va":38.052345275878906,"vx":1.559244155883789,"vy":1.5583957433700562,"x":2.6485486030578613,"y":-13.676192283630371},{"age":539,"angle":0.49320682883262634,"type":2,"va":113.83589935302734,"vx":-14.874724388122559,"vy":-6.985685348510742,"x":0.5768489837646484,"y":-12.295926094055176},{"age":529,"angle":-0.14993467926979065,"type":1,"va":-2.881937265396118,"vx":-7.792901247739792e-2,"vy":0.7386581301689148,"x":0.5308447480201721,"y":-8.090764045715332},{"age":351,"angle":-0.4982162415981293,"type":2,"va":-31.129608154296875,"vx":4.131040096282959,"vy":-11.916221618652344,"x":1.029964566230774,"y":-12.587416648864746},{"age":338,"angle":1.3060493469238281,"type":1,"va":-29.440433502197266,"vx":2.48655104637146,"vy":2.354095935821533,"x":2.002119779586792,"y":-9.151061058044434},{"age":224,"angle":2.5987677574157715,"type":2,"va":8.192068099975586,"vx":-1.3152331113815308,"vy":-0.14485329389572144,"x":1.5066511631011963,"y":-14.617733001708984},{"age":230,"angle":0.7778100371360779,"type":2,"va":0.780539333820343,"vx":0.2890780568122864,"vy":0.7264487147331238,"x":2.1170332431793213,"y":-14.425705909729004},{"age":163,"angle":1.0223584175109863,"type":2,"va":-116.85160064697266,"vx":15.408758163452148,"vy":-27.465131759643555,"x":3.854869842529297,"y":-13.239493370056152},{"age":204,"angle":3.100581169128418,"type":1,"va":-24.087566375732422,"vx":2.0850510597229004,"vy":0.608257532119751,"x":1.5360983610153198,"y":-8.138907432556152},{"age":70,"angle":-1.8467364311218262,"type":2,"va":9.269680976867676,"vx":-1.9279959201812744,"vy":-12.894848823547363,"x":1.329905390739441,"y":-12.378483772277832},{"age":77,"angle":-0.12790976464748383,"type":1,"va":6.693433970212936e-2,"vx":0.4546324610710144,"vy":-7.628024101257324,"x":3.2638957500457764,"y":-3.171921491622925}],"widgets":{"50":{"angle":0.893172562122345,"key":"50","va":6.662801265716553,"vx":0,"vy":0,"x":11.960000038146973,"y":-6.079999923706055}}}}