{"puzzle":{"reqTiles":["Up"],"inputs":[{"x":0.8,"y":0.0,"balls":[{"type":2,"rate":0.4867095947265625}]},{"x":1.0,"y":0.8,"balls":[{"type":4,"rate":0.83349609375}]}],"outputs":[{"x":0.65,"y":1.0,"balls":[{"type":4,"rate":0.83349609375}]},{"x":1.0,"y":0.35,"balls":[{"type":2,"rate":0.4867095947265625}]}],"spec":{}},"blueprint":{"puzzle":"29e885ac-f781-5954-a731-3cd50032e6a4","title":"shapes 2","submittedAt":"2024-05-19T17:16:31.616831764Z","widgets":{"0":{"angle":1.0161561532975665,"type":"board","x":677,"y":218},"32":{"angle":2.709761422584722,"type":"prism","x":168,"y":493},"1":{"angle":1.0284033200996148,"type":"board","x":593,"y":79.587333},"33":{"angle":-1.7073882899963122,"type":"prism","x":125,"y":391},"2":{"angle":-0.4584929846958046,"type":"board","x":581,"y":693.2022735},"34":{"angle":-0.43818506690303,"type":"prism","x":221,"y":375},"3":{"angle":-0.43746447954342793,"type":"board","x":656.9271665,"y":656},"35":{"angle":0.818416441988092,"type":"prism","x":266,"y":460},"4":{"angle":-2.1036823895223233,"type":"prism","x":343,"y":202},"36":{"angle":2.0944523732196463,"type":"prism","x":196,"y":532},"5":{"angle":-1.0463954321535982,"type":"prism","x":295,"y":216},"37":{"angle":3.3286890933011812,"type":"prism","x":111,"y":488},"6":{"angle":0,"type":"prism","x":257,"y":182},"38":{"angle":-1.0461502160186977,"type":"prism","x":171,"y":358},"7":{"angle":-4.203318519348142,"type":"prism","x":317,"y":117},"39":{"angle":0.18682513692119887,"type":"prism","x":266,"y":407},"8":{"angle":3.1389600946676284,"type":"prism","x":356,"y":153},"40":{"angle":1.4268359807999043,"type":"prism","x":248,"y":512},"9":{"angle":1.0376333548526753,"type":"prism","x":271,"y":133},"41":{"angle":2.694767167412082,"type":"prism","x":142,"y":531},"10":{"angle":-1.0684618328836122,"type":"prism","x":295,"y":75.0882},"42":{"angle":-2.3272512997724126,"type":"prism","x":93,"y":435},"11":{"angle":1.0460054397198648,"type":"prism","x":391,"y":203},"43":{"angle":3.6134089122078423,"type":"prism","x":581,"y":413},"12":{"angle":3.13764732139211,"type":"prism","x":233,"y":224},"44":{"angle":0.47327076261408724,"type":"prism","x":497,"y":392},"13":{"angle":0,"type":"prism","x":380,"y":111},"45":{"angle":2.0864300254434855,"type":"prism","x":548,"y":360},"14":{"angle":2.095695496617524,"type":"prism","x":317,"y":258},"46":{"angle":-1.0645763494763025,"type":"prism","x":528,"y":443},"15":{"angle":-2.09671482436908,"type":"prism","x":223,"y":132},"47":{"angle":1.277568492166821,"type":"prism","x":516,"y":364},"16":{"angle":-2.0897673577180766,"type":"prism","x":276,"y":258},"48":{"angle":-1.8625357780707306,"type":"prism","x":561,"y":440},"17":{"angle":3.1250882425570636,"type":"prism","x":372,"y":236},"49":{"angle":2.8469262913734825,"type":"prism","x":577,"y":380},"18":{"angle":-1.059207377870946,"type":"prism","x":377,"y":188},"50":{"angle":-0.28782218921259034,"type":"prism","x":503,"y":424},"19":{"angle":2.0820168743163294,"type":"prism","x":400,"y":145},"51":{"angle":-0.683206976583096,"type":"prism","x":555,"y":327},"20":{"angle":-2.0888854434286785,"type":"prism","x":361,"y":118},"52":{"angle":9.969077748617697e-2,"type":"prism","x":602,"y":360},"21":{"angle":1.0499512439606802,"type":"prism","x":336,"y":74.9213},"53":{"angle":0.8829192451580866,"type":"prism","x":614,"y":418},"22":{"angle":-3.1429847353348097,"type":"prism","x":293,"y":95},"54":{"angle":1.6654242265087447,"type":"prism","x":581,"y":465},"23":{"angle":0,"type":"prism","x":244,"y":96},"55":{"angle":2.4553267315223373,"type":"prism","x":523,"y":476},"24":{"angle":2.0940337852107826,"type":"prism","x":237,"y":148},"56":{"angle":-3.0685344167760027,"type":"prism","x":475,"y":443},"25":{"angle":-1.0458804211066735,"type":"prism","x":214,"y":191},"57":{"angle":-2.271610518407376,"type":"prism","x":463,"y":386},"26":{"angle":1.0521842991348245,"type":"prism","x":251,"y":217},"58":{"angle":-1.4494078828131993,"type":"prism","x":497,"y":337},"27":{"angle":-1.2935915071386465e-2,"type":"prism","x":324,"y":237},"28":{"angle":-1.0495470604109556,"type":"prism","x":171,"y":403},"29":{"angle":0.19424099618140403,"type":"prism","x":223,"y":422},"30":{"angle":1.4450269623088206,"type":"prism","x":221,"y":478},"31":{"angle":-2.3259675010277183,"type":"prism","x":137,"y":446}}},"snapshot":{"balls":[{"age":256,"angle":1.8973243236541748,"type":4,"va":7.307609558105469,"vx":-1.1473668813705444,"vy":-1.2078131437301636,"x":9.799073219299316,"y":-14.302767753601074},{"age":210,"angle":0.11714230477809906,"type":4,"va":12.529208183288574,"vx":-1.7560341358184814,"vy":-0.9550358653068542,"x":11.114891052246094,"y":-13.734928131103516},{"age":139,"angle":-1.9252196550369263,"type":4,"va":10.807061195373535,"vx":-1.6161879301071167,"vy":-0.33606821298599243,"x":13.021003723144531,"y":-12.782538414001465},{"age":91,"angle":-1.229585886001587,"type":4,"va":7.000633716583252,"vx":-1.006127953529358,"vy":-0.532197117805481,"x":14.08357048034668,"y":-12.302576065063477},{"age":138,"angle":-0.8032233715057373,"type":2,"va":-0.8132658004760742,"vx":0.20884738862514496,"vy":-0.33711811900138855,"x":14.477398872375488,"y":-5.229734897613525},{"age":54,"angle":-4.82429563999176e-3,"type":2,"va":-0.14456729590892792,"vx":0.5094466805458069,"vy":-3.6703872680664062,"x":11.982715606689453,"y":-0.9169468283653259}],"widgets":{}}}