{"puzzle":{"reqTiles":["Up"],"inputs":[{"x":0.2,"y":0.0,"balls":[{"type":4,"rate":0.83349609375}]}],"outputs":[{"x":0.65,"y":1.0,"balls":[{"type":4,"rate":0.83349609375}]}],"spec":{}},"blueprint":{"puzzle":"78d6bcbd-ff35-5cf6-b493-0ed457409e4c","title":"The Dark Lord builds on shaky foundations","submittedAt":"2024-05-12T16:34:17.390409374Z","widgets":{"0":{"angle":-1.571589976265858,"type":"anvil","x":336,"y":242},"64":{"angle":0,"type":"board","x":87.5,"y":680},"1":{"angle":1.5182265786190428,"type":"anvil","x":384,"y":245},"65":{"angle":0,"type":"brick","x":33.999,"y":642},"66":{"angle":0,"type":"brick","x":33.999,"y":663},"67":{"angle":0,"type":"brick","x":80,"y":663},"68":{"angle":0,"type":"brick","x":117,"y":672},"5":{"angle":0,"type":"anvil","x":364,"y":349},"69":{"angle":0,"type":"board","x":257,"y":712},"6":{"angle":0,"type":"anvil","x":364,"y":272},"38":{"angle":0,"type":"brick","x":370,"y":370},"70":{"angle":0,"sticker":"determinism","type":"sticker","x":325,"y":651},"7":{"angle":1.5604683155811618,"type":"brick","x":332,"y":293},"39":{"type":"roundbumper","x":362,"y":214},"71":{"angle":0,"sticker":"determinism","type":"sticker","x":396,"y":653},"8":{"angle":1.577977492161983,"type":"brick","x":357,"y":293},"40":{"height":291,"type":"repulsor","width":291,"x":360.498,"y":213.498},"72":{"angle":0,"type":"board","x":345,"y":656},"9":{"angle":1.5400049225224637,"type":"brick","x":369,"y":293},"41":{"angle":0,"sticker":"knievel","type":"sticker","x":599,"y":588},"73":{"angle":0,"type":"board","x":382,"y":658},"10":{"angle":1.5291629490823901,"type":"brick","x":387,"y":293},"42":{"angle":-1.641046593605064,"type":"anvil","x":587,"y":516},"74":{"angle":7.545463577670683e-2,"type":"board","x":357,"y":710},"11":{"angle":1.5694657812246886,"type":"brick","x":336,"y":394},"43":{"angle":1.5297123791907499,"type":"anvil","x":608,"y":523},"75":{"angle":0,"type":"board","x":382,"y":642},"12":{"angle":0,"type":"brick","x":360,"y":348},"76":{"angle":0,"type":"board","x":342,"y":638},"13":{"angle":1.5522683919763436,"type":"brick","x":361,"y":392},"45":{"angle":-1.1346799823190559,"type":"hammer","x":637,"y":549},"77":{"angle":0,"type":"board","x":342,"y":622},"14":{"angle":1.5569727242563582,"type":"brick","x":387,"y":393},"78":{"angle":0,"type":"board","x":382,"y":623},"47":{"angle":0,"type":"brick","x":370,"y":370},"79":{"angle":0,"type":"brick","x":331,"y":536},"48":{"angle":0,"type":"brick","x":535,"y":726.5038},"80":{"angle":0,"type":"brick","x":394,"y":535},"49":{"angle":0,"type":"fan","x":37,"y":702.5},"81":{"angle":0,"type":"brick","x":326,"y":561},"50":{"angle":0,"type":"fan","x":116,"y":702.5},"82":{"angle":0,"type":"brick","x":404,"y":561},"51":{"angle":0.30748250739566874,"type":"brick","x":36.4891425,"y":626},"83":{"angle":0,"type":"brick","x":315,"y":587},"20":{"angle":0,"type":"ballstand","x":332,"y":476},"52":{"angle":-4.198005109953213e-2,"type":"brick","x":536,"y":702},"84":{"angle":0,"type":"brick","x":415,"y":588},"21":{"angle":0,"type":"ballstand","x":353,"y":474},"53":{"angle":0,"type":"brick","x":370,"y":370},"85":{"angle":0,"type":"brick","x":298,"y":611},"22":{"angle":0,"type":"ballstand","x":373,"y":474},"54":{"angle":0,"type":"brick","x":602,"y":699},"86":{"angle":0,"type":"brick","x":425,"y":612},"23":{"angle":0,"type":"ballstand","x":392,"y":473},"55":{"angle":0,"type":"board","x":358,"y":731.001},"87":{"angle":0,"type":"brick","x":360,"y":610},"56":{"angle":0,"type":"board","x":185,"y":731.001},"88":{"angle":1.5771605560653084,"type":"brick","x":355,"y":580},"57":{"angle":0,"type":"brick","x":605,"y":673},"89":{"angle":1.5735920025688217,"type":"brick","x":381,"y":578},"26":{"angle":0.3739745556226115,"type":"board","x":121.7398,"y":656},"58":{"angle":0,"type":"brick","x":603,"y":726.5038},"90":{"angle":0,"type":"board","x":187,"y":704},"59":{"angle":0,"type":"brick","x":670,"y":725},"60":{"angle":0,"type":"brick","x":669,"y":699},"61":{"angle":0,"type":"board","x":87.5,"y":731.001},"93":{"angle":0,"type":"brick","x":501,"y":679},"62":{"angle":0,"type":"board","x":87.5,"y":714},"94":{"angle":0,"type":"brick","x":565,"y":679},"63":{"angle":0,"type":"board","x":87.5,"y":697}}},"snapshot":{"balls":[{"age":379,"angle":0.5495330095291138,"type":4,"va":-28.093353271484375,"vx":-2.924715757369995,"vy":-0.3564230799674988,"x":9.362205505371094,"y":-14.097305297851562},{"age":311,"angle":-2.347268581390381,"type":4,"va":-10.693916320800781,"vx":1.5365805625915527,"vy":-0.6030232310295105,"x":2.8090386390686035,"y":-12.903450012207031},{"age":223,"angle":-0.3681962788105011,"type":4,"va":-6.505193710327148,"vx":1.4170172214508057,"vy":1.5188257694244385,"x":0.8431332111358643,"y":-11.882905006408691},{"age":121,"angle":2.0255682468414307,"type":4,"va":-2.397270917892456,"vx":-0.6771007180213928,"vy":-4.382596969604492,"x":0.9912220239639282,"y":-5.0688910484313965}],"widgets":{}}}