{"puzzle":{"reqTiles":["Up","Left"],"inputs":[{"x":0.65,"y":0.0,"balls":[{"type":2,"rate":0.26906331380208337}]},{"x":0.0,"y":0.5,"balls":[{"type":1,"rate":0.541900634765625}]}],"outputs":[{"x":0.65,"y":1.0,"balls":[{"type":1,"rate":0.541900634765625}]},{"x":0.0,"y":0.2,"balls":[{"type":2,"rate":0.26906331380208337}]}],"spec":{}},"blueprint":{"puzzle":"0f9be2af-d62a-56ad-b046-85586876ebab","title":"speedy and slowpoke","submittedAt":"2024-05-03T15:35:58.573295502Z","widgets":{"0":{"angle":0,"type":"board","x":87.6086898,"y":385},"64":{"angle":-0.581820776500654,"sticker":"figure3-happy","type":"sticker","x":193,"y":78.731903},"1":{"angle":0,"type":"board","x":87.6086964,"y":350},"33":{"angle":0,"type":"board","x":386,"y":547},"65":{"angle":0,"sticker":"knievel","type":"sticker","x":249,"y":271},"34":{"angle":0,"type":"board","x":313,"y":590},"66":{"angle":-1.216420718541897e-2,"type":"fan","x":23.9326714,"y":695.325714},"35":{"angle":0,"type":"board","x":218,"y":546},"67":{"angle":-3.14028768725614,"type":"fan","x":703,"y":564},"4":{"angle":-0.5477991280971094,"type":"fan","x":39.5711296,"y":428},"36":{"angle":0,"type":"board","x":176,"y":591},"68":{"angle":0.6566665475694662,"type":"brick","x":658,"y":350},"5":{"angle":0.4709077006796208,"type":"fan","x":37.9349102,"y":316},"69":{"angle":-0.6076402203045603,"type":"brick","x":660,"y":585},"6":{"angle":0,"type":"board","x":256,"y":350},"70":{"angle":-0.7408225603097135,"type":"brick","x":65,"y":555},"7":{"angle":0,"type":"board","x":257,"y":386},"39":{"angle":-3.3339175633641838,"type":"fan","x":543,"y":511},"71":{"angle":0.6947309150878417,"type":"brick","x":72,"y":688},"8":{"angle":4.0501870045896594e-2,"type":"board","x":428,"y":40},"40":{"angle":-2.906278786379828,"type":"fan","x":546,"y":626},"72":{"angle":1.5585714571275044,"type":"board","x":675,"y":431},"9":{"angle":5.8217955052303955e-2,"type":"board","x":598,"y":49},"73":{"angle":0,"type":"board","x":595,"y":351},"10":{"angle":-2.2419330333172043e-2,"type":"board","x":652.4290728,"y":150},"74":{"angle":0,"type":"board","x":606,"y":589},"11":{"angle":-0.29504559529700297,"type":"fan","x":173,"y":417},"43":{"angle":2.8290022721107477,"type":"fan","x":336,"y":509},"75":{"angle":1.5558069312909841,"type":"board","x":677,"y":513},"12":{"angle":0.29042371264277866,"type":"fan","x":175,"y":316},"44":{"angle":-2.810979670423992,"type":"fan","x":338,"y":626},"76":{"angle":0.772775249221117,"type":"brick","x":500,"y":674},"13":{"angle":-4.0868154680891715e-2,"type":"board","x":89.9965216,"y":162},"45":{"angle":1.5986144863563978,"type":"fan","x":80,"y":525},"77":{"angle":0,"type":"board","x":436,"y":663},"14":{"angle":-2.1667182815347585e-2,"type":"board","x":256,"y":157},"78":{"angle":1.5713217269281372,"type":"board","x":53,"y":626},"15":{"angle":-1.725878098624526e-2,"type":"board","x":420,"y":154},"47":{"angle":1.572994659254806,"type":"brick","x":103,"y":621},"79":{"angle":0,"type":"board","x":134,"y":702},"16":{"angle":-2.2139066057540818e-2,"type":"board","x":585,"y":151},"80":{"angle":0,"type":"board","x":132,"y":546},"17":{"angle":0,"type":"board","x":426,"y":351},"49":{"angle":0,"type":"board","x":197,"y":662},"18":{"angle":0,"type":"board","x":427,"y":386},"50":{"angle":0,"type":"fan","x":23.478262,"y":702.6086821},"19":{"angle":0,"type":"board","x":554,"y":387},"51":{"angle":0,"type":"board","x":258,"y":702},"52":{"angle":0,"type":"board","x":362,"y":663},"21":{"angle":0.21288641631704522,"type":"fan","x":364,"y":318},"53":{"angle":0,"type":"board","x":383,"y":703},"22":{"angle":-0.29058736450575146,"type":"fan","x":367,"y":422},"54":{"angle":1.5706597988939814,"type":"brick","x":515,"y":705.9900249},"23":{"angle":1.5739357590946688,"type":"fan","x":659.4128436,"y":306},"24":{"angle":1.5500553077147887,"type":"board","x":633,"y":467},"58":{"angle":0.22256638512203694,"type":"fan","x":142,"y":630},"59":{"angle":1.5530685752399909,"type":"fan","x":478,"y":645},"28":{"angle":-3.1240349842000783,"type":"fan","x":702.8397818,"y":565},"30":{"angle":0,"type":"board","x":481,"y":589},"31":{"angle":0,"type":"board","x":556,"y":548},"63":{"angle":0,"type":"cushion","x":134,"y":104}}},"snapshot":{"balls":[{"age":886,"angle":3.055424213409424,"type":2,"va":11.95928955078125,"vx":-1.8977153301239014,"vy":-0.10237744450569153,"x":2.3241913318634033,"y":-2.8798410892486572},{"age":620,"angle":3.045572519302368,"type":2,"va":7.5448408126831055,"vx":-1.1970183849334717,"vy":-2.6502370834350586e-2,"x":10.987974166870117,"y":-2.6972882747650146},{"age":427,"angle":0.7107855081558228,"type":2,"va":7.792442321777344,"vx":-1.0116020441055298,"vy":-2.8842525482177734,"x":13.779489517211914,"y":-2.4931790828704834},{"age":289,"angle":-0.10500533878803253,"type":1,"va":-37.03321838378906,"vx":1.6013414859771729,"vy":-5.990962982177734,"x":9.77704906463623,"y":-13.882136344909668},{"age":223,"angle":-1.4927173852920532,"type":1,"va":-22.701921463012695,"vx":6.574373722076416,"vy":-6.307856559753418,"x":2.2834150791168213,"y":-13.718629837036133},{"age":237,"angle":1.4899822473526,"type":2,"va":-6.280643939971924,"vx":0.9962608814239502,"vy":-5.806879699230194e-2,"x":11.28458023071289,"y":-0.601612389087677},{"age":103,"angle":2.0650365352630615,"type":1,"va":-16.28276824951172,"vx":3.909614324569702,"vy":-3.340999782085419e-2,"x":1.0762033462524414,"y":-7.3619537353515625},{"age":96,"angle":-1.638885259628296,"type":2,"va":-2.019721269607544,"vx":0.3214358389377594,"vy":-1.3025818392634392e-2,"x":9.84853744506836,"y":-0.5132676959037781}],"widgets":{}}}