{"puzzle":{"reqTiles":["Up"],"inputs":[{"x":0.35,"y":0.0,"balls":[{"type":3,"rate":1.0}]}],"outputs":[{"x":0.35,"y":1.0,"balls":[{"type":3,"rate":1.0}]}],"spec":{}},"blueprint":{"puzzle":"ba8375b9-aba9-5bf1-a145-da21e58625ba","title":"Anechoic chamber","submittedAt":"2024-04-07T02:01:09.175778623Z","widgets":{"0":{"angle":3.1040832172852544,"type":"rightbumper","x":336,"y":48.5165899},"32":{"angle":-1.6047544008365326,"type":"rightbumper","x":691.5767208,"y":441},"1":{"angle":3.165623409823226,"type":"leftbumper","x":389,"y":48.1590621},"33":{"angle":-1.5660029988501893,"type":"leftbumper","x":692.3663545,"y":489},"65":{"angle":0,"sticker":"figure3-happy","type":"sticker","x":342,"y":402},"2":{"angle":3.083600226892803,"type":"rightbumper","x":142,"y":49.0430125},"34":{"angle":4.725147497037774,"type":"rightbumper","x":690.6190035,"y":531},"66":{"angle":0,"sticker":"figure2-sad","type":"sticker","x":438,"y":384},"3":{"angle":3.127167131567179,"type":"leftbumper","x":185,"y":47.898962},"35":{"angle":-1.5653798802276342,"type":"leftbumper","x":690.011,"y":587},"67":{"angle":0,"sticker":"squobject","type":"sticker","x":408,"y":337},"4":{"angle":1.5513445994253345,"type":"rightbumper","x":48.0356365,"y":110},"36":{"angle":-1.5984176378634376,"type":"rightbumper","x":691.7448019,"y":626},"5":{"angle":3.1379150596830065,"type":"leftbumper","x":104,"y":47.6026009},"37":{"angle":0,"type":"leftbumper","x":635,"y":692.5},"6":{"angle":1.530042225069068,"type":"leftbumper","x":48.6013762,"y":145},"38":{"angle":0,"type":"leftbumper","x":527,"y":692.5},"7":{"angle":1.5469427455736384,"type":"rightbumper","x":48.1543492,"y":194},"39":{"angle":0,"type":"rightbumper","x":581,"y":692.5},"8":{"angle":1.5580305072027152,"type":"rightbumper","x":47.8535865,"y":288},"40":{"angle":0,"type":"leftbumper","x":433,"y":692.5},"9":{"angle":1.5627703954575625,"type":"leftbumper","x":47.7232086,"y":235},"41":{"angle":0,"type":"rightbumper","x":483,"y":692.5},"10":{"angle":1.5721518722112984,"type":"leftbumper","x":47.5379079,"y":332},"42":{"angle":0,"type":"leftbumper","x":335,"y":692.5},"11":{"angle":1.533454344239559,"type":"rightbumper","x":48.5122277,"y":378},"43":{"angle":0,"type":"rightbumper","x":387,"y":692.5},"12":{"angle":1.521807000123194,"type":"rightbumper","x":48.8141572,"y":469},"44":{"angle":0,"type":"leftbumper","x":137,"y":692.5},"13":{"angle":1.5622553450339232,"type":"leftbumper","x":47.7374358,"y":425},"45":{"angle":0,"type":"rightbumper","x":182,"y":692.5},"14":{"angle":1.5739468388026294,"type":"leftbumper","x":47.5879731,"y":519},"46":{"angle":0,"type":"leftbumper","x":302,"y":219},"15":{"angle":1.5572347513137954,"type":"leftbumper","x":47.8753436,"y":631},"47":{"angle":0,"type":"rightbumper","x":350,"y":221},"16":{"angle":1.5690604583895018,"type":"rightbumper","x":47.5485599,"y":573},"48":{"angle":0,"type":"rightbumper","x":452,"y":219},"49":{"angle":0,"type":"leftbumper","x":397,"y":218},"50":{"angle":1.5637704284225111,"type":"rightbumper","x":518,"y":344},"19":{"angle":0,"type":"rightbumper","x":110,"y":692.5},"51":{"angle":-1.5534785937529585,"type":"rightbumper","x":240,"y":293},"20":{"angle":3.120402569659057,"type":"leftbumper","x":489,"y":48.0826001},"52":{"angle":1.6084696904575417,"type":"leftbumper","x":519,"y":290},"21":{"angle":3.1175603165615815,"type":"rightbumper","x":436,"y":48.1591153},"53":{"angle":3.139310204132414,"type":"rightbumper","x":306,"y":503},"22":{"angle":3.1361620006559443,"type":"rightbumper","x":533,"y":47.6513988},"23":{"angle":3.1939480353252327,"type":"leftbumper","x":583,"y":48.9001986},"55":{"angle":-1.5624956048154155,"type":"leftbumper","x":242,"y":430},"24":{"angle":3.173792678821083,"type":"rightbumper","x":630,"y":48.3768016},"56":{"angle":-1.567020407517961,"type":"rightbumper","x":240,"y":382},"25":{"angle":-1.5908457198202814,"type":"leftbumper","x":691.9482035,"y":105},"57":{"angle":-1.528736483970836,"type":"leftbumper","x":242,"y":342},"26":{"angle":-1.55619628141324,"type":"leftbumper","x":692.0962937,"y":194},"58":{"angle":1.5523309555268021,"type":"rightbumper","x":512,"y":445},"27":{"angle":4.691748785601812,"type":"rightbumper","x":691.9322227,"y":150},"59":{"angle":1.5592394253798563,"type":"leftbumper","x":515,"y":391},"28":{"angle":-1.5295937909610784,"type":"leftbumper","x":691.3869823,"y":299},"60":{"angle":3.135794721421553,"type":"leftbumper","x":354,"y":505},"29":{"angle":-1.625381262168257,"type":"rightbumper","x":691.0431119,"y":246},"61":{"angle":3.1245139654214262,"type":"leftbumper","x":447,"y":501},"30":{"angle":-1.55880209187456,"type":"rightbumper","x":692.1675852,"y":341},"62":{"angle":-3.1792130608530953,"type":"rightbumper","x":392,"y":501},"31":{"angle":-1.5306945008321744,"type":"leftbumper","x":691.4156392,"y":390},"63":{"angle":0,"sticker":"determinism","type":"sticker","x":259,"y":687}}},"snapshot":{"balls":[{"age":1655,"angle":1.1646708250045776,"type":3,"va":-70.97112274169922,"vx":8.267654418945312,"vy":11.002967834472656,"x":11.059614181518555,"y":-2.974189043045044},{"age":1445,"angle":1.5260951519012451,"type":3,"va":9.001603126525879,"vx":-8.361265182495117,"vy":-9.346770286560059,"x":2.180919885635376,"y":-12.806053161621094},{"age":1,"angle":-8.78724455833435e-2,"type":3,"va":0,"vx":0,"vy":0,"x":5.303582668304443,"y":-14.526693344116211},{"age":968,"angle":1.332441806793213,"type":3,"va":-30.621475219726562,"vx":-24.30284881591797,"vy":18.321134567260742,"x":4.605274200439453,"y":-3.1666882038116455},{"age":865,"angle":1.1600379943847656,"type":3,"va":-40.99477005004883,"vx":-10.373064041137695,"vy":-2.591559410095215,"x":7.587212562561035,"y":-2.4549906253814697},{"age":776,"angle":2.2608799934387207,"type":3,"va":44.598907470703125,"vx":-1.8115417957305908,"vy":-1.183756947517395,"x":9.25952434539795,"y":-2.1167566776275635},{"age":713,"angle":1.027162790298462,"type":3,"va":-8.902292251586914,"vx":17.33216667175293,"vy":29.452829360961914,"x":11.78490924835205,"y":-12.398388862609863},{"age":613,"angle":-2.3551111221313477,"type":3,"va":-16.668254852294922,"vx":0.2000293731689453,"vy":17.825244903564453,"x":3.368403911590576,"y":-2.4716849327087402},{"age":551,"angle":1.002813696861267,"type":3,"va":-82.35060119628906,"vx":-6.970605373382568,"vy":-16.3205509185791,"x":4.120709419250488,"y":-12.440755844116211},{"age":471,"angle":-2.552769184112549,"type":3,"va":39.027427673339844,"vx":-6.570028781890869,"vy":-2.9960172176361084,"x":3.725576877593994,"y":-12.026606559753418},{"age":382,"angle":-1.87973952293396,"type":3,"va":51.82112503051758,"vx":-6.27190637588501,"vy":2.7790980339050293,"x":1.5981817245483398,"y":-11.647687911987305},{"age":323,"angle":1.1864287853240967,"type":3,"va":68.88064575195312,"vx":-9.121499061584473,"vy":-16.18427276611328,"x":4.067229270935059,"y":-12.719079971313477},{"age":260,"angle":0.8358058929443359,"type":3,"va":32.282405853271484,"vx":-25.014060974121094,"vy":3.436727523803711,"x":4.418985843658447,"y":-13.3739652633667},{"age":213,"angle":0.5558576583862305,"type":3,"va":-16.25838279724121,"vx":-1.0715217590332031,"vy":-1.9867686033248901,"x":4.304030418395996,"y":-0.5470067262649536},{"age":168,"angle":0.9211984276771545,"type":3,"va":23.150226593017578,"vx":1.496755838394165,"vy":-13.989075660705566,"x":2.4641129970550537,"y":-12.60411262512207},{"age":104,"angle":0.7594691514968872,"type":3,"va":-43.30402374267578,"vx":-4.237297058105469,"vy":-0.16158021986484528,"x":3.9725260734558105,"y":-4.823566436767578},{"age":45,"angle":-1.3298861980438232,"type":3,"va":-2.686279058456421,"vx":2.0975245162844658e-2,"vy":-4.430455684661865,"x":5.186411380767822,"y":-1.0774216651916504}],"widgets":{}}}