{"puzzle":{"reqTiles":["Up","Left"],"inputs":[{"x":0.5,"y":0.0,"balls":[{"type":2,"rate":0.5555013020833334}]},{"x":0.0,"y":0.5,"balls":[{"type":3,"rate":0.564453125}]}],"outputs":[{"x":0.65,"y":1.0,"balls":[{"type":3,"rate":0.564453125}]},{"x":0.0,"y":0.8,"balls":[{"type":2,"rate":0.5555013020833334}]}],"spec":{}},"blueprint":{"puzzle":"9054b295-9f8e-526b-b2a6-56051b6a437b","title":"Premium Blend","submittedAt":"2024-04-21T00:10:53.464572255Z","widgets":{"0":{"angle":0.15706701233108367,"type":"board","x":87.830873,"y":406},"32":{"angle":2.8243228579012527,"type":"fan","x":305,"y":466},"1":{"angle":0.1523262511909598,"type":"board","x":252,"y":434},"33":{"angle":-0.31728480310401175,"type":"board","x":292,"y":493},"2":{"angle":0.22354024662509994,"type":"board","x":413,"y":464},"34":{"angle":2.676909824769643,"type":"fan","x":389,"y":478},"35":{"angle":-0.30496433165183306,"type":"board","x":500,"y":519},"4":{"angle":9.308691230311956e-2,"type":"board","x":556,"y":490},"36":{"angle":2.594413395446157,"type":"fan","x":470,"y":491},"5":{"angle":-0.3184776496307887,"type":"board","x":654.0820235,"y":571},"37":{"angle":1.7110717554491257,"type":"fan","x":699.582649,"y":406},"6":{"angle":-1.8997971641156346,"type":"fan","x":623,"y":616},"39":{"angle":0.8872185673773912,"type":"board","x":659,"y":402},"8":{"angle":1.5925096026660552,"type":"brick","x":435,"y":705.7149201},"40":{"angle":1.5091686473800392,"type":"board","x":603,"y":256},"9":{"angle":0,"type":"board","x":494,"y":598},"41":{"angle":1.549345058578212,"type":"board","x":598,"y":136},"10":{"angle":-1.595972630894804,"type":"fan","x":398,"y":714.6686773},"42":{"angle":1.6463337911087503,"type":"fan","x":641,"y":143},"11":{"angle":0,"type":"board","x":327,"y":598},"43":{"angle":1.7995479867109712,"type":"fan","x":644,"y":41.198541},"12":{"angle":1.6904165911767113,"type":"board","x":151,"y":652.05126},"44":{"angle":0.16205481671845418,"type":"board","x":207,"y":520},"13":{"angle":-1.5163133713666483,"type":"fan","x":338,"y":714.4927702},"45":{"angle":-1.4762719223969184e-2,"type":"board","x":362,"y":538},"14":{"angle":0.27168988862207333,"type":"board","x":238,"y":650},"15":{"angle":0,"type":"board","x":363,"y":677},"16":{"angle":-0.3425177187454257,"type":"board","x":390,"y":511},"17":{"angle":-2.910588500748406,"type":"fan","x":708.538418,"y":592},"18":{"angle":-1.5310307134956251,"type":"fan","x":532,"y":634},"19":{"angle":-1.3165500199382691,"type":"fan","x":235,"y":684},"20":{"angle":-1.3372421909070853,"type":"fan","x":174,"y":666},"23":{"angle":2.253159413318799,"type":"board","x":559,"y":666.4169015},"24":{"angle":-1.5895156038328908,"type":"fan","x":117,"y":715.8021875},"25":{"angle":-1.5342511749690286,"type":"fan","x":57,"y":715.1455568},"26":{"angle":-0.6136444665367197,"type":"board","x":76.7187215,"y":522},"27":{"angle":2.380475388455553,"type":"fan","x":178,"y":449},"28":{"angle":-0.31349039229266285,"type":"board","x":208,"y":482},"29":{"angle":5.720801983601488e-7,"type":"brick","x":33.999981,"y":644},"30":{"angle":0.7203995960154895,"type":"fan","x":144.5,"y":264},"31":{"angle":1.5839612687691162,"type":"fan","x":702.1938991,"y":262}}},"snapshot":{"balls":[{"age":827,"angle":0.3372977375984192,"type":2,"va":-5.450307846069336,"vx":-0.5135948061943054,"vy":0.5949026346206665,"x":0.323479026556015,"y":-11.824302673339844},{"age":3,"angle":2.7597174644470215,"type":3,"va":0,"vx":0,"vy":-0.3270000219345093,"x":9.589615821838379,"y":-14.532489776611328},{"age":709,"angle":0.9006308317184448,"type":3,"va":-2.1417219638824463,"vx":-0.7246595621109009,"vy":-1.7930909395217896,"x":10.027481079101562,"y":-14.062296867370605},{"age":658,"angle":0.1849159449338913,"type":3,"va":-19.187049865722656,"vx":3.0261037349700928,"vy":2.4767044931650162e-2,"x":7.676834583282471,"y":-13.20234203338623},{"age":598,"angle":-2.260798692703247,"type":2,"va":16.312246322631836,"vx":5.464317798614502,"vy":-2.266414165496826,"x":9.963309288024902,"y":-9.32565689086914},{"age":542,"angle":3.1137137413024902,"type":3,"va":0.993996262550354,"vx":1.1691762208938599,"vy":-0.8418850898742676,"x":3.609462022781372,"y":-11.951324462890625},{"age":484,"angle":0.5411787629127502,"type":2,"va":0.9538972973823547,"vx":0.5173628926277161,"vy":0.8199629783630371,"x":0.7449663281440735,"y":-12.034330368041992},{"age":418,"angle":0.9926484823226929,"type":3,"va":12.91110897064209,"vx":-1.992056965827942,"vy":-0.6825684309005737,"x":13.548399925231934,"y":-10.910043716430664},{"age":353,"angle":-2.9583961963653564,"type":3,"va":-18.81148338317871,"vx":-0.7122452259063721,"vy":-1.409183144569397,"x":14.375813484191895,"y":-10.254714965820312},{"age":365,"angle":-1.4910955429077148,"type":2,"va":12.348067283630371,"vx":0.4510304927825928,"vy":-0.34236329793930054,"x":8.087746620178223,"y":-8.766486167907715},{"age":259,"angle":-1.0814011096954346,"type":3,"va":-23.808250427246094,"vx":3.685072898864746,"vy":-0.9031366109848022,"x":9.577133178710938,"y":-9.233235359191895},{"age":210,"angle":1.28661048412323,"type":3,"va":-19.241926193237305,"vx":3.013967514038086,"vy":-0.5167956948280334,"x":4.7488579750061035,"y":-8.293574333190918},{"age":219,"angle":0.3999409079551697,"type":2,"va":13.552329063415527,"vx":-1.514750361442566,"vy":4.367952346801758,"x":10.492267608642578,"y":-9.045418739318848},{"age":131,"angle":-1.1111083030700684,"type":3,"va":-13.06212043762207,"vx":2.0461392402648926,"vy":-0.35725951194763184,"x":2.120594024658203,"y":-7.835299491882324},{"age":111,"angle":-2.1522505283355713,"type":2,"va":-11.600605010986328,"vx":2.743389844894409,"vy":4.885909557342529,"x":8.323144912719727,"y":-6.774058818817139},{"age":22,"angle":3.1018733978271484,"type":3,"va":-2.0683703422546387,"vx":0.8667243123054504,"vy":-0.1406482458114624,"x":8.685392141342163e-2,"y":-7.438701152801514},{"age":39,"angle":1.0257008075714111,"type":2,"va":1.8734585046768188,"vx":4.552084021270275e-3,"vy":-4.689729690551758,"x":7.405512809753418,"y":-1.2143332958221436}],"widgets":{}}}