{"puzzle":{"reqTiles":["Up"],"inputs":[{"x":0.2,"y":0.0,"balls":[{"type":4,"rate":1.0}]}],"outputs":[{"x":0.65,"y":1.0,"balls":[{"type":4,"rate":1.0}]}],"spec":{}},"blueprint":{"puzzle":"21857446-d967-51c4-bc5b-7b09bcb3864b","title":"not sure this is feasible","submittedAt":"2024-04-07T16:19:57.533003096Z","widgets":{"0":{"height":219,"type":"repulsor","width":219,"x":109.5,"y":630.5},"1":{"angle":0,"speed":25,"type":"spokedwheel","x":223,"y":104.963468},"2":{"type":"roundbumper","x":31,"y":488},"3":{"height":445,"type":"attractor","width":445,"x":468.5,"y":517.5},"5":{"angle":1.5895368112058037,"type":"fan","x":457,"y":432},"6":{"angle":1.570096536846146,"type":"fan","x":455,"y":450},"7":{"angle":1.5686284110034114,"type":"sword","x":409,"y":669.4578668},"8":{"angle":1.6019946999959134,"type":"sword","x":555,"y":668.9260642},"9":{"angle":1.587139096882959,"type":"fan","x":481,"y":449},"10":{"angle":1.5859094115542656,"type":"fan","x":471,"y":437},"11":{"angle":1.5219659666285381,"type":"fan","x":475,"y":423},"12":{"angle":1.5517750745132894,"type":"fan","x":472,"y":427},"13":{"angle":1.5400029832374187,"type":"fan","x":471,"y":425},"14":{"angle":1.5468974980623824,"type":"fan","x":465,"y":434},"15":{"angle":1.5851970070746135,"type":"fan","x":479,"y":427},"16":{"angle":1.6244964525226815,"type":"fan","x":464,"y":450},"17":{"angle":1.5434751915056597,"type":"fan","x":474,"y":452},"18":{"angle":1.5777770161952858,"type":"fan","x":474,"y":428},"19":{"angle":1.5590602434103833,"type":"fan","x":472,"y":448},"20":{"angle":1.5707963267948966,"type":"fan","x":476,"y":442},"21":{"angle":1.5851592241481085,"type":"fan","x":476,"y":450},"22":{"angle":1.5642789920393263,"type":"fan","x":456,"y":456},"23":{"angle":1.6116590434201594,"type":"fan","x":490,"y":457},"24":{"angle":1.5982199364355043,"type":"fan","x":469,"y":452},"25":{"angle":1.5814839625947485,"type":"fan","x":482,"y":453},"26":{"angle":1.616446483623154,"type":"fan","x":471,"y":450},"27":{"angle":1.5870317673868186,"type":"fan","x":473,"y":455},"28":{"angle":2.154315688229332,"type":"fan","x":569,"y":619},"29":{"angle":0.7729912872299285,"type":"fan","x":386,"y":630}}},"snapshot":{"balls":[{"age":1456,"angle":-1.3454508781433105,"type":4,"va":2.580256223678589,"vx":4.901505947113037,"vy":0.6548277735710144,"x":7.97161865234375,"y":-13.72998046875},{"age":325,"angle":0.9001124501228333,"type":4,"va":21.627323150634766,"vx":-4.50471305847168,"vy":0.5159731507301331,"x":10.03195571899414,"y":-14.177082061767578},{"age":224,"angle":1.3750402927398682,"type":4,"va":-18.139835357666016,"vx":-1.5308611392974854,"vy":-2.9247372150421143,"x":0.7707149982452393,"y":-1.0305248498916626},{"age":143,"angle":2.1688132286071777,"type":4,"va":80.8032455444336,"vx":10.740875244140625,"vy":11.964673042297363,"x":0.676987886428833,"y":-8.571341514587402},{"age":98,"angle":1.496625542640686,"type":4,"va":-12.895408630371094,"vx":-1.5722795724868774,"vy":-5.9382452964782715,"x":0.8770331144332886,"y":-6.291208267211914},{"age":17,"angle":0.29814478754997253,"type":4,"va":2.1407630443573,"vx":-4.722717683762312e-3,"vy":-1.3947080373764038,"x":2.957702875137329,"y":-0.1853666603565216}],"widgets":{"1":{"angle":2.810955047607422,"key":"1","va":6.616675853729248,"vx":0,"vy":0,"x":4.460000038146973,"y":-2.099269390106201}}}}