{"puzzle":{"reqTiles":["Up"],"inputs":[{"x":0.5,"y":0.0,"balls":[{"type":2,"rate":0.75}]}],"outputs":[{"x":0.2,"y":1.0,"balls":[{"type":2,"rate":0.75}]}],"spec":{}},"blueprint":{"puzzle":"3c4cd3ae-9564-52dd-974b-31cc19940eab","title":"Kitty Kitty","submittedAt":"2024-04-07T20:06:53.734040472Z","widgets":{"32":{"angle":1.5303417708991764,"type":"board","x":182,"y":488},"64":{"angle":-0.30900469292454635,"type":"board","x":231,"y":194},"33":{"angle":1.5962509119858834,"type":"board","x":187,"y":652.2992847},"65":{"angle":-0.182313202111194,"type":"board","x":278,"y":639},"34":{"angle":1.5354256958282946,"type":"board","x":118,"y":338},"66":{"angle":1.5620664787532375,"type":"board","x":120,"y":574},"35":{"angle":-1.5539996317015727,"type":"board","x":185,"y":248},"67":{"angle":-1.4305756713735436,"type":"board","x":129,"y":402},"36":{"angle":-1.6143920853254794,"type":"board","x":170,"y":262},"68":{"angle":-0.10698811081350099,"type":"board","x":312,"y":171},"37":{"angle":-0.15020466468552585,"type":"board","x":434,"y":367},"69":{"angle":-0.16464111694887443,"type":"board","x":345,"y":161},"38":{"angle":-0.3819506859377905,"type":"board","x":271,"y":431},"70":{"angle":-0.7203117222152466,"type":"board","x":238,"y":64.4810625},"7":{"angle":-0.49413623425515263,"type":"hammer","x":262,"y":539},"39":{"angle":-0.20246476517340972,"type":"board","x":259,"y":393},"71":{"angle":-0.8368456316935546,"type":"board","x":248,"y":70.999997},"40":{"angle":1.51164201983514,"type":"board","x":133,"y":276},"72":{"angle":3.0080894920168992,"type":"board","x":357,"y":154},"41":{"angle":1.6255450901838913,"type":"board","x":156,"y":277},"73":{"angle":-0.10668153258663493,"type":"board","x":536,"y":344},"10":{"angle":0,"type":"anvil","x":314,"y":576},"42":{"angle":2.7846279772697184,"type":"board","x":273,"y":412},"74":{"angle":-0.36564041113447576,"type":"board","x":276,"y":618},"43":{"angle":-0.21260490353595454,"type":"board","x":274,"y":404},"75":{"angle":0,"type":"board","x":87.5,"y":312},"12":{"angle":6.289675832178299,"type":"sword","x":296,"y":549},"44":{"angle":0.5109651037758128,"type":"board","x":80.7250585,"y":199},"76":{"angle":9.052313485497782e-2,"type":"board","x":87.9554025,"y":328},"13":{"angle":0,"sticker":"squobject","type":"sticker","x":130,"y":710.5},"45":{"angle":-0.25302890239905174,"type":"board","x":270,"y":176},"77":{"angle":0,"sticker":"figure2-happy","type":"sticker","x":701,"y":667.5},"46":{"angle":-0.16520810078222375,"type":"board","x":416,"y":390},"78":{"angle":-8.944810854695964e-2,"type":"board","x":440,"y":603},"47":{"angle":0.3895593101241562,"type":"board","x":84.3622965,"y":187},"79":{"angle":-0.1992681138152997,"type":"board","x":280,"y":617},"16":{"angle":1.6717728470704508e-2,"catMass":2,"type":"catswat","x":345,"y":123},"48":{"angle":0.5477008642811015,"type":"board","x":79.387374,"y":209},"80":{"angle":-0.10538528759039546,"type":"board","x":407,"y":594},"49":{"angle":-1.1215839131081755,"type":"board","x":180,"y":134},"81":{"angle":1.5108679899734825,"type":"board","x":137,"y":230},"18":{"angle":-0.21705923044259945,"type":"board","x":265,"y":169},"50":{"angle":-1.4917355331355835,"type":"board","x":168,"y":87.9374565},"82":{"angle":-0.13930388581704473,"type":"board","x":382,"y":368},"19":{"angle":1.6055907402669636,"type":"board","x":109.5,"y":87.7601482},"51":{"angle":-1.576286876644965,"type":"board","x":146,"y":184},"83":{"angle":1.453043993592443,"type":"board","x":165,"y":265},"52":{"angle":1.5501683823852312,"type":"board","x":136,"y":95},"84":{"angle":1.796851405873534,"type":"board","x":141,"y":301},"53":{"angle":-1.6709098926865409,"type":"board","x":186,"y":102},"85":{"angle":1.6081801279157117,"type":"board","x":115,"y":319},"55":{"angle":0.21400716275087184,"type":"board","x":87.5,"y":329},"87":{"angle":0,"sticker":"squobject","type":"sticker","x":226,"y":545},"24":{"angle":1.5785157535086307,"type":"board","x":108,"y":652.4331519},"56":{"angle":0,"type":"board","x":87.5,"y":297},"25":{"angle":1.5686473346333363,"type":"board","x":194,"y":652.4808336},"57":{"angle":-0.210835181462725,"type":"board","x":376,"y":618},"26":{"angle":2.9558964038730067,"type":"board","x":342,"y":153},"58":{"angle":1.462945279433638,"type":"board","x":172,"y":159},"90":{"angle":-0.10456524485965353,"type":"cushion","x":238,"y":588},"27":{"angle":1.6077134445964192,"type":"board","x":194,"y":222},"59":{"angle":1.5893955605583292,"type":"board","x":105.5,"y":203},"28":{"angle":1.5691144790827551,"type":"board","x":106,"y":313},"60":{"angle":-1.5110132436848964,"type":"board","x":154,"y":87.8814534},"29":{"angle":1.5778250104653475,"type":"board","x":194,"y":488},"61":{"angle":-1.526466372802756,"type":"board","x":126,"y":139},"93":{"angle":-0.1633056824286013,"type":"board","x":284,"y":608},"30":{"angle":1.5634195761025205,"type":"board","x":107,"y":483},"62":{"angle":-0.27056258903609953,"type":"board","x":528,"y":364},"94":{"angle":1.5324723521662924,"type":"board","x":130,"y":87.7806073},"31":{"angle":1.5052024272798865,"type":"board","x":115,"y":506},"63":{"angle":-6.543222458666172e-2,"type":"board","x":254,"y":165}}},"snapshot":{"balls":[{"age":1442,"angle":-2.1637401580810547,"type":2,"va":0,"vx":0,"vy":0,"x":11.536454200744629,"y":-14.621304512023926},{"age":469,"angle":2.0633554458618164,"type":2,"va":9.252471923828125,"vx":-0.913489580154419,"vy":-3.292833089828491,"x":3.11842942237854,"y":-8.77576732635498},{"age":366,"angle":1.279043436050415,"type":2,"va":12.024054527282715,"vx":-1.8926345109939575,"vy":-0.2922177314758301,"x":7.297285556793213,"y":-7.06630277633667},{"age":282,"angle":-0.16212034225463867,"type":2,"va":-1.8384926319122314,"vx":-0.42809247970581055,"vy":1.254011631011963,"x":3.9209978580474854,"y":-7.301720142364502},{"age":241,"angle":1.9768710136413574,"type":2,"va":2.754110097885132,"vx":-0.7410809993743896,"vy":-8.83672684431076e-2,"x":5.623476505279541,"y":-2.6789913177490234},{"age":144,"angle":-0.5808794498443604,"type":2,"va":-11.63001537322998,"vx":-9.422386169433594,"vy":-4.801868438720703,"x":8.229629516601562,"y":-1.3878003358840942},{"age":96,"angle":2.337409734725952,"type":2,"va":1.2525763511657715,"vx":11.010299682617188,"vy":2.6529440879821777,"x":13.010066032409668,"y":-0.41423457860946655}],"widgets":{"16":{"angle":-1.6717728227376938e-2,"key":"16","va":0,"vx":0,"vy":0,"x":6.900000095367432,"y":-2.4600000381469727}}}}