{"puzzle":{"reqTiles":["Up"],"inputs":[{"x":0.65,"y":0.0,"balls":[{"type":4,"rate":1.0}]}],"outputs":[{"x":0.8,"y":1.0,"balls":[{"type":4,"rate":1.0}]}],"spec":{}},"blueprint":{"puzzle":"5b1e69ae-95b7-59ae-b829-dd6b041a3c5a","title":"railgun ran out of budget","submittedAt":"2024-04-07T01:42:54.057362209Z","widgets":{"0":{"angle":-1.580266911319266,"type":"board","x":506,"y":98.5813},"32":{"angle":0.5229670307659876,"type":"prism","x":477,"y":126},"1":{"angle":-1.5659861711944902,"type":"board","x":458,"y":94.5422},"33":{"angle":0.5419007033121962,"type":"prism","x":475,"y":62.3697575},"2":{"angle":-1.1101699226001327,"type":"rightbumper","x":468,"y":223},"34":{"angle":-2.006969791732792,"type":"leftbumper","x":172,"y":185},"3":{"angle":-1.1851644582070306,"type":"rightbumper","x":400,"y":224},"35":{"angle":-2.0842026820501216,"type":"leftbumper","x":95,"y":187},"4":{"angle":-2.075496414169019,"type":"leftbumper","x":412,"y":183},"5":{"angle":-1.5642659030276105,"type":"cushion","x":617,"y":323},"37":{"angle":-1.1158877632101853,"type":"rightbumper","x":173,"y":220},"38":{"angle":-1.0818614900895445,"type":"rightbumper","x":104,"y":221},"7":{"angle":-3.1552471658742065,"type":"fan","x":525,"y":188},"39":{"angle":-2.71065120586434,"type":"fan","x":224,"y":269},"8":{"angle":-1.1696547847230478,"type":"rightbumper","x":321,"y":223},"40":{"angle":2.497264192966062,"type":"fan","x":214,"y":129},"41":{"angle":-3.638210607292591,"type":"fan","x":142,"y":133},"42":{"angle":-2.674244999848571,"type":"fan","x":152,"y":273},"43":{"angle":5.238310318839926,"type":"prism","x":448,"y":212},"44":{"angle":5.145570065373109,"type":"prism","x":382,"y":212},"45":{"angle":5.250583994434333,"type":"prism","x":323,"y":210},"46":{"angle":5.237289546785701,"type":"prism","x":274,"y":212},"47":{"angle":-1.0798139692392499,"type":"prism","x":223,"y":210},"16":{"angle":-1.135328477938982,"type":"rightbumper","x":253,"y":222},"48":{"angle":-1.10282753882436,"type":"prism","x":173,"y":205},"17":{"angle":-2.0380206428336405,"type":"leftbumper","x":325,"y":186},"49":{"angle":-1.0248485146265385,"type":"prism","x":121,"y":214},"18":{"angle":-2.055766962733071,"type":"leftbumper","x":252,"y":185},"50":{"height":10,"type":"repulsor","width":150,"x":600,"y":163},"51":{"height":10,"type":"repulsor","width":150,"x":568,"y":196},"52":{"height":10,"type":"repulsor","width":150,"x":584,"y":185},"53":{"height":89,"type":"repulsor","width":89,"x":566,"y":45.5},"55":{"angle":0,"type":"fan","x":23.5,"y":428},"26":{"angle":1.917889529383385,"type":"fan","x":530,"y":38.877547},"27":{"angle":-2.582559251539259,"type":"fan","x":445,"y":279},"59":{"angle":-2.6538008715857364,"type":"sword","x":71.4168,"y":410},"28":{"angle":-2.6799827342615585,"type":"fan","x":367,"y":279},"60":{"angle":0,"type":"fan","x":289,"y":702.5},"29":{"angle":2.542512129194072,"type":"fan","x":375,"y":127},"30":{"angle":2.523987634868525,"type":"fan","x":293,"y":128},"31":{"angle":-2.581930957903045,"type":"fan","x":298,"y":279}}},"snapshot":{"balls":[{"age":1539,"angle":-0.19422948360443115,"type":4,"va":-1.9676109552383423,"vx":0.5637817978858948,"vy":-0.6485702991485596,"x":11.709030151367188,"y":-14.51719856262207},{"age":1017,"angle":2.945676803588867,"type":4,"va":0,"vx":0,"vy":0,"x":0.1789960414171219,"y":-7.380511283874512},{"age":909,"angle":-2.6361982822418213,"type":4,"va":-1.2606697082519531,"vx":0.2449129968881607,"vy":0,"x":10.830709457397461,"y":-14.62077522277832},{"age":717,"angle":-0.693114161491394,"type":4,"va":-27.413808822631836,"vx":2.249610424041748,"vy":-4.7331953048706055,"x":9.787046432495117,"y":-13.59046459197998},{"age":651,"angle":1.0991309881210327,"type":4,"va":80.59852600097656,"vx":-22.170255661010742,"vy":10.140068054199219,"x":3.9977846145629883,"y":-4.0735931396484375},{"age":589,"angle":-2.062281608581543,"type":4,"va":-100.22758483886719,"vx":-21.908329010009766,"vy":10.55256462097168,"x":6.311226844787598,"y":-4.148088455200195},{"age":555,"angle":-1.171012043952942,"type":4,"va":-71.6294937133789,"vx":-2.442072868347168,"vy":-21.946325302124023,"x":7.880063056945801,"y":-3.9914965629577637},{"age":500,"angle":2.3649539947509766,"type":4,"va":42.33077621459961,"vx":-24.08136558532715,"vy":-4.730920314788818,"x":9.101634979248047,"y":-4.089410305023193},{"age":410,"angle":-1.2616667747497559,"type":4,"va":8.91574764251709,"vx":-7.093515396118164,"vy":-1.4655401706695557,"x":9.543776512145996,"y":-3.5792713165283203},{"age":337,"angle":0.3349456787109375,"type":4,"va":-5.819736957550049,"vx":-6.645984172821045,"vy":0.43606775999069214,"x":9.520345687866211,"y":-3.2506113052368164},{"age":275,"angle":-0.8480262160301208,"type":4,"va":-5.777174949645996,"vx":-0.15566325187683105,"vy":-0.18650203943252563,"x":9.515685081481934,"y":-2.9224750995635986},{"age":222,"angle":-2.0779685974121094,"type":4,"va":-3.7016663551330566,"vx":-0.688875675201416,"vy":-0.5844849348068237,"x":9.511053085327148,"y":-2.6095640659332275},{"age":143,"angle":-3.141512155532837,"type":4,"va":-1.1892833709716797,"vx":-1.703953504562378,"vy":-1.0304529666900635,"x":9.496675491333008,"y":-2.2909014225006104},{"age":86,"angle":-0.26000651717185974,"type":4,"va":-1.7705403566360474,"vx":-0.6620350480079651,"vy":-1.5044893026351929,"x":9.50909423828125,"y":-1.9745107889175415},{"age":50,"angle":-8.2952119410038e-2,"type":4,"va":-0.7807953953742981,"vx":0.37435466051101685,"vy":-2.6467556953430176,"x":9.60512924194336,"y":-0.7491700649261475}],"widgets":{}}}