{"puzzle":{"reqTiles":["Up"],"inputs":[{"x":0.8,"y":0.0,"balls":[{"type":1,"rate":0.875}]},{"x":1.0,"y":0.2,"balls":[{"type":2,"rate":0.8359375}]}],"outputs":[{"x":0.5,"y":1.0,"balls":[{"type":2,"rate":0.8359375}]},{"x":1.0,"y":0.8,"balls":[{"type":1,"rate":0.875}]}],"spec":{}},"blueprint":{"puzzle":"76e25f93-f2b8-5dee-8f1a-a85068f951c0","title":"Small hadron collider","submittedAt":"2024-04-09T14:27:14.906511242Z","widgets":{"0":{"angle":-0.34298776111765533,"type":"board","x":654.569807,"y":193.3343435},"32":{"angle":2.5259259327846713,"type":"fan","x":214.9996641,"y":355},"1":{"angle":1.8622153882919974,"type":"board","x":589.0006565,"y":86.3965455},"33":{"angle":2.4987634570166377,"type":"fan","x":232.9996718,"y":324},"2":{"angle":-0.7879898133562898,"type":"board","x":520.6673435,"y":276.666},"34":{"angle":5.6949848339326245e-2,"type":"fan","x":45.6673333,"y":633.5893435},"3":{"angle":-3.596312063996206e-2,"type":"board","x":484.3333282,"y":167.9993435},"35":{"angle":-0.14843319112852132,"type":"board","x":652.131149,"y":635.333},"36":{"angle":0,"type":"board","x":504.6663282,"y":580.9996565},"37":{"angle":0,"type":"board","x":652.5,"y":569.6673435},"38":{"angle":-0.9434962268481248,"type":"fan","x":623.3336565,"y":695.962687},"39":{"angle":0,"type":"fan","x":34.667,"y":623.499687},"8":{"angle":-1.1650632934499021,"type":"board","x":431.333,"y":411.665687},"40":{"angle":0.41859764715619124,"type":"fan","x":180.3326641,"y":546.0003435},"9":{"angle":-0.8280359733345284,"type":"board","x":486.334,"y":229},"10":{"angle":-1.1164038191203398,"type":"board","x":390.6663282,"y":357.998},"11":{"angle":-1.4728762272124871,"type":"board","x":348.9996718,"y":512},"12":{"angle":-1.4360660991916,"type":"board","x":421.3326718,"y":500.333},"13":{"angle":-0.1334160749218987,"type":"board","x":318.6666718,"y":182.333313},"14":{"angle":1.7148088150317844,"type":"anvil","x":33.3333321,"y":418.9993435},"15":{"angle":1.5974467005889874,"type":"anvil","x":26.2302198,"y":495.6656565},"16":{"angle":1.155704907247948,"type":"anvil","x":41.629266,"y":586.666687},"17":{"angle":0.3075934440103005,"type":"anvil","x":102.6669962,"y":644},"18":{"angle":0,"type":"anvil","x":178.667,"y":659.999687},"19":{"angle":0,"type":"board","x":271.333,"y":648},"20":{"angle":0,"type":"board","x":265.6666565,"y":587.3333435},"21":{"angle":0,"type":"board","x":489.667,"y":648.001},"22":{"angle":-1.4879986253951547,"type":"brick","x":345.9996718,"y":689.333313},"23":{"angle":-1.1585229639640178,"type":"brick","x":413.333,"y":697.666687},"24":{"angle":1.7301377140422716,"type":"fan","x":419.0000153,"y":232.333},"25":{"angle":1.6234397334506103,"type":"fan","x":398.3333435,"y":276.6663435},"26":{"angle":1.115960971594985,"type":"fan","x":312.6656718,"y":312.9996565},"27":{"angle":2.080031016217205,"type":"fan","x":490.668,"y":464.666687},"29":{"angle":-1.0271769519438383,"type":"brick","x":420.335,"y":680.333626},"30":{"angle":-0.8639672557984834,"type":"fan","x":273.6669924,"y":697.7765375},"31":{"angle":1.792145323733383,"type":"fan","x":154.6666641,"y":110.3329924}}},"snapshot":{"balls":[{"age":374,"angle":-0.30363592505455017,"type":1,"va":-56.774169921875,"vx":7.143871784210205,"vy":-2.622633934020996,"x":10.53365421295166,"y":-12.653555870056152},{"age":297,"angle":1.8085919618606567,"type":2,"va":19.119165420532227,"vx":11.431466102600098,"vy":2.4608800411224365,"x":12.8327054977417,"y":-12.30655574798584},{"age":283,"angle":-0.9810183644294739,"type":1,"va":19.670637130737305,"vx":-3.4670331478118896,"vy":-6.2254557609558105,"x":3.2370057106018066,"y":-4.697925567626953},{"age":224,"angle":2.505758762359619,"type":2,"va":23.836320877075195,"vx":-4.2690534591674805,"vy":-16.27492332458496,"x":7.277747631072998,"y":-10.686720848083496},{"age":231,"angle":-6.738294661045074e-2,"type":1,"va":20.1851806640625,"vx":-3.175468921661377,"vy":-0.4915914535522461,"x":4.815739154815674,"y":-3.5150768756866455},{"age":179,"angle":-1.497578740119934,"type":2,"va":10.308115005493164,"vx":-2.176558256149292,"vy":-3.416656732559204,"x":10.56609058380127,"y":-4.641775131225586},{"age":170,"angle":2.6909730434417725,"type":1,"va":13.247392654418945,"vx":-2.0991504192352295,"vy":-0.1082109659910202,"x":8.207868576049805,"y":-3.0748069286346436},{"age":93,"angle":0.5416319966316223,"type":2,"va":17.684036254882812,"vx":-2.656339168548584,"vy":-0.9992656707763672,"x":12.95718002319336,"y":-3.5555028915405273},{"age":95,"angle":-2.600609302520752,"type":1,"va":12.161956787109375,"vx":-1.5470008850097656,"vy":-1.470108985900879,"x":10.514184951782227,"y":-2.961082935333252},{"age":44,"angle":-2.9553732872009277,"type":2,"va":6.588753700256348,"vx":-0.9860008955001831,"vy":-0.3521016538143158,"x":14.433406829833984,"y":-3.028048276901245},{"age":48,"angle":1.2701153755187988,"type":1,"va":7.30331563949585,"vx":-1.025557279586792,"vy":-3.4189870357513428,"x":11.706679344177246,"y":-0.793030858039856},{"age":12,"angle":0.10838959366083145,"type":1,"va":2.7121827602386475,"vx":-4.2601387947797775e-2,"vy":-0.9730315208435059,"x":11.845873832702637,"y":-3.709013760089874e-2}],"widgets":{}}}