{"puzzle":{"reqTiles":["Up","Left"],"inputs":[{"x":0.5,"y":0.0,"balls":[{"type":3,"rate":1.0}]},{"x":0.0,"y":0.35,"balls":[{"type":2,"rate":0.83203125}]}],"outputs":[{"x":0.65,"y":1.0,"balls":[{"type":2,"rate":0.83203125}]},{"x":0.0,"y":0.5,"balls":[{"type":3,"rate":1.0}]}],"spec":{}},"blueprint":{"puzzle":"267ea97b-b0e3-54e7-8caf-5632851246e1","title":"medium-speed shredder","submittedAt":"2024-04-10T12:30:48.08420263Z","widgets":{"0":{"angle":-1.5076646367351714,"type":"fan","x":38.9079103,"y":310},"32":{"angle":0.6425648061520489,"type":"brick","x":529,"y":253},"64":{"angle":1.5265041651322016,"type":"brick","x":194,"y":34.564395},"65":{"angle":0.6499461149939255,"type":"anvil","x":239,"y":61},"2":{"angle":0,"speed":694,"type":"spokedwheel","x":457,"y":325},"34":{"angle":1.8123796626083533,"type":"brick","x":151,"y":574},"66":{"angle":-0.2830593432132757,"type":"hammer","x":587,"y":186},"3":{"angle":0,"speed":-548,"type":"spokedwheel","x":304,"y":321},"35":{"angle":1.578861834448412,"type":"board","x":190,"y":501},"67":{"angle":1.3435192913447873,"type":"fan","x":557,"y":585},"36":{"angle":-0.9957082181251751,"type":"board","x":220,"y":648.68},"5":{"angle":0.13837909988196365,"type":"board","x":200,"y":159},"37":{"angle":0.757755436754725,"type":"brick","x":306,"y":504},"69":{"angle":-0.15036170719963732,"sticker":"figure2-sad","type":"sticker","x":537,"y":547},"6":{"angle":1.892232853118779,"type":"board","x":100,"y":224},"38":{"angle":0,"type":"fan","x":167,"y":546},"70":{"angle":1.3802000804587824,"type":"brick","x":550,"y":550},"7":{"angle":1.5491477810390986,"type":"board","x":437,"y":151},"39":{"angle":0.6730295836119807,"type":"board","x":332,"y":642},"8":{"angle":1.3378426383335582,"type":"brick","x":280,"y":209},"72":{"angle":2.0780382414831102,"type":"prism","x":390,"y":377},"9":{"angle":1.5797859281639326,"type":"board","x":440,"y":87.5774053},"41":{"angle":0.5835706396553264,"type":"brick","x":424,"y":709.9999985},"73":{"angle":-1.0492343818367011,"type":"prism","x":367,"y":252},"42":{"angle":0.6817719069767112,"type":"board","x":390,"y":584},"74":{"angle":0,"catMass":2,"type":"catswat","x":541,"y":459},"11":{"angle":-0.7338478109118788,"type":"board","x":378,"y":473},"43":{"angle":0.9786096472452545,"type":"brick","x":476,"y":657},"12":{"angle":0,"type":"board","x":329,"y":486},"44":{"angle":1.2724882429946869,"type":"brick","x":505,"y":703.5339195},"76":{"angle":0,"speed":-403,"type":"spokedwheel","x":645.304237,"y":486},"13":{"angle":-1.4573613349876804,"type":"fan","x":41,"y":307},"45":{"angle":-1.5856074828781894,"type":"fan","x":225,"y":690.5},"14":{"angle":-1.4601391056210014,"type":"fan","x":39.865802,"y":310},"78":{"angle":0.1975124117569716,"type":"ballstand","x":165,"y":320},"15":{"angle":0,"type":"board","x":262,"y":408},"47":{"angle":-3.096043729689352,"type":"brick","x":260,"y":494},"79":{"angle":-1.0137394266806168,"type":"sword","x":139,"y":294},"16":{"angle":1.59821436836696,"type":"board","x":212.5,"y":326},"48":{"angle":0,"type":"board","x":128,"y":677},"80":{"angle":-1.5655332174973016,"type":"board","x":594,"y":322},"17":{"angle":0.8902751021276823,"type":"brick","x":224,"y":382},"49":{"angle":0,"speed":175,"type":"spokedwheel","x":86.412074,"y":459},"81":{"angle":0,"type":"hook","x":555.171,"y":64.4139},"18":{"angle":-0.5264579616549063,"type":"brick","x":240,"y":244},"50":{"angle":1.5917375320644427,"type":"leftbumper","x":48.0759091,"y":657},"82":{"angle":0,"sticker":"cat","type":"sticker","x":652,"y":53},"19":{"angle":1.5793614278332562,"type":"board","x":546,"y":335},"51":{"angle":-0.6255140262598626,"type":"brick","x":164,"y":600},"20":{"angle":1.409539388811875e-2,"type":"brick","x":466,"y":421},"52":{"angle":3.1376314067035604,"type":"fan","x":268,"y":639},"21":{"angle":0.2486990015377654,"type":"brick","x":477,"y":229},"53":{"angle":0.801830037954808,"type":"board","x":137,"y":362},"22":{"angle":0,"type":"fan","x":195,"y":247},"54":{"angle":0.21866894587394214,"type":"board","x":87.3687325,"y":361},"24":{"angle":0.6276954073901506,"type":"board","x":183,"y":58.6715345},"56":{"height":10,"type":"attractor","width":150,"x":75,"y":354},"25":{"angle":0,"type":"fan","x":23.5,"y":91},"57":{"angle":0.46968572307469686,"sticker":"determinism","type":"sticker","x":551,"y":155},"26":{"angle":-3.118269531559984,"type":"fan","x":569,"y":253},"58":{"angle":0.46007410029080154,"sticker":"determinism","type":"sticker","x":534,"y":184},"27":{"angle":0,"type":"fan","x":193,"y":305},"59":{"angle":0,"sticker":"figure3-happy","type":"sticker","x":505,"y":209},"28":{"angle":3.166229317065844,"type":"fan","x":573,"y":321},"60":{"angle":0,"sticker":"kingbun","type":"sticker","x":398,"y":461},"29":{"angle":0,"type":"fan","x":194,"y":379},"61":{"angle":0.15837118239643977,"sticker":"squobject","type":"sticker","x":123,"y":334},"30":{"angle":3.1203968952631382,"type":"fan","x":573,"y":393},"62":{"angle":0,"sticker":"figure1-happy","type":"sticker","x":388,"y":303},"31":{"angle":-0.547357672266316,"type":"brick","x":514,"y":404}}},"snapshot":{"balls":[{"age":1226,"angle":0.9658559560775757,"type":2,"va":61.325225830078125,"vx":6.436535835266113,"vy":30.847881317138672,"x":2.849909782409668,"y":-8.140971183776855},{"age":5,"angle":-1.3457372188568115,"type":2,"va":0,"vx":0,"vy":-0.6540001630783081,"x":9.618352890014648,"y":-14.550355911254883},{"age":991,"angle":-1.5771418809890747,"type":2,"va":43.400177001953125,"vx":8.621750831604004,"vy":-13.479238510131836,"x":2.7186622619628906,"y":-2.0353527069091797},{"age":940,"angle":-1.6216188669204712,"type":2,"va":0.7778568267822266,"vx":0.5480449199676514,"vy":0.18607953190803528,"x":7.354620933532715,"y":-12.904706954956055},{"age":800,"angle":0.2541365921497345,"type":2,"va":-2.609778881072998,"vx":-1.4046550989151,"vy":-1.0125881433486938,"x":6.189517498016357,"y":-9.207488059997559},{"age":824,"angle":-0.3081956207752228,"type":3,"va":1.4615455865859985,"vx":-0.2329539656639099,"vy":4.446647595614195e-3,"x":4.938451290130615,"y":-9.38131332397461},{"age":705,"angle":-2.3334412574768066,"type":2,"va":5.0136494636535645,"vx":-1.1304781436920166,"vy":0.5414295196533203,"x":7.897341728210449,"y":-13.336318969726562},{"age":610,"angle":-2.4450713768601418e-2,"type":2,"va":-26.303543090820312,"vx":11.032007217407227,"vy":-92.73654174804688,"x":7.780910968780518,"y":-6.193045616149902},{"age":610,"angle":-2.667154312133789,"type":3,"va":2.8364973068237305,"vx":-0.45168423652648926,"vy":0,"x":6.761265754699707,"y":-9.381357192993164},{"age":16,"angle":-2.898813486099243,"type":3,"va":-0.261773020029068,"vx":-0.6147537231445312,"vy":0.12384051084518433,"x":7.782424241304398e-2,"y":-7.370465278625488},{"age":536,"angle":1.9351799488067627,"type":2,"va":21.57204246520996,"vx":-0.2035469114780426,"vy":1.6603156328201294,"x":4.382755756378174,"y":-9.513423919677734},{"age":541,"angle":1.955776333808899,"type":3,"va":-4.170285224914551,"vx":0.18189844489097595,"vy":-3.2492947578430176,"x":4.255884170532227,"y":-9.90609073638916},{"age":449,"angle":2.191046714782715,"type":2,"va":-133.61058044433594,"vx":-20.987319946289062,"vy":-8.200216293334961,"x":6.101702690124512,"y":-1.6372742652893066},{"age":451,"angle":2.3070061206817627,"type":3,"va":-126.4837875366211,"vx":-21.264602661132812,"vy":2.381500005722046,"x":1.6395933628082275,"y":-7.5590715408325195},{"age":374,"angle":1.194019079208374,"type":2,"va":-1.0607879161834717,"vx":2.1040778160095215,"vy":2.141723155975342,"x":4.119859218597412,"y":-2.0963995456695557},{"age":392,"angle":1.7320847511291504,"type":3,"va":-200.59405517578125,"vx":-0.7787964344024658,"vy":-80.42079162597656,"x":7.492066383361816,"y":-6.782495498657227},{"age":357,"angle":0.14848650991916656,"type":3,"va":5.617362976074219,"vx":-0.43727242946624756,"vy":0.2646801471710205,"x":5.857494354248047,"y":-9.258820533752441},{"age":279,"angle":1.1764405965805054,"type":2,"va":0.6032540202140808,"vx":-1.0459988117218018,"vy":-3.835033416748047,"x":4.581766128540039,