{"puzzle":{"reqTiles":["Up","Left"],"inputs":[{"x":0.65,"y":0.0,"balls":[{"type":2,"rate":0.84375}]},{"x":0.0,"y":0.65,"balls":[{"type":3,"rate":1.0}]}],"outputs":[{"x":0.2,"y":1.0,"balls":[{"type":3,"rate":1.0}]},{"x":0.0,"y":0.2,"balls":[{"type":2,"rate":0.84375}]}],"spec":{}},"blueprint":{"puzzle":"ea1aa0cd-8449-51a7-b7bc-1ca3151cc277","title":"100% Deterministic","submittedAt":"2024-04-08T11:42:57.569300357Z","widgets":{"0":{"angle":-0.16230702500526606,"type":"board","x":652.1956575,"y":52},"32":{"angle":-0.8277867686704219,"type":"brick","x":567,"y":252},"64":{"angle":0,"type":"anvil","x":202,"y":590},"1":{"angle":-0.1834610878604559,"type":"board","x":508,"y":77},"33":{"angle":-0.8314459051699595,"type":"brick","x":541,"y":279},"65":{"angle":0,"type":"anvil","x":183,"y":591},"2":{"angle":-0.1980485725204918,"type":"board","x":364,"y":105},"34":{"angle":-0.8101778541940174,"type":"brick","x":510,"y":311},"66":{"angle":0,"sticker":"squobject","type":"sticker","x":169,"y":541},"3":{"angle":-0.16688748995559993,"type":"board","x":218,"y":131},"35":{"angle":-0.8012565710396815,"type":"brick","x":476,"y":345},"4":{"angle":-0.16118348149907027,"type":"board","x":87.810195,"y":152},"36":{"angle":0.7753202199707199,"type":"brick","x":479,"y":251},"5":{"angle":1.128289139562146,"type":"board","x":45.6012415,"y":611},"37":{"angle":0.8031982868263526,"type":"brick","x":577,"y":344},"6":{"angle":1.131257558248458,"type":"board","x":67,"y":656.987352},"38":{"angle":-0.7709438369013079,"type":"brick","x":576,"y":347},"7":{"angle":1.10518616011444,"type":"board","x":47.326632,"y":456.22},"39":{"angle":0,"sticker":"determinism","type":"sticker","x":256,"y":457},"8":{"angle":1.1205382928160639,"type":"board","x":149,"y":657.3039055},"40":{"angle":0,"type":"board","x":258,"y":433},"9":{"angle":1.0946049854266255,"type":"board","x":106.5,"y":572},"10":{"angle":0,"type":"brick","x":342,"y":364},"42":{"angle":0,"catMass":2,"type":"catswat","x":344,"y":330},"11":{"angle":2.403277452846468,"type":"brick","x":385,"y":347},"43":{"angle":0,"sticker":"kingbun","type":"sticker","x":171,"y":194},"12":{"angle":1.5947013330446387,"type":"brick","x":406,"y":300},"44":{"angle":0,"type":"board","x":260,"y":474},"13":{"angle":0.9273597112458555,"type":"brick","x":391,"y":251},"45":{"angle":0,"type":"board","x":258,"y":418},"14":{"angle":0,"type":"brick","x":346,"y":229},"46":{"angle":0,"type":"board","x":258,"y":401},"15":{"angle":2.359039423783858,"type":"brick","x":297,"y":247},"47":{"angle":0,"type":"board","x":257,"y":491},"16":{"angle":1.5852342470985143,"type":"brick","x":277,"y":295},"48":{"angle":0,"type":"board","x":257,"y":507},"17":{"angle":-0.8486592621379582,"type":"brick","x":126,"y":245},"49":{"angle":1.5953815361647559,"type":"board","x":330,"y":481},"18":{"angle":1.5992967090993344,"type":"brick","x":108,"y":293},"50":{"angle":1.5862060658506314,"type":"board","x":184,"y":482},"19":{"angle":0.8553955096884073,"type":"brick","x":125,"y":343},"51":{"angle":0,"sticker":"figure1-happy","type":"sticker","x":409,"y":503},"20":{"angle":0,"type":"brick","x":170,"y":365},"52":{"angle":0,"type":"anvil","x":445,"y":590},"21":{"angle":-0.8101454405005529,"type":"brick","x":216,"y":346},"53":{"angle":0,"type":"anvil","x":424,"y":588},"22":{"angle":1.5942534717263295,"type":"brick","x":237,"y":294},"54":{"angle":0,"type":"anvil","x":403,"y":589},"23":{"angle":0.8437014772335432,"type":"brick","x":218,"y":244},"55":{"angle":0,"type":"anvil","x":389,"y":590},"24":{"angle":0,"type":"brick","x":172,"y":224},"56":{"angle":0,"type":"anvil","x":367,"y":589},"25":{"angle":-0.7990459524584431,"type":"brick","x":481,"y":252},"57":{"angle":0,"type":"anvil","x":346,"y":590},"26":{"angle":1.9710321981337928,"type":"brick","x":36,"y":251},"58":{"angle":0,"type":"anvil","x":324,"y":590},"27":{"angle":1.5950689494590309,"type":"brick","x":50,"y":247},"59":{"angle":0,"type":"anvil","x":303,"y":590},"28":{"angle":1.5733595565424774,"type":"brick","x":49,"y":294},"60":{"angle":0,"type":"anvil","x":282,"y":591},"29":{"angle":0,"type":"brick","x":49,"y":364},"61":{"angle":0,"type":"anvil","x":262,"y":590},"30":{"angle":1.5830592202411393,"type":"brick","x":48,"y":343},"62":{"angle":0,"type":"anvil","x":241,"y":591},"31":{"angle":0.851123528316723,"type":"brick","x":294,"y":345},"63":{"angle":0,"type":"anvil","x":221,"y":591}}},"snapshot":{"balls":[{"age":256,"angle":0.5804778337478638,"type":2,"va":-2.3340394496917725,"vx":0.36695733666419983,"vy":5.96652552485466e-2,"x":0.3891826868057251,"y":-2.919158697128296},{"age":4,"angle":-1.721083402633667,"type":3,"va":-6.488295644521713e-2,"vx":0.6958889961242676,"vy":-0.8793634176254272,"x":2.873054265975952,"y":-14.56036376953125},{"age":171,"angle":0.31794410943984985,"type":2,"va":18.53271484375,"vx":-2.3979949951171875,"vy":1.3340129852294922,"x":6.044834136962891,"y":-1.976172685623169},{"age":119,"angle":1.1062034368515015,"type":3,"va":-24.069814682006836,"vx":3.160220146179199,"vy":-7.061744213104248,"x":2.0793793201446533,"y":-13.902228355407715},{"age":107,"angle":-3.1210997104644775,"type":2,"va":13.440043449401855,"vx":-2.351963520050049,"vy":0.8601576089859009,"x":7.836751461029053,"y":-1.6285455226898193},{"age":71,"angle":1.167020320892334,"type":3,"va":-5.097494125366211,"vx":0.43743011355400085,"vy":-2.348806619644165,"x":0.5346024036407471,"y":-10.31480598449707},{"age":71,"angle":0.17772318422794342,"type":2,"va":3.010849952697754,"vx":-1.0402113199234009,"vy":-0.852364718914032,"x":9.214369773864746,"y":-0.875328540802002}],"widgets":{"42":{"angle":0,"key":"42","va":0,"vx":0,"vy":0,"x":6.880000114440918,"y":-6.599999904632568}}}}