{"puzzle":{"reqTiles":["Up"],"inputs":[{"x":0.65,"y":0.0,"balls":[{"type":3,"rate":0.703125}]},{"x":1.0,"y":0.5,"balls":[{"type":4,"rate":0.75}]}],"outputs":[{"x":0.2,"y":1.0,"balls":[{"type":4,"rate":0.75}]},{"x":1.0,"y":0.8,"balls":[{"type":3,"rate":0.75}]}],"spec":{}},"blueprint":{"puzzle":"1830d9be-a168-506e-8f96-9dc4bd1c8987","title":"Maze runner","submittedAt":"2024-04-12T19:06:53.898163583Z","widgets":{"0":{"angle":0.3677666789911237,"type":"board","x":490,"y":552},"32":{"angle":1.9091049825723418,"type":"board","x":237,"y":104},"1":{"angle":0.21328929003824765,"type":"board","x":651,"y":598},"33":{"angle":1.9753404431001418,"type":"board","x":290,"y":247},"2":{"angle":3.543112444500678,"type":"fan","x":703.713327,"y":448},"34":{"angle":1.580767455656926,"type":"board","x":258,"y":410},"3":{"angle":-0.2164206002110994,"type":"brick","x":703.8942295,"y":419},"35":{"height":10,"type":"repulsor","width":150,"x":289,"y":555},"4":{"angle":-1.539402995329951,"type":"fan","x":643,"y":668},"36":{"angle":4.480542801029505,"type":"fan","x":128,"y":585},"5":{"angle":2.3382231347339433,"type":"board","x":248,"y":670.777668},"37":{"angle":0.9406899680576576,"type":"board","x":58.8293975,"y":663.9999835},"6":{"angle":-1.5904387399761357,"type":"fan","x":374,"y":544},"38":{"angle":1.4618645883423267,"type":"board","x":82.5,"y":508},"7":{"angle":-1.5766366898760082,"type":"fan","x":378,"y":549},"39":{"angle":0,"type":"board","x":173,"y":581},"8":{"angle":-1.5958036128009445,"type":"fan","x":379,"y":546},"40":{"angle":-2.0288084723455846,"type":"fan","x":158,"y":392},"9":{"angle":4.719782475979674,"type":"fan","x":377,"y":547},"41":{"angle":1.5681038934859257,"type":"board","x":74,"y":344},"10":{"angle":-1.5995799729125584,"type":"fan","x":377,"y":549},"42":{"angle":2.0435771795942714,"type":"board","x":126,"y":81.9999635},"11":{"angle":-1.639077193877839,"type":"fan","x":375,"y":508},"43":{"angle":1.7323794151565213,"type":"fan","x":46.168559,"y":97},"12":{"angle":4.1032866798948024,"type":"fan","x":436,"y":273},"44":{"angle":-4.38040647639851,"type":"fan","x":317,"y":34.438778},"13":{"angle":1.5243487594648664,"type":"board","x":335,"y":493},"14":{"angle":1.529698447774069,"type":"board","x":330,"y":329},"46":{"angle":1.2913865498795165,"type":"fan","x":129,"y":583.5},"15":{"angle":1.5417586002147818,"type":"board","x":326,"y":244},"47":{"angle":0,"catMass":2,"type":"catswat","x":483,"y":620},"16":{"angle":1.528208605111912,"type":"board","x":403,"y":200},"17":{"angle":0.5442704007825262,"type":"board","x":334,"y":73},"49":{"angle":0,"sticker":"kingbun","type":"sticker","x":724,"y":246},"18":{"angle":-1.3373886618272346,"type":"fan","x":285,"y":438},"50":{"angle":1.5816502842937654,"type":"brick","x":726.1317605,"y":298},"19":{"angle":1.5941867219832946,"type":"board","x":410,"y":572},"51":{"angle":2.517571056145961,"type":"fan","x":217,"y":107},"20":{"angle":1.5870154341282159,"type":"board","x":536,"y":652.365588},"52":{"angle":1.5839416977552403,"type":"fan","x":113.5,"y":584},"21":{"angle":-0.5876381242411115,"type":"board","x":662.188377,"y":683.9999945},"53":{"angle":1.8830880433109596,"type":"fan","x":83,"y":88},"22":{"angle":0.4747184859190123,"type":"board","x":614,"y":692.000011},"54":{"height":102,"type":"attractor","width":102,"x":51,"y":689},"23":{"angle":1.5938691210567772,"type":"board","x":337,"y":652.315636},"24":{"angle":0,"type":"board","x":458,"y":652},"25":{"angle":1.6006960881301198,"type":"board","x":408,"y":652.2700345},"57":{"angle":1.1258705431783966,"type":"brick","x":142,"y":416},"26":{"angle":-0.9444711101171046,"type":"board","x":366,"y":631},"58":{"angle":0.9441760767511685,"type":"brick","x":433,"y":222},"27":{"angle":1.1081592991540603,"type":"board","x":373,"y":633},"59":{"angle":4.578452473259172,"type":"fan","x":609,"y":666},"28":{"angle":0,"type":"board","x":363,"y":648},"29":{"angle":1.6132711979775314,"type":"board","x":256,"y":574},"30":{"angle":1.7092589942203573,"type":"board","x":166,"y":387},"31":{"angle":1.824678490995297,"type":"board","x":192.5,"y":253}}},"snapshot":{"balls":[{"age":539,"angle":1.256274700164795,"type":4,"va":-1.8749793767929077,"vx":0.864224910736084,"vy":-1.2672468423843384,"x":2.552638053894043,"y":-14.363578796386719},{"age":493,"angle":-0.20363807678222656,"type":4,"va":-44.55276107788086,"vx":-0.21807429194450378,"vy":-3.655407428741455,"x":0.676671028137207,"y":-11.078583717346191},{"age":444,"angle":2.842106342315674,"type":4,"va":-33.36139678955078,"vx":2.907132148742676,"vy":-6.0963134765625,"x":1.3403161764144897,"y":-12.906360626220703},{"age":327,"angle":2.0210213661193848,"type":4,"va":-15.982498168945312,"vx":1.8898683786392212,"vy":-9.861503601074219,"x":1.0425692796707153,"y":-8.203107833862305},{"age":209,"angle":0.8546805381774902,"type":4,"va":-32.723323822021484,"vx":-0.5053903460502625,"vy":-9.628936767578125,"x":4.279857158660889,"y":-5.562276363372803},{"age":34,"angle":-1.370652198791504,"type":3,"va":-3.2750723361968994,"vx":0.5913563966751099,"vy":-0.27385562658309937,"x":14.723989486694336,"y":-11.860675811767578},{"age":139,"angle":0.2703673243522644,"type":4,"va":5.137624263763428,"vx":-10.609524726867676,"vy":1.4065474271774292,"x":9.161012649536133,"y":-6.822429656982422},{"age":106,"angle":-0.9854848384857178,"type":3,"va":-20.392498016357422,"vx":2.5918185710906982,"vy":1.1514205932617188,"x":10.146979331970215,"y":-10.36932373046875},{"age":45,"angle":2.315958261489868,"type":4,"va":-0.680747926235199,"vx":-0.9550166726112366,"vy":0.33524003624916077,"x":14.615900993347168,"y":-7.4149169921875},{"age":18,"angle":-1.0813764296472073e-2,"type":3,"va":-1.7508190870285034,"vx":6.518945097923279e-2,"vy":-1.0840176343917847,"x":9.619290351867676,"y":-8.38644951581955e-2}],"widgets":{"47":{"angle":0,"key":"47","va":0,"vx":0,"vy":0,"x":9.65999984741211,"y":-12.399999618530273}}}}