{"puzzle":{"reqTiles":["Up","Left"],"inputs":[{"x":0.5,"y":0.0,"balls":[{"type":3,"rate":1.0}]},{"x":0.0,"y":0.8,"balls":[{"type":1,"rate":0.671875}]}],"outputs":[{"x":0.35,"y":1.0,"balls":[{"type":1,"rate":0.671875}]},{"x":0.0,"y":0.5,"balls":[{"type":3,"rate":1.0}]}],"spec":{}},"blueprint":{"puzzle":"2632eec6-cf05-5d5f-a99a-49fc903140c4","title":"Polyhammory","submittedAt":"2024-04-11T06:54:21.523558308Z","widgets":{"0":{"angle":-2.9237006923273463,"type":"hammer","x":444,"y":50},"1":{"angle":-2.913871287000118,"type":"hammer","x":436,"y":87},"2":{"angle":-2.9056751940162835,"type":"hammer","x":426,"y":125},"3":{"angle":-2.683068420031522,"type":"hammer","x":395,"y":209},"35":{"angle":1.5312652189801361,"type":"brick","x":386,"y":459},"4":{"angle":-2.7837658768835682,"type":"hammer","x":412,"y":169},"36":{"angle":1.030376826524313,"type":"brick","x":400,"y":513},"5":{"angle":-2.6090745050645503,"type":"hammer","x":374,"y":246},"37":{"angle":0.7842024550820659,"type":"brick","x":436,"y":559},"6":{"angle":-2.631466913237984,"type":"hammer","x":356,"y":279},"38":{"angle":0.7066450067085758,"type":"brick","x":482,"y":602},"7":{"angle":-2.5928357252492993,"type":"hammer","x":334,"y":315},"39":{"angle":-0.7146771336910012,"type":"brick","x":528,"y":615},"71":{"angle":1.541393038590892,"type":"hammer","x":22.5196888,"y":468},"8":{"angle":-2.545837372995679,"type":"hammer","x":310,"y":345},"40":{"angle":-0.83908785858227,"type":"brick","x":573,"y":572},"72":{"angle":1.523251447758459,"type":"hammer","x":62,"y":469},"9":{"angle":-2.4054835532131515,"type":"hammer","x":281,"y":380},"41":{"angle":-0.958565365813664,"type":"brick","x":611,"y":524},"73":{"angle":1.540254817273462,"type":"hammer","x":101,"y":471},"10":{"angle":-2.2264453195682794,"type":"hammer","x":246,"y":414},"42":{"angle":-1.3183870008809402,"type":"brick","x":633,"y":473},"74":{"angle":1.4923549626120842,"type":"hammer","x":141,"y":470},"11":{"angle":-1.7840033735181724,"type":"hammer","x":194,"y":440},"43":{"angle":1.0471625837358682,"type":"brick","x":630,"y":414},"75":{"angle":1.374407815950002,"type":"hammer","x":188,"y":464},"12":{"angle":-1.654503012736654,"type":"hammer","x":152,"y":448},"44":{"angle":8.791582777800863e-2,"type":"brick","x":589,"y":377},"76":{"angle":0.9608511852344327,"type":"hammer","x":251,"y":438},"13":{"angle":-1.6069963344736882,"type":"hammer","x":112,"y":449},"45":{"angle":-0.8433297538662754,"type":"brick","x":537,"y":391},"77":{"angle":0.5956337676393402,"type":"hammer","x":326,"y":367},"14":{"angle":-1.5905253801505632,"type":"hammer","x":74,"y":450},"46":{"angle":0.6653788338989062,"type":"brick","x":497,"y":402},"78":{"angle":0.5581180202593067,"type":"hammer","x":348,"y":335},"15":{"angle":-1.587395965068888,"type":"hammer","x":36,"y":451},"47":{"angle":0,"type":"brick","x":444,"y":377},"79":{"angle":0.5326876955825482,"type":"hammer","x":371,"y":299},"16":{"angle":0,"catMass":2,"type":"catswat","x":34.5,"y":648},"80":{"angle":0.5411624402745541,"type":"hammer","x":389,"y":267},"17":{"angle":0,"type":"brick","x":34,"y":683},"81":{"angle":0.45516842080019104,"type":"hammer","x":406,"y":229},"82":{"angle":0.36430430082090637,"type":"hammer","x":429,"y":189},"19":{"angle":-1.5538487969884915,"type":"hammer","x":315,"y":648},"51":{"angle":-0.8031491821279214,"type":"hammer","x":372,"y":608.788},"83":{"angle":0.25091582830919523,"type":"hammer","x":445,"y":143},"20":{"angle":1.5792343799394644,"type":"hammer","x":317,"y":513},"52":{"angle":-2.3742983424055697,"type":"hammer","x":640,"y":618},"84":{"angle":0.22332464960014495,"type":"hammer","x":455,"y":102},"21":{"angle":-1.5421734405834466,"type":"hammer","x":326,"y":492},"53":{"angle":1.5713822763806604,"type":"hammer","x":325,"y":670.9879892},"85":{"angle":0.2411350358676839,"type":"hammer","x":464,"y":66},"22":{"angle":0,"type":"fan","x":61,"y":702.5},"54":{"angle":1.5843919775296007,"type":"hammer","x":689,"y":669},"86":{"angle":0,"sticker":"figure1-happy","type":"sticker","x":430,"y":673},"55":{"angle":-1.5854837069524164,"type":"hammer","x":700,"y":646},"87":{"angle":0,"sticker":"figure2-happy","type":"sticker","x":597,"y":667.5},"88":{"angle":0,"sticker":"figure3-happy","type":"sticker","x":605,"y":342},"89":{"angle":0,"sticker":"figure1-sad","type":"sticker","x":456,"y":303},"90":{"angle":0,"sticker":"figure2-sad","type":"sticker","x":698,"y":510},"92":{"angle":0,"sticker":"figure3-happy","type":"sticker","x":370,"y":370},"29":{"angle":-0.9685089806599327,"type":"brick","x":401,"y":406},"95":{"angle":-1.6677139545892599,"type":"leftbumper","x":249,"y":553}}},"snapshot":{"balls":[{"age":253,"angle":-2.481811761856079,"type":1,"va":22.546005249023438,"vx":-2.148425340652466,"vy":-7.33727502822876,"x":4.095945835113525,"y":-14.374735832214355},{"age":292,"angle":-0.8018688559532166,"type":3,"va":-3.3823609352111816,"vx":0.5115160346031189,"vy":0.1074972152709961,"x":1.0129526853561401,"y":-7.471160411834717},{"age":204,"angle":-1.4497146606445312,"type":1,"va":13.64144229888916,"vx":1.1617494821548462,"vy":-3.2601897716522217,"x":2.9108614921569824,"y":-11.159847259521484},{"age":88,"angle":2.543665885925293,"type":1,"va":-0.3645935356616974,"vx":4.6138256788253784e-2,"vy":3.5282112658023834e-2,"x":0.6455703973770142,"y":-12.421409606933594},{"age":121,"angle":0.5031603574752808,"type":3,"va":31.476070404052734,"vx":-5.113368511199951,"vy":-0.9053738117218018,"x":3.6526358127593994,"y":-5.453700542449951},{"age":58,"angle":3.049574136734009,"type":3,"va":15.940938949584961,"vx":-2.349781036376953,"vy":-5.250697135925293,"x":6.711831569671631,"y":-2.5146772861480713}],"widgets":{"16":{"angle":0,"key":"16","va":0,"vx":0,"vy":0,"x":0.6899999976158142,"y":-12.960000038146973}}}}