{"puzzle":{"reqTiles":["Up"],"inputs":[{"x":0.65,"y":0.0,"balls":[{"type":2,"rate":0.828125}]},{"x":1.0,"y":0.65,"balls":[{"type":4,"rate":1.0}]}],"outputs":[{"x":0.35,"y":1.0,"balls":[{"type":4,"rate":1.0}]},{"x":1.0,"y":0.8,"balls":[{"type":2,"rate":0.828125}]}],"spec":{}},"blueprint":{"puzzle":"32567c5f-7317-5a22-a343-7ce6bb5b2911","title":"I seriously doubt this pillow fort is up to code","submittedAt":"2024-04-09T07:14:16.512575191Z","widgets":{"32":{"angle":-9.697788360082502e-2,"type":"board","x":433,"y":587},"1":{"angle":-2.1078721891162826,"type":"fan","x":695.756489,"y":542},"33":{"angle":-2.275145405715634,"type":"board","x":421,"y":538},"2":{"angle":0.14381655685028127,"type":"board","x":645,"y":602},"35":{"angle":0.4125304137977452,"sticker":"figure3-happy","type":"sticker","x":446,"y":471},"4":{"angle":0.4447266263125757,"type":"cushion","x":474,"y":560},"5":{"angle":0.3410923593913872,"type":"cushion","x":523,"y":578},"37":{"angle":-0.1636568066509367,"sticker":"knievel","type":"sticker","x":134,"y":322},"6":{"angle":-2.07785376613399,"type":"fan","x":695.806598,"y":545},"38":{"angle":-0.2629947316809199,"sticker":"figure2-happy","type":"sticker","x":426,"y":660.5038255},"7":{"angle":-0.15637697257018424,"type":"cushion","x":352,"y":386},"39":{"angle":0.10228679296877154,"sticker":"figure1-happy","type":"sticker","x":579,"y":669.368281},"8":{"angle":9.79602637627247e-2,"type":"cushion","x":236,"y":425},"40":{"angle":1.4126907849413113,"type":"cushion","x":399,"y":413},"9":{"angle":-2.4519293554675366e-2,"type":"cushion","x":328,"y":496},"41":{"angle":1.0435858712416068,"type":"cushion","x":423,"y":515},"10":{"angle":0.25109415609382985,"type":"cushion","x":230,"y":556},"42":{"angle":1.3305188321978196,"type":"cushion","x":404,"y":466},"11":{"angle":-0.4084963234773733,"type":"cushion","x":325,"y":626},"43":{"angle":-0.11290344027922809,"catMass":2,"type":"catswat","x":400,"y":560},"12":{"angle":0.22658489978637208,"type":"cushion","x":586,"y":599},"13":{"angle":0.1522476064410547,"type":"cushion","x":646,"y":607},"45":{"angle":0,"type":"brick","x":58,"y":726.5},"14":{"angle":8.418814452729463e-2,"type":"cushion","x":694,"y":617},"46":{"angle":0,"type":"brick","x":42,"y":700},"15":{"angle":1.551974654211968,"type":"board","x":191,"y":493},"16":{"angle":1.5696552222709141,"type":"board","x":192,"y":652.4898158},"48":{"angle":0,"type":"brick","x":57,"y":674},"17":{"angle":1.569246535258969,"type":"board","x":57.9484,"y":541.486},"49":{"angle":0,"type":"brick","x":49,"y":648},"18":{"angle":0.5357267330168457,"type":"board","x":137,"y":674.5854195},"50":{"angle":0.14815137391537236,"type":"brick","x":63,"y":629},"19":{"angle":-0.6382206072229905,"type":"board","x":124,"y":562},"51":{"angle":-0.5045080834160492,"type":"cushion","x":322,"y":703.111009},"20":{"angle":1.5697107065434406,"type":"board","x":57.5,"y":486},"52":{"angle":-1.7925204127050256,"type":"sword","x":520,"y":666.937556},"21":{"angle":0.5696902010170115,"type":"board","x":126,"y":464},"53":{"angle":-0.37079506679488705,"type":"hammer","x":165,"y":325},"22":{"angle":0,"type":"board","x":119,"y":397},"54":{"angle":-3.5469828447453576e-3,"sticker":"cat","type":"sticker","x":214,"y":521},"23":{"angle":0,"type":"cushion","x":194,"y":720.5},"24":{"angle":1.7974844278814466,"type":"board","x":374,"y":454},"26":{"angle":1.5791306030531604,"type":"board","x":357,"y":607},"27":{"angle":1.5888991256175988,"type":"board","x":356,"y":652.3514347},"28":{"angle":-0.5584998109112135,"type":"board","x":659.1246415,"y":686},"30":{"angle":-1.3233470001959067,"type":"board","x":492,"y":652.960862}}},"snapshot":{"balls":[{"age":8,"angle":2.796109914779663,"type":4,"va":5.2210564613342285,"vx":-0.22796009480953217,"vy":-1.5124655961990356,"x":5.191951274871826,"y":-14.650510787963867},{"age":480,"angle":0.16567601263523102,"type":4,"va":-4.494363307952881,"vx":0.6760156154632568,"vy":-0.1734015792608261,"x":4.8622636795043945,"y":-10.643834114074707},{"age":432,"angle":-3.0234313011169434,"type":4,"va":-6.75847864151001,"vx":0.3244076669216156,"vy":-3.2911112308502197,"x":5.801949501037598,"y":-12.092888832092285},{"age":385,"angle":0.3904118537902832,"type":4,"va":-4.248575687408447,"vx":0.558904230594635,"vy":-0.33498266339302063,"x":5.278714179992676,"y":-10.847641944885254},{"age":338,"angle":-0.596977710723877,"type":4,"va":-1.417715072631836,"vx":-0.2876840829849243,"vy":-3.11980938911438,"x":5.466550827026367,"y":-10.283808708190918},{"age":290,"angle":-3.0635039806365967,"type":4,"va":9.387470245361328,"vx":-0.5622910857200623,"vy":-3.072068214416504,"x":5.75035285949707,"y":-8.37983512878418},{"age":245,"angle":-1.3258157968521118,"type":4,"va":-3.819472074508667,"vx":0.5458565950393677,"vy":-0.22234505414962769,"x":5.351083755493164,"y":-8.127528190612793},{"age":8,"angle":1.755704402923584,"type":2,"va":1.9639360904693604,"vx":0.9813382029533386,"vy":1.059441328048706,"x":14.595524787902832,"y":-11.833772659301758},{"age":217,"angle":-1.800027847290039,"type":4,"va":-1.7579747438430786,"vx":-0.15386655926704407,"vy":-4.622053623199463,"x":6.504685401916504,"y":-7.328094005584717},{"age":219,"angle":-2.82110857963562,"type":2,"va":2.504746437072754,"vx":3.5692331790924072,"vy":-0.8340779542922974,"x":14.311042785644531,"y":-11.863797187805176},{"age":140,"angle":1.159029245376587,"type":4,"va":-2.1719887256622314,"vx":-1.585026741027832,"vy":-1.9994312524795532,"x":7.203222274780273,"y":-2.793548822402954},{"age":168,"angle":0.5744778513908386,"type":2,"va":-15.833442687988281,"vx":0.9966056942939758,"vy":0.29264456033706665,"x":13.932577133178711,"y":-11.800166130065918},{"age":79,"angle":-2.6275415420532227,"type":4,"va":-1.5134856700897217,"vx":-7.373105525970459,"vy":8.649434089660645,"x":10.196633338928223,"y":-4.360167980194092},{"age":100,"angle":-2.7289679050445557,"type":2,"va":2.459233283996582,"vx":3.8356032222509384e-2,"vy":-14.011296272277832,"x":9.669730186462402,"y":-10.10831356048584},{"age":52,"angle":2.5720150470733643,"type":4,"va":-0.10151874274015427,"vx":-0.8485763072967529,"vy":-0.7868240475654602,"x":14.508567810058594,"y":-9.657883644104004},{"age":42,"angle":0.1928793042898178,"type":2,"va":-5.490258801728487e-3,"vx":-0.49139511585235596,"vy":-1.7214432954788208,"x":9.583536148071289,"y":-0.36257436871528625}],"widgets":{"43":{"angle":0.11290343850851059,"key":"43","va":0,"vx":0,"vy":0,"x":8,"y":-11.199999809265137}}}}