{"puzzle":{"reqTiles":["Up","Left"],"inputs":[{"x":0.35,"y":0.0,"balls":[{"type":3,"rate":0.875}]},{"x":0.0,"y":0.5,"balls":[{"type":1,"rate":0.72265625}]}],"outputs":[{"x":0.5,"y":1.0,"balls":[{"type":1,"rate":0.72265625}]},{"x":0.0,"y":0.2,"balls":[{"type":3,"rate":0.875}]}],"spec":{}},"blueprint":{"puzzle":"06cfa1a7-a15c-5957-8262-4c2ad3da290f","title":"I lost a bonk, do you have it?","submittedAt":"2024-04-17T03:10:14.793242122Z","widgets":{"0":{"angle":0.2790158798705333,"type":"board","x":291,"y":103},"32":{"type":"roundbumper","x":509,"y":259},"64":{"angle":0,"type":"prism","x":132,"y":370},"33":{"type":"roundbumper","x":386,"y":224},"34":{"angle":0,"speed":25,"type":"spokedwheel","x":191,"y":595},"3":{"angle":0,"type":"rightbumper","x":28,"y":456},"35":{"angle":0,"speed":25,"type":"spokedwheel","x":496,"y":559},"4":{"angle":0,"type":"rightbumper","x":28,"y":550},"36":{"angle":1.4796406139510137,"type":"prism","x":175,"y":552},"5":{"angle":0,"type":"rightbumper","x":28,"y":642},"37":{"angle":0.912453300327267,"type":"prism","x":609,"y":183},"6":{"type":"roundbumper","x":74,"y":711},"38":{"angle":0.45521305195041906,"type":"prism","x":201,"y":589},"7":{"type":"roundbumper","x":711,"y":711},"39":{"angle":0,"type":"prism","x":630,"y":438},"8":{"angle":0,"catMass":2,"type":"catswat","x":264,"y":717},"40":{"angle":2.0896366366726213,"type":"prism","x":641,"y":459},"9":{"type":"roundbumper","x":659,"y":711},"41":{"angle":-2.1004636404001973,"type":"prism","x":620,"y":457},"10":{"type":"roundbumper","x":603,"y":711},"42":{"angle":0,"type":"prism","x":304,"y":396},"11":{"angle":-1.6114472037463552,"type":"rightbumper","x":528,"y":710.0927423},"43":{"angle":1.05774276202349,"type":"prism","x":316,"y":394},"12":{"angle":-0.2878805341377358,"type":"board","x":186,"y":706.5272805},"44":{"angle":0.5946833049800573,"type":"prism","x":314,"y":394},"45":{"angle":-0.447559338966421,"type":"prism","x":303,"y":398},"14":{"type":"roundbumper","x":307,"y":408},"46":{"angle":-1.4895384599772696,"type":"prism","x":293,"y":403},"15":{"type":"roundbumper","x":397,"y":377},"47":{"angle":-2.062635797322237,"type":"prism","x":292,"y":416},"16":{"type":"roundbumper","x":486,"y":416},"48":{"angle":-2.5566250386465144,"type":"prism","x":302,"y":421},"17":{"angle":0,"type":"cushion","x":451,"y":720.5},"18":{"angle":0,"type":"board","x":87.5,"y":310},"19":{"angle":0,"type":"board","x":259,"y":310},"20":{"angle":0,"type":"board","x":428,"y":310},"21":{"angle":0,"type":"board","x":599,"y":310},"22":{"angle":0,"type":"board","x":652.5,"y":309},"23":{"angle":0,"type":"leftbumper","x":712,"y":254},"24":{"angle":0.24450949426048413,"type":"board","x":601,"y":282},"56":{"angle":0,"type":"prism","x":79,"y":400},"25":{"angle":0.27010005044404783,"type":"board","x":437,"y":238},"57":{"angle":0,"type":"prism","x":94,"y":391},"26":{"angle":0.3269438141139057,"type":"board","x":275,"y":186},"58":{"angle":0,"type":"prism","x":107,"y":379},"27":{"angle":-0.15531895082546768,"type":"board","x":87.83893,"y":158},"59":{"angle":0,"type":"prism","x":223,"y":338},"60":{"angle":0,"type":"prism","x":205,"y":341},"61":{"angle":0,"type":"prism","x":185,"y":346},"30":{"type":"roundbumper","x":613,"y":291},"62":{"angle":0,"type":"prism","x":163,"y":354},"31":{"angle":0.36418424096078544,"type":"board","x":245,"y":175},"63":{"angle":0,"type":"prism","x":146,"y":363}}},"snapshot":{"balls":[{"age":1646,"angle":0.4882948696613312,"type":1,"va":10.836373329162598,"vx":-2.0383143424987793,"vy":42.226593017578125,"x":14.604388236999512,"y":-9.119894027709961},{"age":1104,"angle":-0.12567207217216492,"type":3,"va":-10.425797462463379,"vx":1.5858471393585205,"vy":-3.5608246326446533,"x":8.119003295898438,"y":-2.865077257156372},{"age":661,"angle":-1.5218101739883423,"type":3,"va":-13.328155517578125,"vx":2.0332248210906982,"vy":-0.6150689721107483,"x":7.4368391036987305,"y":-2.1714282035827637},{"age":621,"angle":-1.89290189743042,"type":1,"va":-5.224002838134766,"vx":6.300032138824463,"vy":2.3679075241088867,"x":5.9551849365234375,"y":-13.656682014465332},{"age":503,"angle":-0.4467877149581909,"type":1,"va":-1.984843134880066,"vx":0.8162699937820435,"vy":-0.3231984078884125,"x":7.100642204284668,"y":-14.3929443359375},{"age":472,"angle":-1.8590905666351318,"type":3,"va":-13.287514686584473,"vx":2.0271458625793457,"vy":-0.6133219003677368,"x":6.622149467468262,"y":-1.9380269050598145},{"age":383,"angle":0.8408227562904358,"type":1,"va":-82.7606201171875,"vx":-3.2518954277038574,"vy":17.99704933166504,"x":14.434977531433105,"y":-8.290124893188477},{"age":412,"angle":1.0120700597763062,"type":3,"va":-27.62656593322754,"vx":2.26131272315979,"vy":-0.34162986278533936,"x":5.807840347290039,"y":-1.5538336038589478},{"age":369,"angle":-1.1863480806350708,"type":3,"va":7.730758190155029,"vx":-23.977867126464844,"vy":22.415687561035156,"x":7.608569145202637,"y":-0.17997992038726807},{"age":314,"angle":1.3024699687957764,"type":1,"va":-12.464469909667969,"vx":0.5512096881866455,"vy":0.12970606982707977,"x":6.708461284637451,"y":-14.148589134216309},{"age":285,"angle":1.89851713180542,"type":3,"va":30.395612716674805,"vx":-10.00489616394043,"vy":-0.13625916838645935,"x":3.9715576171875,"y":-2.7091422080993652},{"age":242,"angle":2.5531156063079834,"type":1,"va":-1.4462413787841797,"vx":5.883598327636719,"vy":0.5481889247894287,"x":9.060487747192383,"y":-13.28239631652832},{"age":231,"angle":-2.4405040740966797,"type":3,"va":15.267577171325684,"vx":25.279884338378906,"vy":21.424394607543945,"x":14.620020866394043,"y":-3.804680109024048},{"age":182,"angle":0.6337817311286926,"type":3,"va":-11.13830280303955,"vx":-1.7821011543273926,"vy":-5.826858043670654,"x":7.807397842407227,"y":-1.3047049045562744},{"age":147,"angle":0.2629263997077942,"type":1,"va":-9.59050464630127,"vx":-5.619915962219238,"vy":-4.583640098571777,"x":3.42965030670166,"y":-7.150420665740967},{"age":144,"angle":1.3907455205917358,"type":3,"va":-13.285602569580078,"vx":2.0269291400909424,"vy":-0.6132581830024719,"x":7.126251220703125,"y":-2.082446575164795},{"age":103,"angle":-1.549340009689331,"type":1,"va":-18.693796157836914,"vx":-0.6928234696388245,"vy":-3.734987258911133,"x":8.99336051940918,"y":-11.062178611755371},{"age":95,"angle":-0.9767555594444275,"type":3,"va":27.022085189819336,"vx":-5.591803073883057,"vy":1.3730882406234741,"x":4.057766437530518,"y":-1.2069423198699951},{"age":17,"angle":0.822147011756897,"type":3,"va":4.399651527404785,"vx":-6.435793824493885e-3,"vy":-1.4243535995483398,"x":5.209428310394287,"y":-0.2081279754638672}],"widgets":{"34":{"angle":0.9162052869796753,"key":"34","va":6.641952037811279,"vx":0,"vy":0,"x":3.819999933242798,"y":-11.899999618530273},"35":{"angle":-2.7287650108337402,"key":"35","va":6.750624179840088,"vx":0,"vy":0,"x":9.920000076293945,"y":-11.180000305175781},"8":{"angle":0,"key":"8","va":0,"vx":0,"vy":0,"x":5.28000020980835,"y":-14.34000015258789}}}}