{"puzzle":{"reqTiles":["Up"],"inputs":[{"x":0.5,"y":0.0,"balls":[{"type":3,"rate":0.42578125}]},{"x":1.0,"y":0.65,"balls":[{"type":2,"rate":0.34700520833333337}]}],"outputs":[{"x":0.8,"y":1.0,"balls":[{"type":2,"rate":0.34700520833333337}]},{"x":1.0,"y":0.35,"balls":[{"type":3,"rate":0.42578125}]}],"spec":{}},"blueprint":{"puzzle":"209f889f-af29-5dfb-ad8d-8bf5f034304e","title":"Wheels of fortune","submittedAt":"2024-04-16T16:44:58.765839896Z","widgets":{"64":{"angle":-2.844397958478228e-2,"type":"board","x":386,"y":717},"65":{"angle":-1.4161032021729805,"type":"board","x":649.955,"y":652.1581445},"34":{"angle":0,"type":"brick","x":475,"y":190},"66":{"type":"roundbumper","x":477,"y":355},"35":{"angle":-0.7092486893145724,"type":"rightbumper","x":498,"y":290},"67":{"type":"roundbumper","x":290,"y":302},"36":{"angle":0.2603252759573388,"type":"brick","x":436,"y":267},"68":{"type":"roundbumper","x":314,"y":526},"37":{"angle":-0.5669530814105221,"type":"board","x":572,"y":148},"69":{"type":"roundbumper","x":60,"y":419},"38":{"angle":-0.8100237262639174,"type":"board","x":569,"y":302},"70":{"type":"roundbumper","x":109,"y":324},"39":{"angle":0.34169206217422826,"type":"brick","x":694,"y":281},"71":{"type":"roundbumper","x":238,"y":294},"40":{"angle":0.6525207637620449,"type":"brick","x":646,"y":262},"72":{"type":"roundbumper","x":195,"y":289},"73":{"type":"roundbumper","x":151,"y":295},"42":{"angle":0.6964578779813971,"type":"board","x":667.1035515,"y":140},"74":{"type":"roundbumper","x":334,"y":303},"43":{"angle":-0.1627550909479208,"type":"brick","x":377,"y":268},"75":{"type":"roundbumper","x":384,"y":307},"44":{"angle":0.38050637711236496,"type":"brick","x":340,"y":275},"76":{"type":"roundbumper","x":29,"y":448},"45":{"angle":0,"speed":25,"type":"spokedwheel","x":357,"y":419},"77":{"type":"roundbumper","x":131,"y":688},"46":{"angle":0,"speed":25,"type":"spokedwheel","x":232,"y":619.223},"78":{"type":"roundbumper","x":88,"y":673},"15":{"angle":0,"speed":25,"type":"spokedwheel","x":359,"y":179},"47":{"angle":0,"speed":25,"type":"spokedwheel","x":103.484101,"y":528},"79":{"type":"roundbumper","x":53,"y":640},"48":{"angle":-0.6195592045302423,"type":"board","x":663.537191,"y":564},"80":{"type":"roundbumper","x":420,"y":518},"49":{"angle":0.3854870867885311,"type":"leftbumper","x":607,"y":598},"81":{"type":"roundbumper","x":367,"y":523},"50":{"angle":0.5748807647399651,"type":"board","x":512,"y":574},"82":{"type":"roundbumper","x":266,"y":522},"51":{"angle":-0.1638081956438017,"type":"brick","x":674,"y":565},"83":{"type":"roundbumper","x":525,"y":615},"52":{"angle":0.8762416571193845,"type":"board","x":559,"y":427},"84":{"angle":9.591132203203764e-2,"type":"board","x":459,"y":722.6619878},"53":{"angle":0,"speed":25,"type":"spokedwheel","x":194,"y":400},"85":{"type":"roundbumper","x":263,"y":483},"54":{"angle":0,"type":"board","x":225,"y":264},"86":{"angle":0.9142484280324419,"type":"board","x":594,"y":462},"55":{"angle":0,"type":"board","x":87.5,"y":264},"87":{"angle":1.9954097056813553,"type":"fan","x":696.1488035,"y":430},"56":{"angle":0,"speed":25,"type":"spokedwheel","x":394,"y":628.982562},"88":{"angle":0,"type":"lefthook","x":193.177,"y":159.91},"25":{"angle":0.19760071708862753,"type":"board","x":319,"y":71.6059},"57":{"type":"roundbumper","x":29,"y":616},"58":{"type":"roundbumper","x":430,"y":331},"27":{"angle":-1.1008776527253152,"type":"board","x":489,"y":99},"59":{"type":"roundbumper","x":82,"y":370},"60":{"type":"roundbumper","x":214,"y":511},"61":{"type":"roundbumper","x":175,"y":711},"30":{"angle":0,"type":"lefthook","x":185.033,"y":192.5423},"63":{"angle":0.12688128448169728,"type":"board","x":279,"y":720}}},"snapshot":{"balls":[{"age":1593,"angle":-0.7258707880973816,"type":3,"va":-1.840173363685608,"vx":0.2740698754787445,"vy":-0.10293947160243988,"x":7.521433353424072,"y":-2.6841461658477783},{"age":1360,"angle":-2.7180941104888916,"type":2,"va":58.16421127319336,"vx":-0.5694999694824219,"vy":-14.639238357543945,"x":5.896326541900635,"y":-8.459432601928711},{"age":1181,"angle":1.2547214031219482,"type":2,"va":-35.38174819946289,"vx":3.6637179851531982,"vy":2.5794544219970703,"x":6.285604476928711,"y":-13.784245491027832},{"age":919,"angle":-2.074467182159424,"type":2,"va":26.674110412597656,"vx":9.88425350189209,"vy":14.695428848266602,"x":0.634149968624115,"y":-10.92559814453125},{"age":731,"angle":0.14319153130054474,"type":2,"va":-18.054630279541016,"vx":7.015616416931152,"vy":-26.179019927978516,"x":4.912084579467773,"y":-6.581223487854004},{"age":634,"angle":-2.585015058517456,"type":2,"va":0.6885309815406799,"vx":-1.0560715198516846,"vy":-5.053632736206055,"x":11.33852767944336,"y":-11.018424034118652},{"age":473,"angle":0.5944830179214478,"type":2,"va":-30.512042999267578,"vx":-0.21923385560512543,"vy":-5.750279873609543e-2,"x":7.005259990692139,"y":-14.022547721862793},{"age":304,"angle":1.0537974834442139,"type":2,"va":61.672359466552734,"vx":26.792095184326172,"vy":16.116451263427734,"x":10.501282691955566,"y":-8.232579231262207},{"age":185,"angle":-2.2840282917022705,"type":2,"va":-4.734724044799805,"vx":1.972537636756897,"vy":1.44998300075531,"x":10.90088939666748,"y":-11.429420471191406},{"age":193,"angle":0.10602826625108719,"type":3,"va":-0.17416544258594513,"vx":2.7119360864162445e-2,"vy":6.430668290704489e-3,"x":8.213179588317871,"y":-3.286449670791626},{"age":28,"angle":0.16817474365234375,"type":3,"va":-4.617631912231445,"vx":0.13552822172641754,"vy":-1.2683354616165161,"x":7.386809825897217,"y":-0.1435488760471344}],"widgets":{"15":{"angle":0.3108372390270233,"key":"15","va":1.4439596270676702e-4,"vx":0,"vy":0,"x":7.179999828338623,"y":-3.5799999237060547},"30":{"angle":3.1421142630279064e-3,"key":"30","va":-0.15694865584373474,"vx":0,"vy":0,"x":3.7008590698242188,"y":-3.847602128982544},"45":{"angle":0.3354265093803406,"key":"45","va":5.774531364440918,"vx":0,"vy":0,"x":7.139999866485596,"y":-8.380000114440918},"46":{"angle":0.8421897888183594,"key":"46","va":4.5496697425842285,"vx":0,"vy":0,"x":4.639999866485596,"y":-12.38446044921875},"47":{"angle":1.7523127794265747,"key":"47","va":5.927041530609131,"vx":0,"vy":0,"x":2.0696821212768555,"y":-10.5600004196167},"53":{"angle":0.9168965220451355,"key":"53","va":5.4218220710754395,"vx":0,"vy":0,"x":3.880000114440918,"y":-8},"56":{"angle":-2.048819065093994,"key":"56","va":4.743862628936768,"vx":0,"vy":0,"x":7.880000114440918,"y":-12.57965087890625},"88":{"angle":-7.096345722675323e-2,"key":"88","va":7.134222984313965e-2,"vx":0,"vy":0,"x":3.8552908897399902,"y":-3.270319938659668}}}}