{"puzzle":{"reqTiles":["Up"],"inputs":[{"x":0.5,"y":0.0,"balls":[{"type":1,"rate":1.0}]},{"x":1.0,"y":0.35,"balls":[{"type":3,"rate":1.0}]}],"outputs":[{"x":0.8,"y":1.0,"balls":[{"type":3,"rate":1.0}]},{"x":1.0,"y":0.8,"balls":[{"type":1,"rate":1.0}]}],"spec":{}},"blueprint":{"puzzle":"b80b585c-77c3-5c33-89b8-1e0f86062fae","title":"two factor sortification","submittedAt":"2024-04-07T06:49:45.489753627Z","widgets":{"33":{"angle":1.1541467359193254,"type":"board","x":89,"y":373},"2":{"angle":0.29604544743698685,"type":"board","x":429,"y":73},"34":{"angle":-1.1437923426733232,"type":"board","x":85,"y":221},"35":{"angle":-0.7403159952953126,"type":"fan","x":48.108599,"y":332},"4":{"angle":-0.13833874341469884,"type":"brick","x":702,"y":286},"36":{"angle":0.1048769387302341,"type":"board","x":324,"y":183},"37":{"angle":-0.827663421075454,"type":"board","x":169,"y":84},"38":{"angle":0.11428181953831867,"type":"board","x":471,"y":198},"7":{"angle":-2.198495475065535,"type":"board","x":615,"y":398},"39":{"angle":-0.1648197639829553,"type":"fan","x":34.8012135,"y":242},"8":{"angle":-0.2544904378152611,"type":"board","x":596,"y":309},"9":{"angle":-0.10068026594230699,"type":"board","x":432,"y":392},"41":{"angle":0.7030634405783692,"type":"board","x":365,"y":596},"10":{"angle":0.4805795372055354,"type":"fan","x":395,"y":282},"42":{"angle":0.24993093726833268,"type":"fan","x":109,"y":75},"11":{"angle":1.008215341266599,"type":"board","x":560,"y":454},"12":{"angle":1.0423295280431444,"type":"board","x":675,"y":577},"44":{"angle":1.1165816856708337,"type":"brick","x":148,"y":329},"13":{"angle":0.6949143631690629,"type":"brick","x":562,"y":357},"14":{"angle":-0.8633822470462902,"type":"fan","x":539,"y":551},"46":{"angle":-0.7947849666527251,"type":"brick","x":345,"y":701},"15":{"angle":0.3417767024326368,"type":"brick","x":703.441839,"y":612},"47":{"angle":0,"sticker":"figure1-happy","type":"sticker","x":61,"y":673},"16":{"angle":-1.2998728095158136,"type":"board","x":637,"y":649.283061},"48":{"angle":0,"sticker":"figure2-happy","type":"sticker","x":159,"y":667.5},"49":{"angle":-0.2640978143091985,"type":"ballstand","x":99,"y":569},"50":{"angle":0,"sticker":"figure3-happy","type":"sticker","x":381,"y":569},"51":{"angle":0,"sticker":"squobject","type":"sticker","x":514,"y":169},"20":{"angle":0,"type":"fan","x":400,"y":701.5},"52":{"angle":8.533139965118663e-2,"sticker":"knievel","type":"sticker","x":299,"y":102},"21":{"angle":-2.7014821850386603,"type":"fan","x":346,"y":469},"26":{"angle":2.226847016478909,"type":"board","x":190,"y":241},"29":{"angle":0.6672882685401199,"type":"board","x":235,"y":490},"31":{"angle":-1.3940920708606712,"type":"rightbumper","x":126,"y":455}}},"snapshot":{"balls":[{"age":680,"angle":-0.9331512451171875,"type":3,"va":-1.9016627073287964,"vx":0.668463408946991,"vy":0.5898708701133728,"x":11.08842658996582,"y":-14.462981224060059},{"age":513,"angle":1.6278589963912964,"type":3,"va":-7.9933319091796875,"vx":1.3031688928604126,"vy":-4.393476992845535e-2,"x":10.110382080078125,"y":-14.620707511901855},{"age":532,"angle":-0.7460055947303772,"type":1,"va":6.2392168045043945,"vx":-0.5645934343338013,"vy":-1.7194300889968872e-3,"x":14.038911819458008,"y":-11.733026504516602},{"age":443,"angle":-2.0780043601989746,"type":3,"va":-42.60252380371094,"vx":5.625951766967773,"vy":-7.426856517791748,"x":10.494855880737305,"y":-14.615795135498047},{"age":396,"angle":-2.3301517963409424,"type":3,"va":-3.6287760734558105,"vx":1.0499447584152222,"vy":1.0889108180999756,"x":10.787017822265625,"y":-14.214642524719238},{"age":15,"angle":-0.3405638635158539,"type":1,"va":0.19311712682247162,"vx":0.7014147639274597,"vy":0.25655919313430786,"x":14.681396484375,"y":-11.810009956359863},{"age":305,"angle":-1.570186734199524,"type":3,"va":5.240234375,"vx":0.18772464990615845,"vy":-0.32891422510147095,"x":4.944879531860352,"y":-9.326210975646973},{"age":337,"angle":-1.4478542804718018,"type":1,"va":17.4963436126709,"vx":0.606343686580658,"vy":-6.035933971405029,"x":9.716609001159668,"y":-7.342384338378906},{"age":287,"angle":2.448122501373291,"type":1,"va":-16.48958396911621,"vx":3.3684589862823486,"vy":-0.9739519953727722,"x":10.622687339782715,"y":-7.3574347496032715},{"age":226,"angle":-1.9218297004699707,"type":3,"va":23.00600814819336,"vx":-3.1127424240112305,"vy":-0.24471436440944672,"x":8.533609390258789,"y":-7.444541931152344},{"age":222,"angle":-0.8321908116340637,"type":1,"va":-7.6594743728637695,"vx":-0.8584939241409302,"vy":-0.22332091629505157,"x":12.435274124145508,"y":-5.696133136749268},{"age":188,"angle":-1.8658320903778076,"type":3,"va":20.033309936523438,"vx":-2.765876531600952,"vy":-2.872528076171875,"x":9.552363395690918,"y":-6.659058570861816},{"age":140,"angle":-2.300704002380371,"type":3,"va":18.133441925048828,"vx":-2.776278018951416,"vy":-0.7620301246643066,"x":11.66592025756836,"y":-5.896824359893799},{"age":137,"angle":1.6633015125989914e-2,"type":1,"va":-22.14689064025879,"vx":3.363842725753784,"vy":-3.2169010639190674,"x":11.115670204162598,"y":-2.129318952560425},{"age":91,"angle":-1.0556373596191406,"type":3,"va":9.009639739990234,"vx":-1.4140456914901733,"vy":-0.19687221944332123,"x":13.682524681091309,"y":-5.337305068969727},{"age":58,"angle":-2.279885768890381,"type":3,"va":6.193690299987793,"vx":-0.9751317501068115,"vy":-0.1357683539390564,"x":14.41617202758789,"y":-5.235004901885986},{"age":51,"angle":-0.12309552729129791,"type":1,"va":-5.506464958190918,"vx":1.05424964427948,"vy":0.338924765586853,"x":7.507107734680176,"y":-0.7621437311172485}],"widgets":{}}}