{"puzzle":{"reqTiles":["Up","Left"],"inputs":[{"x":0.5,"y":0.0,"balls":[{"type":4,"rate":0.5}]},{"x":0.0,"y":0.5,"balls":[{"type":3,"rate":0.40625}]}],"outputs":[{"x":0.35,"y":1.0,"balls":[{"type":3,"rate":0.40625}]},{"x":0.0,"y":0.8,"balls":[{"type":4,"rate":0.5}]}],"spec":{}},"blueprint":{"puzzle":"0b2674f7-ee2c-505d-bbf3-7d3ce893a5b4","title":"swatsort","submittedAt":"2024-04-09T23:51:51.267943635Z","widgets":{"0":{"angle":-0.30279297723648085,"type":"board","x":370,"y":487},"32":{"angle":0.12432497589574999,"sticker":"cat","type":"sticker","x":131,"y":328},"1":{"angle":1.5597113180307627,"type":"board","x":63,"y":268},"2":{"angle":-1.576003741363678,"type":"board","x":62,"y":150},"3":{"angle":0.12515012083815008,"type":"board","x":263,"y":430},"4":{"angle":0.10552373262597957,"type":"board","x":95.5,"y":410},"36":{"angle":-0.3237967270409516,"type":"ballstand","x":538,"y":599},"5":{"angle":-7.893021593819899e-2,"type":"board","x":139,"y":63},"6":{"angle":-6.17458307629529e-2,"type":"board","x":305,"y":51},"38":{"angle":0,"sticker":"figure1-happy","type":"sticker","x":494,"y":673},"39":{"angle":0,"sticker":"figure2-sad","type":"sticker","x":623,"y":670.5},"8":{"angle":0.1036122596686489,"type":"board","x":140,"y":353},"40":{"angle":2.109019651584981,"type":"prism","x":579,"y":100},"41":{"angle":-2.073475495542888,"type":"prism","x":602,"y":184},"10":{"angle":3.1521188885093627,"type":"fan","x":436.752,"y":513},"42":{"angle":0,"type":"prism","x":518,"y":163},"11":{"angle":3.063101947162839,"type":"fan","x":411,"y":41},"44":{"angle":0,"catMass":2,"type":"catswat","x":579,"y":148},"13":{"angle":1.932642057923625,"type":"fan","x":95,"y":85},"14":{"angle":1.5168230551920237,"type":"board","x":13.707276,"y":254},"15":{"angle":-1.5689864256139192,"type":"board","x":9.1583587,"y":87.5161152},"16":{"angle":-9.931400922913933e-2,"type":"board","x":91,"y":607},"17":{"angle":0.6821406810006784,"type":"board","x":175,"y":676.484},"19":{"angle":-0.6727664624661981,"type":"board","x":344,"y":677},"22":{"angle":0.12664544145989792,"type":"board","x":302,"y":372},"23":{"angle":0.8908801298506713,"type":"board","x":432,"y":445},"24":{"angle":0,"catMass":2,"type":"catswat","x":172,"y":571},"25":{"angle":-1.4997632126576659,"type":"board","x":393,"y":557},"26":{"angle":2.4988250375692265,"type":"fan","x":530,"y":340},"28":{"angle":0.10314542603361711,"sticker":"determinism","type":"sticker","x":162.5,"y":294},"29":{"angle":-4.0189084165796696e-2,"type":"board","x":165.5,"y":264},"30":{"angle":0.24532193323492285,"type":"board","x":166,"y":263},"31":{"angle":2.109550844800367,"type":"fan","x":122,"y":442}}},"snapshot":{"balls":[{"age":520,"angle":1.1029795408248901,"type":3,"va":15.0754976272583,"vx":-1.8492717742919922,"vy":1.4692919254302979,"x":3.1309759616851807,"y":-12.794179916381836},{"age":548,"angle":2.6188783645629883,"type":4,"va":1.5430086851119995,"vx":-1.1507585048675537,"vy":-0.12469260394573212,"x":0.30982038378715515,"y":-11.92287540435791},{"age":398,"angle":7.016962021589279e-2,"type":3,"va":9.108342170715332,"vx":-1.5060083866119385,"vy":-1.2781691551208496,"x":7.592468738555908,"y":-9.305024147033691},{"age":400,"angle":1.9143699407577515,"type":4,"va":-5.535318702459335e-2,"vx":1.6863603591918945,"vy":-0.1786145120859146,"x":2.810824155807495,"y":-7.955014228820801},{"age":227,"angle":-1.5114582777023315,"type":4,"va":-1.1217554807662964,"vx":0.19527849555015564,"vy":0.20081232488155365,"x":0.671565055847168,"y":-7.7268805503845215},{"age":182,"angle":-2.28143310546875,"type":3,"va":-10.579262733459473,"vx":1.6639915704727173,"vy":-0.17624571919441223,"x":2.493673801422119,"y":-7.921655654907227},{"age":93,"angle":0.6637434363365173,"type":4,"va":13.901272773742676,"vx":-6.207945346832275,"vy":-0.5759956240653992,"x":1.6918116807937622,"y":-1.0058215856552124}],"widgets":{"24":{"angle":0,"key":"24","va":0,"vx":0,"vy":0,"x":3.440000057220459,"y":-11.420000076293945},"44":{"angle":0,"key":"44","va":0,"vx":0,"vy":0,"x":11.579999923706055,"y":-2.9600000381469727}}}}