{"puzzle":{"reqTiles":["Up"],"inputs":[{"x":0.35,"y":0.0,"balls":[{"type":1,"rate":1.0}]}],"outputs":[{"x":0.2,"y":1.0,"balls":[{"type":1,"rate":1.0}]}],"spec":{}},"blueprint":{"puzzle":"045e61ef-a2dc-5668-9828-9acd81502fb2","title":"How did the Squirrel get that?","submittedAt":"2024-04-06T23:23:45.557374511Z","widgets":{"0":{"angle":0,"type":"lefthook","x":295.977,"y":125.695},"32":{"angle":-1.132770632799403,"type":"board","x":568,"y":384},"1":{"angle":0,"speed":25,"type":"spokedwheel","x":110.718197,"y":147},"33":{"angle":0.29252182671286325,"type":"board","x":584,"y":151},"2":{"angle":-0.5404030728774308,"type":"board","x":470,"y":200},"34":{"angle":1.3849621255953404,"type":"rightbumper","x":588,"y":200},"35":{"angle":-1.4623899618674074,"type":"rightbumper","x":537,"y":601},"4":{"angle":0.4106502932156242,"type":"brick","x":94,"y":499},"36":{"angle":0.4321421601756749,"type":"rightbumper","x":462,"y":439},"5":{"angle":0.7813381778843667,"type":"brick","x":72,"y":487},"37":{"angle":-1.3436576598434196,"type":"brick","x":705.19,"y":161},"6":{"angle":1.1119080668429997,"type":"brick","x":44,"y":454},"38":{"angle":1.5348723181337571,"type":"cushion","x":719.0400092,"y":215},"7":{"angle":1.514957224178868,"type":"brick","x":34,"y":428},"39":{"angle":0,"type":"brick","x":494,"y":133},"8":{"angle":1.9668073518849958,"type":"brick","x":34,"y":395},"9":{"angle":2.344573541290123,"type":"brick","x":45,"y":367},"10":{"angle":2.890179092708466,"type":"brick","x":75,"y":342},"11":{"angle":3.157873124672768,"type":"brick","x":115,"y":335},"12":{"angle":0.46750907461121616,"type":"brick","x":155,"y":343},"13":{"angle":0.8374210144277943,"type":"brick","x":186,"y":360},"14":{"angle":1.374656616698073,"type":"brick","x":202,"y":379},"15":{"angle":1.5989041388553449,"type":"brick","x":209,"y":417},"16":{"angle":2.4038870325933797,"type":"sword","x":392,"y":378},"17":{"angle":0.8256972120124438,"type":"sword","x":275,"y":376},"18":{"angle":0,"type":"leftbumper","x":341,"y":540},"19":{"height":54,"type":"repulsor","width":54,"x":47,"y":714},"20":{"angle":0,"sticker":"squobject","type":"sticker","x":29,"y":709},"21":{"angle":0,"sticker":"figure3-happy","type":"sticker","x":166,"y":302},"22":{"angle":-1.1846255906680827,"type":"board","x":616,"y":504},"23":{"angle":-1.190928183040609,"type":"board","x":645,"y":429},"24":{"angle":0,"type":"board","x":591,"y":711},"25":{"angle":0,"type":"board","x":444,"y":712},"26":{"angle":-0.10389026238474655,"type":"board","x":276,"y":721.9745155},"27":{"angle":3.138262568284282,"type":"fan","x":716.375263,"y":702.4219681},"28":{"angle":-1.0826591687132523,"type":"board","x":513,"y":295},"29":{"angle":-1.2259898257845518,"type":"board","x":38.0465815,"y":556},"30":{"angle":-1.1413095487588039,"type":"board","x":437,"y":447},"31":{"angle":-1.1698953449918965,"type":"board","x":697.56691,"y":571}}},"snapshot":{"balls":[{"age":1511,"angle":0.8958979249000549,"type":1,"va":-23.380422592163086,"vx":9.546297073364258,"vy":-9.994298934936523,"x":4.429832458496094,"y":-11.712151527404785},{"age":1179,"angle":1.2166537046432495,"type":1,"va":-15.777729034423828,"vx":0.35983148217201233,"vy":-1.4525808095932007,"x":10.22970199584961,"y":-13.83354663848877},{"age":1000,"angle":3.0896055698394775,"type":1,"va":-1.9748146533966064,"vx":0.6834538578987122,"vy":-0.5502939820289612,"x":2.7732291221618652,"y":-14.4616060256958},{"age":718,"angle":1.1278457641601562,"type":1,"va":38.41611099243164,"vx":-0.25628527998924255,"vy":-3.5121872425079346,"x":2.7864630222320557,"y":-14.176008224487305},{"age":488,"angle":-1.249419927597046,"type":1,"va":55.772335052490234,"vx":-7.123053550720215,"vy":2.749171733856201,"x":10.005888938903809,"y":-13.355518341064453},{"age":451,"angle":-1.5518580675125122,"type":1,"va":-9.725642204284668,"vx":1.9765698909759521,"vy":-0.8711498379707336,"x":14.098663330078125,"y":-6.821443557739258},{"age":379,"angle":-0.5765078663825989,"type":1,"va":5.077016830444336,"vx":-0.7058960795402527,"vy":-5.417701721191406,"x":13.286849021911621,"y":-4.892785549163818},{"age":325,"angle":0.29268360137939453,"type":1,"va":-18.062877655029297,"vx":2.8636159896850586,"vy":0.42086344957351685,"x":7.219050407409668,"y":-1.9362088441848755},{"age":255,"angle":-0.6798335313796997,"type":1,"va":-8.409527778625488,"vx":-1.419196605682373,"vy":0.8286423087120056,"x":13.58637523651123,"y":-3.2133729457855225},{"age":204,"angle":1.7049082517623901,"type":1,"va":22.936115264892578,"vx":-3.1444408893585205,"vy":-2.929818630218506,"x":7.39006233215332,"y":-4.869229316711426},{"age":120,"angle":-1.3084717988967896,"type":1,"va":-12.489874839782715,"vx":1.86796236038208,"vy":-1.274438738822937,"x":6.027519702911377,"y":-2.260941982269287},{"age":67,"angle":1.2760037183761597,"type":1,"va":-8.422250747680664,"vx":1.2298349142074585,"vy":-0.19098109006881714,"x":5.182649612426758,"y":-2.2520594596862793}],"widgets":{"0":{"angle":-0.3022889792919159,"key":"0","va":1.3607532978057861,"vx":0,"vy":0,"x":5.849499702453613,"y":-2.8140032291412354},"1":{"angle":1.0059692859649658,"key":"1","va":2.765967607498169,"vx":0,"vy":0,"x":2.2143640518188477,"y":-2.940000057220459}}}}