{"puzzle":{"reqTiles":["Up","Left"],"inputs":[{"x":0.8,"y":0.0,"balls":[{"type":3,"rate":0.8515625}]},{"x":0.0,"y":0.8,"balls":[{"type":4,"rate":0.875}]}],"outputs":[{"x":0.8,"y":1.0,"balls":[{"type":4,"rate":0.875}]},{"x":0.0,"y":0.65,"balls":[{"type":3,"rate":0.8515625}]}],"spec":{}},"blueprint":{"puzzle":"6f730505-96e5-5ded-9a7f-0534d9df8958","title":"clockwork lemons","submittedAt":"2024-04-16T07:57:38.803800688Z","widgets":{"0":{"angle":-8.589570792709875e-2,"type":"board","x":546,"y":74},"32":{"angle":0,"sticker":"figure1-happy","type":"sticker","x":303,"y":632},"1":{"angle":-0.7671384736942596,"type":"board","x":69.237952,"y":450},"33":{"angle":-0.12127708931181465,"type":"ballstand","x":258,"y":526},"2":{"angle":0,"type":"fan","x":23.5,"y":288},"34":{"angle":0,"type":"brick","x":301,"y":707},"3":{"angle":0,"type":"fan","x":23.5,"y":252},"4":{"angle":0,"type":"fan","x":23.5,"y":209},"36":{"angle":0,"speed":5,"type":"spokedwheel","x":612,"y":375},"5":{"angle":-0.1234314941587882,"type":"board","x":405,"y":89},"6":{"angle":-0.21979923114819203,"type":"board","x":287,"y":111},"38":{"angle":0,"speed":-8,"type":"spokedwheel","x":635.077,"y":245},"7":{"angle":-0.3377348854956671,"type":"board","x":85.539109,"y":592},"39":{"angle":0,"speed":6,"type":"spokedwheel","x":394,"y":304},"8":{"angle":-1.1024896800081192,"type":"board","x":197,"y":497},"9":{"angle":-1.597558049463511,"type":"board","x":237,"y":461},"10":{"angle":1.5706273075527186,"type":"board","x":240,"y":616},"11":{"angle":0,"type":"brick","x":237,"y":726.5},"12":{"angle":0,"type":"brick","x":236,"y":705},"13":{"angle":-1.128131683608356,"type":"fan","x":43.951689,"y":702.702007},"14":{"angle":-1.6084260412423417,"type":"fan","x":165,"y":618},"15":{"angle":-1.6225416104864598,"type":"fan","x":207,"y":571},"16":{"angle":0,"type":"fan","x":23.5,"y":333},"19":{"angle":1.3410874645852469,"type":"board","x":268,"y":510},"20":{"angle":0.6363192919727088,"type":"board","x":348,"y":635},"22":{"angle":-1.5751678386637307,"type":"cushion","x":632,"y":41.0848329},"23":{"angle":-1.3518414783339099,"type":"board","x":358,"y":484},"26":{"angle":-1.1114438796872594,"type":"rightbumper","x":384,"y":647},"27":{"angle":0,"speed":-7,"type":"spokedwheel","x":562,"y":493},"28":{"angle":-1.3219520059144791,"type":"board","x":449,"y":569},"29":{"angle":0.2698420796678373,"type":"board","x":485,"y":708.0000205},"30":{"angle":-0.8849015158155653,"type":"board","x":677.615798,"y":666.5875685}}},"snapshot":{"balls":[{"age":1065,"angle":-0.2428148239850998,"type":4,"va":14.35699462890625,"vx":-1.854819893836975,"vy":-1.6325629949569702,"x":12.23289966583252,"y":-14.173555374145508},{"age":1023,"angle":2.7108068466186523,"type":4,"va":-81.53980255126953,"vx":0.22215504944324493,"vy":-3.8176300525665283,"x":10.836790084838867,"y":-8.124399185180664},{"age":829,"angle":7.373815029859543e-2,"type":4,"va":56.95463180541992,"vx":7.045912265777588,"vy":13.95557689666748,"x":7.69199275970459,"y":-9.669394493103027},{"age":764,"angle":1.2981380224227905,"type":4,"va":-11.311220169067383,"vx":-1.5300686359405518,"vy":-0.5255162715911865,"x":8.74028491973877,"y":-6.613564968109131},{"age":645,"angle":-2.41995906829834,"type":4,"va":14.23587417602539,"vx":-1.6034908294677734,"vy":-2.3440537452697754,"x":12.438568115234375,"y":-13.905606269836426},{"age":575,"angle":2.9072656631469727,"type":4,"va":0.45694759488105774,"vx":6.276317685842514e-2,"vy":-0.5900602340698242,"x":9.318666458129883,"y":-9.496054649353027},{"age":499,"angle":-1.115492343902588,"type":4,"va":6.850706577301025,"vx":1.0568522214889526,"vy":-2.202094554901123,"x":12.123433113098145,"y":-9.4774808883667},{"age":450,"angle":0.8234235048294067,"type":4,"va":7.557504653930664,"vx":3.297064781188965,"vy":4.583230972290039,"x":7.897213935852051,"y":-11.185211181640625},{"age":422,"angle":-2.340883731842041,"type":3,"va":2.4080650806427,"vx":-0.587938666343689,"vy":-0.8980334401130676,"x":0.40580153465270996,"y":-9.464390754699707},{"age":384,"angle":0.6032955646514893,"type":4,"va":-15.176175117492676,"vx":2.4972071647644043,"vy":-0.4295460879802704,"x":6.213769912719727,"y":-11.693278312683105},{"age":368,"angle":-1.2315617799758911,"type":3,"va":22.779306411743164,"vx":-3.527925968170166,"vy":-3.796562910079956,"x":2.856360912322998,"y":-2.985567808151245},{"age":290,"angle":-2.4462764263153076,"type":4,"va":-5.106573581695557,"vx":5.235506057739258,"vy":-0.5376845002174377,"x":7.075496673583984,"y":-5.583253860473633},{"age":331,"angle":1.3628687858581543,"type":3,"va":14.628607749938965,"vx":-2.30035138130188,"vy":-0.31809496879577637,"x":7.582540512084961,"y":-1.503462553024292},{"age":247,"angle":3.046283721923828,"type":4,"va":-5.08120584487915,"vx":3.6173243522644043,"vy":5.0643463134765625,"x":1.465101957321167,"y":-11.115927696228027},{"age":273,"angle":0.493884414434433,"type":3,"va":22.01784896850586,"vx":-3.410747528076172,"vy":-0.8273954391479492,"x":3.903714418411255,"y":-2.2843520641326904},{"age":151,"angle":1.0649114847183228,"type":4,"va":-4.575259685516357,"vx":0.7681717276573181,"vy":0.269774854183197,"x":0.843845784664154,"y":-11.785871505737305},{"age":190,"angle":0.14861617982387543,"type":3,"va":9.699431419372559,"vx":-1.5408451557159424,"vy":-0.16949553787708282,"x":9.529472351074219,"y":-1.259448528289795},{"age":144,"angle":0.5584754943847656,"type":3,"va":3.455673933029175,"vx":-0.5514039993286133,"vy":-4.747765138745308e-2,"x":11.68710994720459,"y":-1.0740792751312256},{"age":81,"angle":-1.2853684425354004,"type":4,"va":-3.951486587524414,"vx":0.768218994140625,"vy":0.2697916626930237,"x":0.543066680431366,"y":-11.892233848571777},{"age":89,"angle":3.005099296569824,"type":3,"va":-9.178350448608398,"vx":0.42071929574012756,"vy":-0.9843312501907349,"x":11.91922664642334,"y":-0.8545133471488953},{"age":36,"angle":3.0661568641662598,"type":4,"va":2.56416392326355,"vx":0.9332379698753357,"vy":0.5287905335426331,"x":0.23579822480678558,"y":-11.826090812683105},{"age":52,"angle":-1.8909913301467896,"type":3,"va":11.166077613830566,"vx":-0.42429694533348083,"vy":-1.6250907182693481,"x":11.691198348999023,"y":-0.6264347434043884}],"widgets":{"27":{"angle":3.031888961791992,"key":"27","va":-1.8227715492248535,"vx":0,"vy":0,"x":11.239999771118164,"y":-9.859999656677246},"36":{"angle":3.079134464263916,"key":"36","va":1.6782172918319702,"vx":0,"vy":0,"x":12.239999771118164,"y":-7.5},"38":{"angle":2.584500789642334,"key":"38","va":-1.641169786453247,"vx":0,"vy":0,"x":12.701539993286133,"y":-4.900000095367432},"39":{"angle":0.8486013412475586,"key":"39","va":1.6675374507904053,"vx":0,"vy":0,"x":7.880000114440918,"y":-6.079999923706055}}}}