{"puzzle":{"reqTiles":["Up"],"inputs":[{"x":0.8,"y":0.0,"balls":[{"type":3,"rate":1.0}]},{"x":1.0,"y":0.65,"balls":[{"type":4,"rate":1.0}]}],"outputs":[{"x":0.35,"y":1.0,"balls":[{"type":4,"rate":1.0}]},{"x":1.0,"y":0.2,"balls":[{"type":3,"rate":1.0}]}],"spec":{}},"blueprint":{"puzzle":"c5e1e0f0-7382-5ff7-b8b2-efedb3c165e7","title":"Turbine","submittedAt":"2024-04-12T00:38:22.860887281Z","widgets":{"0":{"angle":-1.2318746125943711,"type":"board","x":585,"y":245},"32":{"angle":-1.630454099483856,"type":"fan","x":266,"y":279},"1":{"angle":-0.6373290193282533,"type":"board","x":519,"y":295},"33":{"angle":-1.638643538385851,"type":"fan","x":269,"y":279},"2":{"angle":0,"type":"board","x":417,"y":314},"34":{"angle":0.17126584087329272,"type":"brick","x":637,"y":155},"3":{"angle":0.7101414148355952,"type":"board","x":326,"y":277},"35":{"angle":0.1801302841339832,"type":"brick","x":697,"y":167},"4":{"angle":1.302715630742293,"type":"board","x":277,"y":216},"36":{"angle":1.5442256544518946,"type":"board","x":218,"y":652.2917791},"5":{"angle":0.3568265468558544,"type":"board","x":374,"y":304},"37":{"type":"roundbumper","x":439,"y":153},"6":{"angle":-0.8226420557825166,"type":"board","x":569,"y":254},"7":{"angle":-0.312595969388017,"type":"board","x":499,"y":305},"39":{"angle":0,"type":"cup","x":164,"y":23.5},"8":{"angle":1.012177816123786,"type":"board","x":290,"y":234},"40":{"angle":0,"speed":25,"type":"spokedwheel","x":392,"y":631.426042},"41":{"angle":1.0940486397085699e-2,"type":"brick","x":339,"y":726.1288398},"42":{"angle":-1.584144122904455,"type":"cushion","x":215,"y":532},"43":{"angle":-1.5749791817773622,"type":"cushion","x":215,"y":454},"44":{"angle":-2.466231341848708,"type":"cup","x":237,"y":142},"13":{"angle":2.2702375107984625,"type":"rightbumper","x":647,"y":419},"45":{"angle":0.9421262487560097,"sticker":"figure3-happy","type":"sticker","x":225,"y":345},"15":{"angle":7.95999972176132e-3,"type":"rightbumper","x":206,"y":71},"18":{"angle":4.685944383634321,"type":"rightbumper","x":691.7762602,"y":579},"20":{"angle":-2.557176074344061,"type":"fan","x":465,"y":349},"21":{"angle":-2.069112121005202,"type":"fan","x":377,"y":343},"22":{"angle":-1.6971142808267763,"type":"fan","x":308,"y":314},"23":{"angle":-2.2712762435367173,"type":"fan","x":425,"y":348},"24":{"angle":-1.8808621566680248,"type":"fan","x":341,"y":335},"25":{"angle":-1.652678229214156,"type":"fan","x":276,"y":284},"26":{"angle":-2.782709127397362,"type":"fan","x":506,"y":342},"27":{"angle":-3.051470855352412,"type":"fan","x":547,"y":325},"28":{"angle":1.6630440625457443,"type":"board","x":604.5,"y":224},"29":{"angle":-1.6279769162405533,"type":"fan","x":261,"y":281},"30":{"angle":-1.6318058320110485,"type":"fan","x":267,"y":282},"31":{"angle":-1.545931050276907,"type":"fan","x":271,"y":284}}},"snapshot":{"balls":[{"age":1279,"angle":2.392207384109497,"type":3,"va":29.949296951293945,"vx":-1.425508737564087,"vy":-6.620363712310791,"x":14.118094444274902,"y":-3.039546251296997},{"age":763,"angle":-1.1255604028701782,"type":3,"va":29.60686683654785,"vx":-3.8780181407928467,"vy":3.2393388748168945,"x":6.5906524658203125,"y":-5.134039402008057},{"age":618,"angle":-1.0052258968353271,"type":3,"va":24.841073989868164,"vx":-3.5522568225860596,"vy":2.6695995330810547,"x":6.342012405395508,"y":-4.942320823669434},{"age":15,"angle":2.7368552684783936,"type":3,"va":-0.3989175260066986,"vx":0.7278093695640564,"vy":-0.27190962433815,"x":14.67988395690918,"y":-2.9894282817840576},{"age":426,"angle":-0.9007638692855835,"type":3,"va":30.118852615356445,"vx":2.0628464221954346,"vy":-2.545856475830078,"x":6.793595314025879,"y":-2.1587069034576416},{"age":367,"angle":0.5530182123184204,"type":3,"va":-33.32048416137695,"vx":1.6625821590423584,"vy":-1.854348063468933,"x":6.445322513580322,"y":-2.211294412612915},{"age":229,"angle":0.9236006140708923,"type":4,"va":2.041256904602051,"vx":-0.5705216526985168,"vy":-0.6404887437820435,"x":5.31590461730957,"y":-14.513040542602539},{"age":253,"angle":2.042107105255127,"type":3,"va":0.14858685433864594,"vx":-2.0205349922180176,"vy":3.7779386043548584,"x":6.191360950469971,"y":-4.618954658508301},{"age":187,"angle":1.7491252422332764,"type":4,"va":-18.920040130615234,"vx":1.8590784072875977,"vy":0.5854692459106445,"x":5.86369514465332,"y":-14.236573219299316},{"age":179,"angle":0.8142216205596924,"type":3,"va":35.961875915527344,"vx":1.9768891334533691,"vy":-1.8595192432403564,"x":6.645875453948975,"y":-2.512871503829956},{"age":112,"angle":-1.6861169338226318,"type":4,"va":4.323383808135986,"vx":-20.569936752319336,"vy":-11.572423934936523,"x":11.995331764221191,"y":-9.050387382507324},{"age":111,"angle":-1.635276198387146,"type":3,"va":46.039886474609375,"vx":-6.812368869781494,"vy":3.1123709678649902,"x":7.7277374267578125,"y":-5.78700065612793},{"age":39,"angle":2.4838790893554688,"type":4,"va":-4.346213340759277,"vx":-1.3832694292068481,"vy":2.5119999423623085e-2,"x":14.668103218078613,"y":-9.628084182739258},{"age":45,"angle":-1.118302583694458,"type":3,"va":-4.531104564666748,"vx":0.1271042674779892,"vy":-4.279054164886475,"x":11.877493858337402,"y":-0.9969282746315002}],"widgets":{"40":{"angle":-2.5639235973358154,"key":"40","va":6.638978958129883,"vx":0,"vy":0,"x":7.840000152587891,"y":-12.628520965576172}}}}