{"puzzle":{"reqTiles":["Up"],"inputs":[{"x":0.5,"y":0.0,"balls":[{"type":2,"rate":0.520751953125}]},{"x":1.0,"y":0.35,"balls":[{"type":3,"rate":0.59375}]}],"outputs":[{"x":0.2,"y":1.0,"balls":[{"type":3,"rate":0.564453125}]},{"x":1.0,"y":0.2,"balls":[{"type":2,"rate":0.520751953125}]}],"spec":{}},"blueprint":{"puzzle":"26ed8b21-f6db-5f43-a8da-9f071e7b0744","title":"The heist","submittedAt":"2024-04-25T16:51:33.463217204Z","widgets":{"0":{"angle":0.21411316873671352,"type":"board","x":423,"y":65},"1":{"angle":5.636656058324042e-2,"type":"board","x":652.1319197,"y":160},"33":{"angle":0,"type":"anvil","x":350,"y":715},"2":{"angle":0,"type":"brick","x":592,"y":142},"34":{"angle":3.141592653589793,"type":"anvil","x":348,"y":715},"3":{"angle":-0.36734662245639826,"type":"board","x":655.10539,"y":315},"35":{"angle":-0.14403159656646852,"type":"board","x":348,"y":657},"4":{"angle":0,"type":"board","x":348,"y":683},"36":{"angle":0,"type":"board","x":217,"y":87},"5":{"angle":0,"type":"board","x":87.5,"y":517},"37":{"angle":0,"type":"board","x":87.5,"y":85},"6":{"angle":-0.7630456290649685,"type":"board","x":226,"y":454},"38":{"angle":0,"type":"brick","x":191,"y":67},"7":{"angle":1.5862049432786833,"type":"board","x":286,"y":315},"39":{"angle":0,"type":"brick","x":250,"y":68},"8":{"angle":1.1731100872663185,"sticker":"figure3-happy","type":"sticker","x":332,"y":311},"40":{"angle":0,"type":"brick","x":93,"y":68},"9":{"angle":2.7898163998496477,"type":"cup","x":355,"y":347},"41":{"angle":0,"type":"brick","x":34,"y":63},"42":{"angle":0,"type":"brick","x":145,"y":69},"11":{"height":306,"type":"attractor","width":306,"x":357,"y":359},"15":{"angle":1.6271559624439695,"type":"board","x":119,"y":652.1319827},"16":{"angle":2.1703695445179996,"type":"board","x":163,"y":518},"17":{"angle":0,"sticker":"knievel","type":"sticker","x":563,"y":669.5},"18":{"angle":-6.438925478182181e-2,"type":"hammer","x":568,"y":683},"19":{"angle":0,"type":"board","x":193,"y":392},"20":{"angle":0,"type":"board","x":87.5,"y":392},"21":{"angle":1.6723884646097826,"sticker":"knievel","type":"sticker","x":209,"y":368},"22":{"angle":0,"type":"board","x":258,"y":47},"23":{"angle":0,"type":"board","x":87.5,"y":48},"24":{"angle":0.5500003854834311,"type":"board","x":541,"y":118},"25":{"angle":0,"type":"brick","x":281,"y":33},"26":{"angle":0,"type":"brick","x":311,"y":13.5},"27":{"angle":0,"type":"brick","x":248,"y":13.5},"28":{"angle":1.0911952766325999,"type":"board","x":323,"y":126},"31":{"angle":0.7391524478819804,"type":"ballstand","x":364,"y":503}}},"snapshot":{"balls":[{"age":379,"angle":-2.4076852798461914,"type":2,"va":-2.4107706546783447,"vx":0.3834854066371918,"vy":-2.1638227626681328e-2,"x":14.174894332885742,"y":-2.9246902465820312},{"age":224,"angle":-2.911911964416504,"type":3,"va":43.331417083740234,"vx":-4.493226051330566,"vy":-2.926037073135376,"x":4.460775375366211,"y":-13.119162559509277},{"age":238,"angle":0.21089482307434082,"type":2,"va":-1.6370664834976196,"vx":0.26026755571365356,"vy":-1.4686276204884052e-2,"x":13.416492462158203,"y":-2.88187575340271},{"age":126,"angle":-0.9711799621582031,"type":3,"va":21.955869674682617,"vx":-3.2588956356048584,"vy":-1.3188085556030273,"x":12.143424034118652,"y":-6.3071608543396},{"age":145,"angle":1.6964682340621948,"type":2,"va":-14.298458099365234,"vx":2.4596948623657227,"vy":-0.48175352811813354,"x":10.334930419921875,"y":-1.296201467514038},{"age":83,"angle":0.683356523513794,"type":3,"va":12.350822448730469,"vx":-1.8262933492660522,"vy":-0.7365396618843079,"x":13.736966133117676,"y":-5.693404197692871},{"age":86,"angle":2.7996482849121094,"type":2,"va":-7.601370334625244,"vx":1.459837555885315,"vy":-0.6896927952766418,"x":8.147465705871582,"y":-0.7796125411987305}],"widgets":{}}}