{"puzzle":{"reqTiles":["Up"],"inputs":[{"x":0.2,"y":0.0,"balls":[{"type":4,"rate":0.5}]}],"outputs":[{"x":0.35,"y":1.0,"balls":[{"type":4,"rate":0.5}]}],"spec":{}},"blueprint":{"puzzle":"ea6a8190-34f8-53e2-ae9e-05285d0adf4f","title":"Hide the nuts","submittedAt":"2024-04-11T14:01:57.301132526Z","widgets":{"32":{"angle":-0.5426110033798694,"type":"board","x":381,"y":439},"33":{"angle":1.6738958179302577,"type":"brick","x":454,"y":368},"2":{"angle":-1.5755247845379954,"type":"board","x":215,"y":652.4584065},"3":{"angle":1.5761751956950836,"type":"board","x":302,"y":480},"35":{"angle":-1.5960363077195718,"type":"board","x":305,"y":649},"4":{"angle":1.5564244940756544,"type":"board","x":211,"y":483},"5":{"angle":0.15210911276670552,"type":"board","x":131,"y":390},"37":{"angle":-0.48947279104170743,"type":"brick","x":475,"y":391},"6":{"angle":-1.5602789152571126,"type":"board","x":224,"y":272},"38":{"angle":0.23255180924431698,"sticker":"figure3-happy","type":"sticker","x":359,"y":411.05},"7":{"angle":0.18354585985208957,"sticker":"squobject","type":"sticker","x":104,"y":351},"39":{"angle":0,"sticker":"figure2-happy","type":"sticker","x":559,"y":667.5},"8":{"angle":-0.4922755642978907,"type":"brick","x":65,"y":411},"9":{"angle":-1.3995291417476583,"type":"brick","x":84,"y":426},"10":{"angle":0.8982586390366559,"type":"brick","x":38,"y":343},"11":{"angle":1.555337456575526,"type":"board","x":302,"y":309},"12":{"angle":1.5298020015184264,"type":"board","x":295,"y":144},"13":{"angle":-1.534313751962179,"type":"board","x":227,"y":105},"14":{"angle":1.504896011029036,"type":"board","x":291,"y":87.9027109},"15":{"angle":1.539556493364629,"type":"board","x":236,"y":87.7384132},"16":{"angle":-1.6024821011123311,"type":"board","x":255,"y":87.7279139},"17":{"angle":1.5581192075570105,"type":"board","x":274,"y":87.6070912},"18":{"angle":1.5218159258711688,"type":"board","x":282,"y":249},"19":{"angle":-1.5772514491207301,"type":"board","x":264,"y":246},"20":{"angle":1.5584852829463702,"type":"board","x":242,"y":258},"21":{"angle":0.22582290046294248,"type":"board","x":129,"y":395},"22":{"angle":0.25656145424893007,"type":"board","x":86.919754,"y":380},"23":{"angle":-0.7715729904248433,"type":"board","x":366,"y":235},"24":{"angle":-0.47898780576698796,"type":"brick","x":540,"y":31},"25":{"angle":2.385813746263172,"type":"board","x":361,"y":217},"26":{"angle":-1.0280105949766218,"type":"board","x":468,"y":104},"27":{"angle":-0.1316186899480112,"type":"board","x":471,"y":174},"28":{"angle":1.3468167684946057,"type":"brick","x":560,"y":194},"29":{"angle":0.1742552377735438,"type":"brick","x":575,"y":170},"30":{"angle":-2.0923091093758117,"type":"brick","x":475,"y":36.20587},"31":{"angle":-0.9463297673934353,"type":"brick","x":555,"y":140}}},"snapshot":{"balls":[{"age":329,"angle":-0.8261314630508423,"type":4,"va":-5.432502746582031,"vx":0.15596775710582733,"vy":-3.9319801330566406,"x":4.760134696960449,"y":-9.816367149353027},{"age":181,"angle":-1.3310388326644897,"type":4,"va":-3.803727626800537,"vx":0.719261646270752,"vy":0.8837667107582092,"x":3.0016472339630127,"y":-7.509066104888916},{"age":103,"angle":0.11767012625932693,"type":4,"va":-4.334965229034424,"vx":1.3901453465223312e-2,"vy":-4.597507953643799,"x":3.026411771774292,"y":-4.648889064788818}],"widgets":{}}}