{"puzzle":{"reqTiles":["Up","Left"],"inputs":[{"x":0.35,"y":0.0,"balls":[{"type":2,"rate":0.84375}]},{"x":0.0,"y":0.65,"balls":[{"type":1,"rate":0.75}]}],"outputs":[{"x":0.8,"y":1.0,"balls":[{"type":1,"rate":0.75}]},{"x":0.0,"y":0.8,"balls":[{"type":2,"rate":0.84375}]}],"spec":{}},"blueprint":{"puzzle":"5b1f9855-7d2f-5151-a134-262f71d0106e","title":"Speed up, slow down","submittedAt":"2024-04-08T07:07:47.586070091Z","widgets":{"64":{"angle":1.9471085487488509,"type":"fan","x":331,"y":35.6365985},"65":{"angle":2.0098355379635753,"type":"fan","x":325,"y":128},"36":{"angle":0.42422266105466344,"type":"cushion","x":222,"y":563},"68":{"angle":0.3127414093799125,"type":"anvil","x":80,"y":511},"37":{"angle":1.0841116893220608,"type":"cushion","x":240,"y":58},"70":{"angle":0.8662814122710143,"type":"board","x":559,"y":646},"71":{"angle":2.0745301746757914,"type":"cushion","x":291,"y":134},"9":{"height":66,"type":"repulsor","width":66,"x":33,"y":513.5},"42":{"angle":-0.6855837625408088,"type":"cushion","x":164,"y":569},"74":{"angle":-4.944126030402431,"type":"board","x":306,"y":87.2280495},"43":{"angle":-3.16891768343729,"type":"fan","x":208,"y":581.959},"12":{"angle":3.1485946914155716,"type":"leftbumper","x":28.3318941,"y":397},"44":{"angle":1.6227414088740983,"type":"fan","x":226,"y":70},"46":{"angle":1.6698908278225126,"type":"fan","x":231,"y":71},"47":{"angle":1.610502097007442,"type":"fan","x":232,"y":72},"48":{"angle":1.6302404936306338,"type":"fan","x":230,"y":72},"49":{"angle":1.7222211515706307,"type":"fan","x":228,"y":74},"18":{"angle":0.5300076959954052,"type":"board","x":486,"y":687},"50":{"angle":1.6236151765347824,"type":"fan","x":226,"y":69},"51":{"angle":1.5921143802010842,"type":"fan","x":228,"y":73},"52":{"angle":-1.4048871540494483,"type":"board","x":207,"y":187},"54":{"angle":0.32477591301151976,"type":"board","x":281,"y":492},"55":{"angle":-1.315443357259894,"type":"board","x":251,"y":239},"24":{"angle":2.894842082957421,"type":"cushion","x":53.3167,"y":544},"56":{"angle":-1.372347105187774,"type":"board","x":176,"y":357},"58":{"angle":-1.3089722588151453,"type":"board","x":212,"y":386},"27":{"angle":0.4423046465213378,"type":"board","x":435,"y":557},"60":{"angle":0.41042779405000596,"type":"brick","x":68,"y":417},"29":{"angle":0.4276082988076903,"type":"board","x":335,"y":610},"61":{"angle":0.3574077770874092,"type":"brick","x":130,"y":442},"62":{"angle":-0.36521164823660257,"type":"board","x":99.228,"y":601},"63":{"angle":1.5759659288122823,"type":"fan","x":208,"y":49}}},"snapshot":{"balls":[{"age":251,"angle":2.58961820602417,"type":2,"va":-45.204647064208984,"vx":0.7537381649017334,"vy":-3.2446510791778564,"x":0.5458489656448364,"y":-11.690305709838867},{"age":5,"angle":-1.3557709455490112,"type":1,"va":0,"vx":0,"vy":-0.6540001630783081,"x":11.847107887268066,"y":-14.551169395446777},{"age":109,"angle":-0.19788777828216553,"type":2,"va":27.537891387939453,"vx":3.560945510864258,"vy":-0.28823959827423096,"x":0.6986455917358398,"y":-11.430672645568848},{"age":66,"angle":-1.4882893562316895,"type":1,"va":2.25443434715271,"vx":0.3746325373649597,"vy":1.1634758710861206,"x":0.379356324672699,"y":-9.375884056091309},{"age":41,"angle":-2.3275012969970703,"type":2,"va":-17.825450897216797,"vx":1.3253114223480225,"vy":-2.586413621902466,"x":5.338733673095703,"y":-1.0535542964935303}],"widgets":{}}}