{"puzzle":{"reqTiles":["Up"],"inputs":[{"x":0.5,"y":0.0,"balls":[{"type":1,"rate":1.0}]}],"outputs":[{"x":0.5,"y":1.0,"balls":[{"type":1,"rate":1.0}]}],"spec":{}},"blueprint":{"puzzle":"7c203eea-d339-53ae-a95d-e5520a65ae1b","title":"big tony","submittedAt":"2024-04-07T03:39:56.041767978Z","widgets":{"0":{"angle":1.58542491285119,"type":"board","x":67,"y":374},"32":{"angle":1.197073843100831,"type":"sword","x":637,"y":178},"1":{"angle":-1.6446568486264503,"type":"board","x":644,"y":372},"33":{"angle":1.0240417829869544,"type":"sword","x":631.5,"y":142},"2":{"angle":-0.9773759617468581,"type":"board","x":596,"y":526},"34":{"angle":0.8053282189882799,"type":"sword","x":613,"y":100},"3":{"angle":0.9901337257904975,"type":"board","x":116,"y":529},"35":{"angle":0.7655205804258852,"type":"sword","x":578,"y":62.910225},"36":{"angle":2.2466182804399746,"type":"sword","x":90,"y":145},"5":{"angle":-0.3411029768120973,"type":"board","x":228,"y":577},"37":{"angle":1.864520248654144,"type":"sword","x":77,"y":196},"6":{"angle":0.3218364871969813,"type":"board","x":478,"y":572},"38":{"angle":2.529762818108946,"type":"sword","x":90,"y":113},"7":{"type":"roundbumper","x":234,"y":204},"39":{"angle":2.373663956029944,"type":"sword","x":120,"y":69},"8":{"type":"roundbumper","x":460,"y":203},"40":{"angle":2.631602635942674,"type":"sword","x":117,"y":51.43452},"9":{"angle":1.5722247340053361,"type":"cushion","x":358,"y":324},"12":{"angle":0,"type":"board","x":367,"y":449},"13":{"angle":0,"type":"board","x":367,"y":436},"14":{"angle":0,"type":"board","x":365,"y":427},"17":{"angle":0.418663129687808,"type":"fan","x":369,"y":345},"18":{"angle":2.9229150233344945,"type":"fan","x":346,"y":347},"19":{"angle":-1.4165893672605945,"type":"board","x":89,"y":210},"20":{"angle":1.4168031249125759,"type":"board","x":623,"y":205},"21":{"angle":-0.9853783349452487,"type":"board","x":144,"y":77.9025195},"22":{"angle":0.7705679871178467,"type":"board","x":559,"y":67.4051475},"23":{"angle":0.23562242994339624,"type":"cushion","x":469,"y":167},"24":{"angle":-6.833241177291473e-2,"type":"cushion","x":235,"y":167},"25":{"angle":-0.3332251879618284,"type":"fan","x":114,"y":586},"26":{"angle":-2.4749101335459147,"type":"fan","x":581,"y":593},"27":{"angle":1.502804418687618,"type":"board","x":264,"y":652.090757},"28":{"angle":-1.4926836291859877,"type":"board","x":453,"y":652.0644878},"29":{"angle":1.4990306823894262,"type":"cushion","x":658,"y":297},"30":{"angle":-1.4778446177854792,"type":"cushion","x":54,"y":295}}},"snapshot":{"balls":[{"age":1650,"angle":-2.1561214923858643,"type":1,"va":-2.8147640228271484,"vx":0.4557799696922302,"vy":0,"x":5.923768043518066,"y":-14.621572494506836},{"age":1270,"angle":2.5271756649017334,"type":1,"va":-4.371815204620361,"vx":1.3374119997024536,"vy":-0.9948250651359558,"x":7.051239013671875,"y":-14.336621284484863},{"age":1084,"angle":-0.670981764793396,"type":1,"va":-2.017519809305668e-2,"vx":-0.1091519445180893,"vy":9.492500871419907e-2,"x":8.882027626037598,"y":-10.8567476272583},{"age":959,"angle":1.188484787940979,"type":1,"va":6.469814777374268,"vx":1.531281042844057e-2,"vy":-0.379402756690979,"x":5.711913108825684,"y":-14.384378433227539},{"age":893,"angle":1.9061208963394165,"type":1,"va":1.586077814863529e-5,"vx":1.2328701093792915e-2,"vy":-4.110745619982481e-3,"x":8.579644203186035,"y":-10.756124496459961},{"age":826,"angle":-1.084301471710205,"type":1,"va":-2.308148704469204e-2,"vx":1.2328620068728924e-2,"vy":-4.110721405595541e-3,"x":8.277169227600098,"y":-10.655243873596191},{"age":600,"angle":2.883054494857788,"type":1,"va":0,"vx":0,"vy":0,"x":8.595362663269043,"y":-14.621301651000977},{"age":6,"angle":-2.6564548015594482,"type":1,"va":-2.129859209060669,"vx":0.4604085087776184,"vy":-0.7793779969215393,"x":7.328152179718018,"y":-14.584614753723145},{"age":278,"angle":0.562920331954956,"type":1,"va":21.21042823791504,"vx":-3.18184494972229e-3,"vy":-3.6937925815582275,"x":3.6968441009521484,"y":-11.537455558776855},{"age":188,"angle":0.26132792234420776,"type":1,"va":9.635639190673828,"vx":-2.3449909687042236,"vy":-4.1577839851379395,"x":11.282011985778809,"y":-10.236712455749512},{"age":99,"angle":-1.1845881938934326,"type":1,"va":4.616478443145752,"vx":-0.7336344122886658,"vy":-3.588427975773811e-2,"x":7.1070122718811035,"y":-5.515997886657715},{"age":42,"angle":0.9583680629730225,"type":1,"va":1.7843661308288574,"vx":-7.0314183831214905e-3,"vy":-5.2392473220825195,"x":7.397453308105469,"y":-1.476141095161438}],"widgets":{}}}