{"puzzle":{"reqTiles":["Up","Left"],"inputs":[{"x":0.8,"y":0.0,"balls":[{"type":1,"rate":0.73046875}]},{"x":0.0,"y":0.8,"balls":[{"type":2,"rate":0.4860026041666667}]}],"outputs":[{"x":0.2,"y":1.0,"balls":[{"type":2,"rate":0.4860026041666667}]},{"x":0.0,"y":0.35,"balls":[{"type":1,"rate":0.7158203125}]}],"spec":{}},"blueprint":{"puzzle":"82b82564-c8f2-5511-9c67-7f95aff3cf23","title":"Cat's Cradle","submittedAt":"2024-04-21T18:22:47.994821425Z","widgets":{"32":{"angle":-0.9973875537280443,"catMass":2,"type":"catswat","x":123,"y":657},"33":{"angle":-1.2240923208817638,"catMass":2,"type":"catswat","x":89,"y":655},"34":{"angle":-1.016488830593346,"catMass":2,"type":"catswat","x":61,"y":661},"4":{"angle":0,"type":"hook","x":523.674,"y":89.502},"36":{"angle":0,"speed":25,"type":"spokedwheel","x":214,"y":209},"5":{"angle":0,"type":"brick","x":334,"y":153},"6":{"type":"roundbumper","x":133,"y":302},"38":{"angle":0,"type":"cup","x":223,"y":343},"7":{"height":10,"type":"attractor","width":150,"x":266,"y":75},"39":{"angle":0,"type":"cushion","x":71,"y":280},"40":{"angle":3.151329731511262,"type":"fan","x":426,"y":197},"41":{"angle":3.417398552178316,"type":"fan","x":422,"y":290},"42":{"angle":2.5211144286167997,"type":"fan","x":552,"y":587},"11":{"height":10,"type":"repulsor","width":150,"x":431,"y":519},"46":{"angle":1.5586018093466445,"type":"fan","x":702.2162113,"y":304},"47":{"angle":1.995944691297643,"type":"fan","x":128,"y":63.8751},"16":{"angle":0.684115539759812,"catMass":2,"type":"catswat","x":313,"y":585},"17":{"angle":0.7153508188600533,"catMass":2,"type":"catswat","x":286,"y":575},"18":{"angle":0.5499005304548302,"catMass":2,"type":"catswat","x":211,"y":573},"50":{"angle":2.3446356935978634,"type":"fan","x":510,"y":532},"19":{"angle":0.29164059361848904,"catMass":2,"type":"catswat","x":247,"y":571},"51":{"angle":-2.452365441889158,"type":"fan","x":379,"y":359},"20":{"angle":0.6135294824282541,"catMass":2,"type":"catswat","x":125,"y":575},"52":{"angle":-0.28656809068584105,"type":"hammer","x":607,"y":39.167688},"21":{"angle":0.5810887052117757,"catMass":2,"type":"catswat","x":171,"y":571},"53":{"angle":2.4228364819488397,"type":"rightbumper","x":229,"y":54.1862595},"22":{"angle":0.8291152751871733,"catMass":2,"type":"catswat","x":40.264398,"y":569},"54":{"type":"roundbumper","x":54,"y":90},"23":{"angle":-0.9436384878483268,"catMass":2,"type":"catswat","x":38.869304,"y":646},"55":{"height":10,"type":"repulsor","width":150,"x":360,"y":526},"24":{"angle":0.6862699653874804,"catMass":2,"type":"catswat","x":91,"y":569},"56":{"angle":3.0876290081485998,"type":"fan","x":547,"y":696.287},"25":{"angle":-0.9777443623169141,"catMass":2,"type":"catswat","x":329,"y":659},"57":{"angle":0,"type":"cup","x":182,"y":317},"26":{"angle":-1.0362668107677788,"catMass":2,"type":"catswat","x":300,"y":657},"58":{"angle":0,"type":"cushion","x":283,"y":319},"27":{"angle":-0.8337791555729043,"catMass":2,"type":"catswat","x":276,"y":660},"28":{"angle":-0.9719474984536669,"catMass":2,"type":"catswat","x":244,"y":655},"29":{"angle":-0.9134072220706456,"catMass":2,"type":"catswat","x":211,"y":656},"30":{"angle":-1.0075061913159675,"catMass":2,"type":"catswat","x":183,"y":658},"31":{"angle":-0.9131441249401789,"catMass":2,"type":"catswat","x":155,"y":657}}},"snapshot":{"balls":[{"age":1823,"angle":-2.682337522506714,"type":2,"va":0,"vx":0,"vy":0,"x":14.619894027709961,"y":-14.621302604675293},{"age":1711,"angle":1.9638049602508545,"type":2,"va":2.4855666413969857e-9,"vx":-3.960736461028347e-10,"vy":1.2441887520253658e-9,"x":13.98013687133789,"y":-14.621301651000977},{"age":1724,"angle":2.6752638816833496,"type":1,"va":-7.229638285934925e-3,"vx":1.9530666759237647e-4,"vy":-3.958120942115784e-9,"x":4.4266438484191895,"y":-7.015103816986084},{"age":1603,"angle":-2.0380425453186035,"type":1,"va":2.643297240138054e-2,"vx":-6.00166292861104e-3,"vy":0,"x":3.611351490020752,"y":-6.495107173919678},{"age":1510,"angle":0.6581636667251587,"type":1,"va":3.4212350845336914e-2,"vx":-1.4077802188694477e-4,"vy":-7.07714818418026e-4,"x":4.551725387573242,"y":-6.723792552947998},{"age":1343,"angle":-1.0053552389144897,"type":1,"va":-2.4855764113596024e-9,"vx":3.960704819672145e-10,"vy":-3.2014213502407074e-10,"x":14.299901008605957,"y":-14.62130355834961},{"age":1304,"angle":2.773054361343384,"type":2,"va":-1.1271882057189941,"vx":0.17961035668849945,"vy":1.2223608791828156e-9,"x":1.0171979665756226,"y":-14.62131118774414},{"age":1219,"angle":-1.5849363803863525,"type":2,"va":-7.085119932889938e-2,"vx":1.2539559975266457e-2,"vy":-5.581487901508808e-3,"x":0.9948787689208984,"y":-12.78668212890625},{"age":1143,"angle":0.5684006214141846,"type":2,"va":5.990699768066406,"vx":-0.9608984589576721,"vy":-4.7659859410487115e-4,"x":5.701312065124512,"y":-14.621539115905762},{"age":1003,"angle":-0.4370970129966736,"type":2,"va":-31.08876609802246,"vx":-5.653412818908691,"vy":6.569351673126221,"x":2.347731113433838,"y":-12.060626983642578},{"age":937,"angle":-0.5501801371574402,"type":2,"va":-0.529068112373352,"vx":1.825789175927639e-2,"vy":-2.0573047921061516e-2,"x":1.267790675163269,"y":-12.951449394226074},{"age":725,"angle":1.9428960084915161,"type":2,"va":6.790286540985107,"vx":-1.0803484916687012,"vy":-1.079893481801264e-4,"x":5.3234333992004395,"y":-14.621575355529785},{"age":629,"angle":0.4579299986362457,"type":2,"va":0,"vx":0,"vy":0,"x":3.1844024658203125,"y":-12.892982482910156},{"age":590,"angle":-0.9509240388870239,"type":1,"va":0.11250775307416916,"vx":-1.9304865272715688e-3,"vy":9.705409407615662e-3,"x":3.5442280769348145,"y":-6.184986591339111},{"age":502,"angle":-7.926273345947266e-2,"type":1,"va":-3.986846189945936e-3,"vx":-2.3661646991968155e-5,"vy":-1.1894095223397017e-4,"x":3.7782554626464844,"y":-5.971451759338379},{"age":467,"angle":2.878046989440918,"type":2,"va":80.97872161865234,"vx":-0.26969146728515625,"vy":-1.366365909576416,"x":2.4160351753234863,"y":-12.597634315490723},{"age":375,"angle":-1.1727453470230103,"type":1,"va":3.809710964560509e-2,"vx":-4.1182132554240525e-4,"vy":2.0704062189906836e-3,"x":4.32424259185791,"y":-6.501548767089844},{"age":298,"angle":-0.6393132209777832,"type":2,"va":-2.6602301597595215,"vx":0.41403475403785706,"vy":-0.37819570302963257,"x":0.7111442685127258,"y":-14.393675804138184},{"age":279,"angle":-1.5491141080856323,"type":1,"va":-12.51408576965332,"vx":-0.6077447533607483,"vy":-0.8511533141136169,"x":3.5156137943267822,"y":-5.7912983894348145},{"age":223,"angle":-3.0170235633850098,"type":1,"va":0.43473610281944275,"vx":-3.8743717670440674,"vy":-6.83018684387207,"x":2.9594602584838867,"y":-4.370894908905029},{"age":108,"angle":-1.8861138820648193,"type":2,"va":2.475313186645508,"vx":-0.25173676013946533,"vy":-0.14405038952827454,"x":0.41339561343193054,"y":-12.503725051879883},{"age":107,"angle":1.5035927295684814,"type":1,"va":13.230911254882812,"vx":-2.0822033882141113,"vy":-0.1682102084159851,"x":9.799982070922852,"y":-1.5449705123901367},{"age":55,"angle":1.0603139400482178,"type":1,"va":7.992440700531006,"vx":-1.2183821201324463,"vy":-0.35903170704841614,"x":11.43712329864502,"y":-0.7208479642868042}],"widgets":{"16":{"angle":-0.6841155290603638,"key":"16","va":0,"vx":0,"vy":0,"x":6.260000228881836,"y":-11.699999809265137},"17":{"angle":-0.7153507471084595,"key":"17","va":0,"vx":0,"vy":0,"x":5.71999979019165,"y":-11.5},"18":{"angle":-0.5499005317687988,"key":"18","va":0,"vx":0,"vy":0,"x":4.21999979019165,"y":-11.460000038146973},"19":{"angle":-0.29164057970046997,"key":"19","va":0,"vx":0,"vy":0,"x":4.940000057220459,"y":-11.420000076293945},"20":{"angle":-0.6135295033454895,"key":"20","va":0,"vx":0,"vy":0,"x":2.5,"y":-11.5},"21":{"angle":-0.5810887217521667,"key":"21","va":0,"vx":0,"vy":0,"x":3.4200000762939453,"y":-11.420000076293945},"22":{"angle":-0.8291152119636536,"key":"22","va":0,"vx":0,"vy":0,"x":0.8052879571914673,"y":-11.380000114440918},"23":{"angle":0.9436384439468384,"key":"23","va":0,"vx":0,"vy":0,"x":0.7773860692977905,