{"puzzle":{"reqTiles":["Up"],"inputs":[{"x":0.5,"y":0.0,"balls":[{"type":3,"rate":1.0}]}],"outputs":[{"x":0.2,"y":1.0,"balls":[{"type":3,"rate":1.0}]}],"spec":{}},"blueprint":{"puzzle":"35b28526-8830-5f97-bf03-b03b6f95a2f1","title":"Deterministic dependency","submittedAt":"2024-04-07T17:56:31.411162201Z","widgets":{"32":{"angle":-9.41751903233226e-3,"type":"brick","x":352,"y":640},"64":{"angle":3.144167846128382,"type":"brick","x":492,"y":369},"96":{"angle":0,"type":"brick","x":525,"y":480},"33":{"angle":0,"type":"brick","x":319,"y":666},"65":{"angle":0,"type":"brick","x":333,"y":366},"97":{"angle":1.5676010923890145,"type":"brick","x":586,"y":459},"34":{"angle":0,"type":"brick","x":386,"y":666},"66":{"angle":3.150383826534593,"type":"brick","x":371,"y":340},"98":{"angle":0,"type":"brick","x":539,"y":454},"35":{"angle":3.132152627442647,"type":"brick","x":452,"y":666},"67":{"angle":0,"type":"brick","x":491,"y":316},"99":{"angle":0,"type":"brick","x":524,"y":428},"68":{"angle":0,"type":"brick","x":410,"y":315},"37":{"angle":1.55340302952198,"type":"board","x":414,"y":483},"69":{"angle":0,"type":"brick","x":451,"y":341},"38":{"angle":5.195759814207405e-3,"type":"board","x":359,"y":593},"70":{"angle":0,"type":"brick","x":530,"y":342},"71":{"angle":0,"type":"brick","x":415,"y":275},"40":{"angle":3.1708951566205004,"type":"brick","x":419,"y":641},"72":{"angle":3.133201487481953,"type":"brick","x":481,"y":275},"41":{"angle":-3.469134169500059e-3,"type":"brick","x":519,"y":664},"73":{"angle":0,"type":"brick","x":415,"y":227},"42":{"angle":-9.235312012018861e-4,"type":"brick","x":318,"y":613},"74":{"angle":0,"type":"brick","x":446,"y":251},"75":{"angle":0,"type":"brick","x":478,"y":226},"12":{"angle":3.1492825097626542,"type":"fan","x":413,"y":200.654},"44":{"angle":5.123691161752383e-3,"type":"brick","x":485,"y":640},"76":{"angle":3.1365149372048626,"type":"brick","x":415,"y":203},"13":{"angle":-3.603164850078358e-3,"type":"board","x":524,"y":730.6847775},"45":{"angle":6.275472189151808,"type":"brick","x":453,"y":615},"77":{"angle":0,"type":"brick","x":479,"y":202},"14":{"angle":-1.3959213394720494e-2,"type":"board","x":356,"y":729.779478},"46":{"angle":3.165352745019421,"type":"brick","x":386,"y":614},"78":{"angle":0,"type":"brick","x":420,"y":177},"15":{"angle":3.144456603042862,"type":"fan","x":413,"y":203.185},"47":{"angle":8.376626238809488e-3,"type":"board","x":459,"y":296},"79":{"angle":3.1333512102727763,"type":"brick","x":485,"y":177},"16":{"angle":3.1429625322680947,"type":"fan","x":415,"y":200},"48":{"angle":0,"type":"brick","x":318,"y":709},"17":{"angle":3.133788832632655,"type":"fan","x":413,"y":201},"49":{"angle":0,"type":"brick","x":385,"y":707},"18":{"angle":3.15086142017538,"type":"fan","x":414,"y":202.614},"50":{"angle":0,"type":"board","x":372,"y":688},"19":{"angle":3.1236852180463788,"type":"fan","x":416,"y":201},"51":{"angle":0,"sticker":"cat","type":"sticker","x":582,"y":706},"83":{"angle":0,"type":"board","x":467,"y":156},"20":{"angle":3.1241511708021825,"type":"fan","x":415,"y":201},"52":{"angle":3.16708,"type":"fan","x":439,"y":111},"84":{"angle":0,"type":"board","x":370,"y":388},"21":{"angle":3.1621694092625896,"type":"fan","x":418,"y":202},"53":{"angle":0,"type":"board","x":556,"y":576},"85":{"angle":0,"sticker":"figure1-sad","type":"sticker","x":40,"y":676.5},"22":{"angle":3.1588424876333456,"type":"fan","x":418,"y":202},"54":{"angle":1.5640760235711082,"type":"board","x":466,"y":192},"86":{"angle":1.5581755725986948,"type":"brick","x":395,"y":34.1676554},"55":{"angle":-1.5514080578014258,"type":"board","x":317,"y":482},"87":{"angle":1.60898281428169,"type":"brick","x":346,"y":34.4906062},"56":{"angle":0,"type":"board","x":348,"y":576},"88":{"angle":-0.8279668101713346,"type":"anvil","x":372,"y":526},"25":{"angle":1.3516998369983201e-2,"type":"brick","x":520,"y":615},"57":{"angle":-1.6089520867241165,"type":"board","x":608,"y":481},"89":{"angle":5.283531119247842,"type":"sword","x":363,"y":463},"58":{"angle":1.5524600804545432,"type":"board","x":484,"y":483},"90":{"angle":-1.2725993300882334,"type":"brick","x":455,"y":550},"27":{"angle":1.0219535152179677e-2,"type":"brick","x":551,"y":640},"59":{"angle":0,"type":"board","x":539,"y":388},"91":{"angle":1.6811451518840828,"type":"brick","x":440,"y":497},"60":{"angle":0,"type":"brick","x":586,"y":615},"92":{"angle":0.9714143874415163,"type":"brick","x":447,"y":432},"61":{"angle":0,"type":"brick","x":586,"y":663},"93":{"angle":0,"type":"brick","x":569,"y":555},"30":{"angle":3.1287755180674464,"type":"board","x":514,"y":685.409},"62":{"angle":0,"type":"brick","x":573,"y":366},"94":{"angle":0,"type":"brick","x":568,"y":505},"31":{"angle":0,"type":"board","x":532,"y":593},"63":{"angle":0,"type":"brick","x":410,"y":365},"95":{"angle":0,"type":"brick","x":527,"y":529}}},"snapshot":{"balls":[{"age":1576,"angle":-1.3555573225021362,"type":3,"va":0,"vx":0,"vy":0,"x":0.17992523312568665,"y":-14.62130355834961},{"age":1051,"angle":-3.010958671569824,"type":3,"va":0,"vx":0,"vy":0,"x":0.4990585744380951,"y":-14.621302604675293},{"age":962,"angle":-1.8713006973266602,"type":3,"va":0,"vx":0,"vy":0,"x":1.1371610164642334,"y":-14.621301651000977},{"age":886,"angle":-2.993539571762085,"type":3,"va":0,"vx":0,"vy":0,"x":0.8181608319282532,"y":-14.62130355834961},{"age":674,"angle":1.5125634670257568,"type":3,"va":0,"vx":0,"vy":0,"x":1.4565327167510986,"y":-14.621301651000977},{"age":83,"angle":1.5107249021530151,"type":3,"va":-4.282783508300781,"vx":-5.0892133712768555,"vy":-11.427665710449219,"x":5.8870086669921875,"y":-6.755022048950195}],"widgets":{}}}