{"puzzle":{"reqTiles":["Up"],"inputs":[{"x":0.35,"y":0.0,"balls":[{"type":4,"rate":0.8359375}]}],"outputs":[{"x":0.65,"y":1.0,"balls":[{"type":4,"rate":0.8359375}]}],"spec":{}},"blueprint":{"puzzle":"62051a0d-fd92-5250-ae24-057e793fb25a","title":"bouncy-Hexagons","submittedAt":"2024-04-26T06:22:37.791045703Z","widgets":{"0":{"angle":-1.0648982775687315,"type":"prism","x":320,"y":301},"32":{"angle":-2.111509032014858,"type":"prism","x":270,"y":516},"96":{"type":"roundbumper","x":83,"y":453},"1":{"angle":-2.1069929954551023,"type":"prism","x":270,"y":345},"33":{"angle":0,"type":"prism","x":232,"y":409},"65":{"angle":1.5414588996938468,"type":"brick","x":450,"y":705.6186218},"97":{"type":"roundbumper","x":75,"y":279},"2":{"angle":3.143459843120931,"type":"prism","x":131,"y":321},"34":{"angle":1.0375484253749878,"type":"prism","x":246,"y":474},"98":{"type":"roundbumper","x":681,"y":104},"3":{"angle":2.083838407574863,"type":"prism","x":193,"y":343},"35":{"angle":-1.0432402251238628,"type":"prism","x":170,"y":385},"99":{"type":"roundbumper","x":681,"y":277},"4":{"angle":1.0401482533319562,"type":"prism","x":243,"y":301},"36":{"angle":1.057251756601256,"type":"prism","x":243,"y":127},"5":{"angle":-2.091171038113197,"type":"prism","x":120,"y":257},"37":{"angle":2.0890600730070203,"type":"prism","x":193,"y":169},"101":{"type":"roundbumper","x":681,"y":450},"6":{"angle":-1.0416195287852348,"type":"prism","x":169,"y":215},"38":{"angle":-3.149252194671598,"type":"prism","x":583,"y":406},"7":{"angle":0,"type":"prism","x":229,"y":237},"39":{"angle":-2.114204298260076,"type":"prism","x":571,"y":342},"8":{"angle":0,"type":"prism","x":383,"y":323},"40":{"angle":2.1052178087747024,"type":"prism","x":495,"y":168},"72":{"angle":-3.1531672386175513,"type":"prism","x":585,"y":577},"9":{"angle":-3.1673201551851085,"type":"prism","x":282,"y":408},"41":{"angle":3.136120239392565,"type":"prism","x":433,"y":147},"73":{"angle":2.0816383539731587,"type":"prism","x":647,"y":599},"10":{"angle":1.0436784876613785,"type":"prism","x":394,"y":387},"42":{"angle":1.0566067636901595,"type":"prism","x":545,"y":128},"74":{"angle":0,"type":"prism","x":536,"y":580},"11":{"angle":2.0863253001099724,"type":"prism","x":345,"y":428},"43":{"angle":-2.0914025553289846,"type":"prism","x":572,"y":169},"75":{"angle":-1.0537653806799676,"type":"prism","x":472,"y":559},"12":{"angle":-4.207348513605581,"type":"prism","x":342,"y":256},"44":{"angle":-3.149996771455202,"type":"prism","x":583,"y":234},"76":{"angle":0,"type":"prism","x":233,"y":581},"13":{"angle":-3.139136746623786,"type":"prism","x":280,"y":234},"45":{"angle":2.083565564097815,"type":"prism","x":645,"y":255},"77":{"angle":3.1537731603616734,"type":"prism","x":284,"y":579},"14":{"angle":-2.1013721693784424,"type":"prism","x":268,"y":169},"46":{"angle":-1.072469884151558,"type":"prism","x":621,"y":299},"78":{"angle":1.043681821933512,"type":"prism","x":395,"y":558},"15":{"angle":1.0413209466212816,"type":"prism","x":393,"y":214},"47":{"angle":0,"type":"prism","x":82,"y":149},"79":{"angle":-2.0916790006500694,"type":"prism","x":422,"y":600},"16":{"angle":0,"type":"prism","x":382,"y":149},"48":{"angle":1.0495595720615496,"type":"prism","x":93.58,"y":214},"80":{"angle":2.1057815989268502,"type":"prism","x":346,"y":601},"17":{"angle":-1.0414142858619688,"type":"prism","x":320,"y":127},"49":{"angle":2.078983916654432,"type":"prism","x":646,"y":426},"81":{"angle":-1.0523159852995607,"type":"prism","x":171,"y":560},"18":{"angle":3.139278735621585,"type":"prism","x":433,"y":321},"50":{"angle":-1.0485555074367408,"type":"prism","x":621,"y":472},"82":{"angle":-2.0861801526884816,"type":"prism","x":122,"y":601},"19":{"angle":-2.1132484357751653,"type":"prism","x":421,"y":256},"51":{"angle":-2.0950445045971673,"type":"prism","x":571,"y":514},"83":{"angle":1.0476266773464065,"type":"prism","x":95,"y":559},"20":{"angle":0,"type":"prism","x":532,"y":236},"52":{"angle":2.092524665549122,"type":"prism","x":195,"y":515},"84":{"angle":-1.041384083185499,"type":"prism","x":623,"y":127},"21":{"angle":1.0367257615017622,"type":"prism","x":545,"y":301},"53":{"angle":-3.1540264817553796,"type":"prism","x":133,"y":147},"85":{"type":"roundbumper","x":232,"y":187},"22":{"angle":-1.0337227138891085,"type":"prism","x":471,"y":213},"54":{"angle":0,"type":"prism","x":81,"y":322},"86":{"type":"roundbumper","x":227,"y":364},"23":{"angle":2.091410524568124,"type":"prism","x":494,"y":343},"55":{"angle":-2.1005541906696887,"type":"prism","x":120,"y":428},"87":{"type":"roundbumper","x":530,"y":187},"24":{"angle":-1.0392586735472533,"type":"prism","x":471,"y":387},"56":{"angle":3.1379573662560385,"type":"prism","x":133,"y":493},"88":{"type":"roundbumper","x":389,"y":276},"25":{"angle":-2.0908079250811036,"type":"prism","x":421,"y":429},"57":{"angle":1.0442658413483428,"type":"prism","x":94,"y":384},"89":{"type":"roundbumper","x":383,"y":104},"26":{"angle":0,"type":"prism","x":533,"y":408},"58":{"angle":0,"type":"prism","x":83,"y":494},"90":{"type":"roundbumper","x":87,"y":106},"27":{"angle":1.040521995280745,"type":"prism","x":543,"y":474},"59":{"angle":-0.4747194311009816,"type":"board","x":582,"y":692},"91":{"type":"roundbumper","x":233,"y":538},"28":{"angle":3.14062530201729,"type":"prism","x":433,"y":494},"60":{"angle":-0.4911127407261235,"type":"board","x":658.5972495,"y":653},"92":{"type":"roundbumper","x":532,"y":534},"29":{"angle":2.0926162039116822,"type":"prism","x":495,"y":515},"61":{"angle":6.09610258827679e-2,"type":"board","x":87.8856997,"y":658},"93":{"type":"roundbumper","x":530,"y":364},"30":{"angle":0,"type":"prism","x":383,"y":494},"62":{"angle":4.417014724544445e-2,"type":"board","x":230,"y":667},"94":{"type":"roundbumper","x":382,"y":450},"31":{"angle":-1.0537040180330735,"type":"prism","x":321,"y":474},"63":{"angle":3.94354494076717e-2,"type":"board","x":374,"y":675},"95":{"type":"roundbumper","x":382,"y":615}}},"snapshot":{"balls":[{"age":1772,"angle":-0.18856489658355713,"type":4,"va":-1.7886086702346802,"vx":0.27778804302215576,"vy":-1.2277995236217976e-2,"x":4.328702449798584,"y":-12.989001274108887},{"age":1653,"angle":-2.8481557369232178,"type":4,"va":-1.4601768255233765,"vx":0.22703245282173157,"vy":-8.958211168646812e-3,"x":7.852828502655029,"y":-13.175702095031738},{"age":1448,"angle":2.8659138679504395,"type":4,"va":2.095132350921631,"vx":-3.725325345993042,"vy":0.1646546572446823,"x":5.289803504943848,"y":-13.031474113464355},{"age":1379,"angle":0.12533465027809143,"type":4,"va":-0.9411271810531616,"vx":0.14623409509658813,"vy":-5.769849289208651e-3,"x":7.5158538818359375,"y":-13.162459373474121},{"age":1273,"angle":-2.0062503814697266,"type":4,"va":3.8044188022613525,"vx":-2.636183023452759,"vy":0.11651534587144852,"x":5.6999077796936035,"y":-13.04929256439209},{"age":1212,"angle":1.934571623802185,"type":4,"va":-2.6494743824005127,"vx":0.41136306524276733,"vy":-1.6231847926974297e-2,"x":8.834939956665039,"y":-13.214546203613281},{"age":1122,"angle":2.956908702850342,"type":4,"va":7.103813171386719,"vx":-4.931199178099632e-2,"vy":0.47739434242248535,"x":6.3410115242004395,"y":-12.921304702758789},{"age":1029,"angle":2.0495047569274902,"type":4,"va":-1.6226760149002075,"vx":0.2519363462924957,"vy":-9.9401343613863e-3,"x":8.17524242401123,"y":-13.188488006591797},{"age":952,"angle":0.8127551674842834,"type":4,"va":5.943665981292725,"vx":-0.9241973757743835,"vy":3.64646315574646e-2,"x":6.629619121551514,"y":-13.1317720413208},{"age":889,"angle":-2.5801563262939453,"type":4,"va":-1.3972620964050293,"vx":0.2169899195432663,"vy":-9.590541012585163e-3,"x":4.866342544555664,"y":-13.012757301330566},{"age":713,"angle":-2.751558542251587,"type":4,"va":-19.567564010620117,"vx":0.9498878121376038,"vy":1.8078649044036865,"x":6.6498026847839355,"y":-12.816788673400879},{"age":671,"angle":-2.7241921424865723,"type":4,"va":-2.1656646728515625,"vx":0.3362901508808136,"vy":-1.3266858644783497e-2,"x":8.51062297821045,"y":-13.20173454284668},{"age":594,