{"puzzle":{"reqTiles":["Up","Left"],"inputs":[{"x":0.2,"y":0.0,"balls":[{"type":3,"rate":1.0}]},{"x":0.0,"y":0.65,"balls":[{"type":4,"rate":1.0}]}],"outputs":[{"x":0.65,"y":1.0,"balls":[{"type":4,"rate":1.0}]},{"x":0.0,"y":0.5,"balls":[{"type":3,"rate":1.0}]}],"spec":{}},"blueprint":{"puzzle":"44f84753-76ad-53c7-b12a-2ac5f067cf07","title":"Particle Accelerator","submittedAt":"2024-04-09T17:05:10.23263344Z","widgets":{"0":{"angle":-0.25237781557166733,"type":"board","x":89.5,"y":374},"32":{"angle":0.7609396832337838,"type":"board","x":394,"y":526},"1":{"angle":-0.8221061079440505,"type":"board","x":219,"y":298},"33":{"angle":0,"type":"board","x":297,"y":468},"34":{"angle":0,"type":"board","x":299,"y":422},"35":{"angle":0.19397386088372698,"type":"board","x":97.5939,"y":537},"36":{"angle":-1.280648364854235,"type":"fan","x":138,"y":600},"37":{"angle":1.8321035024843308,"type":"board","x":192,"y":547},"38":{"angle":-0.46538457995866445,"type":"board","x":143,"y":449},"7":{"height":10,"type":"attractor","width":150,"x":475,"y":460},"39":{"angle":0,"type":"fan","x":91,"y":436},"40":{"angle":1.5551889711788867,"type":"board","x":460,"y":652.3702147},"41":{"angle":-1.586437864388169,"type":"board","x":503,"y":652.3217855},"43":{"height":10,"type":"attractor","width":150,"x":474,"y":458},"44":{"height":10,"type":"attractor","width":150,"x":470,"y":457},"45":{"height":10,"type":"attractor","width":150,"x":472,"y":457},"46":{"height":10,"type":"attractor","width":150,"x":472,"y":455},"47":{"type":"roundbumper","x":473,"y":456},"16":{"type":"roundbumper","x":473,"y":458},"48":{"type":"roundbumper","x":473,"y":457},"17":{"angle":0,"type":"fan","x":354,"y":391},"49":{"type":"roundbumper","x":474,"y":457},"18":{"angle":1.5671841437517526,"type":"fan","x":535,"y":333},"19":{"angle":3.1482377390216265,"type":"fan","x":593,"y":522},"20":{"angle":-1.5759275754238327,"type":"fan","x":414,"y":583},"21":{"angle":0.7434152719702034,"type":"fan","x":423,"y":327},"22":{"angle":-0.8323281213565151,"type":"fan","x":339,"y":504},"23":{"angle":2.409301225416437,"type":"fan","x":604,"y":424},"24":{"angle":-2.4185821872795668,"type":"fan","x":531,"y":575},"25":{"angle":0,"type":"board","x":468,"y":360},"27":{"angle":-1.5695431946187652,"type":"board","x":562,"y":456},"28":{"angle":1.5677906039857754,"type":"board","x":373,"y":548},"29":{"angle":2.3328180578470823,"type":"board","x":432,"y":355},"30":{"angle":-2.446813974751934,"type":"board","x":534,"y":382},"31":{"angle":-0.8100049095357844,"type":"board","x":562,"y":513}}},"snapshot":{"balls":[{"age":1306,"angle":1.3512473106384277,"type":4,"va":19.29288101196289,"vx":7.52311372756958,"vy":-1.3522443771362305,"x":5.614142894744873,"y":-8.89863395690918},{"age":988,"angle":-0.19243940711021423,"type":4,"va":39.94414138793945,"vx":4.729934215545654,"vy":-1.5143237113952637,"x":8.2147855758667,"y":-10.104475975036621},{"age":904,"angle":-2.674915313720703,"type":4,"va":67.47938537597656,"vx":-66.74268341064453,"vy":-40.86430740356445,"x":8.497467994689941,"y":-9.995118141174316},{"age":761,"angle":0.738433837890625,"type":4,"va":172.37159729003906,"vx":28.783079147338867,"vy":-17.725454330444336,"x":9.72714900970459,"y":-7.799199104309082},{"age":710,"angle":1.9674075841903687,"type":4,"va":155.7110595703125,"vx":39.58284378051758,"vy":20.0388240814209,"x":8.476221084594727,"y":-8.000701904296875},{"age":4,"angle":-0.21119381487369537,"type":4,"va":0.5945155620574951,"vx":0.7190065979957581,"vy":-0.6536117792129517,"x":9.623952865600586,"y":-14.536054611206055},{"age":598,"angle":0.12087687849998474,"type":4,"va":-92.5358657836914,"vx":26.0972957611084,"vy":27.783191680908203,"x":8.442948341369629,"y":-9.488245010375977},{"age":561,"angle":-2.2869911193847656,"type":4,"va":103.8921127319336,"vx":-6.0989203453063965,"vy":19.6156005859375,"x":8.294473648071289,"y":-10.431597709655762},{"age":478,"angle":-1.4520126581192017,"type":4,"va":-12.789556503295898,"vx":6.976379871368408,"vy":-1.5323306322097778,"x":4.979892253875732,"y":-8.842510223388672},{"age":408,"angle":3.0209550857543945,"type":4,"va":87.00310516357422,"vx":-7.177189826965332,"vy":20.672569274902344,"x":9.301839828491211,"y":-10.930066108703613},{"age":337,"angle":2.515265941619873,"type":4,"va":162.41262817382812,"vx":-75.33511352539062,"vy":-46.83578872680664,"x":8.755226135253906,"y":-9.55778980255127},{"age":290,"angle":-2.7116832733154297,"type":4,"va":-4.399365425109863,"vx":0.6702839136123657,"vy":-0.131673201918602,"x":1.8300201892852783,"y":-10.371011734008789},{"age":217,"angle":2.005307674407959,"type":4,"va":-4.166205406188965,"vx":0.634878933429718,"vy":-0.12471810728311539,"x":1.4873985052108765,"y":-10.303691864013672},{"age":175,"angle":2.5810165405273438,"type":4,"va":-4.253119945526123,"vx":0.6480621099472046,"vy":-0.1273082196712494,"x":0.9764219522476196,"y":-10.20331859588623},{"age":193,"angle":-1.1473921537399292,"type":3,"va":-3.001883029937744,"vx":-0.15599139034748077,"vy":0.48839762806892395,"x":0.3078020215034485,"y":-7.395328044891357},{"age":96,"angle":-1.018137812614441,"type":4,"va":1.8387670516967773,"vx":0.49294036626815796,"vy":-9.683513641357422e-2,"x":0.6116589903831482,"y":-10.131599426269531},{"age":103,"angle":-2.667560577392578,"type":3,"va":10.15591049194336,"vx":-1.870255470275879,"vy":0.7734085321426392,"x":2.6910951137542725,"y":-6.5569891929626465},{"age":31,"angle":2.326657772064209,"type":4,"va":-1.9756591320037842,"vx":0.7744178175926208,"vy":-0.35315486788749695,"x":0.19044291973114014,"y":-9.69034194946289},{"age":27,"angle":-0.6516415476799011,"type":3,"va":-4.380763053894043,"vx":6.715185195207596e-2,"vy":-2.016728162765503,"x":2.950209140777588,"y":-0.28401094675064087}],"widgets":{}}}