{"puzzle":{"reqTiles":["Up"],"inputs":[{"x":0.5,"y":0.0,"balls":[{"type":4,"rate":0.8359375}]},{"x":1.0,"y":0.35,"balls":[{"type":2,"rate":0.5294392903645834}]}],"outputs":[{"x":0.2,"y":1.0,"balls":[{"type":2,"rate":0.5294392903645834}]},{"x":1.0,"y":0.2,"balls":[{"type":4,"rate":0.8359375}]}],"spec":{}},"blueprint":{"puzzle":"37cdab10-8a7d-5cff-aee0-9eb6a42d57dd","title":"follow the arrows","submittedAt":"2024-04-26T22:17:32.436994352Z","widgets":{"32":{"angle":-0.153710735116851,"type":"brick","x":704.333929,"y":359},"65":{"angle":0,"sticker":"figure2-sad","type":"sticker","x":673,"y":498},"34":{"angle":-1.0189616885745938,"type":"prism","x":321,"y":213},"35":{"angle":0,"type":"prism","x":333,"y":163},"4":{"angle":0.21630663707328462,"type":"board","x":649,"y":152},"36":{"angle":1.03935832187114,"type":"prism","x":303,"y":146},"68":{"angle":0.5348089063243239,"type":"cup","x":310,"y":366},"5":{"angle":0.9776885311917997,"type":"board","x":56.3702095,"y":662.413831},"69":{"angle":0.4214971973068133,"type":"cup","x":442,"y":308},"6":{"angle":-4.583837626993674e-2,"type":"board","x":287,"y":726.9999988},"38":{"angle":3.1519825659452865,"type":"prism","x":373,"y":165},"70":{"angle":0.37607947174353773,"type":"cup","x":193,"y":424},"39":{"angle":-1.6035216272779982,"type":"prism","x":237,"y":199},"71":{"angle":0,"type":"brick","x":706,"y":726.5},"8":{"angle":1.5597942797795532,"type":"board","x":9.9621175,"y":507},"72":{"angle":0,"type":"brick","x":640,"y":726.5},"73":{"angle":0,"type":"brick","x":576,"y":726.5},"74":{"angle":0,"type":"brick","x":589,"y":707},"75":{"angle":-1.5764711361509045,"type":"brick","x":726.3072786,"y":397},"12":{"angle":-0.34090713365446723,"type":"board","x":454,"y":694.263},"76":{"angle":-1.5578703347488088,"type":"brick","x":726.0616602,"y":580},"77":{"angle":-1.559895995466113,"type":"brick","x":726.1311897,"y":524},"14":{"angle":2.982204711216423,"type":"board","x":337,"y":63},"78":{"angle":-1.5796848459612647,"type":"brick","x":726.1983371,"y":462},"79":{"angle":0,"type":"brick","x":683,"y":574},"80":{"angle":0,"type":"brick","x":683,"y":599},"82":{"angle":-1.5851080628308405,"type":"brick","x":726.0147996,"y":684},"83":{"angle":-1.5484035674094092,"type":"brick","x":725.7420979,"y":622},"52":{"angle":-0.2803642425442739,"type":"prism","x":390,"y":517},"53":{"angle":-0.2720251423093546,"type":"prism","x":414,"y":420},"55":{"angle":2.870555061610514,"type":"prism","x":436,"y":502},"56":{"angle":1.4818424248400706,"type":"prism","x":289,"y":230},"57":{"angle":3.0331185564704746,"type":"prism","x":246,"y":237},"58":{"angle":-2.366429568181613,"type":"prism","x":477,"y":511},"27":{"angle":-1.1196257904434626,"type":"fan","x":450,"y":290},"59":{"angle":-0.28644842778827106,"type":"prism","x":505,"y":392},"28":{"angle":-1.0802633970182292,"type":"fan","x":318,"y":348},"60":{"angle":-1.9332385120468485,"type":"prism","x":472,"y":414},"61":{"angle":1.419443951531105,"type":"prism","x":518,"y":426},"30":{"angle":-1.1370887362975297,"type":"fan","x":199,"y":405},"62":{"height":10,"type":"repulsor","width":150,"x":594,"y":586},"31":{"height":118,"type":"repulsor","width":118,"x":671.5,"y":454.5},"63":{"angle":0,"sticker":"figure2-happy","type":"sticker","x":604,"y":623}}},"snapshot":{"balls":[{"age":786,"angle":1.4347424507141113,"type":4,"va":-5.983687877655029,"vx":0.9051982164382935,"vy":-0.23795942962169647,"x":13.33896541595459,"y":-2.7712671756744385},{"age":708,"angle":-3.094921827316284,"type":4,"va":-6.048566818237305,"vx":0.9160546064376831,"vy":-0.20129956305027008,"x":14.1072998046875,"y":-2.941174030303955},{"age":18,"angle":2.913564920425415,"type":4,"va":-0.9791677594184875,"vx":0.7157317996025085,"vy":-0.26673439145088196,"x":14.686309814453125,"y":-2.987225294113159},{"age":544,"angle":-1.4449033737182617,"type":4,"va":-5.135369300842285,"vx":0.7025601267814636,"vy":-0.7999297976493835,"x":12.918421745300293,"y":-2.681224822998047},{"age":499,"angle":-2.5025241374969482,"type":4,"va":-1.4606659412384033,"vx":1.7111597061157227,"vy":-0.9993274807929993,"x":9.557595252990723,"y":-2.4273805618286133},{"age":447,"angle":-1.214137077331543,"type":2,"va":11.539719581604004,"vx":-2.0420336723327637,"vy":-1.43252432346344,"x":8.373801231384277,"y":-13.736475944519043},{"age":460,"angle":-2.252556085586548,"type":4,"va":-1.6359041929244995,"vx":1.2172049283981323,"vy":-0.8641102910041809,"x":8.92668342590332,"y":-2.88059663772583},{"age":395,"angle":-1.0869989395141602,"type":4,"va":5.668254375457764,"vx":3.6636600494384766,"vy":-1.7749857902526855,"x":4.832912921905518,"y":-4.108989715576172},{"age":324,"angle":-0.8681000471115112,"type":2,"va":7.803091049194336,"vx":6.5163493156433105,"vy":4.198851585388184,"x":2.408407211303711,"y":-13.473246574401855},{"age":298,"angle":0.453748881816864,"type":4,"va":4.999142646789551,"vx":-0.7660383582115173,"vy":-0.12314314395189285,"x":5.02395486831665,"y":-1.1929718255996704},{"age":183,"angle":0.4823978841304779,"type":2,"va":9.946062088012695,"vx":-8.49670696258545,"vy":-5.037723064422607,"x":9.351527214050293,"y":-10.868620872497559},{"age":228,"angle":-1.3490656614303589,"type":4,"va":4.9366044998168945,"vx":-0.7564175128936768,"vy":-0.12159499526023865,"x":6.105746746063232,"y":-1.0190677642822266},{"age":137,"angle":1.4319182634353638,"type":4,"va":4.138949871063232,"vx":-0.6344998478889465,"vy":-0.10199782997369766,"x":7.316198348999023,"y":-0.8244385123252869},{"age":42,"angle":-2.7274224758148193,"type":2,"va":1.9735393524169922,"vx":-0.5841113328933716,"vy":-0.6545525789260864,"x":14.465338706970215,"y":-5.362421035766602},{"age":44,"angle":-2.172022819519043,"type":4,"va":-8.308870315551758,"vx":2.4672067956998944e-4,"vy":0.3095777928829193,"x":7.413050651550293,"y":-0.41835111379623413}],"widgets":{}}}