{"puzzle":{"reqTiles":["Up","Left"],"inputs":[{"x":0.35,"y":0.0,"balls":[{"type":3,"rate":0.875}]},{"x":0.0,"y":0.65,"balls":[{"type":1,"rate":0.72265625}]}],"outputs":[{"x":0.5,"y":1.0,"balls":[{"type":1,"rate":0.72265625}]},{"x":0.0,"y":0.5,"balls":[{"type":3,"rate":0.8515625}]}],"spec":{}},"blueprint":{"puzzle":"93ac590f-135a-5358-bbef-7be25d529825","title":"Cat-tic-ball","submittedAt":"2024-04-28T17:23:38.156198494Z","widgets":{"32":{"angle":-0.2042695294428249,"type":"board","x":87.5064555,"y":371},"64":{"angle":8.812612441428019e-7,"type":"board","x":242,"y":500},"96":{"angle":-0.8272754128531318,"type":"board","x":621.5,"y":644},"33":{"angle":-0.18166250518211477,"type":"board","x":248,"y":338},"65":{"type":"roundbumper","x":401,"y":230},"97":{"angle":0,"type":"board","x":87.5,"y":724},"34":{"angle":-0.26944164115770486,"type":"board","x":404,"y":302},"66":{"angle":0,"catMass":2,"type":"catswat","x":300,"y":530},"98":{"angle":3.435315858737171e-2,"type":"board","x":245,"y":728},"35":{"angle":-0.4755345585479661,"type":"board","x":555,"y":246},"67":{"angle":0,"type":"board","x":436,"y":523},"36":{"angle":-0.7844793256188854,"type":"board","x":671.713237,"y":160},"68":{"angle":4.196278470143335e-2,"type":"board","x":438,"y":481},"37":{"angle":2.3912349986353783,"type":"rightbumper","x":193,"y":53.8368375},"69":{"angle":0,"type":"board","x":435,"y":561},"38":{"angle":3.46101896968283,"type":"leftbumper","x":41.499693,"y":76.8899},"70":{"angle":1.5468979831332113,"type":"board","x":317,"y":636},"39":{"angle":1.9687274554051637,"type":"rightbumper","x":119,"y":44.21907},"71":{"angle":0,"type":"board","x":228,"y":559},"40":{"type":"roundbumper","x":29,"y":108},"72":{"angle":-5.734338551094562e-2,"type":"board","x":471,"y":726},"41":{"type":"roundbumper","x":29,"y":139},"73":{"angle":-1.6443397203517542,"type":"board","x":560,"y":652.0752186},"42":{"type":"roundbumper","x":29,"y":164},"74":{"angle":6.355809309154961e-2,"type":"board","x":639,"y":575},"43":{"type":"roundbumper","x":29,"y":192},"75":{"angle":-3.1318276140229315,"catMass":2,"type":"catswat","x":686,"y":549},"44":{"type":"roundbumper","x":29,"y":217},"76":{"angle":0,"type":"board","x":634,"y":522},"77":{"angle":1.5643867424465048,"type":"board","x":555,"y":441},"46":{"type":"roundbumper","x":325,"y":254},"78":{"angle":0,"type":"board","x":87.5,"y":559},"79":{"angle":-5.128597380683775e-2,"type":"board","x":631,"y":353},"80":{"angle":1.7024254934374516,"type":"board","x":719.5935715,"y":273},"49":{"type":"roundbumper","x":29,"y":237},"81":{"angle":1.5555780091759583,"type":"board","x":729.6694865,"y":112},"50":{"type":"roundbumper","x":29,"y":258},"82":{"angle":0,"catMass":2,"type":"catswat","x":698,"y":325},"19":{"angle":0.11238567506257678,"type":"fan","x":224,"y":58},"51":{"type":"roundbumper","x":29,"y":278},"83":{"angle":0,"type":"board","x":652.5,"y":26},"20":{"angle":9.806945343358572e-2,"type":"fan","x":249,"y":81},"52":{"type":"roundbumper","x":29,"y":292},"84":{"angle":2.9789973455757828,"type":"board","x":526,"y":37.024379},"21":{"angle":0.10050728163538147,"type":"fan","x":271,"y":97},"53":{"type":"roundbumper","x":29,"y":305},"85":{"angle":-4.335093199240638e-2,"type":"board","x":439,"y":442},"22":{"angle":0.10139179047891761,"type":"fan","x":292,"y":97},"54":{"angle":2.062232380632501,"type":"rightbumper","x":311,"y":128},"86":{"angle":-5.4246990535710624e-2,"type":"board","x":438,"y":403},"23":{"angle":0.12062645798392711,"type":"fan","x":316,"y":98},"87":{"angle":-0.1094536174642032,"type":"board","x":435,"y":373},"24":{"angle":9.259208642620934e-2,"type":"fan","x":337,"y":98},"56":{"angle":3.3839709765815846,"type":"board","x":377,"y":29.73798},"88":{"angle":2.87737993018683,"type":"board","x":86.813943,"y":422},"25":{"angle":0.23426282021199232,"type":"fan","x":348,"y":99},"57":{"type":"roundbumper","x":247,"y":95},"89":{"angle":2.920448465098915,"type":"board","x":252,"y":382},"58":{"type":"roundbumper","x":165,"y":207},"90":{"angle":-0.15140586029278424,"type":"board","x":416,"y":351},"27":{"angle":-3.1843531915623218,"type":"leftbumper","x":463,"y":92},"91":{"angle":-0.7852695436947938,"type":"board","x":671.757031,"y":219},"28":{"angle":3.505828029146421e-2,"type":"leftbumper","x":424,"y":172},"60":{"type":"roundbumper","x":529,"y":38},"92":{"angle":-0.4336349894095624,"type":"board","x":565,"y":302},"29":{"angle":0.7564363061724695,"type":"leftbumper","x":359,"y":222},"93":{"angle":-1.8915177306467284e-2,"type":"board","x":437,"y":606},"62":{"type":"roundbumper","x":711,"y":73},"94":{"angle":-1.5691634171294622,"type":"board","x":610,"y":439},"63":{"angle":-2.0939764126824335e-2,"type":"board","x":87.6692813,"y":500},"95":{"angle":1.494340145571724,"type":"board","x":667,"y":438}}},"snapshot":{"balls":[{"age":1754,"angle":-0.2800574004650116,"type":1,"va":-10.69522476196289,"vx":-0.25335216522216797,"vy":-6.234473705291748,"x":6.741465091705322,"y":-11.454489707946777},{"age":1636,"angle":-2.4740140438079834,"type":1,"va":-5.362696647644043,"vx":0.7675512433052063,"vy":-1.6701858043670654,"x":6.780740737915039,"y":-9.826138496398926},{"age":1586,"angle":-1.669968292117119e-2,"type":1,"va":-3.274338722229004,"vx":0.521184504032135,"vy":9.313225746154785e-10,"x":6.4270195960998535,"y":-9.661375999450684},{"age":1496,"angle":1.6543492078781128,"type":1,"va":-3.0639572143554688,"vx":0.4879116415977478,"vy":-1.4612451195716858e-6,"x":6.1053571701049805,"y":-9.66136646270752},{"age":1399,"angle":-1.4592394828796387,"type":1,"va":-2.063901424407959,"vx":0.2948695421218872,"vy":2.9336661100387573e-8,"x":5.7780585289001465,"y":-9.661416053771973},{"age":1328,"angle":1.6088120937347412,"type":1,"va":-1.8986955881118774,"vx":0.28524264693260193,"vy":1.4901161193847656e-8,"x":5.4594011306762695,"y":-9.661325454711914},{"age":1258,"angle":0.11357662826776505,"type":1,"va":0.7259650230407715,"vx":0.2839467525482178,"vy":-3.5529956221580505e-7,"x":5.140471935272217,"y":-9.661369323730469},{"age":1234,"angle":1.7968393564224243,"type":3,"va":22.594270706176758,"vx":-3.5108938217163086,"vy":-0.792708158493042,"x":1.1757566928863525,"y":-7.194275856018066},{"age":1162,"angle":-1.6777399778366089,"type":1,"va":-1.6031975746154785,"vx":0.27325475215911865,"vy":-1.4086253941059113e-8,"x":4.822112083435059,"y":-9.661457061767578},{"age":1164,"angle":2.608893632888794,"type":3,"va":1.7646931409835815,"vx":-0.39884892106056213,"vy":-0.30267152190208435,"x":0.3426710367202759,"y":-7.383910655975342},{"age":1097,"angle":-1.426000952720642,"type":1,"va":2.5947372913360596,"vx":0.2641200125217438,"vy":-0.16910608112812042,"x":4.504266738891602,"y":-9.646783828735352},{"age":998,"angle":2.0504508018493652,"type":1,"va":-1.5579049587249756,"vx":0.25266945362091064,"vy":-3.725290298461914e-9,"x":4.186485767364502,"y":-9.661571502685547},{"age":946,"angle":-2.498920202255249,"type":1,"va":-0.6528724431991577,"vx":0.23015013337135315,"vy":-1.0838266462087631e-7,"x":3.8661231994628906,"y":-9.661408424377441},{"age":881,"angle":0.2895384728908539,"type":1,"va":-1.2280045747756958,"vx":0.22348393499851227,"vy":-6.932589411735535e-2,"x":3.5490341186523438,"y":-9.630836486816406},{"age":878,"angle":0.8726370334625244,"type":3,"va":26.63113784790039,"vx":2.6815974712371826,"vy":-0.7741512656211853,"x":8.559771537780762,"y":-2.182004451751709},{"age":831,"angle":1.8457672595977783,"type":1,"va":-1.3334770202636719,"vx":0.21237054467201233,"vy":4.447564948350191e-3,"x":3.2288155555725098,"y":-9.630354881286621},{"age":730,"angle":2.521003007888794,"type":3,"va":22.772544860839844,"vx":-3.538424253463745,"vy":-0.7984165549278259,"x":0.8380343317985535,"y":-7.264244556427002},{"age":720,"angle":2.9726409912109375,"type":1,"va":-0.9654248356819153,"vx":0.1397337019443512,"vy":2.9264427721500397e-3,"x":2.9080324172973633,"y":-9.637123107910156},{"age":636,"angle":1.755937099456787,"type":3,"va":-16.428571701049805,"vx":-27.935415267944336,"vy":8.129302978515625,"x":7.711526393890381,