{"puzzle":{"reqTiles":["Up","Left"],"inputs":[{"x":0.35,"y":0.0,"balls":[{"type":1,"rate":0.541900634765625}]},{"x":0.0,"y":0.8,"balls":[{"type":3,"rate":0.6435546875}]}],"outputs":[{"x":0.35,"y":1.0,"balls":[{"type":3,"rate":0.6435546875}]},{"x":0.0,"y":0.2,"balls":[{"type":1,"rate":0.5172017415364584}]}],"spec":{}},"blueprint":{"puzzle":"27bb9725-7f05-5d0e-b830-0fa08ff52c47","title":"swat away","submittedAt":"2024-05-09T15:51:00.313455552Z","widgets":{"32":{"angle":-3.7410609400475083,"catMass":2,"type":"catswat","x":577,"y":225},"1":{"angle":0,"catMass":2,"type":"catswat","x":228,"y":222},"33":{"angle":-3.574762713673791,"catMass":2,"type":"catswat","x":592,"y":264},"2":{"angle":0,"catMass":2,"type":"catswat","x":223,"y":261},"34":{"angle":-3.289494097824156,"catMass":2,"type":"catswat","x":598,"y":301},"3":{"angle":0,"catMass":2,"type":"catswat","x":223,"y":296},"35":{"angle":-3.18762269205586,"catMass":2,"type":"catswat","x":598,"y":343},"4":{"angle":0,"catMass":2,"type":"catswat","x":221,"y":332},"36":{"angle":-2.8417364103159284,"catMass":2,"type":"catswat","x":589,"y":384},"5":{"angle":1.7936388096646418,"catMass":2,"type":"catswat","x":376,"y":66},"37":{"angle":-2.595598829767806,"catMass":2,"type":"catswat","x":571,"y":422},"6":{"angle":2.013461962847166,"catMass":2,"type":"catswat","x":440,"y":99},"38":{"angle":-2.439499727702181,"catMass":2,"type":"catswat","x":543,"y":457},"7":{"angle":1.8944548872720617,"catMass":2,"type":"catswat","x":410,"y":83},"39":{"angle":-2.2849179731787403,"catMass":2,"type":"catswat","x":512,"y":485},"40":{"angle":-2.058617050255849,"catMass":2,"type":"catswat","x":480,"y":508},"41":{"angle":-2.006128070640681,"catMass":2,"type":"catswat","x":442,"y":523},"42":{"angle":-1.647869308001179,"catMass":2,"type":"catswat","x":402,"y":532},"43":{"angle":-1.5303858735382572,"catMass":2,"type":"catswat","x":362,"y":530},"44":{"angle":-1.2827495152333679,"catMass":2,"type":"catswat","x":329,"y":521},"45":{"angle":-1.1473221105086089,"catMass":2,"type":"catswat","x":293,"y":506},"46":{"angle":-0.6299968739110673,"catMass":2,"type":"catswat","x":264,"y":480},"47":{"angle":-0.5020085637775183,"catMass":2,"type":"catswat","x":244,"y":447},"48":{"angle":-0.29186175435899625,"catMass":2,"type":"catswat","x":231,"y":411},"49":{"angle":0,"catMass":2,"type":"catswat","x":226,"y":371},"51":{"angle":-0.22738803864268137,"type":"cushion","x":170,"y":137},"52":{"angle":-0.21519069903128848,"type":"cushion","x":105,"y":152},"53":{"angle":-0.19832142835885314,"type":"cushion","x":44.038327,"y":170},"55":{"angle":-3.0889716522844166,"type":"hammer","x":69.9826963,"y":628.991},"56":{"angle":-3.088904342410246,"type":"hammer","x":184,"y":652},"57":{"angle":-1.420965102721351,"type":"hammer","x":288,"y":667.051},"58":{"angle":0,"catMass":2,"type":"catswat","x":217,"y":153},"59":{"angle":0,"catMass":2,"type":"catswat","x":226,"y":189},"28":{"angle":-4.315837770081361,"catMass":2,"type":"catswat","x":472,"y":118},"29":{"angle":2.062576340655293,"catMass":2,"type":"catswat","x":502,"y":140},"61":{"height":415,"type":"attractor","width":415,"x":402,"y":336},"30":{"angle":2.1974645291669015,"catMass":2,"type":"catswat","x":532,"y":164},"62":{"type":"roundbumper","x":401,"y":333},"31":{"angle":-3.9695381662049587,"catMass":2,"type":"catswat","x":557,"y":191},"63":{"angle":2.635209661929712,"catMass":2,"type":"catswat","x":349,"y":43}}},"snapshot":{"balls":[{"age":1647,"angle":-1.7741628885269165,"type":1,"va":-20.459030151367188,"vx":-6.38775634765625,"vy":-9.774303436279297,"x":9.952821731567383,"y":-5.1224894523620605},{"age":435,"angle":-0.26790401339530945,"type":1,"va":-29.451488494873047,"vx":5.144524574279785,"vy":-3.079145908355713,"x":1.4538205862045288,"y":-2.516411781311035},{"age":1372,"angle":1.6786751747131348,"type":1,"va":1.653178334236145,"vx":9.392621994018555,"vy":-4.642752647399902,"x":7.276169776916504,"y":-5.696081161499023},{"age":511,"angle":-2.5739307403564453,"type":1,"va":29.096988677978516,"vx":-9.99397087097168,"vy":2.94392728805542,"x":8.576376914978027,"y":-8.902764320373535},{"age":1055,"angle":-2.1022496223449707,"type":1,"va":-14.869806289672852,"vx":2.0928432941436768,"vy":1.061553955078125,"x":2.8510448932647705,"y":-2.375910758972168},{"age":618,"angle":-2.6142501831054688,"type":1,"va":-44.37556838989258,"vx":-0.4775271415710449,"vy":9.302464485168457,"x":7.251466274261475,"y":-7.423229217529297},{"age":560,"angle":0.6128566265106201,"type":1,"va":-9.115269660949707,"vx":-10.7361421585083,"vy":2.3395209312438965,"x":8.214875221252441,"y":-8.405810356140137},{"age":399,"angle":-0.7267324328422546,"type":1,"va":78.70915222167969,"vx":5.853814125061035,"vy":-10.520194053649902,"x":9.1341552734375,"y":-8.223101615905762},{"age":304,"angle":2.8221898078918457,"type":3,"va":5.109015464782715,"vx":-0.8393328189849854,"vy":-2.020580768585205,"x":5.4225053787231445,"y":-13.358607292175293},{"age":326,"angle":3.0889275074005127,"type":1,"va":-28.035444259643555,"vx":17.81185531616211,"vy":20.03600311279297,"x":9.574881553649902,"y":-5.226038932800293},{"age":240,"angle":1.5484213829040527,"type":1,"va":55.047157287597656,"vx":4.687092304229736,"vy":11.449684143066406,"x":7.155828952789307,"y":-7.090699195861816},{"age":181,"angle":2.2114527225494385,"type":3,"va":-7.638329029083252,"vx":1.2107058763504028,"vy":-6.349409371614456e-2,"x":2.547269582748413,"y":-12.361488342285156},{"age":175,"angle":2.0776712894439697,"type":1,"va":-76.60000610351562,"vx":8.267844200134277,"vy":7.341495513916016,"x":7.570600986480713,"y":-7.810113430023193},{"age":96,"angle":-2.0803017616271973,"type":3,"va":-7.38584041595459,"vx":1.1727323532104492,"vy":-6.176738068461418e-2,"x":1.1916918754577637,"y":-12.309882164001465},{"age":116,"angle":0.5862606763839722,"type":1,"va":-13.653560638427734,"vx":0.48745378851890564,"vy":11.792937278747559,"x":7.591014862060547,"y":-7.463170528411865},{"age":32,"angle":-5.44460229575634e-2,"type":1,"va":-0.24693481624126434,"vx":0.412312388420105,"vy":-0.6471882462501526,"x":5.164636135101318,"y":-0.21639789640903473}],"widgets":{"1":{"angle":0,"key":"1","va":0,"vx":0,"vy":0,"x":4.559999942779541,"y":-4.440000057220459},"2":{"angle":0,"key":"2","va":0,"vx":0,"vy":0,"x":4.460000038146973,"y":-5.21999979019165},"28":{"angle":-1.9673473834991455,"key":"28","va":0,"vx":0,"vy":0,"x":9.4399995803833,"y":-2.359999895095825},"29":{"angle":-2.0625762939453125,"key":"29","va":0,"vx":0,"vy":0,"x":10.039999961853027,"y":-2.799999952316284},"3":{"angle":0,"key":"3","va":0,"vx":0,"vy":0,"x":4.460000038146973,"y":-5.920000076293945},"30":{"angle":-2.1974644660949707,"key":"30","va":0,"vx":0,"vy":0,"x":10.640000343322754,"y":-3.2799999713897705},"31":{"angle":-2.3136472702026367,"key":"31","va":0,"vx":0,"vy":0,"x":11.140000343322754,"y":-3.819999933242798},"32":{"angle":-2.5421245098114014,"key":"32","va":0,"vx":0,"vy":0,"x":11.539999961853027,"y":-4.5},"33":{"angle":-2.7084226608276367,"key":"33","va":0,"vx":0,"vy":0,"x":11.84000015258789,"y":-5.28000020980835},"34":{"angle":-2.9936914443969727,"key":"34","va":0,"vx":0,"vy":0,"x":11.960000038146973,"y":-6.019999980926514},"35":{"angle":-3.095562696456909,"key":"35","va":0,"vx":0,"vy":0,"x":11.960000038146973,"y":-6.860000133514404},"36":{"angle":2.841736316680908,"key":"36","va":0,"vx":0,"vy":0,"x":11.779999732971191,"y":-7.679999828338623},"37":{"angle":2.5955989360809326,"key":"37","va":0,"vx":0,"vy":0,"x":11.420000076293945,"y":-8.4399995803833},"38":{"angle":2.439499616622925,"key":"38","va":0,"vx":0,"vy":0,"x":10.859999656677246,"y":-9.140000343322754},"39":{"angle":2.2849180698394775,"key":"39","va":0,"vx":0,"vy":0,"x":10.239999771118164,"y":-9.699999809265137},"4":{"angle":0,"key":"4","va":0,"vx":0,"vy":0,"x":4.420000076293945,"y":-6.639999866485596},"40":{"angle":2.058617115020752,"key":"40","va":0,"vx":0,"vy":0,"x":9.600000381469727,"y":-10.15999984741211},"41":{"angle":2.0061278343200684,"key":"41","va":0,"vx":0,"vy":0,"x":8.84000015258789,