{"puzzle":{"reqTiles":["Up"],"inputs":[{"x":0.2,"y":0.0,"balls":[{"type":2,"rate":0.83203125}]},{"x":1.0,"y":0.2,"balls":[{"type":4,"rate":1.0}]}],"outputs":[{"x":0.2,"y":1.0,"balls":[{"type":4,"rate":1.0}]},{"x":1.0,"y":0.65,"balls":[{"type":2,"rate":0.83203125}]}],"spec":{}},"blueprint":{"puzzle":"d1df62f8-05d7-5276-a29e-8eba93a90b20","title":"Procrastination machine","submittedAt":"2024-04-10T05:35:56.130027632Z","widgets":{"0":{"angle":3.1389439851302305,"type":"board","x":563,"y":210.419},"32":{"angle":0,"type":"brick","x":201,"y":394},"64":{"angle":0,"type":"brick","x":172,"y":577},"1":{"angle":-1.575490549192568,"type":"board","x":699,"y":117.439},"33":{"angle":1.0460905507082903,"type":"board","x":81,"y":611},"65":{"angle":0,"type":"brick","x":370,"y":587},"2":{"angle":1.5503406307725964,"type":"board","x":700,"y":215},"34":{"angle":1.7973528395318357,"type":"board","x":57,"y":464},"66":{"angle":0,"type":"brick","x":238,"y":608},"3":{"angle":3.166390294420177,"type":"board","x":588.425,"y":33},"35":{"angle":-0.1106749695013904,"type":"brick","x":73,"y":392},"67":{"angle":0,"type":"brick","x":368,"y":562},"4":{"angle":0.26572966952971355,"type":"board","x":623.326,"y":63.479},"36":{"angle":2.8979744944887504,"type":"fan","x":292,"y":303},"68":{"angle":0,"type":"brick","x":305,"y":608},"5":{"angle":-1.8261425027437401,"type":"fan","x":399.272,"y":595},"37":{"angle":-4.663140725859678e-3,"type":"board","x":192,"y":685},"69":{"angle":0,"type":"brick","x":302,"y":577},"6":{"angle":5.709112160471945e-2,"type":"board","x":561,"y":129},"38":{"angle":1.5648843301981799,"type":"brick","x":158,"y":551},"70":{"angle":0,"type":"brick","x":478,"y":601},"7":{"angle":-1.362722581043021,"type":"fan","x":434,"y":234},"39":{"angle":0,"type":"board","x":356,"y":684},"71":{"angle":0,"type":"brick","x":500,"y":575},"8":{"angle":-1.4381975808941412,"type":"fan","x":350,"y":227},"72":{"angle":0,"type":"brick","x":422,"y":600},"9":{"angle":-1.3822981119720603,"type":"fan","x":265,"y":231},"41":{"angle":-1.4374289007149224,"type":"fan","x":700.0148846,"y":675.067},"73":{"angle":0,"type":"brick","x":435,"y":574},"10":{"angle":-1.2951495852442867,"type":"fan","x":192,"y":233},"74":{"angle":0,"type":"brick","x":537,"y":602},"11":{"angle":-1.3870283243157193,"type":"fan","x":113,"y":217},"43":{"angle":1.743047790097961e-2,"type":"fan","x":24.4419854,"y":702.0868954},"75":{"angle":0,"type":"brick","x":538,"y":577},"12":{"angle":0,"type":"cushion","x":151,"y":75},"44":{"angle":-0.35436283330537655,"type":"board","x":654.7673182,"y":662},"76":{"angle":0,"type":"brick","x":304,"y":591},"13":{"angle":-1.8474787371219439,"type":"fan","x":469,"y":593},"45":{"angle":0,"type":"board","x":501,"y":685},"77":{"angle":0,"type":"brick","x":238,"y":590},"14":{"angle":-1.3803122229807174,"type":"fan","x":509,"y":240},"46":{"angle":-1.3445711281650696,"type":"fan","x":579,"y":707.1761379},"78":{"angle":0,"type":"brick","x":384,"y":610},"15":{"angle":-1.5938415239474784,"type":"brick","x":697,"y":330},"47":{"angle":-1.394008632390755,"type":"fan","x":651,"y":698.7039},"79":{"angle":0,"type":"board","x":362,"y":613},"16":{"angle":-3.1472024961927203,"type":"brick","x":705.280388,"y":40.607},"48":{"angle":-0.1479389901669989,"type":"board","x":652.0825966,"y":473},"80":{"angle":1.540529044005744,"type":"board","x":520,"y":537},"17":{"angle":-1.5832214990653544,"type":"board","x":641,"y":214},"49":{"angle":0.5018825460509567,"type":"brick","x":186,"y":711.9999987},"81":{"angle":1.552031634415696,"type":"board","x":528,"y":535},"18":{"angle":-0.12882792935830836,"type":"board","x":652.0222536,"y":439},"82":{"angle":1.5539316559396414,"type":"board","x":543,"y":533},"19":{"angle":-0.13299482242502828,"type":"board","x":622,"y":371},"51":{"angle":0,"type":"fan","x":541,"y":516},"83":{"angle":1.5735916073440188,"type":"board","x":558,"y":534},"20":{"angle":-1.5731277519373292,"type":"board","x":570,"y":533},"52":{"angle":0.13649326003405787,"type":"brick","x":35.4237369,"y":674.825},"84":{"angle":0,"type":"brick","x":33.904,"y":726.6908},"21":{"angle":-1.53478463729914,"type":"fan","x":38.6104066,"y":214},"53":{"angle":-1.1948737149492696,"type":"cushion","x":76,"y":443},"85":{"angle":0,"type":"brick","x":33.9037323,"y":701},"22":{"angle":-1.764745458996958,"type":"fan","x":324.932,"y":595},"54":{"angle":0.4121983645166228,"type":"fan","x":354,"y":578},"86":{"angle":-0.18794751568409424,"type":"brick","x":300,"y":301},"23":{"angle":-1.8508232602888532,"type":"fan","x":540,"y":590},"55":{"angle":0.3381859220894454,"type":"fan","x":166,"y":583.099},"87":{"angle":-0.19874614823403058,"type":"brick","x":294,"y":276},"24":{"angle":3.1279591252575587,"type":"board","x":147,"y":412},"56":{"angle":0,"sticker":"kingbun","type":"sticker","x":94,"y":131},"25":{"angle":3.1286017981633285,"type":"board","x":149,"y":381},"57":{"angle":0,"sticker":"kingbun","type":"sticker","x":71,"y":62},"89":{"angle":2.950486712367324,"type":"brick","x":311,"y":327},"26":{"angle":-9.329244188229449e-2,"type":"brick","x":549,"y":457},"58":{"angle":0,"sticker":"kingbun","type":"sticker","x":27,"y":85},"90":{"angle":0,"sticker":"figure1-happy","type":"sticker","x":189,"y":480},"27":{"angle":-1.8511247148081238,"type":"fan","x":180,"y":597},"59":{"angle":0,"sticker":"kingbun","type":"sticker","x":30,"y":41},"28":{"angle":-1.7699812361282292,"type":"fan","x":248,"y":597},"60":{"angle":0,"type":"brick","x":238,"y":577},"61":{"angle":0,"type":"brick","x":175,"y":558},"62":{"angle":0,"type":"brick","x":187,"y":615},"63":{"angle":0,"type":"brick","x":173,"y":596}}},"snapshot":{"balls":[{"age":1467,"angle":-3.1259849071502686,"type":2,"va":6.131928443908691,"vx":-5.2920050621032715,"vy":2.528866767883301,"x":6.612496376037598,"y":-9.793222427368164},{"age":1183,"angle":0.2902081310749054,"type":4,"va":27.983530044555664,"vx":0.9673554301261902,"vy":-4.2553911209106445,"x":1.8824266195297241,"y":-13.886763572692871},{"age":1082,"angle":2.214524269104004,"type":4,"va":6.018852710723877,"vx":-0.41247472167015076,"vy":-4.273500442504883,"x":0.29003357887268066,"y":-11.658777236938477},{"age":1014,"angle":-0.28111740946769714,"type":4,"va":-2.217503070831299,"vx":0.34145039319992065,"vy":-4.689716175198555e-2,"x":0.3707198202610016,"y":-13.017416954040527},{"age":1056,"angle":-0.3841218948364258,"type":2,"va":6.1762309074401855,"vx":-5.5390357971191406e-2,"vy":-0.22171807289123535,"x":2.12243914604187,"y":-8.717554092407227},{"age":944,"angle":3.1073080375790596e-2,"type":4,"va":22.993913650512695,"vx":-7.8578877449035645,"vy":-0.9878758192062378,"x":0.37242424488067627,"y":-7.360033988952637},{"age":5,"angle":1.2126214504241943,"type":2,"va":-0.3142222464084625,"vx":0.8981304168701172,"vy":0.64096999168396,"x":14.574318885803223,"y":-9.694121360778809},{"age":898,"angle":-0.7216582894325256,"type":4,"va":11.757574081420898,"vx":0.3862329423427582,"vy":-3.6116175651550293,"x":0.2793768048286438,"y":-9.193272590637207},{"age":926,"angle":-0.9825493693351746,"type":2,"va":-3.0825295448303223,"vx":1.2297769784927368,"vy":1.9121692180633545,"x":3.1349146366119385,"y":-13.047350883483887},{"age":829,"angle":0.19113856554031372,"type":4,"va":-1.9679609537124634,"vx":-3.7054712772369385,"vy":-1.266826868057251,"x":9.366630554199219,"y":-7.682936668395996},{"age":779,"angle":2.0545096397399902,"type":4,"va":5.6740617752075195,"vx":-0.3141416907310486,"vy":1.8097097873687744,"x":4.920851230621338,"y":-7.326117038726807},{"age":801,"angle":0.24435961246490479,"type":2,"va":-36.288978576660156,"vx":-0.7524163722991943,"vy":-6.906702518463135,"x":12.749955177307129,"y":-11.365204811096191},{"age":750,"angle":-1.8179985284805298,"type":2,"va":47.390106201171875,"vx":-1.316238522529602,"vy":0.4738331437110901,"x":13.791666984558105,"y":-12.501214027404785},{"age":710,"angle":-1.9589773416519165,"type":4,"va":3.6391408443450928,"vx":-0.865127444267273,"vy":-0.8435391187667847,"x":5.292479991912842,"y":-7.527896881103516},{"age":662,