{"puzzle":{"reqTiles":["Up"],"inputs":[{"x":0.5,"y":0.0,"balls":[{"type":2,"rate":0.828125}]}],"outputs":[{"x":0.35,"y":1.0,"balls":[{"type":2,"rate":0.828125}]}],"spec":{}},"blueprint":{"puzzle":"b89a7bdc-2e45-54ab-ac69-6df0961f9c83","title":"cat pinball","submittedAt":"2024-04-08T20:35:21.244970501Z","widgets":{"0":{"angle":-1.5930641366897689,"type":"board","x":480,"y":339},"32":{"angle":1.5445238068757574,"type":"board","x":483,"y":552},"1":{"angle":-1.0613228147745053,"type":"board","x":321,"y":659.2239505},"33":{"angle":-1.5721032774833064,"type":"board","x":420,"y":554},"2":{"angle":-2.016295856780591,"type":"board","x":192,"y":654.391},"34":{"angle":-1.5671745261595635,"type":"board","x":421,"y":652.4680155},"4":{"angle":-1.5780632787338764,"type":"board","x":427,"y":87.5631259},"5":{"angle":-1.5556909736101585,"type":"board","x":90,"y":87.6259691},"37":{"angle":0,"type":"leftbumper","x":403,"y":398},"38":{"angle":0,"sticker":"knievel","type":"sticker","x":63,"y":669.5},"7":{"angle":-1.5716161029360596,"type":"board","x":89,"y":350},"8":{"angle":-1.5828080436746086,"type":"board","x":478,"y":246},"40":{"angle":0,"sticker":"figure1-happy","type":"sticker","x":243,"y":673},"9":{"angle":0,"type":"lefthook","x":122.149,"y":456.494},"10":{"angle":0,"type":"hook","x":420.01,"y":454.704},"42":{"angle":-1.5800329378661881,"type":"sword","x":275,"y":571},"11":{"angle":2.0352420961720536,"type":"board","x":380,"y":548},"43":{"type":"roundbumper","x":183,"y":246},"12":{"angle":1.1044266560047615,"type":"board","x":136,"y":544},"44":{"type":"roundbumper","x":350,"y":245},"46":{"angle":0,"sticker":"figure2-sad","type":"sticker","x":618,"y":670.5},"15":{"angle":6.432688834224835e-4,"type":"rightbumper","x":106,"y":397},"17":{"type":"roundbumper","x":265,"y":347},"20":{"angle":-3.155330816600889,"type":"leftbumper","x":107,"y":47.8801904},"23":{"angle":0,"speed":25,"type":"spokedwheel","x":262,"y":103.089127},"24":{"angle":1.5633485880757876,"type":"board","x":89,"y":233},"26":{"angle":3.1405786999358054,"type":"rightbumper","x":447,"y":206.528},"28":{"angle":0,"type":"ballstand","x":456,"y":692.5},"29":{"angle":-1.5784829872961268,"catMass":2,"type":"catswat","x":450,"y":395},"30":{"angle":-1.5741668649171756,"type":"board","x":421,"y":350},"31":{"angle":1.5509922330866075,"type":"board","x":486,"y":652.3389239}}},"snapshot":{"balls":[{"age":893,"angle":3.0914175510406494,"type":2,"va":12.254850387573242,"vx":-2.3910276889801025,"vy":-1.9518600702285767,"x":5.8356475830078125,"y":-12.627456665039062},{"age":828,"angle":0.5340911149978638,"type":2,"va":-13.076606750488281,"vx":2.0897257328033447,"vy":-7.3385844230651855,"x":6.588276386260986,"y":-11.797490119934082},{"age":630,"angle":-1.5115772485733032,"type":2,"va":49.520687103271484,"vx":-1.9802095890045166,"vy":-7.671990871429443,"x":7.941672325134277,"y":-6.127749919891357},{"age":619,"angle":-2.9879822731018066,"type":2,"va":-9.927641868591309,"vx":1.96846342086792,"vy":2.6232948303222656,"x":4.8935065269470215,"y":-9.122387886047363},{"age":480,"angle":-1.247592806816101,"type":2,"va":-15.437369346618652,"vx":2.8596227169036865,"vy":-3.190680980682373,"x":5.997846603393555,"y":-13.040773391723633},{"age":398,"angle":2.7210872173309326,"type":2,"va":-20.579509735107422,"vx":-0.31742990016937256,"vy":-2.144432544708252,"x":5.211465358734131,"y":-14.092516899108887},{"age":323,"angle":-1.3421560525894165,"type":2,"va":-12.66960620880127,"vx":3.8498826026916504,"vy":-3.3924992084503174,"x":2.7931485176086426,"y":-2.41463041305542},{"age":277,"angle":-3.0566349029541016,"type":2,"va":-7.755164623260498,"vx":-0.37325093150138855,"vy":1.0408072471618652,"x":5.8985490798950195,"y":-11.792403221130371},{"age":185,"angle":0.6273602247238159,"type":2,"va":-65.36153411865234,"vx":-6.241106033325195,"vy":-5.195127964019775,"x":4.607815265655518,"y":-2.8379671573638916},{"age":93,"angle":0.8179882764816284,"type":2,"va":-4.538026332855225,"vx":-1.5618572235107422,"vy":-13.884773254394531,"x":8.811744689941406,"y":-5.14155912399292},{"age":24,"angle":-0.12317969650030136,"type":2,"va":-1.0328649282455444,"vx":-1.0441156104207039e-2,"vy":-1.1722948551177979,"x":7.400060653686523,"y":-0.1272871494293213}],"widgets":{"10":{"angle":2.1211826242506504e-3,"key":"10","va":3.5826340317726135e-3,"vx":0,"vy":0,"x":8.400212287902832,"y":-9.096230506896973},"23":{"angle":-3.036757469177246,"key":"23","va":6.54176664352417,"vx":0,"vy":0,"x":5.239999771118164,"y":-2.0617825984954834},"29":{"angle":1.5784828662872314,"key":"29","va":0,"vx":0,"vy":0,"x":9,"y":-7.900000095367432},"9":{"angle":-0.11097942292690277,"key":"9","va":0.17170976102352142,"vx":0,"vy":0,"x":2.427867889404297,"y":-9.242291450500488}}}}