{"puzzle":{"reqTiles":["Up"],"inputs":[{"x":0.2,"y":0.0,"balls":[{"type":4,"rate":1.0}]}],"outputs":[{"x":0.65,"y":1.0,"balls":[{"type":4,"rate":1.0}]}],"spec":{}},"blueprint":{"puzzle":"21857446-d967-51c4-bc5b-7b09bcb3864b","title":"#10438","submittedAt":"2024-04-07T16:14:57.375408653Z","widgets":{"64":{"angle":0,"type":"leftbumper","x":662,"y":599},"34":{"angle":-1.5838619726900502,"type":"board","x":108,"y":652.1044902},"35":{"angle":1.0748981479991082,"type":"rightbumper","x":461,"y":469},"36":{"angle":0.20584935148921074,"type":"leftbumper","x":641,"y":439},"37":{"angle":-0.38880515397297516,"type":"rightbumper","x":452,"y":513},"38":{"angle":-1.2581331863338356,"type":"leftbumper","x":648,"y":518},"39":{"angle":-1.5830740181596161,"type":"board","x":256,"y":652.3960659},"71":{"angle":0.7177892029203466,"type":"rightbumper","x":370,"y":626},"40":{"angle":-0.7064696584455171,"type":"board","x":121,"y":533},"72":{"type":"roundbumper","x":373,"y":711},"41":{"angle":0.7881985634089297,"type":"board","x":242,"y":535},"42":{"angle":0,"type":"brick","x":143,"y":576},"11":{"angle":0.31812294701896704,"type":"cushion","x":99,"y":104},"43":{"angle":0,"type":"brick","x":212,"y":576},"12":{"angle":0.48094029617739337,"type":"cushion","x":170,"y":132},"44":{"angle":0.3290388382558224,"sticker":"figure3-happy","type":"sticker","x":257,"y":486},"13":{"angle":0,"speed":25,"type":"spokedwheel","x":321,"y":194},"45":{"angle":0,"type":"anvil","x":182,"y":712},"77":{"angle":0,"sticker":"figure2-happy","type":"sticker","x":437,"y":660.5},"46":{"angle":7.213271170199613e-4,"type":"cup","x":178,"y":672},"47":{"angle":0,"sticker":"cat","type":"sticker","x":136,"y":672},"16":{"angle":-0.6819044526405087,"type":"brick","x":391,"y":338},"48":{"angle":0,"sticker":"kingbun","type":"sticker","x":218,"y":667},"80":{"height":104,"type":"repulsor","width":104,"x":648,"y":688},"17":{"angle":0,"type":"lefthook","x":219.973,"y":272.536},"49":{"angle":0,"sticker":"determinism","type":"sticker","x":71.5,"y":182},"81":{"height":44,"type":"repulsor","width":44,"x":712.5,"y":188},"18":{"angle":-0.9085041140196457,"type":"fan","x":334,"y":352},"50":{"angle":3.85453118383839e-2,"sticker":"figure2-sad","type":"sticker","x":160,"y":380},"82":{"angle":0,"sticker":"figure1-happy","type":"sticker","x":47,"y":381},"19":{"type":"roundbumper","x":69,"y":253},"51":{"angle":0.49407028953619236,"type":"fan","x":246,"y":104},"83":{"angle":0.27970415246363045,"sticker":"knievel","type":"sticker","x":265,"y":367},"52":{"angle":0,"type":"board","x":91.5,"y":459},"84":{"height":25,"type":"repulsor","width":25,"x":727.5,"y":146.5},"21":{"angle":-2.2527443805937555,"type":"fan","x":679,"y":240},"22":{"angle":2.031956378737612,"type":"rightbumper","x":519,"y":57},"54":{"angle":1.5457202214154289,"type":"sword","x":107,"y":381},"23":{"angle":-0.4630418600416979,"type":"rightbumper","x":456,"y":390},"55":{"angle":0,"type":"brick","x":104,"y":411},"56":{"angle":0,"type":"brick","x":103,"y":437},"25":{"angle":-1.3358521317479997,"type":"leftbumper","x":636,"y":370},"57":{"angle":0.100798327133987,"type":"leftbumper","x":626,"y":295},"58":{"angle":0.510492665951276,"type":"fan","x":281,"y":44.2011645},"59":{"angle":1.034261730343898,"type":"rightbumper","x":450,"y":315},"60":{"angle":0.5264572873052744,"type":"hammer","x":347,"y":526},"61":{"type":"roundbumper","x":453,"y":41},"62":{"type":"roundbumper","x":401,"y":48},"63":{"type":"roundbumper","x":589,"y":43}}},"snapshot":{"balls":[{"age":1458,"angle":-1.84888756275177,"type":4,"va":-5.642317771911621,"vx":0.456126868724823,"vy":-1.479482650756836,"x":10.744621276855469,"y":-14.62523078918457},{"age":1157,"angle":3.092341899871826,"type":4,"va":1.6886435747146606,"vx":6.448433548212051e-2,"vy":-0.5168011784553528,"x":2.322094202041626,"y":-5.3396453857421875},{"age":1023,"angle":-0.5773875713348389,"type":4,"va":-3.5024194717407227,"vx":0.29394376277923584,"vy":-1.3753130435943604,"x":5.3056745529174805,"y":-5.1928815841674805},{"age":809,"angle":2.194587230682373,"type":4,"va":1.5199902057647705,"vx":-0.9761806130409241,"vy":0.12215512990951538,"x":10.1904296875,"y":-14.299088478088379},{"age":16,"angle":0.929613471031189,"type":4,"va":-1.9075194597244263,"vx":0.12760299444198608,"vy":-0.9262856245040894,"x":9.618051528930664,"y":-14.740727424621582},{"age":628,"angle":-0.8843026757240295,"type":4,"va":-15.056147575378418,"vx":-1.134112000465393,"vy":2.5771502405405045e-3,"x":11.153071403503418,"y":-14.621155738830566},{"age":598,"angle":1.0376834869384766,"type":4,"va":9.530573844909668,"vx":-7.420378923416138e-2,"vy":-0.6284431219100952,"x":10.796481132507324,"y":-14.305274963378906},{"age":523,"angle":0.492056667804718,"type":4,"va":-2.246199369430542,"vx":0.32649949193000793,"vy":0.26384663581848145,"x":4.051116466522217,"y":-5.1395673751831055},{"age":450,"angle":-1.5823122262954712,"type":4,"va":31.868797302246094,"vx":-3.410360813140869,"vy":-9.713990211486816,"x":10.361458778381348,"y":-3.7662301063537598},{"age":380,"angle":2.652477264404297,"type":4,"va":2.1711266040802,"vx":-0.3585273027420044,"vy":0.48510271310806274,"x":4.474798679351807,"y":-5.158510208129883},{"age":338,"angle":2.8138418197631836,"type":4,"va":-11.68386173248291,"vx":-19.884708404541016,"vy":11.34424114227295,"x":9.119977951049805,"y":-4.9007062911987305},{"age":305,"angle":2.681892156600952,"type":4,"va":10.8129243850708,"vx":4.4934186935424805,"vy":-1.6252751350402832,"x":10.899191856384277,"y":-3.4295592308044434},{"age":273,"angle":-2.2674851417541504,"type":4,"va":23.368396759033203,"vx":0.7601556181907654,"vy":-4.295239448547363,"x":12.650525093078613,"y":-4.353240013122559},{"age":212,"angle":-0.8467370867729187,"type":4,"va":-5.967172145843506,"vx":0.3163209557533264,"vy":-0.6165387034416199,"x":4.69019079208374,"y":-4.926151752471924},{"age":142,"angle":2.9308719635009766,"type":4,"va":-11.697709083557129,"vx":1.2991931438446045,"vy":-1.290423035621643,"x":4.103076457977295,"y":-2.5091845989227295},{"age":64,"angle":-2.539306879043579,"type":4,"va":-3.928953170776367,"vx":4.852578043937683e-2,"vy":-3.73813796043396,"x":2.9955170154571533,"y":-1.7375081777572632}],"widgets":{"13":{"angle":-0.6786584258079529,"key":"13","va":6.00938081741333,"vx":0,"vy":0,"x":6.420000076293945,"y":-3.880000114440918},"17":{"angle":-4.2607083916664124e-2,"key":"17","va":0.4777067005634308,"vx":0,"vy":0,"x":4.395123481750488,"y":-5.494049549102783}}}}