{"puzzle":{"reqTiles":["Up"],"inputs":[{"x":0.8,"y":0.0,"balls":[{"type":3,"rate":0.64849853515625}]}],"outputs":[{"x":0.65,"y":1.0,"balls":[{"type":3,"rate":0.64447021484375}]}],"spec":{}},"blueprint":{"puzzle":"297f2e4d-8455-534c-872a-c63f5ef65b0e","title":"Green may pass go.  Everyone else gets the bonk.","submittedAt":"2024-05-15T18:35:48.03224174Z","widgets":{"0":{"angle":-1.5568015873524295,"type":"board","x":573,"y":87.6173738},"32":{"angle":0,"type":"board","x":583,"y":493},"1":{"angle":1.5748634036024844,"type":"board","x":609,"y":87.536318},"33":{"angle":0.14091394535906152,"type":"board","x":626,"y":503},"2":{"angle":-1.5029679892741288,"type":"board","x":603,"y":240},"34":{"angle":0.46443721474041344,"type":"board","x":632,"y":530},"3":{"angle":-1.3297528176178712,"type":"board","x":588,"y":265},"35":{"angle":0.7254842722762148,"type":"board","x":636,"y":556},"4":{"angle":-1.10796649604816,"type":"board","x":565,"y":286},"36":{"angle":0.9808276365014524,"type":"board","x":632,"y":581},"5":{"angle":-0.8544943892185666,"type":"board","x":540,"y":296},"37":{"angle":-1.8087559890031777,"type":"board","x":613,"y":597},"6":{"angle":-0.5961679205578908,"type":"board","x":508,"y":301},"38":{"angle":-1.6569628490265331,"type":"board","x":607,"y":616},"7":{"angle":-0.3774117187665265,"type":"board","x":476,"y":304},"39":{"angle":1.6617937018442777,"type":"board","x":595,"y":639},"8":{"angle":-0.12468908366693383,"type":"board","x":443,"y":298},"40":{"angle":-1.2961791111854633,"type":"board","x":580,"y":653.3388957},"9":{"angle":0,"type":"board","x":406,"y":294},"41":{"angle":-1.0962739407598947,"type":"board","x":571,"y":658.056612},"42":{"angle":-0.9339055388269671,"type":"board","x":551,"y":664.3034122},"43":{"angle":1.578143286945269,"type":"board","x":464,"y":652.4366709},"44":{"angle":0,"type":"rightbumper","x":27.997,"y":692.5},"13":{"angle":-1.565917851691886,"type":"fan","x":360,"y":315},"45":{"angle":0,"type":"leftbumper","x":429,"y":692.5},"46":{"angle":-1.5617911601403507,"type":"leftbumper","x":426,"y":562},"15":{"angle":0,"type":"board","x":247,"y":259},"47":{"angle":-1.5522842271629962,"type":"fan","x":429,"y":317},"16":{"angle":-0.15137937373850005,"type":"board","x":225,"y":271},"17":{"angle":-0.322113959615264,"type":"board","x":206,"y":288},"49":{"angle":0,"type":"ballstand","x":718.0045,"y":692.5},"18":{"angle":-0.48195111560972986,"type":"board","x":191,"y":307},"50":{"angle":0,"sticker":"figure1-happy","type":"sticker","x":166,"y":673.005},"19":{"angle":-0.6458177912921688,"type":"board","x":176,"y":331},"51":{"angle":0,"sticker":"figure2-happy","type":"sticker","x":282,"y":667.5},"20":{"angle":-0.8263169553175931,"type":"board","x":164,"y":359},"52":{"angle":0,"sticker":"kingbun","type":"sticker","x":521,"y":466},"21":{"angle":-1.0144676068401148,"type":"board","x":158,"y":388},"53":{"angle":-0.8306315549830559,"type":"fan","x":324,"y":559},"22":{"angle":-1.212424118804796,"type":"board","x":156,"y":421},"54":{"type":"roundbumper","x":223,"y":601},"23":{"angle":-1.4610745296291716,"type":"board","x":165,"y":453},"55":{"angle":0,"catMass":2,"type":"catswat","x":264,"y":717.0027},"24":{"angle":1.461414865316766,"type":"board","x":180,"y":483},"25":{"angle":1.274674808994258,"type":"board","x":199,"y":508},"26":{"angle":1.0158463902536068,"type":"board","x":227,"y":524},"27":{"angle":0.7568773919523406,"type":"board","x":254,"y":533},"28":{"angle":0.5492551887159255,"type":"board","x":283,"y":541},"29":{"angle":0.2529750090654115,"type":"board","x":306,"y":532},"30":{"angle":4.2272270352610115e-2,"type":"board","x":336,"y":524},"31":{"angle":0,"type":"board","x":458,"y":527}}},"snapshot":{"balls":[{"age":294,"angle":-2.5011518001556396,"type":3,"va":19.21405029296875,"vx":-4.285061836242676,"vy":-5.858126163482666,"x":9.93206787109375,"y":-14.188291549682617},{"age":218,"angle":1.434868335723877,"type":3,"va":-37.83344268798828,"vx":5.973386287689209,"vy":-6.560077518224716e-2,"x":8.861294746398926,"y":-10.202954292297363},{"age":93,"angle":2.149259090423584,"type":3,"va":40.791481018066406,"vx":-5.369980335235596,"vy":-3.764641046524048,"x":10.645930290222168,"y":-5.2826247215271}],"widgets":{"55":{"angle":0,"key":"55","va":0,"vx":0,"vy":0,"x":5.28000020980835,"y":-14.34005355834961}}}}