{"puzzle":{"reqTiles":["Up"],"inputs":[{"x":0.5,"y":0.0,"balls":[{"type":3,"rate":1.0}]},{"x":1.0,"y":0.2,"balls":[{"type":4,"rate":1.0}]}],"outputs":[{"x":0.8,"y":1.0,"balls":[{"type":4,"rate":1.0}]},{"x":1.0,"y":0.8,"balls":[{"type":3,"rate":1.0}]}],"spec":{}},"blueprint":{"puzzle":"7021e783-836c-5421-9d6c-71b02c8f04af","title":"we're out of vermouth!","submittedAt":"2024-04-08T11:46:52.8904069Z","widgets":{"0":{"angle":-1.4422098955324324e-2,"type":"board","x":495,"y":416},"1":{"angle":0,"type":"board","x":356,"y":383},"33":{"angle":0,"type":"board","x":218,"y":449},"2":{"angle":-3.168683898005573,"type":"board","x":198,"y":399},"34":{"angle":0,"type":"board","x":371,"y":453},"3":{"angle":-3.154844671928494,"type":"board","x":355,"y":399},"35":{"angle":0,"type":"board","x":492,"y":451},"4":{"angle":4.273373292570274e-3,"type":"board","x":519,"y":400},"36":{"angle":0,"type":"board","x":222,"y":467},"5":{"angle":-3.5895871265212553e-3,"type":"board","x":492.854,"y":434},"37":{"angle":0,"type":"board","x":389,"y":470},"6":{"angle":2.1104161696562634e-2,"type":"board","x":519,"y":385},"38":{"angle":0,"type":"board","x":490,"y":467},"7":{"angle":0,"type":"cup","x":297,"y":351},"39":{"angle":0,"type":"cushion","x":206,"y":424},"40":{"angle":0,"type":"anvil","x":212,"y":466},"41":{"angle":0,"type":"cushion","x":336,"y":424},"42":{"angle":0,"type":"anvil","x":343,"y":468},"43":{"angle":0,"type":"cushion","x":462,"y":426},"44":{"angle":0,"type":"anvil","x":467,"y":466},"46":{"angle":1.7000353610232415,"type":"fan","x":699.7840935,"y":95},"47":{"angle":0.19687463612551143,"type":"brick","x":699,"y":612},"48":{"angle":0,"catMass":2,"type":"catswat","x":223,"y":178},"17":{"angle":0,"sticker":"figure3-sad","type":"sticker","x":221,"y":352},"49":{"angle":-0.636329100618812,"type":"brick","x":704.6320435,"y":708.9377815},"18":{"angle":0,"sticker":"figure1-happy","type":"sticker","x":47,"y":375},"19":{"angle":0,"type":"board","x":187,"y":386},"20":{"angle":0,"type":"board","x":188,"y":403},"21":{"angle":0,"type":"board","x":217,"y":418},"22":{"angle":0,"type":"board","x":363,"y":417},"23":{"angle":-1.568589197694213,"type":"board","x":168,"y":293},"24":{"angle":1.860427975574791e-2,"type":"board","x":192,"y":211},"25":{"angle":-1.570566097944712,"type":"board","x":355,"y":291},"26":{"angle":2.114192815706528e-2,"type":"board","x":354,"y":214},"27":{"angle":3.141701765876469,"type":"cup","x":133,"y":244},"28":{"angle":3.120870231697309,"type":"cup","x":420,"y":244},"29":{"angle":0,"type":"board","x":340,"y":435},"30":{"angle":0,"type":"board","x":218,"y":432},"31":{"angle":0,"type":"cup","x":464,"y":356}}},"snapshot":{"balls":[{"age":1770,"angle":0.11810043454170227,"type":3,"va":5.111940577626228e-2,"vx":3.975834231823683e-3,"vy":-8.731149137020111e-11,"x":9.312487602233887,"y":-7.274956703186035},{"age":1638,"angle":0.29424184560775757,"type":4,"va":0.24267375469207764,"vx":-3.764355927705765e-2,"vy":-8.361483727625796e-11,"x":13.371770858764648,"y":-14.62130355834961},{"age":1487,"angle":0.4335838556289673,"type":3,"va":3.0360693112015724e-2,"vx":7.92469218140468e-5,"vy":-3.984080394729972e-4,"x":9.188202857971191,"y":-6.982288837432861},{"age":906,"angle":-1.5958881378173828,"type":4,"va":1.3394668102264404,"vx":-0.20832136273384094,"vy":-1.2392599169075424e-9,"x":12.991013526916504,"y":-14.621315002441406},{"age":910,"angle":-1.7616769075393677,"type":3,"va":-0.18883170187473297,"vx":3.0090227723121643e-2,"vy":1.2420059647411108e-8,"x":0.5428192019462585,"y":-14.621301651000977},{"age":755,"angle":-2.2741870880126953,"type":3,"va":-0.2427479773759842,"vx":3.868129104375839e-2,"vy":-1.4901161193847656e-8,"x":0.8743840456008911,"y":-14.62130355834961},{"age":540,"angle":1.02716064453125,"type":3,"va":-11.267858505249023,"vx":1.7800383567810059,"vy":-5.596860885620117,"x":13.173746109008789,"y":-9.007403373718262},{"age":483,"angle":-1.8389568328857422,"type":3,"va":-20.24690818786621,"vx":1.388983964920044,"vy":2.2637553215026855,"x":13.992462158203125,"y":-11.590747833251953},{"age":452,"angle":-1.1949832439422607,"type":3,"va":-9.508593559265137,"vx":1.3371765613555908,"vy":-2.047741413116455,"x":14.297839164733887,"y":-11.737991333007812},{"age":381,"angle":-1.7216975688934326,"type":3,"va":9.056244850158691,"vx":-2.751647472381592,"vy":-5.803984642028809,"x":11.977949142456055,"y":-13.194541931152344},{"age":342,"angle":-0.2940276861190796,"type":3,"va":-10.637140274047852,"vx":1.7377053499221802,"vy":-8.484113693237305,"x":13.6366548538208,"y":-11.017193794250488},{"age":224,"angle":1.2605319023132324,"type":4,"va":1.3146069049835205,"vx":-0.6581262350082397,"vy":-0.719685435295105,"x":11.911576271057129,"y":-14.417914390563965},{"age":253,"angle":-1.5743563175201416,"type":3,"va":-5.933501720428467,"vx":0.8702113032341003,"vy":-1.417670726776123,"x":9.00227165222168,"y":-4.094544410705566},{"age":177,"angle":2.619323253631592,"type":4,"va":3.462738275527954,"vx":6.593088805675507e-2,"vy":-0.471025288105011,"x":12.733274459838867,"y":-14.194345474243164},{"age":176,"angle":1.8911927938461304,"type":3,"va":-5.295884132385254,"vx":0.8421036005020142,"vy":-1.7810000106692314e-2,"x":8.671976089477539,"y":-3.9750747680664062},{"age":130,"angle":-1.1516720056533813,"type":4,"va":27.749671936035156,"vx":-0.6280854940414429,"vy":-5.640538692474365,"x":12.971860885620117,"y":-10.379790306091309},{"age":81,"angle":-2.040975570678711,"type":4,"va":14.243474006652832,"vx":-1.907240629196167,"vy":-3.3049187660217285,"x":14.265107154846191,"y":-3.4086456298828125},{"age":89,"angle":0.35924798250198364,"type":3,"va":-1.0016865730285645,"vx":0.1878802329301834,"vy":0.5363352298736572,"x":7.532512187957764,"y":-3.721940517425537}],"widgets":{"48":{"angle":0,"key":"48","va":0,"vx":0,"vy":0,"x":4.460000038146973,"y":-3.559999942779541}}}}