{"puzzle":{"reqTiles":["Up","Left"],"inputs":[{"x":0.8,"y":0.0,"balls":[{"type":3,"rate":0.59375}]},{"x":0.0,"y":0.35,"balls":[{"type":2,"rate":0.5381266276041667}]}],"outputs":[{"x":0.8,"y":1.0,"balls":[{"type":2,"rate":0.5381266276041667}]},{"x":0.0,"y":0.8,"balls":[{"type":3,"rate":0.564453125}]}],"spec":{}},"blueprint":{"puzzle":"e83493a2-010c-5d39-9cbe-f72a2ff26e5f","title":"pillow fort","submittedAt":"2024-04-25T02:51:06.781187495Z","widgets":{"0":{"angle":0.29348287631671693,"type":"board","x":93.5,"y":312},"32":{"angle":9.406144333832457e-2,"type":"cushion","x":364,"y":553},"1":{"angle":0,"type":"fan","x":140.5,"y":364},"36":{"angle":3.1455995902828207,"type":"anvil","x":248,"y":585},"38":{"angle":0,"sticker":"figure1-happy","type":"sticker","x":245,"y":673},"7":{"type":"roundbumper","x":44,"y":392},"39":{"angle":0,"sticker":"figure2-happy","type":"sticker","x":403,"y":667.5},"40":{"angle":0,"type":"cup","x":46,"y":716.5},"9":{"angle":0,"type":"ballstand","x":630,"y":686},"42":{"angle":3.26990577430028,"type":"anvil","x":402,"y":580},"11":{"angle":3.1245852503764775,"type":"prism","x":612,"y":138},"43":{"angle":0.3227138421289283,"sticker":"squobject","type":"sticker","x":123,"y":287},"12":{"angle":1.575623256133551,"type":"board","x":629,"y":562},"44":{"angle":0,"sticker":"determinism","type":"sticker","x":166,"y":687},"13":{"angle":0.8413014089203321,"type":"board","x":510,"y":661},"14":{"angle":1.6382922884425462,"type":"cushion","x":628,"y":505},"46":{"angle":-0.8568670531816059,"sticker":"figure3-happy","type":"sticker","x":602,"y":83},"15":{"angle":1.5637916765638795,"type":"cushion","x":625,"y":581},"47":{"angle":0,"sticker":"cat","type":"sticker","x":303,"y":723.5},"16":{"angle":1.0823109021711628,"type":"cushion","x":550,"y":694.6440195},"17":{"angle":1.53145067958018,"type":"cushion","x":628,"y":678},"18":{"angle":0.7082473578820072,"type":"fan","x":42.2422205,"y":188},"19":{"angle":-0.2800959769220103,"type":"leftbumper","x":699.959908,"y":326},"20":{"height":10,"type":"repulsor","width":150,"x":79,"y":547},"21":{"angle":-0.1288816210539576,"type":"cushion","x":56,"y":610},"22":{"angle":-0.29146143149658105,"type":"cushion","x":95,"y":592},"23":{"angle":-0.4256434065448032,"type":"cushion","x":126,"y":577},"25":{"angle":0,"catMass":2,"type":"catswat","x":34.5,"y":436},"26":{"angle":1.5180049257611137,"type":"brick","x":724.7247241,"y":294},"27":{"angle":-4.887143052561477e-2,"type":"cushion","x":197,"y":554},"28":{"angle":0,"type":"cushion","x":235,"y":548},"29":{"angle":0,"type":"cushion","x":272,"y":544},"30":{"angle":0.3804096297539392,"type":"cushion","x":419,"y":569},"31":{"angle":0.12676308548219645,"type":"cushion","x":313,"y":548}}},"snapshot":{"balls":[{"age":1603,"angle":-1.62844979763031,"type":3,"va":0,"vx":0,"vy":0,"x":13.427644729614258,"y":-14.62130355834961},{"age":241,"angle":-2.1843273639678955,"type":2,"va":-67.04303741455078,"vx":-0.5721051692962646,"vy":-9.436511993408203,"x":2.4681708812713623,"y":-3.328509569168091},{"age":152,"angle":-1.1453291177749634,"type":2,"va":-30.916015625,"vx":5.379057884216309,"vy":-1.699013352394104,"x":3.4035024642944336,"y":-6.349659442901611},{"age":186,"angle":1.1925209760665894,"type":3,"va":-4.396849155426025,"vx":0.6965813040733337,"vy":-6.571502238512039e-2,"x":7.281622409820557,"y":-10.531423568725586},{"age":63,"angle":2.3889455795288086,"type":2,"va":-7.674480438232422,"vx":1.1725881099700928,"vy":-0.44083261489868164,"x":0.6018353700637817,"y":-5.50239896774292},{"age":122,"angle":-2.6356892585754395,"type":3,"va":21.36423110961914,"vx":1.9609163999557495,"vy":-3.889221668243408,"x":1.3091704845428467,"y":-9.306615829467773}],"widgets":{"25":{"angle":0,"key":"25","va":0,"vx":0,"vy":0,"x":0.6899999976158142,"y":-8.720000267028809}}}}