{"puzzle":{"reqTiles":["Up"],"inputs":[{"x":0.2,"y":0.0,"balls":[{"type":1,"rate":1.0}]}],"outputs":[{"x":0.8,"y":1.0,"balls":[{"type":1,"rate":1.0}]}],"spec":{}},"blueprint":{"puzzle":"3c44430d-b85b-50b1-a2ca-5bb9ce2efc34","title":"Glorious","submittedAt":"2024-04-06T20:23:45.073797543Z","widgets":{"0":{"angle":1.547840226028178,"type":"board","x":126.9523321,"y":117.4285245},"32":{"angle":0,"type":"board","x":282.7614755,"y":731},"1":{"angle":-1.577221532696221,"type":"board","x":79.3334717,"y":316.4435889},"33":{"angle":0,"type":"board","x":158.5714264,"y":731},"2":{"angle":1.5042701469746984,"type":"board","x":132.6666227,"y":239.714},"34":{"angle":-0.4162104277668726,"type":"board","x":323.5239509,"y":597.4286074},"3":{"angle":1.4761632029998166,"type":"board","x":141.048,"y":353.9990338},"35":{"angle":-2.12110660245758,"type":"board","x":121.999566,"y":660.711757},"4":{"angle":1.3734330029092312,"type":"board","x":158.9523282,"y":472.0955093},"36":{"angle":-1.5610459935098913,"type":"board","x":712.4760491,"y":652.4164484},"5":{"angle":0.8949294018156998,"type":"board","x":195.1430491,"y":564.6673435},"37":{"angle":-1.5602562971160991,"type":"board","x":711.7625583,"y":593.4752334},"6":{"angle":0.38336807535869855,"type":"board","x":225.2380905,"y":590.5714417},"7":{"angle":-2.1997857562886747e-2,"type":"board","x":294.1904755,"y":606.5714417},"39":{"angle":-1.5705708663862685,"type":"board","x":680.0943926,"y":652.4979709},"8":{"angle":-0.29048627319052583,"type":"board","x":309.0476227,"y":601.6190491},"9":{"angle":-0.4786076432644798,"type":"board","x":326.9523773,"y":591.714325},"41":{"angle":-1.2133278349141254,"type":"board","x":686.5711472,"y":612.0949019},"10":{"angle":1.197742835238038,"type":"board","x":168.4760905,"y":510.1913435},"42":{"angle":-1.3950799078751894,"type":"board","x":672.0951963,"y":581.4287056},"11":{"angle":0.6148787066364149,"type":"board","x":202.0005284,"y":573.1298037},"43":{"angle":-2.67581039570234,"type":"board","x":638.1904417,"y":477.0482148},"12":{"angle":-0.23083751787538878,"type":"board","x":278.9522868,"y":608.7291167},"44":{"angle":-2.1867053610456106,"type":"board","x":643.9058223,"y":524.665687},"13":{"angle":-0.7235760474136761,"type":"board","x":336.476819,"y":593.6198223},"45":{"angle":-1.9127621674964455,"type":"board","x":658.7615889,"y":569.2380981},"14":{"angle":0,"sticker":"figure2-happy","type":"sticker","x":508.2859509,"y":667.5},"15":{"angle":-2.5008115679967813,"type":"board","x":599.7143435,"y":473.2381963},"47":{"angle":-1.8668572479184689,"type":"board","x":683.6828528,"y":653.6810675},"16":{"angle":-2.315398047984642,"type":"board","x":627.5245583,"y":506.0011472},"17":{"angle":-1.9640863901435222,"type":"board","x":641.6191658,"y":533.4280981},"49":{"angle":-1.5488777118887915,"type":"board","x":654.9525703,"y":652.3237479},"18":{"angle":-1.6970714996974918,"type":"board","x":656.8573435,"y":597.8096685},"19":{"angle":-1.211226790285771,"type":"board","x":649.6201167,"y":635.143313},"20":{"angle":-1.383066945453481,"type":"board","x":649.9997852,"y":619.5242148},"21":{"angle":-1.5400799268618768,"type":"board","x":653.4286074,"y":589.8088833},"22":{"angle":-1.415226456299137,"type":"board","x":373.048,"y":652.1622505},"23":{"angle":-1.1137581920106547,"type":"board","x":324.6666565,"y":657.5091095},"24":{"angle":-1.3077055935345692,"type":"board","x":100.8068943,"y":158.951325},"25":{"angle":-1.5659530617487276,"type":"board","x":79.7140509,"y":482.3804417},"26":{"angle":-1.5730303256273532,"type":"board","x":78.9522566,"y":652.480069},"27":{"angle":-1.3021254780650957,"type":"board","x":164.6659019,"y":653.2500125},"28":{"angle":-1.322123026951704,"type":"board","x":108.2844755,"y":405.0486074},"29":{"angle":1.0482592451995043,"type":"board","x":117.8094264,"y":430.1906565},"30":{"angle":-1.0572317436585024,"type":"board","x":122.3818566,"y":608.0958037},"31":{"angle":-1.867761171144271,"type":"board","x":218.7614755,"y":653.6963915}}},"snapshot":{"balls":[{"age":5,"angle":-3.123793125152588,"type":1,"va":13.929753303527832,"vx":1.8709756135940552,"vy":-6.2388867139816284e-2,"x":11.931146621704102,"y":-14.532485961914062},{"age":182,"angle":1.8663419485092163,"type":1,"va":-37.684783935546875,"vx":2.6138296127319336,"vy":-4.505035877227783,"x":11.836503982543945,"y":-9.943560600280762},{"age":140,"angle":-2.436647653579712,"type":1,"va":-48.20881271362305,"vx":5.174140930175781,"vy":4.661457061767578,"x":7.816014289855957,"y":-10.461721420288086},{"age":56,"angle":4.47637140750885e-2,"type":1,"va":-2.1095824241638184,"vx":0.21360749006271362,"vy":-4.019799709320068,"x":2.8572256565093994,"y":-1.0849127769470215}],"widgets":{}}}