{"puzzle":{"reqTiles":["Up"],"inputs":[{"x":0.5,"y":0.0,"balls":[{"type":4,"rate":0.8333740234375}]}],"outputs":[{"x":0.65,"y":1.0,"balls":[{"type":4,"rate":0.8333740234375}]}],"spec":{}},"blueprint":{"puzzle":"58f896fb-1748-5f19-a52f-1c927bddae1a","title":"the last stand","submittedAt":"2024-06-05T16:20:24.625200881Z","widgets":{"32":{"angle":1.7093520167239404,"type":"cup","x":559,"y":183},"64":{"height":10,"type":"attractor","width":150,"x":312,"y":468},"1":{"angle":0,"sticker":"figure2-happy","type":"sticker","x":136,"y":664.5},"33":{"angle":0,"catMass":2,"type":"catswat","x":488,"y":225},"2":{"angle":0,"catMass":2,"type":"catswat","x":34.4985,"y":714},"4":{"angle":-1.0903588373754685,"type":"sword","x":69.8681,"y":668.4770753},"37":{"angle":0.4922176946270161,"type":"board","x":147,"y":256},"6":{"angle":1.5372362384392684,"type":"brick","x":171,"y":666},"38":{"angle":0,"type":"board","x":140,"y":195},"7":{"angle":1.5254589608265923,"type":"board","x":179,"y":652.1876205},"39":{"angle":-1.592430259636419,"type":"fan","x":263,"y":110},"8":{"angle":1.5565539808438784,"type":"board","x":176,"y":523},"40":{"angle":-1.5648162690954364,"type":"fan","x":390,"y":120},"9":{"angle":-0.4508877963966467,"type":"board","x":196,"y":428},"41":{"angle":0,"speed":25,"type":"spokedwheel","x":78.993,"y":196},"10":{"angle":0.38812753868594324,"type":"board","x":379,"y":406},"42":{"angle":0.24997005555504612,"type":"board","x":160,"y":230},"11":{"angle":1.5503743812774171,"type":"board","x":443,"y":515},"43":{"angle":0.5556398930165922,"type":"board","x":161,"y":251},"12":{"angle":1.549523716378977,"type":"board","x":446,"y":652.3348211},"44":{"angle":0.20717244277083322,"type":"board","x":169,"y":220},"45":{"angle":0,"type":"anvil","x":479,"y":267},"14":{"angle":0,"sticker":"figure2-sad","type":"sticker","x":401,"y":670.508},"46":{"angle":-0.258982136703341,"type":"board","x":518,"y":281},"15":{"angle":-1.6617864887050684,"type":"hammer","x":372,"y":642},"47":{"angle":-1.5614364214052767,"type":"board","x":207,"y":210},"48":{"angle":0,"catMass":2,"type":"catswat","x":371,"y":251},"17":{"angle":1.5857652605770969,"type":"hammer","x":221,"y":218},"49":{"angle":0,"catMass":2,"type":"catswat","x":283,"y":252},"18":{"angle":1.5639750062566191,"type":"hammer","x":419,"y":217},"50":{"angle":0,"catMass":2,"type":"catswat","x":253,"y":366},"19":{"angle":1.5597064314401916,"type":"hammer","x":312,"y":212},"51":{"angle":-0.8476326583916824,"type":"sword","x":307,"y":340},"20":{"angle":0,"type":"brick","x":231,"y":286},"21":{"angle":0,"type":"brick","x":280,"y":289},"22":{"angle":0,"type":"brick","x":343,"y":294},"54":{"angle":0,"type":"board","x":389,"y":52},"23":{"angle":0,"type":"brick","x":405,"y":291},"55":{"angle":0,"type":"board","x":550,"y":58},"24":{"angle":-1.5250305328546383,"type":"board","x":204,"y":208},"56":{"angle":1.5769433545459328,"type":"board","x":624,"y":147},"25":{"angle":-1.5902550280801298,"type":"board","x":441,"y":209},"57":{"angle":1.5902137197162454,"type":"board","x":668,"y":96},"26":{"angle":0,"type":"board","x":284,"y":122},"58":{"angle":-0.21329629626383012,"type":"board","x":597,"y":681},"27":{"angle":0,"type":"board","x":376,"y":124},"59":{"angle":0,"type":"fan","x":271,"y":37.4973348},"28":{"angle":0.1968721384682428,"type":"board","x":487,"y":142},"60":{"angle":0,"sticker":"figure3-happy","type":"sticker","x":409,"y":376},"29":{"angle":-0.267106425013722,"type":"board","x":521,"y":282},"61":{"angle":0,"sticker":"cat","type":"sticker","x":405,"y":586},"62":{"angle":0,"type":"board","x":262,"y":550},"31":{"angle":1.6325909742601423,"type":"cup","x":579,"y":232},"63":{"angle":0,"type":"board","x":370,"y":550}}},"snapshot":{"balls":[{"age":993,"angle":-0.9438462853431702,"type":4,"va":-0.8350397348403931,"vx":-7.056643813848495e-2,"vy":-0.6535764336585999,"x":9.620485305786133,"y":-14.515179634094238},{"age":957,"angle":0.48359042406082153,"type":4,"va":6.613929271697998,"vx":-1.0019879341125488,"vy":-0.21702145040035248,"x":10.227032661437988,"y":-13.644721031188965},{"age":867,"angle":-1.2553280591964722,"type":4,"va":6.223150253295898,"vx":-0.9430425763130188,"vy":-0.2042514532804489,"x":11.582762718200684,"y":-13.351066589355469},{"age":799,"angle":0.8756271600723267,"type":4,"va":4.8976216316223145,"vx":-0.6396672129631042,"vy":-1.0644431114196777,"x":12.379537582397461,"y":-13.178926467895508},{"age":756,"angle":-0.79878169298172,"type":4,"va":-3.086388111114502,"vx":-5.808605346828699e-3,"vy":-4.850167274475098,"x":12.912796020507812,"y":-9.80569839477539},{"age":685,"angle":2.634211778640747,"type":4,"va":-2.6320343017578125,"vx":-0.1672799289226532,"vy":-3.3196353912353516,"x":12.998046875,"y":-2.1245267391204834},{"age":607,"angle":-1.9184399843215942,"type":4,"va":-1.4462679624557495,"vx":0.22478823363780975,"vy":1.8025598791382436e-9,"x":12.518828392028809,"y":-0.8213168382644653},{"age":504,"angle":-1.650842547416687,"type":4,"va":-1.444909930229187,"vx":0.22480030357837677,"vy":1.8025598791382436e-9,"x":12.199073791503906,"y":-0.8213168382644653},{"age":415,"angle":1.142198920249939,"type":4,"va":-1.2345149517059326,"vx":0.19187645614147186,"vy":-2.0842099157647453e-9,"x":11.869207382202148,"y":-0.8213160634040833},{"age":372,"angle":-2.3060357570648193,"type":4,"va":-1.235862374305725,"vx":0.19187644124031067,"vy":-3.943099735614908e-10,"x":11.550213813781738,"y":-0.8213212490081787},{"age":335,"angle":-1.4805309772491455,"type":4,"va":-1.2341010570526123,"vx":0.19437570869922638,"vy":-5.632999622307011e-10,"x":11.23126220703125,"y":-0.8213075995445251},{"age":230,"angle":-1.408673644065857,"type":4,"va":-1.240300178527832,"vx":0.20719073712825775,"vy":1.1265999244614022e-9,"x":10.911524772644043,"y":-0.8213075995445251},{"age":130,"angle":-0.30905619263648987,"type":4,"va":-2.2379305362701416,"vx":0.527482807636261,"vy":-8.52150022983551e-2,"x":10.52487850189209,"y":-0.7998681664466858},{"age":48,"angle":-0.874085009098053,"type":4,"va":2.3256328105926514,"vx":1.405720591545105,"vy":0.14696961641311646,"x":7.581181526184082,"y":-0.334819495677948}],"widgets":{"2":{"angle":0,"key":"2","va":0,"vx":0,"vy":0,"x":0.6899700164794922,"y":-14.279999732971191},"33":{"angle":0,"key":"33","va":0,"vx":0,"vy":0,"x":9.760000228881836,"y":-4.5},"41":{"angle":0,"key":"41","va":0,"vx":0,"vy":0,"x":1.579859972000122,"y":-3.9200000762939453},"48":{"angle":0,"key":"48","va":0,"vx":0,"vy":0,"x":7.420000076293945,"y":-5.019999980926514},"49":{"angle":0,"key":"49","va":0,"vx":0,"vy":0,"x":5.659999847412109,"y":-5.039999961853027},"50":{"angle":0,"key":"50","va":0,"vx":0,"vy":0,"x":5.059999942779541,"y":-7.320000171661377}}}}