{"puzzle":{"reqTiles":["Up","Left"],"inputs":[{"x":0.2,"y":0.0,"balls":[{"type":2,"rate":0.8359375}]},{"x":0.0,"y":0.65,"balls":[{"type":3,"rate":1.0}]}],"outputs":[{"x":0.2,"y":1.0,"balls":[{"type":3,"rate":1.0}]},{"x":0.0,"y":0.5,"balls":[{"type":2,"rate":0.8359375}]}],"spec":{}},"blueprint":{"puzzle":"09df8caf-2a80-559a-9bdf-621758ebf6ff","title":"I Don't think that's regulation fencing","submittedAt":"2024-04-09T14:56:50.442359505Z","widgets":{"0":{"angle":0,"type":"prism","x":131,"y":146},"32":{"angle":0,"type":"ballstand","x":226,"y":692.5},"1":{"angle":0,"type":"prism","x":68,"y":504},"2":{"angle":-0.41997610868332275,"type":"hammer","x":74,"y":365},"3":{"angle":-0.10241935123291902,"sticker":"figure2-happy","type":"sticker","x":138,"y":252},"5":{"angle":-0.2565302819852446,"sticker":"figure1-happy","type":"sticker","x":69,"y":442},"37":{"angle":-0.17940296584062693,"type":"anvil","x":412,"y":632},"38":{"angle":0,"type":"prism","x":413,"y":697},"39":{"angle":-0.483526520853077,"sticker":"figure2-happy","type":"sticker","x":384,"y":538},"8":{"angle":-0.12121489982934033,"sticker":"figure2-happy","type":"sticker","x":68,"y":609},"40":{"angle":-0.2089397619317827,"sticker":"squobject","type":"sticker","x":352,"y":464},"9":{"angle":2.914844957795517,"type":"cup","x":41,"y":710.381},"41":{"angle":-0.8135200071243216,"type":"cushion","x":289,"y":518},"10":{"angle":0,"sticker":"figure3-happy","type":"sticker","x":179,"y":150},"43":{"angle":-0.6310346637720937,"type":"hammer","x":436,"y":430},"12":{"angle":-0.3453575215627135,"catMass":2,"type":"catswat","x":317,"y":131},"13":{"angle":-0.40350862779859314,"type":"sword","x":271,"y":177},"45":{"type":"roundbumper","x":547,"y":174},"46":{"height":10,"type":"repulsor","width":150,"x":546,"y":172},"15":{"angle":-2.7699097273357323,"type":"sword","x":406,"y":165},"16":{"angle":-0.4593503083623353,"sticker":"figure1-happy","type":"sticker","x":212,"y":578},"17":{"angle":0,"sticker":"figure2-happy","type":"sticker","x":499,"y":257},"18":{"angle":0.3416154906478076,"sticker":"kingbun","type":"sticker","x":369,"y":130},"19":{"angle":-3.169789628913894,"type":"prism","x":233,"y":486},"20":{"angle":1.1101062269035626,"type":"fan","x":503,"y":271},"21":{"angle":1.1860552407998484,"type":"fan","x":492,"y":281},"22":{"angle":0,"type":"lefthook","x":250.15,"y":305.805},"24":{"angle":0,"sticker":"figure2-sad","type":"sticker","x":630,"y":670.5},"25":{"angle":0,"sticker":"figure2-happy","type":"sticker","x":235,"y":374},"31":{"height":119,"type":"attractor","width":119,"x":272,"y":308}}},"snapshot":{"balls":[{"age":1406,"angle":-0.5757291316986084,"type":2,"va":2.0549967885017395e-2,"vx":4.7104572877287865e-3,"vy":-2.2428438067436218e-2,"x":3.008179187774658,"y":-6.20623254776001},{"age":1084,"angle":1.3575142621994019,"type":3,"va":-3.620833158493042,"vx":-0.12168607115745544,"vy":6.409244239330292e-2,"x":3.817479133605957,"y":-14.367860794067383},{"age":452,"angle":0.8141207695007324,"type":2,"va":-2.247001603245735e-2,"vx":-9.233900927938521e-4,"vy":-2.0372163504362106e-2,"x":3.1220498085021973,"y":-5.908753871917725},{"age":266,"angle":-0.7106723785400391,"type":3,"va":-0.18147727847099304,"vx":-1.4230863191187382e-2,"vy":-0.10502457618713379,"x":4.140832424163818,"y":-14.322717666625977},{"age":140,"angle":2.8524250984191895,"type":3,"va":-9.89029312133789,"vx":1.9282594919204712,"vy":-0.6009723544120789,"x":2.626859188079834,"y":-14.247954368591309},{"age":150,"angle":1.9370368719100952,"type":2,"va":-22.99302864074707,"vx":-0.5835617780685425,"vy":8.830654621124268e-2,"x":1.126707911491394,"y":-4.464585304260254},{"age":102,"angle":-0.5982438325881958,"type":3,"va":-5.12410831451416,"vx":3.1551711559295654,"vy":-5.827853202819824,"x":1.703046202659607,"y":-12.271893501281738},{"age":76,"angle":1.1102384328842163,"type":3,"va":-5.359055519104004,"vx":1.4901520013809204,"vy":-2.904355525970459,"x":0.68882817029953,"y":-10.576210975646973},{"age":25,"angle":-2.462827444076538,"type":3,"va":5.7698339223861694e-2,"vx":0.7219317555427551,"vy":6.3041700050234795e-3,"x":8.83497390896082e-3,"y":-9.599954605102539},{"age":47,"angle":4.1909534484148026e-2,"type":2,"va":-0.14120765030384064,"vx":1.5596386045217514e-2,"vy":-5.904677867889404,"x":2.967480421066284,"y":-1.868064045906067}],"widgets":{"12":{"angle":0.3453575074672699,"key":"12","va":0,"vx":0,"vy":0,"x":6.340000152587891,"y":-2.619999885559082},"22":{"angle":0.10799016803503036,"key":"22","va":-8.117163181304932e-2,"vx":0,"vy":0,"x":5.005895614624023,"y":-6.0055928230285645}}}}