{"puzzle":{"reqTiles":["Up"],"inputs":[{"x":0.65,"y":0.0,"balls":[{"type":1,"rate":0.542449951171875}]}],"outputs":[{"x":0.8,"y":1.0,"balls":[{"type":1,"rate":0.541351318359375}]}],"spec":{}},"blueprint":{"puzzle":"adf43796-a920-5ca6-9eb1-969b1d568a37","title":"why are you dividing them into two streams?","submittedAt":"2024-05-01T13:35:19.051007701Z","widgets":{"0":{"angle":-0.7983687363083013,"type":"brick","x":385,"y":143},"32":{"angle":4.4731887542927014e-2,"sticker":"squobject","type":"sticker","x":538,"y":697},"33":{"angle":0,"sticker":"squobject","type":"sticker","x":433,"y":692},"2":{"angle":0,"type":"board","x":481,"y":39},"34":{"angle":0,"sticker":"squobject","type":"sticker","x":383,"y":690},"3":{"angle":0,"type":"rightbumper","x":587,"y":183},"35":{"angle":0.2221718688109383,"sticker":"squobject","type":"sticker","x":239,"y":673},"4":{"angle":0,"speed":3,"type":"spokedwheel","x":201,"y":269},"36":{"angle":0,"sticker":"squobject","type":"sticker","x":336,"y":687},"5":{"angle":0,"type":"rightbumper","x":27.998,"y":605},"37":{"angle":9.58497110851488e-2,"sticker":"squobject","type":"sticker","x":285,"y":682},"6":{"angle":0.31662341202555405,"type":"cushion","x":263,"y":654.504},"38":{"angle":-0.34227096519478606,"sticker":"figure2-sad","type":"sticker","x":692.1872556,"y":227},"7":{"angle":0.9127766860142371,"type":"cushion","x":99,"y":676.823},"8":{"angle":-0.5468594120903857,"type":"cushion","x":436,"y":626},"40":{"angle":0.5537247196075663,"sticker":"determinism","type":"sticker","x":471,"y":144},"9":{"angle":-0.44336249001210554,"type":"cushion","x":383,"y":655},"41":{"angle":-0.43048097670982705,"sticker":"figure1-happy","type":"sticker","x":405,"y":387},"10":{"angle":0.5958965647928394,"type":"cushion","x":202,"y":628},"43":{"angle":-0.13631891327375376,"type":"cup","x":328,"y":326},"12":{"angle":5.107474281939605e-2,"type":"board","x":481,"y":726.5462573},"13":{"angle":0.1838262236637563,"type":"board","x":206,"y":702},"14":{"angle":5.845883218421804e-2,"type":"board","x":356,"y":719.905},"17":{"angle":1.539452366413877,"type":"brick","x":14.5543554,"y":452},"18":{"angle":-0.34706723416219765,"type":"brick","x":81,"y":456},"19":{"angle":-0.30800070501419724,"type":"brick","x":142,"y":435},"21":{"height":193,"type":"repulsor","width":193,"x":643.499,"y":444.996},"22":{"angle":-0.4304363968305039,"type":"board","x":656.7319071,"y":326},"23":{"angle":0,"type":"leftbumper","x":712.0026,"y":692.5056},"24":{"angle":-0.9844176742379626,"type":"fan","x":356,"y":440},"25":{"angle":-0.4260114811131613,"sticker":"figure3-happy","type":"sticker","x":135,"y":398},"26":{"angle":0,"sticker":"figure2-happy","type":"sticker","x":408,"y":243},"27":{"angle":-0.19058556865015297,"sticker":"kingbun","type":"sticker","x":440,"y":583},"28":{"angle":0,"sticker":"kingbun","type":"sticker","x":392,"y":613},"29":{"angle":-0.3424944471441004,"sticker":"kingbun","type":"sticker","x":359,"y":629},"30":{"angle":-0.23907065635634203,"sticker":"cat","type":"sticker","x":56.3927,"y":435},"31":{"angle":0,"sticker":"squobject","type":"sticker","x":485,"y":694}}},"snapshot":{"balls":[{"age":938,"angle":0.6938305497169495,"type":1,"va":2.251795493066311e-2,"vx":-4.130227956920862e-3,"vy":-5.665503558702767e-4,"x":6.548816680908203,"y":-6.677847862243652},{"age":915,"angle":-0.604002833366394,"type":1,"va":-2.4954111576080322,"vx":0.391431599855423,"vy":-2.0009711384773254e-2,"x":10.849475860595703,"y":-14.254648208618164},{"age":841,"angle":3.0410735607147217,"type":1,"va":0.729476809501648,"vx":0.37602466344833374,"vy":-5.9832535684108734e-2,"x":11.168957710266113,"y":-14.265707969665527},{"age":763,"angle":-2.5955593585968018,"type":1,"va":-11.078300476074219,"vx":1.7484807968139648,"vy":-8.938180655241013e-2,"x":8.934246063232422,"y":-14.157206535339355},{"age":613,"angle":2.6250107288360596,"type":1,"va":-11.00649356842041,"vx":1.7381539344787598,"vy":-8.884461224079132e-2,"x":8.615549087524414,"y":-14.140841484069824},{"age":542,"angle":-1.6639678478240967,"type":1,"va":1.3299604877829552e-2,"vx":-2.0893769396934658e-4,"vy":6.047333590686321e-4,"x":6.443982124328613,"y":-6.3776421546936035},{"age":420,"angle":-0.12679484486579895,"type":1,"va":3.2920141220092773,"vx":-0.6680004596710205,"vy":-0.8212601542472839,"x":2.9560539722442627,"y":-5.046696186065674},{"age":388,"angle":-1.896390438079834,"type":1,"va":1.6651452779769897,"vx":-1.9994150400161743,"vy":1.8297200202941895,"x":12.242313385009766,"y":-6.114121913909912},{"age":264,"angle":2.706225633621216,"type":1,"va":5.141292572021484,"vx":-0.8065322041511536,"vy":-0.14990219473838806,"x":7.827538013458252,"y":-0.4457022249698639},{"age":137,"angle":1.0627100467681885,"type":1,"va":-5.029606819152832,"vx":0.8001238107681274,"vy":9.313225746154785e-10,"x":11.111072540283203,"y":-0.4414703845977783},{"age":123,"angle":1.687902808189392,"type":1,"va":7.996133327484131,"vx":-0.5083849430084229,"vy":-3.909103572368622e-2,"x":9.413092613220215,"y":-0.4404780864715576}],"widgets":{"4":{"angle":-0.3225581645965576,"key":"4","va":0.8465800285339355,"vx":0,"vy":0,"x":4.019999980926514,"y":-5.380000114440918}}}}