{"puzzle":{"reqTiles":["Up"],"inputs":[{"x":0.35,"y":0.0,"balls":[{"type":3,"rate":1.0}]}],"outputs":[{"x":0.8,"y":1.0,"balls":[{"type":3,"rate":1.0}]}],"spec":{}},"blueprint":{"puzzle":"bbd4bd88-c27f-5d48-922f-f1578ebe5dbe","title":"Peas in pipes","submittedAt":"2024-04-06T20:13:53.495972547Z","widgets":{"0":{"angle":1.569711560346951,"type":"brick","x":296.2745056,"y":34.3594558},"32":{"angle":-0.7830741643202428,"type":"brick","x":513.2352905,"y":388.333313},"1":{"angle":1.5854098368353016,"type":"brick","x":225.5882339,"y":34.1920187},"33":{"angle":1.6141388691477585,"type":"board","x":533.9215851,"y":288.1372681},"34":{"angle":0,"type":"board","x":442.9411621,"y":462.6470337},"35":{"angle":0,"type":"board","x":414.7058868,"y":410.6862793},"36":{"angle":-0.3802955228641782,"type":"brick","x":315.0004791,"y":412.3529358},"37":{"angle":-0.6118034815008737,"type":"brick","x":270.0978604,"y":434.8037095},"38":{"angle":-0.9169968071966539,"type":"brick","x":232.157,"y":467.4504189},"39":{"angle":-1.3394148549668228,"type":"brick","x":214.1176376,"y":509.3137207},"40":{"angle":-1.712269740709977,"type":"brick","x":211.1764679,"y":556.4705811},"9":{"angle":1.5645639785359882,"type":"brick","x":619.7055056,"y":705.9186179},"41":{"angle":0.7073983955437388,"type":"brick","x":227.743951,"y":579.9997544},"10":{"angle":-1.5206347097351698,"type":"brick","x":562.1568604,"y":705.3679368},"42":{"angle":1.1483535752533824,"type":"brick","x":221.7646075,"y":574.2155056},"11":{"angle":1.0287353962522388,"type":"brick","x":607.4505056,"y":647.8435811},"12":{"angle":0.718797554113936,"type":"brick","x":546.0780112,"y":659.8035698},"13":{"angle":0.4884120652900377,"type":"brick","x":559.7056758,"y":601.764626},"45":{"angle":-0.48293643719557305,"type":"brick","x":338.3333435,"y":481.1764526},"14":{"angle":0.24376573025661985,"type":"board","x":452.8429246,"y":575.2944751},"46":{"angle":1.6555732972908879,"type":"brick","x":315.0977849,"y":528.823687},"15":{"angle":0,"type":"board","x":445.4902191,"y":633.7254944},"47":{"angle":0,"type":"brick","x":341.3725433,"y":549.4117737},"16":{"angle":0.21735994681026882,"type":"brick","x":330,"y":630.2940979},"17":{"angle":0.5026047109395422,"type":"brick","x":271.8630642,"y":611.4705249},"19":{"angle":0.935609141237749,"type":"brick","x":244.215683,"y":98.333313},"20":{"angle":0.2933065267130198,"type":"brick","x":293.725736,"y":140.5884832},"21":{"angle":0.61222096487073,"type":"brick","x":318.431366,"y":77.548996},"22":{"angle":0,"type":"board","x":409.8039093,"y":148.9215546},"23":{"angle":0.6109479558677138,"type":"brick","x":512.7447207,"y":171.3720867},"24":{"angle":1.3462783992076646,"type":"brick","x":539.1172905,"y":214.1173884},"25":{"angle":0,"type":"board","x":424.6078491,"y":97.7450867},"26":{"angle":0.43328561219481593,"type":"brick","x":533.2354832,"y":105.8822151},"27":{"angle":1.1235244731785432,"type":"brick","x":577.6475056,"y":143.5289888},"28":{"angle":1.4780247069291326,"type":"brick","x":596.1755056,"y":203.8231509},"29":{"angle":1.5725944266887508,"type":"board","x":595.9807961,"y":317.3527961},"30":{"angle":2.1539873601322888,"type":"brick","x":591.7647961,"y":418.5292263},"31":{"angle":-0.2672841208645665,"type":"brick","x":558.2352905,"y":454.8039551}}},"snapshot":{"balls":[{"age":400,"angle":1.1661748886108398,"type":3,"va":-17.784196853637695,"vx":2.636592388153076,"vy":-4.4474029541015625,"x":11.552449226379395,"y":-13.163405418395996},{"age":315,"angle":-1.812570333480835,"type":3,"va":-29.961137771606445,"vx":4.637754440307617,"vy":-1.0838913917541504,"x":7.133955955505371,"y":-12.28602123260498},{"age":265,"angle":-1.2638438940048218,"type":3,"va":34.72359085083008,"vx":-5.484119415283203,"vy":-1.209900140762329,"x":6.3866095542907715,"y":-8.99275016784668},{"age":178,"angle":3.019293785095215,"type":3,"va":-5.714450359344482,"vx":0.13649684190750122,"vy":-7.63573694229126,"x":11.524590492248535,"y":-5.782810688018799},{"age":90,"angle":-2.110919713973999,"type":3,"va":-23.907142639160156,"vx":3.7104692459106445,"vy":-0.6165177226066589,"x":7.312554836273193,"y":-2.6456546783447266},{"age":20,"angle":-0.22993168234825134,"type":3,"va":-2.0873377323150635,"vx":1.3094865716993809e-3,"vy":-0.9587733149528503,"x":5.179885387420654,"y":-3.27669158577919e-2}],"widgets":{}}}