{"puzzle":{"reqTiles":["Up","Left"],"inputs":[{"x":0.8,"y":0.0,"balls":[{"type":3,"rate":1.0}]},{"x":0.0,"y":0.2,"balls":[{"type":1,"rate":0.708984375}]}],"outputs":[{"x":0.35,"y":1.0,"balls":[{"type":1,"rate":0.708984375}]},{"x":0.0,"y":0.65,"balls":[{"type":3,"rate":1.0}]}],"spec":{}},"blueprint":{"puzzle":"26bb3c31-7b7a-5a10-89bd-8286c22b7d49","title":"TILT","submittedAt":"2024-04-13T13:31:02.040738775Z","widgets":{"32":{"angle":-0.40184745419433293,"type":"brick","x":678,"y":558},"1":{"angle":-0.3772770496981355,"type":"board","x":371,"y":699.398836},"33":{"angle":-0.3778082707514988,"type":"brick","x":669,"y":539},"65":{"angle":-2.102754692670539,"type":"cup","x":327,"y":300},"2":{"angle":-0.3963079916232329,"type":"board","x":580,"y":42.0787405},"34":{"angle":-0.4034152961720423,"type":"brick","x":623,"y":433},"66":{"angle":4.132614901781315,"type":"cup","x":291,"y":315},"3":{"angle":-0.39012302998522697,"type":"board","x":182,"y":207},"35":{"angle":-0.40348104089507764,"type":"brick","x":633,"y":457},"67":{"angle":2.7135159188601166,"type":"cup","x":271,"y":330},"4":{"angle":-0.40023582234125293,"type":"board","x":310,"y":154},"36":{"angle":1.1764296202594717,"type":"board","x":618,"y":512},"68":{"angle":1.3265670078514928,"type":"cup","x":242,"y":337},"5":{"angle":-0.3862575098601411,"type":"board","x":451.922,"y":95},"37":{"angle":1.1614517928114123,"type":"board","x":684,"y":486},"69":{"angle":-0.394146915017653,"sticker":"determinism","type":"sticker","x":295,"y":342},"6":{"angle":4.32422646148846,"type":"brick","x":25.364273,"y":197},"70":{"angle":-0.39051314232575285,"type":"board","x":317,"y":384},"39":{"angle":-0.39129751356785863,"type":"board","x":644,"y":588},"40":{"angle":-0.42110083695268463,"type":"brick","x":674,"y":352},"72":{"angle":-0.4026022279962092,"type":"brick","x":50,"y":656},"41":{"angle":-0.36831164477754486,"type":"brick","x":682,"y":370},"73":{"angle":-0.3633024452971416,"type":"brick","x":61,"y":678},"42":{"angle":-0.3677773900845947,"type":"brick","x":657,"y":307},"74":{"angle":-0.39268390771416284,"type":"brick","x":93,"y":639},"43":{"angle":-0.3869949222177063,"type":"brick","x":664,"y":330},"75":{"angle":-0.3869949222177063,"type":"brick","x":102,"y":660},"12":{"angle":-0.4101509414037037,"type":"fan","x":58.5,"y":301},"44":{"angle":-0.3715990365799306,"type":"brick","x":629,"y":243},"76":{"angle":-0.3913592195059506,"type":"brick","x":70,"y":700},"13":{"angle":-0.3946938664108223,"type":"fan","x":58.5,"y":301},"45":{"angle":-0.3814537951140695,"type":"brick","x":650,"y":287},"77":{"angle":-0.3835871216372303,"type":"brick","x":114,"y":682},"14":{"angle":-0.39026600695918234,"type":"fan","x":58.5,"y":301},"46":{"angle":-0.3967949725371297,"type":"brick","x":639,"y":264},"78":{"angle":-0.36722342523996454,"type":"brick","x":156,"y":640},"15":{"angle":-0.3989324387805191,"type":"fan","x":58.5,"y":301},"47":{"angle":1.1810309550204088,"type":"board","x":619,"y":317},"79":{"angle":-0.3665114089945744,"type":"brick","x":144,"y":618},"16":{"angle":-0.41371341287714636,"type":"fan","x":58.5928,"y":301},"48":{"angle":1.1676612775907953,"type":"board","x":693,"y":293},"80":{"angle":-0.39351488670009,"type":"brick","x":166,"y":661},"49":{"angle":-0.39366037920483515,"type":"board","x":655.7406485,"y":210},"81":{"angle":-0.3962102588909685,"type":"board","x":92,"y":616.25},"18":{"angle":1.1556382980907254,"type":"board","x":153.023,"y":546},"50":{"angle":-0.39765899158411905,"type":"board","x":655.842276,"y":398},"82":{"angle":1.1342958142940147,"type":"board","x":203,"y":656.8993235},"19":{"angle":-0.3797001178208076,"type":"board","x":188,"y":436},"51":{"angle":1.162455783605735,"type":"board","x":688,"y":98},"53":{"angle":-0.3800204452861793,"type":"cushion","x":86,"y":593},"22":{"angle":-0.3930825711868652,"type":"board","x":490,"y":652},"23":{"angle":-0.3913013969822403,"type":"board","x":84.318753,"y":479},"24":{"angle":-0.3939244645835365,"type":"board","x":127.2527,"y":698.1054975},"25":{"angle":1.189235866860479,"type":"brick","x":44,"y":239},"58":{"angle":2.7431949886625637,"type":"cup","x":416,"y":554},"59":{"angle":-0.4349125339933449,"sticker":"knievel","type":"sticker","x":432,"y":594},"28":{"angle":-0.37988218822843167,"sticker":"cat","type":"sticker","x":72,"y":563},"29":{"angle":-0.38148238330916434,"type":"brick","x":642,"y":479},"30":{"angle":-0.3884442674967158,"type":"brick","x":651,"y":500},"31":{"angle":-0.37304395738963103,"type":"brick","x":659,"y":519}}},"snapshot":{"balls":[{"age":595,"angle":2.78176212310791,"type":1,"va":10.743855476379395,"vx":-1.5695970058441162,"vy":-0.6519231796264648,"x":13.2926664352417,"y":-3.7598013877868652},{"age":481,"angle":0.8717308044433594,"type":1,"va":10.778298377990723,"vx":-1.5747456550598145,"vy":-0.6540502905845642,"x":12.993821144104004,"y":-3.8839240074157715},{"age":361,"angle":0.23436634242534637,"type":1,"va":15.627774238586426,"vx":0.2551576495170593,"vy":-1.2095600366592407,"x":5.009922027587891,"y":-13.84438705444336},{"age":373,"angle":0.2882474958896637,"type":3,"va":6.598948001861572,"vx":-0.973868727684021,"vy":-0.3886369466781616,"x":4.613946914672852,"y":-8.014786720275879},{"age":316,"angle":2.791226863861084,"type":1,"va":9.916106224060059,"vx":-1.4500043392181396,"vy":-0.6022483110427856,"x":12.302270889282227,"y":-4.171130657196045},{"age":311,"angle":-0.37298786640167236,"type":3,"va":-20.200231552124023,"vx":1.3762633800506592,"vy":1.523888111114502,"x":4.892337322235107,"y":-5.573868274688721},{"age":245,"angle":1.8487399816513062,"type":1,"va":33.73344039916992,"vx":16.571475982666016,"vy":-0.7164062261581421,"x":3.429114818572998,"y":-5.516624450683594},{"age":255,"angle":1.51455819606781,"type":3,"va":12.399561882019043,"vx":5.236281871795654,"vy":-4.441838264465332,"x":2.741175889968872,"y":-6.121489524841309},{"age":172,"angle":-2.0244994163513184,"type":1,"va":-7.7472686767578125,"vx":16.885568618774414,"vy":1.0176104307174683,"x":2.7073874473571777,"y":-5.128360748291016},{"age":190,"angle":1.5421816110610962,"type":3,"va":44.63138961791992,"vx":-6.542930603027344,"vy":-2.783348321914673,"x":2.38262677192688,"y":-4.2929301261901855},{"age":102,"angle":-1.8793352842330933,"type":1,"va":-1.4719574451446533,"vx":0.8665393590927124,"vy":3.979301080107689e-2,"x":0.5041230916976929,"y":-3.047969102859497},{"age":111,"angle":-0.600465714931488,"type":3,"va":12.185519218444824,"vx":-1.780536413192749,"vy":-0.7746066451072693,"x":10.989751815795898,"y":-0.7303503751754761},{"age":33,"angle":-3.0319385528564453,"type":1,"va":1.0785002708435059,"vx":0.850504457950592,"vy":-0.12657314538955688,"x":0.19044609367847443,"y":-2.9918057918548584},{"age":54,"angle":2.759895086288452,"type":3,"va":7.850666522979736,"vx":-1.14918851852417,"vy":-0.480877548456192,"x":11.481278419494629,"y":-0.5243908762931824}],"widgets":{}}}