{"puzzle":{"reqTiles":[],"inputs":[{"x":0.5,"y":0.0,"balls":[{"type":4,"rate":1.0}]}],"outputs":[{"x":0.65,"y":1.0,"balls":[{"type":4,"rate":1.0}]}],"spec":{}},"blueprint":{"puzzle":"e67cff1d-fd38-59a4-bacd-3aa05db9c83c","title":"among us","submittedAt":"2024-04-06T17:02:51.936627216Z","widgets":{"32":{"angle":0,"type":"brick","x":367,"y":496},"34":{"angle":1.7346617124668984,"type":"brick","x":576,"y":380},"35":{"angle":1.6213760379605897,"type":"brick","x":574,"y":341},"36":{"angle":1.1600915638076936,"type":"brick","x":566,"y":224},"5":{"angle":2.4400289430359967,"type":"brick","x":133,"y":250},"37":{"angle":0,"type":"brick","x":524,"y":204},"6":{"angle":-1.4916320206403815,"type":"brick","x":200,"y":486},"38":{"angle":-1.044261383895066,"type":"brick","x":397,"y":120},"7":{"angle":-1.6512779187368452,"type":"brick","x":202,"y":430},"39":{"angle":3.6800983942270413,"type":"fan","x":535,"y":401},"8":{"angle":-1.5911484653598011,"type":"brick","x":199,"y":369},"40":{"angle":-0.36698605252941063,"type":"rightbumper","x":238,"y":508},"9":{"angle":-0.17420230750864393,"type":"brick","x":280,"y":336},"10":{"angle":0,"type":"brick","x":198,"y":231},"11":{"angle":-0.9326497358200606,"type":"brick","x":231,"y":189},"12":{"angle":0.1463899450483702,"type":"brick","x":180,"y":334},"13":{"angle":0.9192713960649672,"type":"brick","x":126,"y":303},"45":{"angle":0.21824565295126647,"type":"brick","x":530,"y":305},"14":{"angle":-0.21592289336849363,"type":"brick","x":280,"y":153},"46":{"angle":-1.0377992336817345,"type":"prism","x":344,"y":98},"15":{"angle":-1.132251974583319,"type":"brick","x":325,"y":536},"16":{"angle":0.922423973645817,"type":"brick","x":224,"y":545},"17":{"angle":1.6183654092141866,"type":"brick","x":491,"y":389},"19":{"angle":1.0505027874480393,"type":"brick","x":471,"y":200},"20":{"angle":0.48270425393944233,"type":"brick","x":426,"y":155},"21":{"angle":0.9789702118136863,"type":"brick","x":318,"y":128},"22":{"angle":0,"type":"brick","x":279,"y":565},"54":{"height":154,"type":"repulsor","width":154,"x":565,"y":641},"23":{"angle":-0.44459303410383505,"type":"brick","x":320,"y":323},"55":{"height":10,"type":"repulsor","width":150,"x":665,"y":622},"24":{"angle":0.7913353669035715,"type":"brick","x":322,"y":244},"56":{"height":45,"type":"repulsor","width":45,"x":717.5,"y":500.5},"25":{"angle":0,"type":"brick","x":263,"y":230},"57":{"type":"roundbumper","x":363,"y":534},"26":{"angle":1.5330485428711593,"type":"brick","x":492,"y":323},"58":{"angle":0,"type":"rightbumper","x":319,"y":623},"27":{"angle":0,"type":"brick","x":533,"y":420},"59":{"angle":0,"type":"rightbumper","x":353,"y":692.5},"28":{"angle":1.4074419130370985,"type":"brick","x":492,"y":455},"60":{"angle":0.545599079445109,"type":"cushion","x":472,"y":669},"29":{"angle":1.7212823952643004,"type":"brick","x":495,"y":555},"30":{"angle":0,"type":"brick","x":457,"y":576},"31":{"angle":1.2311287475998205,"type":"brick","x":394,"y":510}}},"snapshot":{"balls":[{"age":1640,"angle":-2.3307924270629883,"type":4,"va":11.515947341918945,"vx":-1.3949716091156006,"vy":-0.5600035786628723,"x":8.753546714782715,"y":-11.057758331298828},{"age":1570,"angle":-0.421389102935791,"type":4,"va":-51.21306228637695,"vx":-2.8903989791870117,"vy":-3.923448324203491,"x":7.1564836502075195,"y":-13.20244026184082},{"age":1325,"angle":-0.8025680184364319,"type":4,"va":3.8912251591682434e-2,"vx":-6.111374590545893e-3,"vy":6.759599546768413e-10,"x":5.9113922119140625,"y":-10.871301651000977},{"age":1187,"angle":-3.097890615463257,"type":4,"va":1.0729426145553589,"vx":-4.6309858560562134e-2,"vy":-0.33197736740112305,"x":11.563701629638672,"y":-5.870979309082031},{"age":1102,"angle":1.7788926362991333,"type":4,"va":-54.518550872802734,"vx":-0.8347622156143188,"vy":-1.6677367687225342,"x":10.92110538482666,"y":-9.974081039428711},{"age":1069,"angle":-1.6260093450546265,"type":4,"va":34.62630844116211,"vx":-1.0546915531158447,"vy":-1.524375557899475,"x":9.846711158752441,"y":-10.171196937561035},{"age":992,"angle":-0.493038147687912,"type":4,"va":7.507868766784668,"vx":-0.36461740732192993,"vy":-3.3901355266571045,"x":8.009182929992676,"y":-12.335027694702148},{"age":952,"angle":0.6733025908470154,"type":4,"va":-6.06794548034668,"vx":-1.7075917720794678,"vy":-1.0726125240325928,"x":9.526032447814941,"y":-10.306693077087402},{"age":891,"angle":3.068082332611084,"type":4,"va":-10.175217628479004,"vx":1.049055576324463,"vy":1.2844059467315674,"x":10.546005249023438,"y":-9.863998413085938},{"age":846,"angle":3.1297097206115723,"type":4,"va":22.45282554626465,"vx":0.6575198769569397,"vy":-0.9338981509208679,"x":11.298245429992676,"y":-10.026113510131836},{"age":757,"angle":-2.1063895225524902,"type":4,"va":6.871931076049805,"vx":-1.5174081325531006,"vy":-1.8171459436416626,"x":9.219846725463867,"y":-10.493185043334961},{"age":698,"angle":-2.1165194511413574,"type":4,"va":-11.88585376739502,"vx":-0.977318525314331,"vy":-0.5445019006729126,"x":11.634851455688477,"y":-10.077995300292969},{"age":616,"angle":1.6230894327163696,"type":4,"va":-1.5689678192138672,"vx":0.2380320280790329,"vy":-5.279142037034035e-2,"x":10.440492630004883,"y":-5.625518321990967},{"age":549,"angle":-2.6975834369659424,"type":4,"va":-12.580470085144043,"vx":-0.6141655445098877,"vy":1.5725291967391968,"x":12.45691967010498,"y":-10.032916069030762},{"age":479,"angle":-2.4392738342285156,"type":4,"va":12.224913597106934,"vx":-1.9229189157485962,"vy":0.25851789116859436,"x":5.751083850860596,"y":-6.254852294921875},{"age":404,"angle":1.8573209047317505,"type":4,"va":11.643033981323242,"vx":0.13523441553115845,"vy":-0.5178273320198059,"x":10.848828315734863,"y":-5.119192123413086},{"age":331,"angle":-2.653379201889038,"type":4,"va":5.515899658203125,"vx":0.29213249683380127,"vy":-3.6009151935577393,"x":4.522612571716309,"y":-8.15304946899414},{"age":287,"angle":-2.9570436477661133,"type":4,"va":8.25172233581543,"vx":-0.5916804671287537,"vy":-2.7017996311187744,"x":4.498452663421631,"y":-7.0514235496521},{"age":235,"angle":-0.2929069995880127,"type":4,"va":-2.312528371810913,"vx":-1.0374585390090942,"vy":-0.21835212409496307,"x":7.1733927726745605,"y":-6.1564621925354},{"age":177,"angle":2.6704213619232178,"type":4,"va":-11.84110164642334,"vx":-1.8317790031433105,"vy":-1.748159408569336,"x":7.434844017028809,"y":-5.668964385986328},{"age":130,"angle":-1.026272177696228,"type":4,"va":-5.651216506958008,"vx":-0.6933900117874146,"vy":-3.1777026653289795,"x":7.035916805267334,"y":-4.01365327835083},{"age":99,"angle":0.4837009012699127,"type":4,"va":1.4922635555267334,"vx":-2.2495880126953125,"vy":-3.5798254013061523,"x":7.097963333129883,"y":-3.5181262493133545},{"age":62,"angle":1.5310585498809814,"type":4,"va":1.8676692247390747,"vx":-7.347362115979195e-3,"vy":-3.935530185699463,"x":7.4093194007873535,"y":-2.1331753730773926}],"widgets":{}}}